"Estacion","Fecha inicial","Fecha final","RGlobal"
"PARQUE LAS AGUAS","2015-12-31","","210.86666667"
"PARQUE LAS AGUAS","2015-12-30","","196.65833333"
"PARQUE LAS AGUAS","2015-12-29","","247.32916667"
"PARQUE LAS AGUAS","2015-12-28","","172.05833333"
"PARQUE LAS AGUAS","2015-12-27","","190.10416667"
"PARQUE LAS AGUAS","2015-12-26","","205.6375"
"PARQUE LAS AGUAS","2015-12-25","","223.41666667"
"PARQUE LAS AGUAS","2015-12-24","","224.02083333"
"PARQUE LAS AGUAS","2015-12-23","","209.90416667"
"PARQUE LAS AGUAS","2015-12-22","","193.39166667"
"PARQUE LAS AGUAS","2015-12-21","","229.60833333"
"PARQUE LAS AGUAS","2015-12-20","","213.79583333"
"PARQUE LAS AGUAS","2015-12-19","","167.77083333"
"PARQUE LAS AGUAS","2015-12-18","","153.36666667"
"PARQUE LAS AGUAS","2015-12-17","","158.22916667"
"PARQUE LAS AGUAS","2015-12-16","","182.34166667"
"PARQUE LAS AGUAS","2015-12-15","","190.43333333"
"PARQUE LAS AGUAS","2015-12-14","","157.34166667"
"PARQUE LAS AGUAS","2015-12-13","","163.62083333"
"PARQUE LAS AGUAS","2015-12-12","","240.05"
"PARQUE LAS AGUAS","2015-12-11","","209.0"
"PARQUE LAS AGUAS","2015-12-10","","206.42083333"
"PARQUE LAS AGUAS","2015-12-09","","176.05833333"
"PARQUE LAS AGUAS","2015-12-08","","158.97083333"
"PARQUE LAS AGUAS","2015-12-07","","168.09166667"
"PARQUE LAS AGUAS","2015-12-06","","173.82083333"
"PARQUE LAS AGUAS","2015-12-05","","213.675"
"PARQUE LAS AGUAS","2015-12-04","","169.52916667"
"PARQUE LAS AGUAS","2015-12-03","","161.5875"
"PARQUE LAS AGUAS","2015-12-02","","199.275"
"PARQUE LAS AGUAS","2015-12-01","","133.84347826"
"PARQUE LAS AGUAS","2015-11-30","","70.86428571"
"PARQUE LAS AGUAS","2015-11-29","","223.20833333"
"PARQUE LAS AGUAS","2015-11-28","","157.35416667"
"PARQUE LAS AGUAS","2015-11-27","","147.20869565"
"PARQUE LAS AGUAS","2015-11-26","","202.05"
"PARQUE LAS AGUAS","2015-11-25","","217.8173913"
"PARQUE LAS AGUAS","2015-11-24","","155.82173913"
"PARQUE LAS AGUAS","2015-11-23","","156.86818182"
"PARQUE LAS AGUAS","2015-11-22","","150.82727273"
"PARQUE LAS AGUAS","2015-11-21","","173.97083333"
"PARQUE LAS AGUAS","2015-11-20","","191.90434783"
"PARQUE LAS AGUAS","2015-11-19","","155.55909091"
"PARQUE LAS AGUAS","2015-11-18","","73.95217391"
"PARQUE LAS AGUAS","2015-11-17","","85.93181818"
"PARQUE LAS AGUAS","2015-11-16","","160.60952381"
"PARQUE LAS AGUAS","2015-11-15","","113.72608696"
"PARQUE LAS AGUAS","2015-11-14","","183.79565217"
"PARQUE LAS AGUAS","2015-11-13","","184.975"
"PARQUE LAS AGUAS","2015-11-12","","155.89565217"
"PARQUE LAS AGUAS","2015-11-11","","199.7826087"
"PARQUE LAS AGUAS","2015-11-10","","224.82916667"
"PARQUE LAS AGUAS","2015-11-09","","185.96956522"
"PARQUE LAS AGUAS","2015-11-08","","204.4"
"PARQUE LAS AGUAS","2015-11-07","","124.7625"
"PARQUE LAS AGUAS","2015-11-06","","193.4"
"PARQUE LAS AGUAS","2015-11-05","","172.09583333"
"PARQUE LAS AGUAS","2015-11-04","","203.66086957"
"PARQUE LAS AGUAS","2015-11-03","","202.89130435"
"PARQUE LAS AGUAS","2015-11-02","","99.06086957"
"PARQUE LAS AGUAS","2015-11-01","","201.8125"
"PARQUE LAS AGUAS","2015-10-31","","228.40708333"
"PARQUE LAS AGUAS","2015-10-30","","168.80416667"
"PARQUE LAS AGUAS","2015-10-29","","170.18708333"
"PARQUE LAS AGUAS","2015-10-28","","165.65208333"
"PARQUE LAS AGUAS","2015-10-27","","100.44041667"
"PARQUE LAS AGUAS","2015-10-26","","89.08625"
"PARQUE LAS AGUAS","2015-10-25","","160.28666667"
"PARQUE LAS AGUAS","2015-10-24","","55.79583333"
"PARQUE LAS AGUAS","2015-10-23","","191.4275"
"PARQUE LAS AGUAS","2015-10-22","","210.7675"
"PARQUE LAS AGUAS","2015-10-21","","141.83875"
"PARQUE LAS AGUAS","2015-10-20","","187.94"
"PARQUE LAS AGUAS","2015-10-19","","195.12583333"
"PARQUE LAS AGUAS","2015-10-18","","187.76625"
"PARQUE LAS AGUAS","2015-10-17","","191.11041667"
"PARQUE LAS AGUAS","2015-10-16","","159.87583333"
"PARQUE LAS AGUAS","2015-10-15","","133.00416667"
"PARQUE LAS AGUAS","2015-10-14","","147.32"
"PARQUE LAS AGUAS","2015-10-13","","225.925"
"PARQUE LAS AGUAS","2015-10-12","","167.12125"
"PARQUE LAS AGUAS","2015-10-11","","131.39"
"PARQUE LAS AGUAS","2015-10-10","","163.35041667"
"PARQUE LAS AGUAS","2015-10-09","","192.56458333"
"PARQUE LAS AGUAS","2015-10-08","","219.59291667"
"PARQUE LAS AGUAS","2015-10-07","","231.36375"
"PARQUE LAS AGUAS","2015-10-06","","213.12166667"
"PARQUE LAS AGUAS","2015-10-05","","224.09958333"
"PARQUE LAS AGUAS","2015-10-04","","189.45583333"
"PARQUE LAS AGUAS","2015-10-03","","123.16041667"
"PARQUE LAS AGUAS","2015-10-02","","181.49875"
"PARQUE LAS AGUAS","2015-10-01","","80.48041667"
"PARQUE LAS AGUAS","2015-09-30","","179.32916667"
"PARQUE LAS AGUAS","2015-09-29","","214.07083333"
"PARQUE LAS AGUAS","2015-09-28","","259.41666667"
"PARQUE LAS AGUAS","2015-09-27","","238.32916667"
"PARQUE LAS AGUAS","2015-09-26","","248.57083333"
"PARQUE LAS AGUAS","2015-09-25","","235.1625"
"PARQUE LAS AGUAS","2015-09-24","","249.02083333"
"PARQUE LAS AGUAS","2015-09-23","","192.02916667"
"PARQUE LAS AGUAS","2015-09-22","","232.78333333"
"PARQUE LAS AGUAS","2015-09-21","","230.7375"
"PARQUE LAS AGUAS","2015-09-20","","142.26666667"
"PARQUE LAS AGUAS","2015-09-19","","238.78333333"
"PARQUE LAS AGUAS","2015-09-18","","185.01666667"
"PARQUE LAS AGUAS","2015-09-17","","230.45833333"
"PARQUE LAS AGUAS","2015-09-16","","273.0875"
"PARQUE LAS AGUAS","2015-09-15","","210.18333333"
"PARQUE LAS AGUAS","2015-09-14","","219.47083333"
"PARQUE LAS AGUAS","2015-09-13","","274.25"
"PARQUE LAS AGUAS","2015-09-12","","276.94166667"
"PARQUE LAS AGUAS","2015-09-11","","137.65416667"
"PARQUE LAS AGUAS","2015-09-10","","158.48333333"
"PARQUE LAS AGUAS","2015-09-09","","200.75833333"
"PARQUE LAS AGUAS","2015-09-08","","221.35"
"PARQUE LAS AGUAS","2015-09-07","","176.25416667"
"PARQUE LAS AGUAS","2015-09-06","","162.38333333"
"PARQUE LAS AGUAS","2015-09-05","","180.66666667"
"PARQUE LAS AGUAS","2015-09-04","","255.75416667"
"PARQUE LAS AGUAS","2015-09-03","","229.07916667"
"PARQUE LAS AGUAS","2015-09-02","","214.24583333"
"PARQUE LAS AGUAS","2015-09-01","","228.42083333"
"PARQUE LAS AGUAS","2015-08-31","","262.15833333"
"PARQUE LAS AGUAS","2015-08-30","","184.34541667"
"PARQUE LAS AGUAS","2015-08-29","","269.83958333"
"PARQUE LAS AGUAS","2015-08-28","","254.92916667"
"PARQUE LAS AGUAS","2015-08-27","","222.5125"
"PARQUE LAS AGUAS","2015-08-26","","201.94625"
"PARQUE LAS AGUAS","2015-08-25","","203.65083333"
"PARQUE LAS AGUAS","2015-08-24","","191.05375"
"PARQUE LAS AGUAS","2015-08-23","","210.79041667"
"PARQUE LAS AGUAS","2015-08-22","","221.24541667"
"PARQUE LAS AGUAS","2015-08-21","","224.70041667"
"PARQUE LAS AGUAS","2015-08-20","","245.58541667"
"PARQUE LAS AGUAS","2015-08-19","","268.29833333"
"PARQUE LAS AGUAS","2015-08-18","","249.63125"
"PARQUE LAS AGUAS","2015-08-17","","200.04416667"
"PARQUE LAS AGUAS","2015-08-16","","149.00125"
"PARQUE LAS AGUAS","2015-08-15","","190.30958333"
"PARQUE LAS AGUAS","2015-08-14","","189.015"
"PARQUE LAS AGUAS","2015-08-13","","179.47083333"
"PARQUE LAS AGUAS","2015-08-12","","189.52166667"
"PARQUE LAS AGUAS","2015-08-11","","219.30458333"
"PARQUE LAS AGUAS","2015-08-10","","166.26625"
"PARQUE LAS AGUAS","2015-08-09","","115.27541667"
"PARQUE LAS AGUAS","2015-08-08","","115.10708333"
"PARQUE LAS AGUAS","2015-08-07","","206.73"
"PARQUE LAS AGUAS","2015-08-06","","226.24958333"
"PARQUE LAS AGUAS","2015-08-05","","234.93208333"
"PARQUE LAS AGUAS","2015-08-04","","238.3325"
"PARQUE LAS AGUAS","2015-08-03","","243.0175"
"PARQUE LAS AGUAS","2015-08-02","","219.00916667"
"PARQUE LAS AGUAS","2015-08-01","","238.36"
"PARQUE LAS AGUAS","2015-07-31","","231.67083333"
"PARQUE LAS AGUAS","2015-07-30","","203.70833333"
"PARQUE LAS AGUAS","2015-07-29","","248.87916667"
"PARQUE LAS AGUAS","2015-07-28","","268.55"
"PARQUE LAS AGUAS","2015-07-27","","241.275"
"PARQUE LAS AGUAS","2015-07-26","","240.02916667"
"PARQUE LAS AGUAS","2015-07-25","","269.175"
"PARQUE LAS AGUAS","2015-07-24","","251.97083333"
"PARQUE LAS AGUAS","2015-07-23","","156.95833333"
"PARQUE LAS AGUAS","2015-07-22","","220.13333333"
"PARQUE LAS AGUAS","2015-07-21","","238.1125"
"PARQUE LAS AGUAS","2015-07-20","","189.10833333"
"PARQUE LAS AGUAS","2015-07-19","","204.7"
"PARQUE LAS AGUAS","2015-07-18","","168.62916667"
"PARQUE LAS AGUAS","2015-07-17","","228.62916667"
"PARQUE LAS AGUAS","2015-07-16","","203.74166667"
"PARQUE LAS AGUAS","2015-07-15","","152.43333333"
"PARQUE LAS AGUAS","2015-07-14","","234.22916667"
"PARQUE LAS AGUAS","2015-07-13","","242.66666667"
"PARQUE LAS AGUAS","2015-07-12","","204.99166667"
"PARQUE LAS AGUAS","2015-07-11","","207.9375"
"PARQUE LAS AGUAS","2015-07-10","","239.80833333"
"PARQUE LAS AGUAS","2015-07-09","","206.725"
"PARQUE LAS AGUAS","2015-07-08","","242.1"
"PARQUE LAS AGUAS","2015-07-07","","195.275"
"PARQUE LAS AGUAS","2015-07-06","","201.6"
"PARQUE LAS AGUAS","2015-07-05","","207.01666667"
"PARQUE LAS AGUAS","2015-07-04","","183.80833333"
"PARQUE LAS AGUAS","2015-07-03","","214.05416667"
"PARQUE LAS AGUAS","2015-07-02","","248.9125"
"PARQUE LAS AGUAS","2015-07-01","","250.83333333"
"PARQUE LAS AGUAS","2015-06-30","","228.54166667"
"PARQUE LAS AGUAS","2015-06-29","","196.6"
"PARQUE LAS AGUAS","2015-06-28","","226.9875"
"PARQUE LAS AGUAS","2015-06-27","","196.17916667"
"PARQUE LAS AGUAS","2015-06-26","","233.67916667"
"PARQUE LAS AGUAS","2015-06-25","","246.4875"
"PARQUE LAS AGUAS","2015-06-24","","265.0875"
"PARQUE LAS AGUAS","2015-06-23","","225.59583333"
"PARQUE LAS AGUAS","2015-06-22","","191.73333333"
"PARQUE LAS AGUAS","2015-06-21","","204.49583333"
"PARQUE LAS AGUAS","2015-06-20","","196.19166667"
"PARQUE LAS AGUAS","2015-06-19","","194.36363636"
"PARQUE LAS AGUAS","2015-06-18","","233.7"
"PARQUE LAS AGUAS","2015-06-17","","192.84583333"
"PARQUE LAS AGUAS","2015-06-16","","228.375"
"PARQUE LAS AGUAS","2015-06-15","","209.02916667"
"PARQUE LAS AGUAS","2015-06-14","","224.925"
"PARQUE LAS AGUAS","2015-06-13","","179.175"
"PARQUE LAS AGUAS","2015-06-12","","259.6625"
"PARQUE LAS AGUAS","2015-06-11","","240.875"
"PARQUE LAS AGUAS","2015-06-10","","181.03333333"
"PARQUE LAS AGUAS","2015-06-09","","163.98333333"
"PARQUE LAS AGUAS","2015-06-08","","183.975"
"PARQUE LAS AGUAS","2015-06-07","","237.64583333"
"PARQUE LAS AGUAS","2015-06-06","","234.91666667"
"PARQUE LAS AGUAS","2015-06-05","","139.8375"
"PARQUE LAS AGUAS","2015-06-04","","173.1375"
"PARQUE LAS AGUAS","2015-06-03","","218.30833333"
"PARQUE LAS AGUAS","2015-06-02","","237.95833333"
"PARQUE LAS AGUAS","2015-06-01","","185.23333333"
"PARQUE LAS AGUAS","2015-05-31","","215.75"
"PARQUE LAS AGUAS","2015-05-30","","159.97083333"
"PARQUE LAS AGUAS","2015-05-29","","150.625"
"PARQUE LAS AGUAS","2015-05-28","","113.30416667"
"PARQUE LAS AGUAS","2015-05-27","","142.2125"
"PARQUE LAS AGUAS","2015-05-26","","204.5625"
"PARQUE LAS AGUAS","2015-05-25","","187.25"
"PARQUE LAS AGUAS","2015-05-24","","216.6"
"PARQUE LAS AGUAS","2015-05-23","","216.19583333"
"PARQUE LAS AGUAS","2015-05-22","","34.7375"
"PARQUE LAS AGUAS","2015-05-21","","154.9625"
"PARQUE LAS AGUAS","2015-05-20","","196.92083333"
"PARQUE LAS AGUAS","2015-05-19","","193.78333333"
"PARQUE LAS AGUAS","2015-05-18","","187.875"
"PARQUE LAS AGUAS","2015-05-17","","185.66666667"
"PARQUE LAS AGUAS","2015-05-16","","277.29583333"
"PARQUE LAS AGUAS","2015-05-15","","211.55833333"
"PARQUE LAS AGUAS","2015-05-14","","239.5125"
"PARQUE LAS AGUAS","2015-05-13","","220.10833333"
"PARQUE LAS AGUAS","2015-05-12","","273.0875"
"PARQUE LAS AGUAS","2015-05-11","","220.24583333"
"PARQUE LAS AGUAS","2015-05-10","","248.74583333"
"PARQUE LAS AGUAS","2015-05-09","","204.67083333"
"PARQUE LAS AGUAS","2015-05-08","","274.9125"
"PARQUE LAS AGUAS","2015-05-07","","290.62916667"
"PARQUE LAS AGUAS","2015-05-06","","176.00416667"
"PARQUE LAS AGUAS","2015-05-05","","243.29166667"
"PARQUE LAS AGUAS","2015-05-04","","192.25416667"
"PARQUE LAS AGUAS","2015-05-03","","235.65833333"
"PARQUE LAS AGUAS","2015-05-02","","259.50833333"
"PARQUE LAS AGUAS","2015-05-01","","183.76666667"
"PARQUE LAS AGUAS","2015-04-30","","141.3875"
"PARQUE LAS AGUAS","2015-04-29","","223.975"
"PARQUE LAS AGUAS","2015-04-28","","206.52916667"
"PARQUE LAS AGUAS","2015-04-27","","291.5875"
"PARQUE LAS AGUAS","2015-04-26","","286.75416667"
"PARQUE LAS AGUAS","2015-04-25","","167.77083333"
"PARQUE LAS AGUAS","2015-04-24","","219.575"
"PARQUE LAS AGUAS","2015-04-23","","271.75"
"PARQUE LAS AGUAS","2015-04-22","","283.64583333"
"PARQUE LAS AGUAS","2015-04-21","","188.35416667"
"PARQUE LAS AGUAS","2015-04-20","","217.2875"
"PARQUE LAS AGUAS","2015-04-19","","173.225"
"PARQUE LAS AGUAS","2015-04-18","","219.975"
"PARQUE LAS AGUAS","2015-04-17","","172.01666667"
"PARQUE LAS AGUAS","2015-04-16","","202.73333333"
"PARQUE LAS AGUAS","2015-04-15","","160.92083333"
"PARQUE LAS AGUAS","2015-04-14","","199.9125"
"PARQUE LAS AGUAS","2015-04-13","","149.68333333"
"PARQUE LAS AGUAS","2015-04-12","","277.07916667"
"PARQUE LAS AGUAS","2015-04-11","","116.50833333"
"PARQUE LAS AGUAS","2015-04-10","","198.00416667"
"PARQUE LAS AGUAS","2015-04-09","","169.39166667"
"PARQUE LAS AGUAS","2015-04-08","","168.95416667"
"PARQUE LAS AGUAS","2015-04-07","","189.3125"
"PARQUE LAS AGUAS","2015-04-06","","177.56363636"
"PARQUE LAS AGUAS","2015-04-05","","172.3125"
"PARQUE LAS AGUAS","2015-04-04","","157.6875"
"PARQUE LAS AGUAS","2015-04-03","","122.89166667"
"PARQUE LAS AGUAS","2015-04-02","","260.95416667"
"PARQUE LAS AGUAS","2015-04-01","","159.83333333"
"PARQUE LAS AGUAS","2015-03-31","","240.80833333"
"PARQUE LAS AGUAS","2015-03-30","","284.2125"
"PARQUE LAS AGUAS","2015-03-29","","159.75"
"PARQUE LAS AGUAS","2015-03-28","","155.29583333"
"PARQUE LAS AGUAS","2015-03-27","","212.6875"
"PARQUE LAS AGUAS","2015-03-26","","235.87916667"
"PARQUE LAS AGUAS","2015-03-25","","158.75833333"
"PARQUE LAS AGUAS","2015-03-24","","238.28333333"
"PARQUE LAS AGUAS","2015-03-23","","301.96666667"
"PARQUE LAS AGUAS","2015-03-22","","217.30833333"
"PARQUE LAS AGUAS","2015-03-21","","140.4875"
"PARQUE LAS AGUAS","2015-03-20","","195.34583333"
"PARQUE LAS AGUAS","2015-03-19","","81.3375"
"PARQUE LAS AGUAS","2015-03-18","","162.07916667"
"PARQUE LAS AGUAS","2015-03-17","","254.51666667"
"PARQUE LAS AGUAS","2015-03-16","","177.975"
"PARQUE LAS AGUAS","2015-03-15","","160.825"
"PARQUE LAS AGUAS","2015-03-14","","164.175"
"PARQUE LAS AGUAS","2015-03-13","","140.77916667"
"PARQUE LAS AGUAS","2015-03-12","","236.27083333"
"PARQUE LAS AGUAS","2015-03-11","","255.06666667"
"PARQUE LAS AGUAS","2015-03-10","","269.74583333"
"PARQUE LAS AGUAS","2015-03-09","","296.275"
"PARQUE LAS AGUAS","2015-03-08","","253.73333333"
"PARQUE LAS AGUAS","2015-03-07","","129.75"
"PARQUE LAS AGUAS","2015-03-06","","94.8125"
"PARQUE LAS AGUAS","2015-03-05","","234.52916667"
"PARQUE LAS AGUAS","2015-03-04","","271.0"
"PARQUE LAS AGUAS","2015-03-03","","187.9125"
"PARQUE LAS AGUAS","2015-03-02","","245.4375"
"PARQUE LAS AGUAS","2015-03-01","","261.67916667"
"PARQUE LAS AGUAS","2015-02-28","","151.0875"
"PARQUE LAS AGUAS","2015-02-27","","238.67916667"
"PARQUE LAS AGUAS","2015-02-26","","185.59166667"
"PARQUE LAS AGUAS","2015-02-25","","244.48333333"
"PARQUE LAS AGUAS","2015-02-24","","262.67916667"
"PARQUE LAS AGUAS","2015-02-23","","276.225"
"PARQUE LAS AGUAS","2015-02-22","","293.90833333"
"PARQUE LAS AGUAS","2015-02-21","","291.8625"
"PARQUE LAS AGUAS","2015-02-20","","270.8375"
"PARQUE LAS AGUAS","2015-02-19","","270.04583333"
"PARQUE LAS AGUAS","2015-02-18","","241.1125"
"PARQUE LAS AGUAS","2015-02-17","","265.0625"
"PARQUE LAS AGUAS","2015-02-16","","283.9375"
"PARQUE LAS AGUAS","2015-02-15","","234.42916667"
"PARQUE LAS AGUAS","2015-02-14","","198.02083333"
"PARQUE LAS AGUAS","2015-02-13","","173.42083333"
"PARQUE LAS AGUAS","2015-02-12","","195.19166667"
"PARQUE LAS AGUAS","2015-02-11","","117.86666667"
"PARQUE LAS AGUAS","2015-02-10","","229.09583333"
"PARQUE LAS AGUAS","2015-02-09","","241.79166667"
"PARQUE LAS AGUAS","2015-02-08","","166.93333333"
"PARQUE LAS AGUAS","2015-02-07","","155.04166667"
"PARQUE LAS AGUAS","2015-02-06","","89.04166667"
"PARQUE LAS AGUAS","2015-02-05","","109.0625"
"PARQUE LAS AGUAS","2015-02-04","","224.925"
"PARQUE LAS AGUAS","2015-02-03","","194.9"
"PARQUE LAS AGUAS","2015-02-02","","220.0125"
"PARQUE LAS AGUAS","2015-02-01","","179.09583333"
"PARQUE LAS AGUAS","2015-01-31","","149.18333333"
"PARQUE LAS AGUAS","2015-01-30","","184.25"
"PARQUE LAS AGUAS","2015-01-29","","213.00833333"
"PARQUE LAS AGUAS","2015-01-28","","156.525"
"PARQUE LAS AGUAS","2015-01-27","","154.55833333"
"PARQUE LAS AGUAS","2015-01-26","","246.13333333"
"PARQUE LAS AGUAS","2015-01-25","","196.02916667"
"PARQUE LAS AGUAS","2015-01-24","","277.175"
"PARQUE LAS AGUAS","2015-01-23","","191.19166667"
"PARQUE LAS AGUAS","2015-01-22","","152.125"
"PARQUE LAS AGUAS","2015-01-21","","202.51666667"
"PARQUE LAS AGUAS","2015-01-20","","216.15833333"
"PARQUE LAS AGUAS","2015-01-19","","262.625"
"PARQUE LAS AGUAS","2015-01-18","","207.0375"
"PARQUE LAS AGUAS","2015-01-17","","210.19583333"
"PARQUE LAS AGUAS","2015-01-16","","156.46666667"
"PARQUE LAS AGUAS","2015-01-15","","157.55"
"PARQUE LAS AGUAS","2015-01-14","","160.55416667"
"PARQUE LAS AGUAS","2015-01-13","","110.82083333"
"PARQUE LAS AGUAS","2015-01-12","","191.94166667"
"PARQUE LAS AGUAS","2015-01-11","","230.14166667"
"PARQUE LAS AGUAS","2015-01-10","","209.5"
"PARQUE LAS AGUAS","2015-01-09","","231.77083333"
"PARQUE LAS AGUAS","2015-01-08","","183.92173913"
"PARQUE LAS AGUAS","2015-01-07","","258.42083333"
"PARQUE LAS AGUAS","2015-01-06","","266.34166667"
"PARQUE LAS AGUAS","2015-01-05","","197.52916667"
"PARQUE LAS AGUAS","2015-01-04","","251.05"
"PARQUE LAS AGUAS","2015-01-03","","255.38333333"
"PARQUE LAS AGUAS","2015-01-02","","265.6"
"PARQUE LAS AGUAS","2015-01-01","","245.89166667"
"PARQUE LAS AGUAS","2014-12-31","","236.30416667"
"PARQUE LAS AGUAS","2014-12-30","","228.29166667"
"PARQUE LAS AGUAS","2014-12-29","","231.0625"
"PARQUE LAS AGUAS","2014-12-28","","229.075"
"PARQUE LAS AGUAS","2014-12-27","","212.25833333"
"PARQUE LAS AGUAS","2014-12-26","","254.09166667"
"PARQUE LAS AGUAS","2014-12-25","","258.60833333"
"PARQUE LAS AGUAS","2014-12-24","","246.4125"
"PARQUE LAS AGUAS","2014-12-23","","245.15217391"
"PARQUE LAS AGUAS","2014-12-22","","224.89583333"
"PARQUE LAS AGUAS","2014-12-21","","225.90833333"
"PARQUE LAS AGUAS","2014-12-20","","254.19166667"
"PARQUE LAS AGUAS","2014-12-19","","252.27916667"
"PARQUE LAS AGUAS","2014-12-18","","221.65"
"PARQUE LAS AGUAS","2014-12-17","","193.65833333"
"PARQUE LAS AGUAS","2014-12-16","","246.3125"
"PARQUE LAS AGUAS","2014-12-15","","160.99166667"
"PARQUE LAS AGUAS","2014-12-14","","164.80416667"
"PARQUE LAS AGUAS","2014-12-13","","83.55833333"
"PARQUE LAS AGUAS","2014-12-12","","213.38333333"
"PARQUE LAS AGUAS","2014-12-11","","204.37916667"
"PARQUE LAS AGUAS","2014-12-10","","193.98333333"
"PARQUE LAS AGUAS","2014-12-09","","156.75"
"PARQUE LAS AGUAS","2014-12-08","","220.9"
"PARQUE LAS AGUAS","2014-12-07","","198.14583333"
"PARQUE LAS AGUAS","2014-12-06","","172.13333333"
"PARQUE LAS AGUAS","2014-12-05","","213.5875"
"PARQUE LAS AGUAS","2014-12-04","","199.09583333"
"PARQUE LAS AGUAS","2014-12-03","","124.45"
"PARQUE LAS AGUAS","2014-12-02","","215.22083333"
"PARQUE LAS AGUAS","2014-12-01","","228.4375"
"PARQUE LAS AGUAS","2014-11-30","","150.125"
"PARQUE LAS AGUAS","2014-11-29","","222.64583333"
"PARQUE LAS AGUAS","2014-11-28","","222.3375"
"PARQUE LAS AGUAS","2014-11-27","","240.5625"
"PARQUE LAS AGUAS","2014-11-26","","161.8125"
"PARQUE LAS AGUAS","2014-11-25","","144.9375"
"PARQUE LAS AGUAS","2014-11-24","","147.7"
"PARQUE LAS AGUAS","2014-11-23","","242.24583333"
"PARQUE LAS AGUAS","2014-11-22","","209.29166667"
"PARQUE LAS AGUAS","2014-11-21","","274.25"
"PARQUE LAS AGUAS","2014-11-20","","221.225"
"PARQUE LAS AGUAS","2014-11-19","","210.35833333"
"PARQUE LAS AGUAS","2014-11-18","","206.82916667"
"PARQUE LAS AGUAS","2014-11-17","","237.4125"
"PARQUE LAS AGUAS","2014-11-16","","169.89583333"
"PARQUE LAS AGUAS","2014-11-15","","234.29583333"
"PARQUE LAS AGUAS","2014-11-14","","236.29583333"
"PARQUE LAS AGUAS","2014-11-13","","174.00833333"
"PARQUE LAS AGUAS","2014-11-12","","145.42083333"
"PARQUE LAS AGUAS","2014-11-11","","170.63333333"
"PARQUE LAS AGUAS","2014-11-10","","137.7"
"PARQUE LAS AGUAS","2014-11-09","","181.35"
"PARQUE LAS AGUAS","2014-11-08","","206.21666667"
"PARQUE LAS AGUAS","2014-11-07","","220.50416667"
"PARQUE LAS AGUAS","2014-11-06","","190.32083333"
"PARQUE LAS AGUAS","2014-11-05","","179.13333333"
"PARQUE LAS AGUAS","2014-11-04","","188.95833333"
"PARQUE LAS AGUAS","2014-11-03","","204.5875"
"PARQUE LAS AGUAS","2014-11-02","","217.44166667"
"PARQUE LAS AGUAS","2014-11-01","","222.90833333"
"PARQUE LAS AGUAS","2014-10-31","","196.89166667"
"PARQUE LAS AGUAS","2014-10-30","","189.25652174"
"PARQUE LAS AGUAS","2014-10-29","","208.69583333"
"PARQUE LAS AGUAS","2014-10-28","","195.15416667"
"PARQUE LAS AGUAS","2014-10-27","","227.77916667"
"PARQUE LAS AGUAS","2014-10-26","","139.76666667"
"PARQUE LAS AGUAS","2014-10-25","","172.90833333"
"PARQUE LAS AGUAS","2014-10-24","","217.68333333"
"PARQUE LAS AGUAS","2014-10-23","","257.42916667"
"PARQUE LAS AGUAS","2014-10-22","","221.32916667"
"PARQUE LAS AGUAS","2014-10-21","","229.09583333"
"PARQUE LAS AGUAS","2014-10-20","","114.3875"
"PARQUE LAS AGUAS","2014-10-19","","167.40416667"
"PARQUE LAS AGUAS","2014-10-18","","146.11666667"
"PARQUE LAS AGUAS","2014-10-17","","162.93333333"
"PARQUE LAS AGUAS","2014-10-16","","207.38333333"
"PARQUE LAS AGUAS","2014-10-15","","186.8875"
"PARQUE LAS AGUAS","2014-10-14","","131.28333333"
"PARQUE LAS AGUAS","2014-10-13","","184.25833333"
"PARQUE LAS AGUAS","2014-10-12","","210.99166667"
"PARQUE LAS AGUAS","2014-10-11","","198.71666667"
"PARQUE LAS AGUAS","2014-10-10","","114.35"
"PARQUE LAS AGUAS","2014-10-09","","78.65416667"
"PARQUE LAS AGUAS","2014-10-08","","166.625"
"PARQUE LAS AGUAS","2014-10-07","","161.2625"
"PARQUE LAS AGUAS","2014-10-06","","189.43333333"
"PARQUE LAS AGUAS","2014-10-05","","236.54166667"
"PARQUE LAS AGUAS","2014-10-04","","223.5375"
"PARQUE LAS AGUAS","2014-10-03","","258.54166667"
"PARQUE LAS AGUAS","2014-10-02","","242.2"
"PARQUE LAS AGUAS","2014-10-01","","219.54166667"
"PARQUE LAS AGUAS","2014-09-30","","288.25833333"
"PARQUE LAS AGUAS","2014-09-29","","267.1"
"PARQUE LAS AGUAS","2014-09-28","","227.16666667"
"PARQUE LAS AGUAS","2014-09-27","","245.24583333"
"PARQUE LAS AGUAS","2014-09-26","","183.52083333"
"PARQUE LAS AGUAS","2014-09-25","","226.075"
"PARQUE LAS AGUAS","2014-09-24","","289.0375"
"PARQUE LAS AGUAS","2014-09-23","","280.95"
"PARQUE LAS AGUAS","2014-09-22","","198.325"
"PARQUE LAS AGUAS","2014-09-21","","191.68333333"
"PARQUE LAS AGUAS","2014-09-20","","215.375"
"PARQUE LAS AGUAS","2014-09-19","","209.11666667"
"PARQUE LAS AGUAS","2014-09-18","","137.27083333"
"PARQUE LAS AGUAS","2014-09-17","","226.1625"
"PARQUE LAS AGUAS","2014-09-16","","280.99583333"
"PARQUE LAS AGUAS","2014-09-15","","178.1"
"PARQUE LAS AGUAS","2014-09-14","","240.82083333"
"PARQUE LAS AGUAS","2014-09-13","","285.30416667"
"PARQUE LAS AGUAS","2014-09-12","","213.84166667"
"PARQUE LAS AGUAS","2014-09-11","","216.17083333"
"PARQUE LAS AGUAS","2014-09-10","","179.05833333"
"PARQUE LAS AGUAS","2014-09-09","","280.05833333"
"PARQUE LAS AGUAS","2014-09-08","","259.10833333"
"PARQUE LAS AGUAS","2014-09-07","","206.45416667"
"PARQUE LAS AGUAS","2014-09-06","","196.55833333"
"PARQUE LAS AGUAS","2014-09-05","","253.7875"
"PARQUE LAS AGUAS","2014-09-04","","266.53333333"
"PARQUE LAS AGUAS","2014-09-03","","223.67916667"
"PARQUE LAS AGUAS","2014-09-02","","140.38333333"
"PARQUE LAS AGUAS","2014-09-01","","257.35"
"PARQUE LAS AGUAS","2014-08-31","","290.64166667"
"PARQUE LAS AGUAS","2014-08-30","","309.57916667"
"PARQUE LAS AGUAS","2014-08-29","","245.57916667"
"PARQUE LAS AGUAS","2014-08-28","","208.91666667"
"PARQUE LAS AGUAS","2014-08-27","","191.84583333"
"PARQUE LAS AGUAS","2014-08-26","","215.7875"
"PARQUE LAS AGUAS","2014-08-25","","228.27083333"
"PARQUE LAS AGUAS","2014-08-24","","300.34166667"
"PARQUE LAS AGUAS","2014-08-23","","202.07083333"
"PARQUE LAS AGUAS","2014-08-22","","203.09583333"
"PARQUE LAS AGUAS","2014-08-21","","268.91666667"
"PARQUE LAS AGUAS","2014-08-20","","263.18333333"
"PARQUE LAS AGUAS","2014-08-19","","246.32083333"
"PARQUE LAS AGUAS","2014-08-18","","235.77916667"
"PARQUE LAS AGUAS","2014-08-17","","222.75833333"
"PARQUE LAS AGUAS","2014-08-16","","236.45"
"PARQUE LAS AGUAS","2014-08-15","","266.31666667"
"PARQUE LAS AGUAS","2014-08-14","","232.1125"
"PARQUE LAS AGUAS","2014-08-13","","223.95416667"
"PARQUE LAS AGUAS","2014-08-12","","232.75833333"
"PARQUE LAS AGUAS","2014-08-11","","271.275"
"PARQUE LAS AGUAS","2014-08-10","","256.2625"
"PARQUE LAS AGUAS","2014-08-09","","236.8125"
"PARQUE LAS AGUAS","2014-08-08","","227.54166667"
"PARQUE LAS AGUAS","2014-08-07","","252.42083333"
"PARQUE LAS AGUAS","2014-08-06","","223.33333333"
"PARQUE LAS AGUAS","2014-08-05","","283.22083333"
"PARQUE LAS AGUAS","2014-08-04","","282.975"
"PARQUE LAS AGUAS","2014-08-03","","239.2"
"PARQUE LAS AGUAS","2014-08-02","","217.05833333"
"PARQUE LAS AGUAS","2014-08-01","","289.025"
"PARQUE LAS AGUAS","2014-07-31","","237.36666667"
"PARQUE LAS AGUAS","2014-07-30","","239.8173913"
"PARQUE LAS AGUAS","2014-07-29","","277.83333333"
"PARQUE LAS AGUAS","2014-07-28","","286.98333333"
"PARQUE LAS AGUAS","2014-07-27","","226.525"
"PARQUE LAS AGUAS","2014-07-26","","225.43333333"
"PARQUE LAS AGUAS","2014-07-25","","275.52083333"
"PARQUE LAS AGUAS","2014-07-24","","246.2"
"PARQUE LAS AGUAS","2014-07-23","","238.00833333"
"PARQUE LAS AGUAS","2014-07-22","","225.70416667"
"PARQUE LAS AGUAS","2014-07-21","","260.38333333"
"PARQUE LAS AGUAS","2014-07-20","","279.15"
"PARQUE LAS AGUAS","2014-07-19","","269.04166667"
"PARQUE LAS AGUAS","2014-07-18","","194.44583333"
"PARQUE LAS AGUAS","2014-07-17","","237.65833333"
"PARQUE LAS AGUAS","2014-07-16","","219.55"
"PARQUE LAS AGUAS","2014-07-15","","244.44166667"
"PARQUE LAS AGUAS","2014-07-14","","228.1875"
"PARQUE LAS AGUAS","2014-07-13","","259.22083333"
"PARQUE LAS AGUAS","2014-07-12","","244.47083333"
"PARQUE LAS AGUAS","2014-07-11","","222.4375"
"PARQUE LAS AGUAS","2014-07-10","","247.79583333"
"PARQUE LAS AGUAS","2014-07-09","","265.5375"
"PARQUE LAS AGUAS","2014-07-08","","280.05416667"
"PARQUE LAS AGUAS","2014-07-07","","188.525"
"PARQUE LAS AGUAS","2014-07-06","","247.3625"
"PARQUE LAS AGUAS","2014-07-05","","274.1625"
"PARQUE LAS AGUAS","2014-07-04","","237.48333333"
"PARQUE LAS AGUAS","2014-07-03","","262.76666667"
"PARQUE LAS AGUAS","2014-07-02","","239.35416667"
"PARQUE LAS AGUAS","2014-07-01","","203.90833333"
"PARQUE LAS AGUAS","2014-06-30","","176.92916667"
"PARQUE LAS AGUAS","2014-06-29","","271.94583333"
"PARQUE LAS AGUAS","2014-06-28","","202.525"
"PARQUE LAS AGUAS","2014-06-27","","250.9125"
"PARQUE LAS AGUAS","2014-06-26","","260.14583333"
"PARQUE LAS AGUAS","2014-06-25","","164.92083333"
"PARQUE LAS AGUAS","2014-06-24","","194.97083333"
"PARQUE LAS AGUAS","2014-06-23","","197.45416667"
"PARQUE LAS AGUAS","2014-06-22","","279.3125"
"PARQUE LAS AGUAS","2014-06-21","","207.7875"
"PARQUE LAS AGUAS","2014-06-20","","251.65416667"
"PARQUE LAS AGUAS","2014-06-19","","275.5625"
"PARQUE LAS AGUAS","2014-06-18","","241.62083333"
"PARQUE LAS AGUAS","2014-06-17","","281.7"
"PARQUE LAS AGUAS","2014-06-16","","244.77083333"
"PARQUE LAS AGUAS","2014-06-15","","252.0"
"PARQUE LAS AGUAS","2014-06-14","","248.775"
"PARQUE LAS AGUAS","2014-06-13","","242.73333333"
"PARQUE LAS AGUAS","2014-06-12","","240.14583333"
"PARQUE LAS AGUAS","2014-06-11","","269.375"
"PARQUE LAS AGUAS","2014-06-10","","233.72083333"
"PARQUE LAS AGUAS","2014-06-09","","264.94583333"
"PARQUE LAS AGUAS","2014-06-08","","213.66666667"
"PARQUE LAS AGUAS","2014-06-07","","210.87083333"
"PARQUE LAS AGUAS","2014-06-06","","206.17083333"
"PARQUE LAS AGUAS","2014-06-05","","188.02083333"
"PARQUE LAS AGUAS","2014-06-04","","266.79583333"
"PARQUE LAS AGUAS","2014-06-03","","266.44583333"
"PARQUE LAS AGUAS","2014-06-02","","192.12916667"
"PARQUE LAS AGUAS","2014-06-01","","215.50833333"
"PARQUE LAS AGUAS","2014-05-31","","255.14583333"
"PARQUE LAS AGUAS","2014-05-30","","283.52083333"
"PARQUE LAS AGUAS","2014-05-29","","154.03333333"
"PARQUE LAS AGUAS","2014-05-28","","255.4875"
"PARQUE LAS AGUAS","2014-05-27","","135.0875"
"PARQUE LAS AGUAS","2014-05-26","","250.15"
"PARQUE LAS AGUAS","2014-05-25","","283.42916667"
"PARQUE LAS AGUAS","2014-05-24","","272.99583333"
"PARQUE LAS AGUAS","2014-05-23","","191.82083333"
"PARQUE LAS AGUAS","2014-05-22","","243.3"
"PARQUE LAS AGUAS","2014-05-21","","178.525"
"PARQUE LAS AGUAS","2014-05-20","","170.0375"
"PARQUE LAS AGUAS","2014-05-19","","229.67083333"
"PARQUE LAS AGUAS","2014-05-18","","150.20416667"
"PARQUE LAS AGUAS","2014-05-17","","242.77083333"
"PARQUE LAS AGUAS","2014-05-16","","270.19166667"
"PARQUE LAS AGUAS","2014-05-15","","157.8375"
"PARQUE LAS AGUAS","2014-05-14","","159.47916667"
"PARQUE LAS AGUAS","2014-05-13","","258.72083333"
"PARQUE LAS AGUAS","2014-05-12","","240.21666667"
"PARQUE LAS AGUAS","2014-05-11","","227.74583333"
"PARQUE LAS AGUAS","2014-05-10","","184.0875"
"PARQUE LAS AGUAS","2014-05-09","","102.47916667"
"PARQUE LAS AGUAS","2014-05-08","","134.0125"
"PARQUE LAS AGUAS","2014-05-07","","159.925"
"PARQUE LAS AGUAS","2014-05-06","","140.80416667"
"PARQUE LAS AGUAS","2014-05-05","","254.45833333"
"PARQUE LAS AGUAS","2014-05-04","","135.12083333"
"PARQUE LAS AGUAS","2014-05-03","","274.8125"
"PARQUE LAS AGUAS","2014-05-02","","138.33333333"
"PARQUE LAS AGUAS","2014-05-01","","148.07083333"
"PARQUE LAS AGUAS","2014-04-30","","191.76666667"
"PARQUE LAS AGUAS","2014-04-29","","256.96666667"
"PARQUE LAS AGUAS","2014-04-28","","216.975"
"PARQUE LAS AGUAS","2014-04-27","","217.93333333"
"PARQUE LAS AGUAS","2014-04-26","","159.99166667"
"PARQUE LAS AGUAS","2014-04-25","","187.3375"
"PARQUE LAS AGUAS","2014-04-24","","126.375"
"PARQUE LAS AGUAS","2014-04-23","","160.00833333"
"PARQUE LAS AGUAS","2014-04-22","","191.125"
"PARQUE LAS AGUAS","2014-04-21","","205.5875"
"PARQUE LAS AGUAS","2014-04-20","","192.075"
"PARQUE LAS AGUAS","2014-04-19","","211.00833333"
"PARQUE LAS AGUAS","2014-04-18","","224.88333333"
"PARQUE LAS AGUAS","2014-04-17","","189.32916667"
"PARQUE LAS AGUAS","2014-04-16","","168.02916667"
"PARQUE LAS AGUAS","2014-04-15","","77.82916667"
"PARQUE LAS AGUAS","2014-04-14","","218.7125"
"PARQUE LAS AGUAS","2014-04-13","","252.71666667"
"PARQUE LAS AGUAS","2014-04-12","","185.70833333"
"PARQUE LAS AGUAS","2014-04-11","","265.22083333"
"PARQUE LAS AGUAS","2014-04-10","","293.38333333"
"PARQUE LAS AGUAS","2014-04-09","","170.47083333"
"PARQUE LAS AGUAS","2014-04-08","","256.34166667"
"PARQUE LAS AGUAS","2014-04-07","","250.5"
"PARQUE LAS AGUAS","2014-04-06","","270.41304348"
"PARQUE LAS AGUAS","2014-04-05","","257.425"
"PARQUE LAS AGUAS","2014-04-04","","264.525"
"PARQUE LAS AGUAS","2014-04-03","","218.65"
"PARQUE LAS AGUAS","2014-04-02","","235.02083333"
"PARQUE LAS AGUAS","2014-04-01","","270.275"
"PARQUE LAS AGUAS","2014-03-31","","290.52916667"
"PARQUE LAS AGUAS","2014-03-30","","249.42916667"
"PARQUE LAS AGUAS","2014-03-29","","292.34583333"
"PARQUE LAS AGUAS","2014-03-28","","287.71666667"
"PARQUE LAS AGUAS","2014-03-27","","259.19583333"
"PARQUE LAS AGUAS","2014-03-26","","176.96363636"
"PARQUE LAS AGUAS","2014-03-25","","199.20416667"
"PARQUE LAS AGUAS","2014-03-24","","188.37083333"
"PARQUE LAS AGUAS","2014-03-23","","222.14583333"
"PARQUE LAS AGUAS","2014-03-22","","232.175"
"PARQUE LAS AGUAS","2014-03-21","","180.98333333"
"PARQUE LAS AGUAS","2014-03-20","","294.82916667"
"PARQUE LAS AGUAS","2014-03-19","","238.12916667"
"PARQUE LAS AGUAS","2014-03-18","","169.49583333"
"PARQUE LAS AGUAS","2014-03-17","","225.15"
"PARQUE LAS AGUAS","2014-03-16","","238.24166667"
"PARQUE LAS AGUAS","2014-03-15","","243.54782609"
"PARQUE LAS AGUAS","2014-03-14","","145.92083333"
"PARQUE LAS AGUAS","2014-03-13","","132.8875"
"PARQUE LAS AGUAS","2014-03-12","","160.47083333"
"PARQUE LAS AGUAS","2014-03-11","","189.6125"
"PARQUE LAS AGUAS","2014-03-10","","234.41666667"
"PARQUE LAS AGUAS","2014-03-09","","115.75"
"PARQUE LAS AGUAS","2014-03-08","","170.4875"
"PARQUE LAS AGUAS","2014-03-07","","182.5"
"PARQUE LAS AGUAS","2014-03-06","","241.6"
"PARQUE LAS AGUAS","2014-03-05","","222.40416667"
"PARQUE LAS AGUAS","2014-03-04","","221.97083333"
"PARQUE LAS AGUAS","2014-03-03","","231.07083333"
"PARQUE LAS AGUAS","2014-03-02","","271.15"
"PARQUE LAS AGUAS","2014-03-01","","183.27916667"
"PARQUE LAS AGUAS","2014-02-28","","177.4"
"PARQUE LAS AGUAS","2014-02-27","","149.56666667"
"PARQUE LAS AGUAS","2014-02-26","","196.9875"
"PARQUE LAS AGUAS","2014-02-25","","130.9625"
"PARQUE LAS AGUAS","2014-02-24","","211.275"
"PARQUE LAS AGUAS","2014-02-23","","177.62083333"
"PARQUE LAS AGUAS","2014-02-22","","115.52916667"
"PARQUE LAS AGUAS","2014-02-21","","229.77916667"
"PARQUE LAS AGUAS","2014-02-20","","158.89583333"
"PARQUE LAS AGUAS","2014-02-19","","131.89166667"
"PARQUE LAS AGUAS","2014-02-18","","196.66666667"
"PARQUE LAS AGUAS","2014-02-17","","229.00833333"
"PARQUE LAS AGUAS","2014-02-16","","260.08333333"
"PARQUE LAS AGUAS","2014-02-15","","267.75416667"
"PARQUE LAS AGUAS","2014-02-14","","151.0875"
"PARQUE LAS AGUAS","2014-02-13","","112.20833333"
"PARQUE LAS AGUAS","2014-02-12","","242.98333333"
"PARQUE LAS AGUAS","2014-02-11","","182.92916667"
"PARQUE LAS AGUAS","2014-02-10","","177.52083333"
"PARQUE LAS AGUAS","2014-02-09","","208.9625"
"PARQUE LAS AGUAS","2014-02-08","","138.6125"
"PARQUE LAS AGUAS","2014-02-07","","204.62083333"
"PARQUE LAS AGUAS","2014-02-06","","222.0375"
"PARQUE LAS AGUAS","2014-02-05","","113.41333333"
"PARQUE LAS AGUAS","2014-02-04","","261.77916667"
"PARQUE LAS AGUAS","2014-02-03","","224.3625"
"PARQUE LAS AGUAS","2014-02-02","","136.85"
"PARQUE LAS AGUAS","2014-02-01","","186.96666667"
"PARQUE LAS AGUAS","2014-01-31","","208.95"
"PARQUE LAS AGUAS","2014-01-30","","163.5875"
"PARQUE LAS AGUAS","2014-01-29","","237.10416667"
"PARQUE LAS AGUAS","2014-01-28","","238.40416667"
"PARQUE LAS AGUAS","2014-01-27","","265.70416667"
"PARQUE LAS AGUAS","2014-01-26","","128.39166667"
"PARQUE LAS AGUAS","2014-01-25","","229.17916667"
"PARQUE LAS AGUAS","2014-01-24","","257.53333333"
"PARQUE LAS AGUAS","2014-01-23","","194.36666667"
"PARQUE LAS AGUAS","2014-01-22","","157.325"
"PARQUE LAS AGUAS","2014-01-21","","126.0"
"PARQUE LAS AGUAS","2014-01-20","","129.4875"
"PARQUE LAS AGUAS","2014-01-19","","168.21666667"
"PARQUE LAS AGUAS","2014-01-18","","192.09166667"
"PARQUE LAS AGUAS","2014-01-17","","160.4"
"PARQUE LAS AGUAS","2014-01-16","","217.0625"
"PARQUE LAS AGUAS","2014-01-15","","164.78333333"
"PARQUE LAS AGUAS","2014-01-14","","177.1125"
"PARQUE LAS AGUAS","2014-01-13","","214.32083333"
"PARQUE LAS AGUAS","2014-01-12","","163.30416667"
"PARQUE LAS AGUAS","2014-01-11","","211.7625"
"PARQUE LAS AGUAS","2014-01-10","","219.34583333"
"PARQUE LAS AGUAS","2014-01-09","","200.84166667"
"PARQUE LAS AGUAS","2014-01-08","","163.95833333"
"PARQUE LAS AGUAS","2014-01-07","","237.22083333"
"PARQUE LAS AGUAS","2014-01-06","","80.69166667"
"PARQUE LAS AGUAS","2014-01-05","","170.8625"
"PARQUE LAS AGUAS","2014-01-04","","190.95833333"
"PARQUE LAS AGUAS","2014-01-03","","150.825"
"PARQUE LAS AGUAS","2014-01-02","","163.42083333"
"PARQUE LAS AGUAS","2014-01-01","","170.125"
"PARQUE LAS AGUAS","2013-12-31","","184.8125"
"PARQUE LAS AGUAS","2013-12-30","","164.42083333"
"PARQUE LAS AGUAS","2013-12-29","","246.0125"
"PARQUE LAS AGUAS","2013-12-28","","249.74166667"
"PARQUE LAS AGUAS","2013-12-27","","198.51666667"
"PARQUE LAS AGUAS","2013-12-26","","175.80833333"
"PARQUE LAS AGUAS","2013-12-25","","234.59583333"
"PARQUE LAS AGUAS","2013-12-24","","194.62083333"
"PARQUE LAS AGUAS","2013-12-23","","135.175"
"PARQUE LAS AGUAS","2013-12-22","","140.80833333"
"PARQUE LAS AGUAS","2013-12-21","","197.97916667"
"PARQUE LAS AGUAS","2013-12-20","","164.19166667"
"PARQUE LAS AGUAS","2013-12-19","","215.42083333"
"PARQUE LAS AGUAS","2013-12-18","","140.66666667"
"PARQUE LAS AGUAS","2013-12-17","","103.66666667"
"PARQUE LAS AGUAS","2013-12-16","","208.95416667"
"PARQUE LAS AGUAS","2013-12-15","","216.8125"
"PARQUE LAS AGUAS","2013-12-14","","201.97083333"
"PARQUE LAS AGUAS","2013-12-13","","94.11666667"
"PARQUE LAS AGUAS","2013-12-12","","173.075"
"PARQUE LAS AGUAS","2013-12-11","","234.55833333"
"PARQUE LAS AGUAS","2013-12-10","","169.15833333"
"PARQUE LAS AGUAS","2013-12-09","","124.41666667"
"PARQUE LAS AGUAS","2013-12-08","","138.15"
"PARQUE LAS AGUAS","2013-12-07","","201.05"
"PARQUE LAS AGUAS","2013-12-06","","226.73333333"
"PARQUE LAS AGUAS","2013-12-05","","210.17916667"
"PARQUE LAS AGUAS","2013-12-04","","222.2625"
"PARQUE LAS AGUAS","2013-12-03","","127.6625"
"PARQUE LAS AGUAS","2013-12-02","","131.92916667"
"PARQUE LAS AGUAS","2013-12-01","","153.75"
"PARQUE LAS AGUAS","2013-11-30","","138.24583333"
"PARQUE LAS AGUAS","2013-11-29","","194.44166667"
"PARQUE LAS AGUAS","2013-11-28","","140.93913043"
"PARQUE LAS AGUAS","2013-11-27","","236.9625"
"PARQUE LAS AGUAS","2013-11-26","","191.8125"
"PARQUE LAS AGUAS","2013-11-25","","248.62083333"
"PARQUE LAS AGUAS","2013-11-24","","111.08333333"
"PARQUE LAS AGUAS","2013-11-23","","179.00833333"
"PARQUE LAS AGUAS","2013-11-22","","236.35"
"PARQUE LAS AGUAS","2013-11-21","","254.09583333"
"PARQUE LAS AGUAS","2013-11-20","","204.77083333"
"PARQUE LAS AGUAS","2013-11-19","","224.5375"
"PARQUE LAS AGUAS","2013-11-18","","181.74583333"
"PARQUE LAS AGUAS","2013-11-17","","235.99166667"
"PARQUE LAS AGUAS","2013-11-16","","198.10416667"
"PARQUE LAS AGUAS","2013-11-15","","239.68333333"
"PARQUE LAS AGUAS","2013-11-14","","240.67916667"
"PARQUE LAS AGUAS","2013-11-13","","239.6125"
"PARQUE LAS AGUAS","2013-11-12","","221.19583333"
"PARQUE LAS AGUAS","2013-11-11","","210.6375"
"PARQUE LAS AGUAS","2013-11-10","","194.76666667"
"PARQUE LAS AGUAS","2013-11-09","","218.275"
"PARQUE LAS AGUAS","2013-11-08","","184.47916667"
"PARQUE LAS AGUAS","2013-11-07","","147.9875"
"PARQUE LAS AGUAS","2013-11-06","","233.2375"
"PARQUE LAS AGUAS","2013-11-05","","152.3625"
"PARQUE LAS AGUAS","2013-11-04","","207.43333333"
"PARQUE LAS AGUAS","2013-11-03","","236.325"
"PARQUE LAS AGUAS","2013-11-02","","237.56666667"
"PARQUE LAS AGUAS","2013-11-01","","210.2875"
"PARQUE LAS AGUAS","2013-10-31","","168.53333333"
"PARQUE LAS AGUAS","2013-10-30","","224.92083333"
"PARQUE LAS AGUAS","2013-10-29","","177.88333333"
"PARQUE LAS AGUAS","2013-10-28","","263.06956522"
"PARQUE LAS AGUAS","2013-10-27","","152.16666667"
"PARQUE LAS AGUAS","2013-10-26","","174.5125"
"PARQUE LAS AGUAS","2013-10-25","","247.0875"
"PARQUE LAS AGUAS","2013-10-24","","224.675"
"PARQUE LAS AGUAS","2013-10-23","","191.03333333"
"PARQUE LAS AGUAS","2013-10-22","","179.8875"
"PARQUE LAS AGUAS","2013-10-21","","204.1625"
"PARQUE LAS AGUAS","2013-10-20","","245.10833333"
"PARQUE LAS AGUAS","2013-10-19","","269.41666667"
"PARQUE LAS AGUAS","2013-10-18","","232.64583333"
"PARQUE LAS AGUAS","2013-10-17","","205.67916667"
"PARQUE LAS AGUAS","2013-10-16","","121.0"
"PARQUE LAS AGUAS","2013-10-15","","203.16666667"
"PARQUE LAS AGUAS","2013-10-14","","102.8875"
"PARQUE LAS AGUAS","2013-10-13","","185.41666667"
"PARQUE LAS AGUAS","2013-10-12","","204.07916667"
"PARQUE LAS AGUAS","2013-10-11","","197.53333333"
"PARQUE LAS AGUAS","2013-10-10","","212.45"
"PARQUE LAS AGUAS","2013-10-09","","230.6"
"PARQUE LAS AGUAS","2013-10-08","","214.42916667"
"PARQUE LAS AGUAS","2013-10-07","","202.525"
"PARQUE LAS AGUAS","2013-10-06","","269.09583333"
"PARQUE LAS AGUAS","2013-10-05","","277.92083333"
"PARQUE LAS AGUAS","2013-10-04","","162.75416667"
"PARQUE LAS AGUAS","2013-10-03","","156.19166667"
"PARQUE LAS AGUAS","2013-10-02","","240.6625"
"PARQUE LAS AGUAS","2013-10-01","","140.35833333"
"PARQUE LAS AGUAS","2013-09-30","","227.95416667"
"PARQUE LAS AGUAS","2013-09-29","","167.09166667"
"PARQUE LAS AGUAS","2013-09-28","","117.32083333"
"PARQUE LAS AGUAS","2013-09-27","","206.97916667"
"PARQUE LAS AGUAS","2013-09-26","","140.0875"
"PARQUE LAS AGUAS","2013-09-25","","241.55"
"PARQUE LAS AGUAS","2013-09-24","","226.15"
"PARQUE LAS AGUAS","2013-09-23","","259.57083333"
"PARQUE LAS AGUAS","2013-09-22","","227.03333333"
"PARQUE LAS AGUAS","2013-09-21","","267.09166667"
"PARQUE LAS AGUAS","2013-09-20","","292.97083333"
"PARQUE LAS AGUAS","2013-09-19","","206.23333333"
"PARQUE LAS AGUAS","2013-09-18","","191.45833333"
"PARQUE LAS AGUAS","2013-09-17","","227.2875"
"PARQUE LAS AGUAS","2013-09-16","","230.15416667"
"PARQUE LAS AGUAS","2013-09-15","","225.3"
"PARQUE LAS AGUAS","2013-09-14","","186.8125"
"PARQUE LAS AGUAS","2013-09-13","","212.25416667"
"PARQUE LAS AGUAS","2013-09-12","","258.17916667"
"PARQUE LAS AGUAS","2013-09-11","","143.98333333"
"PARQUE LAS AGUAS","2013-09-10","","238.125"
"PARQUE LAS AGUAS","2013-09-09","","171.29166667"
"PARQUE LAS AGUAS","2013-09-08","","209.92916667"
"PARQUE LAS AGUAS","2013-09-07","","132.3125"
"PARQUE LAS AGUAS","2013-09-06","","159.3375"
"PARQUE LAS AGUAS","2013-09-05","","260.17916667"
"PARQUE LAS AGUAS","2013-09-04","","173.03333333"
"PARQUE LAS AGUAS","2013-09-03","","282.95416667"
"PARQUE LAS AGUAS","2013-09-02","","266.57916667"
"PARQUE LAS AGUAS","2013-09-01","","201.9625"
"PARQUE LAS AGUAS","2013-08-31","","240.6"
"PARQUE LAS AGUAS","2013-08-30","","243.74583333"
"PARQUE LAS AGUAS","2013-08-29","","241.97916667"
"PARQUE LAS AGUAS","2013-08-28","","282.65833333"
"PARQUE LAS AGUAS","2013-08-27","","270.05416667"
"PARQUE LAS AGUAS","2013-08-26","","270.65416667"
"PARQUE LAS AGUAS","2013-08-25","","289.67083333"
"PARQUE LAS AGUAS","2013-08-24","","172.43333333"
"PARQUE LAS AGUAS","2013-08-23","","232.7625"
"PARQUE LAS AGUAS","2013-08-22","","222.16666667"
"PARQUE LAS AGUAS","2013-08-21","","189.74166667"
"PARQUE LAS AGUAS","2013-08-20","","217.6125"
"PARQUE LAS AGUAS","2013-08-19","","248.32916667"
"PARQUE LAS AGUAS","2013-08-18","","172.26666667"
"PARQUE LAS AGUAS","2013-08-17","","233.50416667"
"PARQUE LAS AGUAS","2013-08-16","","267.75416667"
"PARQUE LAS AGUAS","2013-08-15","","202.4625"
"PARQUE LAS AGUAS","2013-08-14","","298.3625"
"PARQUE LAS AGUAS","2013-08-13","","99.35"
"PARQUE LAS AGUAS","2013-08-12","","177.225"
"PARQUE LAS AGUAS","2013-08-11","","197.05416667"
"PARQUE LAS AGUAS","2013-08-10","","246.27083333"
"PARQUE LAS AGUAS","2013-08-09","","210.6375"
"PARQUE LAS AGUAS","2013-08-08","","167.03333333"
"PARQUE LAS AGUAS","2013-08-07","","164.14166667"
"PARQUE LAS AGUAS","2013-08-06","","179.2375"
"PARQUE LAS AGUAS","2013-08-05","","13.01428571"
"PARQUE LAS AGUAS","2013-08-03","","258.99230769"
"PARQUE LAS AGUAS","2013-08-02","","198.7625"
"PARQUE LAS AGUAS","2013-08-01","","232.1875"
"PARQUE LAS AGUAS","2013-07-31","","272.77916667"
"PARQUE LAS AGUAS","2013-07-30","","180.64583333"
"PARQUE LAS AGUAS","2013-07-29","","242.75833333"
"PARQUE LAS AGUAS","2013-07-28","","243.50416667"
"PARQUE LAS AGUAS","2013-07-27","","260.19166667"
"PARQUE LAS AGUAS","2013-07-26","","220.5375"
"PARQUE LAS AGUAS","2013-07-25","","277.65"
"PARQUE LAS AGUAS","2013-07-24","","276.15"
"PARQUE LAS AGUAS","2013-07-23","","256.31666667"
"PARQUE LAS AGUAS","2013-07-22","","211.075"
"PARQUE LAS AGUAS","2013-07-21","","221.875"
"PARQUE LAS AGUAS","2013-07-20","","131.02083333"
"PARQUE LAS AGUAS","2013-07-19","","160.63333333"
"PARQUE LAS AGUAS","2013-07-18","","224.1"
"PARQUE LAS AGUAS","2013-07-17","","240.72083333"
"PARQUE LAS AGUAS","2013-07-16","","280.02083333"
"PARQUE LAS AGUAS","2013-07-15","","114.57083333"
"PARQUE LAS AGUAS","2013-07-14","","229.86666667"
"PARQUE LAS AGUAS","2013-07-13","","252.4625"
"PARQUE LAS AGUAS","2013-07-12","","232.25416667"
"PARQUE LAS AGUAS","2013-07-11","","236.03333333"
"PARQUE LAS AGUAS","2013-07-10","","222.24583333"
"PARQUE LAS AGUAS","2013-07-09","","240.78333333"
"PARQUE LAS AGUAS","2013-07-08","","287.4625"
"PARQUE LAS AGUAS","2013-07-07","","259.91666667"
"PARQUE LAS AGUAS","2013-07-06","","262.925"
"PARQUE LAS AGUAS","2013-07-05","","154.77083333"
"PARQUE LAS AGUAS","2013-07-04","","232.95"
"PARQUE LAS AGUAS","2013-07-03","","175.74166667"
"PARQUE LAS AGUAS","2013-07-02","","285.94583333"
"PARQUE LAS AGUAS","2013-07-01","","168.06666667"
"PARQUE LAS AGUAS","2013-06-30","","238.60833333"
"PARQUE LAS AGUAS","2013-06-29","","234.40833333"
"PARQUE LAS AGUAS","2013-06-28","","124.65833333"
"PARQUE LAS AGUAS","2013-06-27","","191.7"
"PARQUE LAS AGUAS","2013-06-26","","280.45"
"PARQUE LAS AGUAS","2013-06-25","","245.8625"
"PARQUE LAS AGUAS","2013-06-24","","202.375"
"PARQUE LAS AGUAS","2013-06-23","","248.94166667"
"PARQUE LAS AGUAS","2013-06-22","","179.24166667"
"PARQUE LAS AGUAS","2013-06-21","","221.46666667"
"PARQUE LAS AGUAS","2013-06-20","","209.88333333"
"PARQUE LAS AGUAS","2013-06-19","","171.45416667"
"PARQUE LAS AGUAS","2013-06-18","","235.75416667"
"PARQUE LAS AGUAS","2013-06-17","","337.86153846"
"PARQUE LAS AGUAS","2013-06-06","","293.27058824"
"PARQUE LAS AGUAS","2013-06-05","","215.04583333"
"PARQUE LAS AGUAS","2013-06-04","","217.65833333"
"PARQUE LAS AGUAS","2013-06-03","","219.525"
"PARQUE LAS AGUAS","2013-06-02","","276.08333333"
"PARQUE LAS AGUAS","2013-06-01","","260.90416667"
"PARQUE LAS AGUAS","2013-05-31","","188.39583333"
"PARQUE LAS AGUAS","2013-05-30","","234.38333333"
"PARQUE LAS AGUAS","2013-05-29","","165.8125"
"PARQUE LAS AGUAS","2013-05-28","","211.82916667"
"PARQUE LAS AGUAS","2013-05-27","","165.84166667"
"PARQUE LAS AGUAS","2013-05-26","","200.15833333"
"PARQUE LAS AGUAS","2013-05-25","","304.22916667"
"PARQUE LAS AGUAS","2013-05-24","","215.14583333"
"PARQUE LAS AGUAS","2013-05-23","","175.5"
"PARQUE LAS AGUAS","2013-05-22","","173.0625"
"PARQUE LAS AGUAS","2013-05-21","","180.67083333"
"PARQUE LAS AGUAS","2013-05-20","","151.75416667"
"PARQUE LAS AGUAS","2013-05-19","","251.80416667"
"PARQUE LAS AGUAS","2013-05-18","","245.20833333"
"PARQUE LAS AGUAS","2013-05-17","","117.6875"
"PARQUE LAS AGUAS","2013-05-16","","204.05"
"PARQUE LAS AGUAS","2013-05-15","","137.26666667"
"PARQUE LAS AGUAS","2013-05-14","","241.99166667"
"PARQUE LAS AGUAS","2013-05-13","","150.45416667"
"PARQUE LAS AGUAS","2013-05-12","","273.1125"
"PARQUE LAS AGUAS","2013-05-11","","234.72173913"
"PARQUE LAS AGUAS","2013-05-10","","249.19090909"
"PARQUE LAS AGUAS","2013-05-09","","187.16956522"
"PARQUE LAS AGUAS","2013-05-08","","275.8826087"
"PARQUE LAS AGUAS","2013-05-07","","128.31904762"
"PARQUE LAS AGUAS","2013-05-06","","249.93913043"
"PARQUE LAS AGUAS","2013-05-05","","133.93636364"
"PARQUE LAS AGUAS","2013-05-04","","261.21304348"
"PARQUE LAS AGUAS","2013-05-03","","209.79545455"
"PARQUE LAS AGUAS","2013-05-02","","103.60869565"
"PARQUE LAS AGUAS","2013-05-01","","132.71363636"
"PARQUE LAS AGUAS","2013-04-30","","250.46956522"
"PARQUE LAS AGUAS","2013-04-29","","90.25"
"PARQUE LAS AGUAS","2013-04-28","","243.73"
"PARQUE LAS AGUAS","2013-04-27","","222.8173913"
"PARQUE LAS AGUAS","2013-04-26","","215.34782609"
"PARQUE LAS AGUAS","2013-04-25","","260.2173913"
"PARQUE LAS AGUAS","2013-04-24","","225.32272727"
"PARQUE LAS AGUAS","2013-04-23","","243.91304348"
"PARQUE LAS AGUAS","2013-04-22","","212.66086957"
"PARQUE LAS AGUAS","2013-04-21","","173.47727273"
"PARQUE LAS AGUAS","2013-04-20","","208.16818182"
"PARQUE LAS AGUAS","2013-04-19","","102.9"
"PARQUE LAS AGUAS","2013-04-18","","135.37619048"
"PARQUE LAS AGUAS","2013-04-17","","168.87826087"
"PARQUE LAS AGUAS","2013-04-16","","266.19565217"
"PARQUE LAS AGUAS","2013-04-15","","196.76363636"
"PARQUE LAS AGUAS","2013-04-14","","133.32608696"
"PARQUE LAS AGUAS","2013-04-13","","180.75217391"
"PARQUE LAS AGUAS","2013-04-12","","157.46521739"
"PARQUE LAS AGUAS","2013-04-11","","211.77142857"
"PARQUE LAS AGUAS","2013-04-10","","169.43636364"
"PARQUE LAS AGUAS","2013-04-09","","249.78181818"
"PARQUE LAS AGUAS","2013-04-08","","208.95652174"
"PARQUE LAS AGUAS","2013-04-07","","228.7"
"PARQUE LAS AGUAS","2013-04-06","","244.62608696"
"PARQUE LAS AGUAS","2013-04-05","","187.0"
"PARQUE LAS AGUAS","2013-04-04","","230.03478261"
"PARQUE LAS AGUAS","2013-04-03","","224.76666667"
"PARQUE LAS AGUAS","2013-04-02","","169.99565217"
"PARQUE LAS AGUAS","2013-04-01","","181.59565217"
"PARQUE LAS AGUAS","2013-02-28","","167.60416667"
"PARQUE LAS AGUAS","2013-02-27","","242.03333333"
"PARQUE LAS AGUAS","2013-02-26","","163.75833333"
"PARQUE LAS AGUAS","2013-02-25","","211.47916667"
"PARQUE LAS AGUAS","2013-02-24","","194.12916667"
"PARQUE LAS AGUAS","2013-02-23","","211.95"
"PARQUE LAS AGUAS","2013-02-22","","192.00833333"
"PARQUE LAS AGUAS","2013-02-21","","111.95833333"
"PARQUE LAS AGUAS","2013-02-20","","272.07857143"
"PARQUE LAS AGUAS","2013-02-11","","73.65714286"
"PARQUE LAS AGUAS","2013-02-10","","111.2375"
"PARQUE LAS AGUAS","2013-02-09","","249.39583333"
"PARQUE LAS AGUAS","2013-02-08","","188.09583333"
"PARQUE LAS AGUAS","2013-02-07","","170.7875"
"PARQUE LAS AGUAS","2013-02-06","","149.95"
"PARQUE LAS AGUAS","2013-02-05","","125.40416667"
"PARQUE LAS AGUAS","2013-02-04","","98.86666667"
"PARQUE LAS AGUAS","2013-02-01","","0.0"
"PARQUE LAS AGUAS","2013-01-31","","185.99166667"
"PARQUE LAS AGUAS","2013-01-30","","196.6625"
"PARQUE LAS AGUAS","2013-01-29","","174.2625"
"PARQUE LAS AGUAS","2013-01-28","","236.77083333"
"PARQUE LAS AGUAS","2013-01-27","","236.72083333"
"PARQUE LAS AGUAS","2013-01-26","","147.1875"
"PARQUE LAS AGUAS","2013-01-25","","99.56666667"
"PARQUE LAS AGUAS","2013-01-24","","164.54583333"
"PARQUE LAS AGUAS","2013-01-23","","121.10833333"
"PARQUE LAS AGUAS","2013-01-22","","140.16666667"
"PARQUE LAS AGUAS","2013-01-21","","119.15833333"
"PARQUE LAS AGUAS","2013-01-20","","87.55"
"PARQUE LAS AGUAS","2013-01-19","","183.175"
"PARQUE LAS AGUAS","2013-01-18","","196.80833333"
"PARQUE LAS AGUAS","2013-01-17","","165.05833333"
"PARQUE LAS AGUAS","2013-01-16","","101.125"
"PARQUE LAS AGUAS","2013-01-15","","104.90416667"
"PARQUE LAS AGUAS","2013-01-14","","172.225"
"PARQUE LAS AGUAS","2013-01-13","","106.16666667"
"PARQUE LAS AGUAS","2013-01-12","","244.65"
"PARQUE LAS AGUAS","2013-01-11","","251.2375"
"PARQUE LAS AGUAS","2013-01-10","","212.225"
"PARQUE LAS AGUAS","2013-01-09","","202.575"
"PARQUE LAS AGUAS","2013-01-08","","245.0125"
"PARQUE LAS AGUAS","2013-01-07","","231.9375"
"PARQUE LAS AGUAS","2013-01-06","","203.34583333"
"PARQUE LAS AGUAS","2013-01-05","","198.4375"
"PARQUE LAS AGUAS","2013-01-04","","195.7875"
"PARQUE LAS AGUAS","2013-01-03","","157.275"
"PARQUE LAS AGUAS","2013-01-02","","199.94166667"
"PARQUE LAS AGUAS","2013-01-01","","220.71666667"
"PARQUE LAS AGUAS","2012-12-31","","187.37083333"
"PARQUE LAS AGUAS","2012-12-30","","115.0875"
"PARQUE LAS AGUAS","2012-12-29","","201.6375"
"PARQUE LAS AGUAS","2012-12-28","","189.625"
"PARQUE LAS AGUAS","2012-12-27","","153.69166667"
"PARQUE LAS AGUAS","2012-12-26","","227.65833333"
"PARQUE LAS AGUAS","2012-12-25","","140.84166667"
"PARQUE LAS AGUAS","2012-12-24","","102.63333333"
"PARQUE LAS AGUAS","2012-12-23","","160.23333333"
"PARQUE LAS AGUAS","2012-12-22","","235.9375"
"PARQUE LAS AGUAS","2012-12-21","","172.6125"
"PARQUE LAS AGUAS","2012-12-20","","185.99583333"
"PARQUE LAS AGUAS","2012-12-19","","183.93333333"
"PARQUE LAS AGUAS","2012-12-18","","95.8"
"PARQUE LAS AGUAS","2012-12-17","","131.57083333"
"PARQUE LAS AGUAS","2012-12-16","","164.425"
"PARQUE LAS AGUAS","2012-12-15","","249.8"
"PARQUE LAS AGUAS","2012-12-14","","143.05833333"
"PARQUE LAS AGUAS","2012-12-13","","245.00833333"
"PARQUE LAS AGUAS","2012-12-12","","185.09166667"
"PARQUE LAS AGUAS","2012-12-11","","168.88333333"
"PARQUE LAS AGUAS","2012-12-10","","232.1"
"PARQUE LAS AGUAS","2012-12-09","","219.15833333"
"PARQUE LAS AGUAS","2012-12-08","","167.1625"
"PARQUE LAS AGUAS","2012-12-07","","273.02916667"
"PARQUE LAS AGUAS","2012-12-06","","281.675"
"PARQUE LAS AGUAS","2012-11-30","","251.62083333"
"PARQUE LAS AGUAS","2012-11-29","","169.5625"
"PARQUE LAS AGUAS","2012-11-28","","233.67083333"
"PARQUE LAS AGUAS","2012-11-27","","199.325"
"PARQUE LAS AGUAS","2012-11-26","","150.7125"
"PARQUE LAS AGUAS","2012-11-25","","191.56666667"
"PARQUE LAS AGUAS","2012-11-24","","232.55833333"
"PARQUE LAS AGUAS","2012-11-23","","191.25833333"
"PARQUE LAS AGUAS","2012-11-22","","105.2375"
"PARQUE LAS AGUAS","2012-11-21","","107.72083333"
"PARQUE LAS AGUAS","2012-11-20","","178.76666667"
"PARQUE LAS AGUAS","2012-11-19","","206.76"
"PARQUE LAS AGUAS","2012-11-18","","59.24583333"
"PARQUE LAS AGUAS","2012-11-17","","151.02083333"
"PARQUE LAS AGUAS","2012-11-16","","210.09583333"
"PARQUE LAS AGUAS","2012-11-15","","161.82916667"
"PARQUE LAS AGUAS","2012-11-14","","187.8875"
"PARQUE LAS AGUAS","2012-11-13","","196.92173913"
"PARQUE LAS AGUAS","2012-11-12","","84.075"
"PARQUE LAS AGUAS","2012-11-11","","123.94583333"
"PARQUE LAS AGUAS","2012-11-10","","193.82916667"
"PARQUE LAS AGUAS","2012-11-09","","159.89166667"
"PARQUE LAS AGUAS","2012-11-08","","208.95833333"
"PARQUE LAS AGUAS","2012-11-07","","153.3625"
"PARQUE LAS AGUAS","2012-11-06","","217.7625"
"PARQUE LAS AGUAS","2012-11-05","","148.80833333"
"PARQUE LAS AGUAS","2012-11-04","","219.30833333"
"PARQUE LAS AGUAS","2012-11-03","","214.60416667"
"PARQUE LAS AGUAS","2012-11-02","","106.47916667"
"PARQUE LAS AGUAS","2012-11-01","","220.35833333"
