"Estacion","Fecha inicial","Fecha final","SO2"
"ESTACIÓN TRÁFICO CENTRO","2025-10-31","","6.22036391"
"ESTACIÓN TRÁFICO CENTRO","2025-10-30","","5.19456583"
"ESTACIÓN TRÁFICO CENTRO","2025-10-29","","6.73371208"
"ESTACIÓN TRÁFICO CENTRO","2025-10-28","","7.66259"
"ESTACIÓN TRÁFICO CENTRO","2025-10-27","","6.04490792"
"ESTACIÓN TRÁFICO CENTRO","2025-10-26","","3.44329458"
"ESTACIÓN TRÁFICO CENTRO","2025-10-25","","5.97656958"
"ESTACIÓN TRÁFICO CENTRO","2025-10-24","","9.71727375"
"ESTACIÓN TRÁFICO CENTRO","2025-10-23","","7.13524208"
"ESTACIÓN TRÁFICO CENTRO","2025-10-22","","6.94051292"
"ESTACIÓN TRÁFICO CENTRO","2025-10-21","","5.57271167"
"ESTACIÓN TRÁFICO CENTRO","2025-10-20","","2.31251292"
"ESTACIÓN TRÁFICO CENTRO","2025-10-19","","4.04347667"
"ESTACIÓN TRÁFICO CENTRO","2025-10-18","","5.78189292"
"ESTACIÓN TRÁFICO CENTRO","2025-10-17","","7.99911625"
"ESTACIÓN TRÁFICO CENTRO","2025-10-16","","5.73586875"
"ESTACIÓN TRÁFICO CENTRO","2025-10-15","","6.15171958"
"ESTACIÓN TRÁFICO CENTRO","2025-10-14","","7.4455525"
"ESTACIÓN TRÁFICO CENTRO","2025-10-13","","3.81610375"
"ESTACIÓN TRÁFICO CENTRO","2025-10-12","","1.53088833"
"ESTACIÓN TRÁFICO CENTRO","2025-10-11","","5.60445042"
"ESTACIÓN TRÁFICO CENTRO","2025-10-10","","4.17431458"
"ESTACIÓN TRÁFICO CENTRO","2025-10-09","","8.53436292"
"ESTACIÓN TRÁFICO CENTRO","2025-10-08","","3.47879542"
"ESTACIÓN TRÁFICO CENTRO","2025-10-07","","2.70084333"
"ESTACIÓN TRÁFICO CENTRO","2025-10-06","","2.22716667"
"ESTACIÓN TRÁFICO CENTRO","2025-10-05","","0.07410583"
"ESTACIÓN TRÁFICO CENTRO","2025-10-04","","1.4716475"
"ESTACIÓN TRÁFICO CENTRO","2025-10-03","","3.24809167"
"ESTACIÓN TRÁFICO CENTRO","2025-10-02","","5.26550667"
"ESTACIÓN TRÁFICO CENTRO","2025-10-01","","4.08104292"
"ESTACIÓN TRÁFICO CENTRO","2025-09-30","","4.2404287"
"ESTACIÓN TRÁFICO CENTRO","2025-09-29","","1.99772625"
"ESTACIÓN TRÁFICO CENTRO","2025-09-28","","1.27857667"
"ESTACIÓN TRÁFICO CENTRO","2025-09-27","","6.91069292"
"ESTACIÓN TRÁFICO CENTRO","2025-09-26","","5.18554625"
"ESTACIÓN TRÁFICO CENTRO","2025-09-25","","2.0566125"
"ESTACIÓN TRÁFICO CENTRO","2025-09-24","","6.38553458"
"ESTACIÓN TRÁFICO CENTRO","2025-09-23","","8.24545667"
"ESTACIÓN TRÁFICO CENTRO","2025-09-22","","5.479695"
"ESTACIÓN TRÁFICO CENTRO","2025-09-21","","6.19227083"
"ESTACIÓN TRÁFICO CENTRO","2025-09-20","","7.02846458"
"ESTACIÓN TRÁFICO CENTRO","2025-09-19","","8.42954708"
"ESTACIÓN TRÁFICO CENTRO","2025-09-18","","5.24465"
"ESTACIÓN TRÁFICO CENTRO","2025-09-17","","10.89608125"
"ESTACIÓN TRÁFICO CENTRO","2025-09-16","","7.80390167"
"ESTACIÓN TRÁFICO CENTRO","2025-09-15","","4.57787917"
"ESTACIÓN TRÁFICO CENTRO","2025-09-14","","5.06123167"
"ESTACIÓN TRÁFICO CENTRO","2025-09-13","","6.45524708"
"ESTACIÓN TRÁFICO CENTRO","2025-09-12","","9.85293083"
"ESTACIÓN TRÁFICO CENTRO","2025-09-11","","6.50372542"
"ESTACIÓN TRÁFICO CENTRO","2025-09-10","","7.23126292"
"ESTACIÓN TRÁFICO CENTRO","2025-09-09","","7.01445833"
"ESTACIÓN TRÁFICO CENTRO","2025-09-08","","2.826965"
"ESTACIÓN TRÁFICO CENTRO","2025-09-07","","0.9450425"
"ESTACIÓN TRÁFICO CENTRO","2025-09-06","","3.42500583"
"ESTACIÓN TRÁFICO CENTRO","2025-09-05","","4.77849"
"ESTACIÓN TRÁFICO CENTRO","2025-09-04","","6.81471333"
"ESTACIÓN TRÁFICO CENTRO","2025-09-03","","3.8022125"
"ESTACIÓN TRÁFICO CENTRO","2025-09-02","","5.31683542"
"ESTACIÓN TRÁFICO CENTRO","2025-09-01","","5.58905042"
"ESTACIÓN TRÁFICO CENTRO","2025-08-31","","6.44223316"
"ESTACIÓN TRÁFICO CENTRO","2025-08-30","","9.69101909"
"ESTACIÓN TRÁFICO CENTRO","2025-08-29","","10.28342015"
"ESTACIÓN TRÁFICO CENTRO","2025-08-28","","8.83361964"
"ESTACIÓN TRÁFICO CENTRO","2025-08-27","","5.20519816"
"ESTACIÓN TRÁFICO CENTRO","2025-08-26","","5.40231959"
"ESTACIÓN TRÁFICO CENTRO","2025-08-25","","5.52327231"
"ESTACIÓN TRÁFICO CENTRO","2025-08-24","","4.91716268"
"ESTACIÓN TRÁFICO CENTRO","2025-08-23","","2.91831591"
"ESTACIÓN TRÁFICO CENTRO","2025-08-22","","4.58570342"
"ESTACIÓN TRÁFICO CENTRO","2025-08-21","","2.2291659"
"ESTACIÓN TRÁFICO CENTRO","2025-08-20","","7.46129761"
"ESTACIÓN TRÁFICO CENTRO","2025-08-19","","2.67709063"
"ESTACIÓN TRÁFICO CENTRO","2025-08-18","","0.67930309"
"ESTACIÓN TRÁFICO CENTRO","2025-08-17","","3.19900487"
"ESTACIÓN TRÁFICO CENTRO","2025-08-16","","1.96924404"
"ESTACIÓN TRÁFICO CENTRO","2025-08-15","","3.23188832"
"ESTACIÓN TRÁFICO CENTRO","2025-08-14","","12.21895882"
"ESTACIÓN TRÁFICO CENTRO","2025-08-13","","3.94590216"
"ESTACIÓN TRÁFICO CENTRO","2025-08-12","","8.04165293"
"ESTACIÓN TRÁFICO CENTRO","2025-08-11","","4.73635815"
"ESTACIÓN TRÁFICO CENTRO","2025-08-10","","2.44112806"
"ESTACIÓN TRÁFICO CENTRO","2025-08-09","","3.96367355"
"ESTACIÓN TRÁFICO CENTRO","2025-08-08","","6.05036768"
"ESTACIÓN TRÁFICO CENTRO","2025-08-07","","3.2917946"
"ESTACIÓN TRÁFICO CENTRO","2025-08-06","","7.57971723"
"ESTACIÓN TRÁFICO CENTRO","2025-08-05","","9.76752812"
"ESTACIÓN TRÁFICO CENTRO","2025-08-04","","4.43964905"
"ESTACIÓN TRÁFICO CENTRO","2025-08-03","","2.04878915"
"ESTACIÓN TRÁFICO CENTRO","2025-08-02","","6.54696363"
"ESTACIÓN TRÁFICO CENTRO","2025-08-01","","5.41772518"
"ESTACIÓN TRÁFICO CENTRO","2025-07-31","","6.02367234"
"ESTACIÓN TRÁFICO CENTRO","2025-07-30","","5.39309759"
"ESTACIÓN TRÁFICO CENTRO","2025-07-29","","9.1421995"
"ESTACIÓN TRÁFICO CENTRO","2025-07-28","","3.86453254"
"ESTACIÓN TRÁFICO CENTRO","2025-07-27","","2.91412477"
"ESTACIÓN TRÁFICO CENTRO","2025-07-26","","5.08134981"
"ESTACIÓN TRÁFICO CENTRO","2025-07-25","","8.77365636"
"ESTACIÓN TRÁFICO CENTRO","2025-07-24","","6.89937707"
"ESTACIÓN TRÁFICO CENTRO","2025-07-23","","6.81010488"
"ESTACIÓN TRÁFICO CENTRO","2025-07-22","","7.64371841"
"ESTACIÓN TRÁFICO CENTRO","2025-07-21","","6.24360417"
"ESTACIÓN TRÁFICO CENTRO","2025-07-20","","8.02421002"
"ESTACIÓN TRÁFICO CENTRO","2025-07-19","","12.28706251"
"ESTACIÓN TRÁFICO CENTRO","2025-07-18","","10.28935012"
"ESTACIÓN TRÁFICO CENTRO","2025-07-17","","6.18128534"
"ESTACIÓN TRÁFICO CENTRO","2025-07-16","","6.90686993"
"ESTACIÓN TRÁFICO CENTRO","2025-07-15","","6.84513964"
"ESTACIÓN TRÁFICO CENTRO","2025-07-14","","4.33224441"
"ESTACIÓN TRÁFICO CENTRO","2025-07-13","","3.72840044"
"ESTACIÓN TRÁFICO CENTRO","2025-07-12","","4.11954373"
"ESTACIÓN TRÁFICO CENTRO","2025-07-11","","4.52187383"
"ESTACIÓN TRÁFICO CENTRO","2025-07-10","","8.46549174"
"ESTACIÓN TRÁFICO CENTRO","2025-07-09","","8.82856624"
"ESTACIÓN TRÁFICO CENTRO","2025-07-08","","8.62952187"
"ESTACIÓN TRÁFICO CENTRO","2025-07-07","","5.79958491"
"ESTACIÓN TRÁFICO CENTRO","2025-07-06","","4.1448299"
"ESTACIÓN TRÁFICO CENTRO","2025-07-05","","5.58286265"
"ESTACIÓN TRÁFICO CENTRO","2025-07-04","","6.23266041"
"ESTACIÓN TRÁFICO CENTRO","2025-07-03","","5.29266504"
"ESTACIÓN TRÁFICO CENTRO","2025-07-02","","7.46742822"
"ESTACIÓN TRÁFICO CENTRO","2025-07-01","","7.70601618"
"ESTACIÓN TRÁFICO CENTRO","2025-06-30","","4.45952494"
"ESTACIÓN TRÁFICO CENTRO","2025-06-29","","5.8177516"
"ESTACIÓN TRÁFICO CENTRO","2025-06-28","","8.3392098"
"ESTACIÓN TRÁFICO CENTRO","2025-06-27","","9.4809753"
"ESTACIÓN TRÁFICO CENTRO","2025-06-26","","6.65730831"
"ESTACIÓN TRÁFICO CENTRO","2025-06-25","","7.39003071"
"ESTACIÓN TRÁFICO CENTRO","2025-06-24","","4.49988788"
"ESTACIÓN TRÁFICO CENTRO","2025-06-23","","2.05702726"
"ESTACIÓN TRÁFICO CENTRO","2025-06-22","","2.75121445"
"ESTACIÓN TRÁFICO CENTRO","2025-06-21","","6.41351878"
"ESTACIÓN TRÁFICO CENTRO","2025-06-20","","6.22768601"
"ESTACIÓN TRÁFICO CENTRO","2025-06-19","","6.77316868"
"ESTACIÓN TRÁFICO CENTRO","2025-06-18","","4.97399487"
"ESTACIÓN TRÁFICO CENTRO","2025-06-17","","3.85531913"
"ESTACIÓN TRÁFICO CENTRO","2025-06-16","","8.30476918"
"ESTACIÓN TRÁFICO CENTRO","2025-06-15","","6.20203377"
"ESTACIÓN TRÁFICO CENTRO","2025-06-14","","6.67773279"
"ESTACIÓN TRÁFICO CENTRO","2025-06-13","","4.26435522"
"ESTACIÓN TRÁFICO CENTRO","2025-06-12","","9.55266023"
"ESTACIÓN TRÁFICO CENTRO","2025-06-11","","10.36675993"
"ESTACIÓN TRÁFICO CENTRO","2025-06-10","","5.39249585"
"ESTACIÓN TRÁFICO CENTRO","2025-06-09","","7.93471699"
"ESTACIÓN TRÁFICO CENTRO","2025-06-08","","4.3014357"
"ESTACIÓN TRÁFICO CENTRO","2025-06-07","","5.80420929"
"ESTACIÓN TRÁFICO CENTRO","2025-06-06","","7.60904011"
"ESTACIÓN TRÁFICO CENTRO","2025-06-05","","5.8599976"
"ESTACIÓN TRÁFICO CENTRO","2025-06-04","","6.5811134"
"ESTACIÓN TRÁFICO CENTRO","2025-06-03","","11.07696473"
"ESTACIÓN TRÁFICO CENTRO","2025-06-02","","4.76621572"
"ESTACIÓN TRÁFICO CENTRO","2025-06-01","","5.36768834"
"ESTACIÓN TRÁFICO CENTRO","2025-05-31","","7.80211945"
"ESTACIÓN TRÁFICO CENTRO","2025-05-30","","8.88529987"
"ESTACIÓN TRÁFICO CENTRO","2025-05-29","","6.7716634"
"ESTACIÓN TRÁFICO CENTRO","2025-05-28","","15.7497057"
"ESTACIÓN TRÁFICO CENTRO","2025-05-27","","8.05396618"
"ESTACIÓN TRÁFICO CENTRO","2025-05-26","","12.14850142"
"ESTACIÓN TRÁFICO CENTRO","2025-05-25","","12.50675297"
"ESTACIÓN TRÁFICO CENTRO","2025-05-24","","11.77275759"
"ESTACIÓN TRÁFICO CENTRO","2025-05-23","","9.69614482"
"ESTACIÓN TRÁFICO CENTRO","2025-05-22","","8.51657581"
"ESTACIÓN TRÁFICO CENTRO","2025-05-21","","6.7001291"
"ESTACIÓN TRÁFICO CENTRO","2025-05-20","","4.72939845"
"ESTACIÓN TRÁFICO CENTRO","2025-05-19","","4.45723441"
"ESTACIÓN TRÁFICO CENTRO","2025-05-18","","4.0765895"
"ESTACIÓN TRÁFICO CENTRO","2025-05-17","","5.86656783"
"ESTACIÓN TRÁFICO CENTRO","2025-05-16","","9.66521563"
"ESTACIÓN TRÁFICO CENTRO","2025-05-15","","7.12196471"
"ESTACIÓN TRÁFICO CENTRO","2025-05-14","","10.39123174"
"ESTACIÓN TRÁFICO CENTRO","2025-05-13","","16.94682078"
"ESTACIÓN TRÁFICO CENTRO","2025-05-12","","15.19125507"
"ESTACIÓN TRÁFICO CENTRO","2025-05-11","","11.08797505"
"ESTACIÓN TRÁFICO CENTRO","2025-05-10","","7.51712366"
"ESTACIÓN TRÁFICO CENTRO","2025-05-09","","8.17062534"
"ESTACIÓN TRÁFICO CENTRO","2025-05-08","","7.66534593"
"ESTACIÓN TRÁFICO CENTRO","2025-05-07","","8.47323489"
"ESTACIÓN TRÁFICO CENTRO","2025-05-06","","3.61019455"
"ESTACIÓN TRÁFICO CENTRO","2025-05-05","","6.27631087"
"ESTACIÓN TRÁFICO CENTRO","2025-05-04","","4.99039712"
"ESTACIÓN TRÁFICO CENTRO","2025-05-03","","9.00724985"
"ESTACIÓN TRÁFICO CENTRO","2025-05-02","","6.61402227"
"ESTACIÓN TRÁFICO CENTRO","2025-05-01","","6.44993181"
"ESTACIÓN TRÁFICO CENTRO","2025-04-30","","6.18739642"
"ESTACIÓN TRÁFICO CENTRO","2025-04-29","","5.18738729"
"ESTACIÓN TRÁFICO CENTRO","2025-04-28","","2.59429188"
"ESTACIÓN TRÁFICO CENTRO","2025-04-27","","0.73501217"
"ESTACIÓN TRÁFICO CENTRO","2025-04-26","","1.30618987"
"ESTACIÓN TRÁFICO CENTRO","2025-04-25","","2.48934572"
"ESTACIÓN TRÁFICO CENTRO","2025-04-24","","3.24536015"
"ESTACIÓN TRÁFICO CENTRO","2025-04-23","","8.55998363"
"ESTACIÓN TRÁFICO CENTRO","2025-04-22","","11.04238474"
"ESTACIÓN TRÁFICO CENTRO","2025-04-21","","9.195939"
"ESTACIÓN TRÁFICO CENTRO","2025-04-20","","2.97845983"
"ESTACIÓN TRÁFICO CENTRO","2025-04-19","","3.58029545"
"ESTACIÓN TRÁFICO CENTRO","2025-04-18","","3.21967231"
"ESTACIÓN TRÁFICO CENTRO","2025-04-17","","3.56829846"
"ESTACIÓN TRÁFICO CENTRO","2025-04-16","","7.07620146"
"ESTACIÓN TRÁFICO CENTRO","2025-04-15","","8.58559722"
"ESTACIÓN TRÁFICO CENTRO","2025-04-14","","4.84881643"
"ESTACIÓN TRÁFICO CENTRO","2025-04-13","","5.02448862"
"ESTACIÓN TRÁFICO CENTRO","2025-04-12","","4.28275128"
"ESTACIÓN TRÁFICO CENTRO","2025-04-11","","4.51085494"
"ESTACIÓN TRÁFICO CENTRO","2025-04-10","","6.4509678"
"ESTACIÓN TRÁFICO CENTRO","2025-04-09","","10.07024111"
"ESTACIÓN TRÁFICO CENTRO","2025-04-08","","5.36563054"
"ESTACIÓN TRÁFICO CENTRO","2025-04-07","","6.06796493"
"ESTACIÓN TRÁFICO CENTRO","2025-04-06","","7.22769461"
"ESTACIÓN TRÁFICO CENTRO","2025-04-05","","6.17823006"
"ESTACIÓN TRÁFICO CENTRO","2025-04-04","","5.85164856"
"ESTACIÓN TRÁFICO CENTRO","2025-04-03","","6.14338232"
"ESTACIÓN TRÁFICO CENTRO","2025-04-02","","5.03347333"
"ESTACIÓN TRÁFICO CENTRO","2025-04-01","","4.25554806"
"ESTACIÓN TRÁFICO CENTRO","2025-03-31","","5.14577045"
"ESTACIÓN TRÁFICO CENTRO","2025-03-30","","12.25848462"
"ESTACIÓN TRÁFICO CENTRO","2025-03-29","","17.1553972"
"ESTACIÓN TRÁFICO CENTRO","2025-03-28","","16.80889881"
"ESTACIÓN TRÁFICO CENTRO","2025-03-27","","13.01090954"
"ESTACIÓN TRÁFICO CENTRO","2025-03-26","","18.96292577"
"ESTACIÓN TRÁFICO CENTRO","2025-03-25","","10.95958237"
"ESTACIÓN TRÁFICO CENTRO","2025-03-24","","7.06707415"
"ESTACIÓN TRÁFICO CENTRO","2025-03-23","","13.2256487"
"ESTACIÓN TRÁFICO CENTRO","2025-03-22","","11.34234843"
"ESTACIÓN TRÁFICO CENTRO","2025-03-21","","4.3221922"
"ESTACIÓN TRÁFICO CENTRO","2025-03-20","","4.98197126"
"ESTACIÓN TRÁFICO CENTRO","2025-03-19","","6.95491433"
"ESTACIÓN TRÁFICO CENTRO","2025-03-18","","5.73820758"
"ESTACIÓN TRÁFICO CENTRO","2025-03-17","","6.4203692"
"ESTACIÓN TRÁFICO CENTRO","2025-03-16","","2.7216659"
"ESTACIÓN TRÁFICO CENTRO","2025-03-15","","7.37717743"
"ESTACIÓN TRÁFICO CENTRO","2025-03-14","","2.78388752"
"ESTACIÓN TRÁFICO CENTRO","2025-03-13","","13.48404711"
"ESTACIÓN TRÁFICO CENTRO","2025-03-12","","6.91047632"
"ESTACIÓN TRÁFICO CENTRO","2025-03-11","","8.66524276"
"ESTACIÓN TRÁFICO CENTRO","2025-03-10","","11.87624583"
"ESTACIÓN TRÁFICO CENTRO","2025-03-09","","7.02348141"
"ESTACIÓN TRÁFICO CENTRO","2025-03-08","","7.66992743"
"ESTACIÓN TRÁFICO CENTRO","2025-03-07","","12.50584944"
"ESTACIÓN TRÁFICO CENTRO","2025-03-06","","9.26178533"
"ESTACIÓN TRÁFICO CENTRO","2025-03-05","","7.41385024"
"ESTACIÓN TRÁFICO CENTRO","2025-03-04","","8.88485002"
"ESTACIÓN TRÁFICO CENTRO","2025-03-03","","7.17779132"
"ESTACIÓN TRÁFICO CENTRO","2025-03-02","","7.44825675"
"ESTACIÓN TRÁFICO CENTRO","2025-03-01","","8.95128445"
"ESTACIÓN TRÁFICO CENTRO","2025-02-28","","10.15034323"
"ESTACIÓN TRÁFICO CENTRO","2025-02-27","","11.3988697"
"ESTACIÓN TRÁFICO CENTRO","2025-02-26","","12.8733337"
"ESTACIÓN TRÁFICO CENTRO","2025-02-25","","9.26402098"
"ESTACIÓN TRÁFICO CENTRO","2025-02-24","","9.82878104"
"ESTACIÓN TRÁFICO CENTRO","2025-02-23","","6.94551086"
"ESTACIÓN TRÁFICO CENTRO","2025-02-22","","12.2235293"
"ESTACIÓN TRÁFICO CENTRO","2025-02-21","","13.35484678"
"ESTACIÓN TRÁFICO CENTRO","2025-02-20","","9.77182844"
"ESTACIÓN TRÁFICO CENTRO","2025-02-19","","9.96870515"
"ESTACIÓN TRÁFICO CENTRO","2025-02-18","","8.22273373"
"ESTACIÓN TRÁFICO CENTRO","2025-02-17","","5.64620864"
"ESTACIÓN TRÁFICO CENTRO","2025-02-16","","4.69624375"
"ESTACIÓN TRÁFICO CENTRO","2025-02-15","","5.8041388"
"ESTACIÓN TRÁFICO CENTRO","2025-02-14","","9.2727639"
"ESTACIÓN TRÁFICO CENTRO","2025-02-13","","9.43190081"
"ESTACIÓN TRÁFICO CENTRO","2025-02-12","","11.19358614"
"ESTACIÓN TRÁFICO CENTRO","2025-02-11","","7.62484568"
"ESTACIÓN TRÁFICO CENTRO","2025-02-10","","12.95302927"
"ESTACIÓN TRÁFICO CENTRO","2025-02-09","","10.09678302"
"ESTACIÓN TRÁFICO CENTRO","2025-02-08","","7.42557621"
"ESTACIÓN TRÁFICO CENTRO","2025-02-07","","8.81779039"
"ESTACIÓN TRÁFICO CENTRO","2025-02-06","","9.82957887"
"ESTACIÓN TRÁFICO CENTRO","2025-02-05","","7.79997722"
"ESTACIÓN TRÁFICO CENTRO","2025-02-04","","6.23373895"
"ESTACIÓN TRÁFICO CENTRO","2025-02-03","","6.71823523"
"ESTACIÓN TRÁFICO CENTRO","2025-02-02","","6.68258052"
"ESTACIÓN TRÁFICO CENTRO","2025-02-01","","9.10160413"
"ESTACIÓN TRÁFICO CENTRO","2025-01-31","","6.31033205"
"ESTACIÓN TRÁFICO CENTRO","2025-01-30","","7.60947241"
"ESTACIÓN TRÁFICO CENTRO","2025-01-29","","11.78386818"
"ESTACIÓN TRÁFICO CENTRO","2025-01-28","","8.70039737"
"ESTACIÓN TRÁFICO CENTRO","2025-01-27","","10.23583728"
"ESTACIÓN TRÁFICO CENTRO","2025-01-26","","11.24953189"
"ESTACIÓN TRÁFICO CENTRO","2025-01-25","","12.77881237"
"ESTACIÓN TRÁFICO CENTRO","2025-01-24","","16.58695842"
"ESTACIÓN TRÁFICO CENTRO","2025-01-23","","14.37840259"
"ESTACIÓN TRÁFICO CENTRO","2025-01-22","","13.50537403"
"ESTACIÓN TRÁFICO CENTRO","2025-01-21","","11.50202896"
"ESTACIÓN TRÁFICO CENTRO","2025-01-20","","9.52263168"
"ESTACIÓN TRÁFICO CENTRO","2025-01-19","","7.70628176"
"ESTACIÓN TRÁFICO CENTRO","2025-01-18","","9.34454032"
"ESTACIÓN TRÁFICO CENTRO","2025-01-17","","7.48975753"
"ESTACIÓN TRÁFICO CENTRO","2025-01-16","","11.67855595"
"ESTACIÓN TRÁFICO CENTRO","2025-01-15","","11.49868501"
"ESTACIÓN TRÁFICO CENTRO","2025-01-14","","11.60155102"
"ESTACIÓN TRÁFICO CENTRO","2025-01-13","","11.55436564"
"ESTACIÓN TRÁFICO CENTRO","2025-01-12","","6.2184462"
"ESTACIÓN TRÁFICO CENTRO","2025-01-11","","8.23795992"
"ESTACIÓN TRÁFICO CENTRO","2025-01-10","","6.16056812"
"ESTACIÓN TRÁFICO CENTRO","2025-01-09","","7.84053609"
"ESTACIÓN TRÁFICO CENTRO","2025-01-08","","6.45432082"
"ESTACIÓN TRÁFICO CENTRO","2025-01-07","","6.23204012"
"ESTACIÓN TRÁFICO CENTRO","2025-01-06","","6.10905732"
"ESTACIÓN TRÁFICO CENTRO","2025-01-05","","3.37840027"
"ESTACIÓN TRÁFICO CENTRO","2025-01-04","","6.29012442"
"ESTACIÓN TRÁFICO CENTRO","2025-01-03","","7.26521619"
"ESTACIÓN TRÁFICO CENTRO","2025-01-02","","6.60563887"
"ESTACIÓN TRÁFICO CENTRO","2025-01-01","","4.45025895"
"ESTACIÓN TRÁFICO CENTRO","2024-12-31","","7.03676911"
"ESTACIÓN TRÁFICO CENTRO","2024-12-30","","7.54855977"
"ESTACIÓN TRÁFICO CENTRO","2024-12-29","","6.84390616"
"ESTACIÓN TRÁFICO CENTRO","2024-12-28","","8.02499507"
"ESTACIÓN TRÁFICO CENTRO","2024-12-27","","9.71585977"
"ESTACIÓN TRÁFICO CENTRO","2024-12-26","","7.16611336"
"ESTACIÓN TRÁFICO CENTRO","2024-12-25","","3.4510129"
"ESTACIÓN TRÁFICO CENTRO","2024-12-24","","5.4861491"
"ESTACIÓN TRÁFICO CENTRO","2024-12-23","","5.74318462"
"ESTACIÓN TRÁFICO CENTRO","2024-12-22","","7.55802827"
"ESTACIÓN TRÁFICO CENTRO","2024-12-21","","8.55144057"
"ESTACIÓN TRÁFICO CENTRO","2024-12-20","","12.3514686"
"ESTACIÓN TRÁFICO CENTRO","2024-12-19","","16.02889931"
"ESTACIÓN TRÁFICO CENTRO","2024-12-18","","8.45292039"
"ESTACIÓN TRÁFICO CENTRO","2024-12-17","","8.38632448"
"ESTACIÓN TRÁFICO CENTRO","2024-12-16","","7.83028205"
"ESTACIÓN TRÁFICO CENTRO","2024-12-15","","4.2108746"
"ESTACIÓN TRÁFICO CENTRO","2024-12-14","","8.08025889"
"ESTACIÓN TRÁFICO CENTRO","2024-12-13","","10.07419632"
"ESTACIÓN TRÁFICO CENTRO","2024-12-12","","12.27626943"
"ESTACIÓN TRÁFICO CENTRO","2024-12-11","","12.05466857"
"ESTACIÓN TRÁFICO CENTRO","2024-12-10","","11.64675856"
"ESTACIÓN TRÁFICO CENTRO","2024-12-09","","14.3522559"
"ESTACIÓN TRÁFICO CENTRO","2024-12-08","","15.0571212"
"ESTACIÓN TRÁFICO CENTRO","2024-12-07","","12.63690927"
"ESTACIÓN TRÁFICO CENTRO","2024-12-06","","13.61898512"
"ESTACIÓN TRÁFICO CENTRO","2024-12-05","","9.33815917"
"ESTACIÓN TRÁFICO CENTRO","2024-12-04","","4.35324203"
"ESTACIÓN TRÁFICO CENTRO","2024-12-03","","10.16608544"
"ESTACIÓN TRÁFICO CENTRO","2024-12-02","","11.8848574"
"ESTACIÓN TRÁFICO CENTRO","2024-12-01","","4.9957642"
"ESTACIÓN TRÁFICO CENTRO","2024-11-30","","6.12349943"
"ESTACIÓN TRÁFICO CENTRO","2024-11-29","","6.24918446"
"ESTACIÓN TRÁFICO CENTRO","2024-11-28","","7.39305293"
"ESTACIÓN TRÁFICO CENTRO","2024-11-27","","6.13699616"
"ESTACIÓN TRÁFICO CENTRO","2024-11-26","","6.14844575"
"ESTACIÓN TRÁFICO CENTRO","2024-11-25","","9.85920377"
"ESTACIÓN TRÁFICO CENTRO","2024-11-24","","4.10296851"
"ESTACIÓN TRÁFICO CENTRO","2024-11-23","","4.59691114"
"ESTACIÓN TRÁFICO CENTRO","2024-11-22","","8.11420558"
"ESTACIÓN TRÁFICO CENTRO","2024-11-21","","5.48844191"
"ESTACIÓN TRÁFICO CENTRO","2024-11-20","","8.26321544"
"ESTACIÓN TRÁFICO CENTRO","2024-11-19","","9.69604881"
"ESTACIÓN TRÁFICO CENTRO","2024-11-18","","6.4575209"
"ESTACIÓN TRÁFICO CENTRO","2024-11-17","","7.31909869"
"ESTACIÓN TRÁFICO CENTRO","2024-11-16","","9.80487436"
"ESTACIÓN TRÁFICO CENTRO","2024-11-15","","9.0657695"
"ESTACIÓN TRÁFICO CENTRO","2024-11-14","","5.31871603"
"ESTACIÓN TRÁFICO CENTRO","2024-11-13","","5.58466012"
"ESTACIÓN TRÁFICO CENTRO","2024-11-12","","7.20173742"
"ESTACIÓN TRÁFICO CENTRO","2024-11-11","","2.55657715"
"ESTACIÓN TRÁFICO CENTRO","2024-11-10","","2.22247676"
"ESTACIÓN TRÁFICO CENTRO","2024-11-09","","4.29561843"
"ESTACIÓN TRÁFICO CENTRO","2024-11-08","","7.95900253"
"ESTACIÓN TRÁFICO CENTRO","2024-11-07","","8.68268916"
"ESTACIÓN TRÁFICO CENTRO","2024-11-06","","8.53462138"
"ESTACIÓN TRÁFICO CENTRO","2024-11-05","","6.99816828"
"ESTACIÓN TRÁFICO CENTRO","2024-11-04","","3.66662935"
"ESTACIÓN TRÁFICO CENTRO","2024-11-03","","4.99616026"
"ESTACIÓN TRÁFICO CENTRO","2024-11-02","","5.00367822"
"ESTACIÓN TRÁFICO CENTRO","2024-11-01","","7.6176113"
"ESTACIÓN TRÁFICO CENTRO","2024-10-31","","5.83020641"
"ESTACIÓN TRÁFICO CENTRO","2024-10-30","","8.29721344"
"ESTACIÓN TRÁFICO CENTRO","2024-10-29","","7.48408417"
"ESTACIÓN TRÁFICO CENTRO","2024-10-28","","9.72206874"
"ESTACIÓN TRÁFICO CENTRO","2024-10-27","","4.42768654"
"ESTACIÓN TRÁFICO CENTRO","2024-10-26","","5.84556758"
"ESTACIÓN TRÁFICO CENTRO","2024-10-25","","3.85293335"
"ESTACIÓN TRÁFICO CENTRO","2024-10-24","","4.75638683"
"ESTACIÓN TRÁFICO CENTRO","2024-10-23","","4.80418137"
"ESTACIÓN TRÁFICO CENTRO","2024-10-22","","5.01113551"
"ESTACIÓN TRÁFICO CENTRO","2024-10-21","","4.77216239"
"ESTACIÓN TRÁFICO CENTRO","2024-10-20","","3.13276298"
"ESTACIÓN TRÁFICO CENTRO","2024-10-19","","5.87630365"
"ESTACIÓN TRÁFICO CENTRO","2024-10-18","","5.62130359"
"ESTACIÓN TRÁFICO CENTRO","2024-10-17","","8.21012222"
"ESTACIÓN TRÁFICO CENTRO","2024-10-16","","6.72719037"
"ESTACIÓN TRÁFICO CENTRO","2024-10-15","","6.49669411"
"ESTACIÓN TRÁFICO CENTRO","2024-10-14","","7.46896546"
"ESTACIÓN TRÁFICO CENTRO","2024-10-13","","5.13667787"
"ESTACIÓN TRÁFICO CENTRO","2024-10-12","","4.18870513"
"ESTACIÓN TRÁFICO CENTRO","2024-10-11","","4.72625479"
"ESTACIÓN TRÁFICO CENTRO","2024-10-10","","3.72961722"
"ESTACIÓN TRÁFICO CENTRO","2024-10-09","","5.66743028"
"ESTACIÓN TRÁFICO CENTRO","2024-10-08","","6.46806598"
"ESTACIÓN TRÁFICO CENTRO","2024-10-07","","6.46114169"
"ESTACIÓN TRÁFICO CENTRO","2024-10-06","","13.9747205"
"ESTACIÓN TRÁFICO CENTRO","2024-10-05","","7.55638291"
"ESTACIÓN TRÁFICO CENTRO","2024-10-04","","8.12704875"
"ESTACIÓN TRÁFICO CENTRO","2024-10-03","","4.70364556"
"ESTACIÓN TRÁFICO CENTRO","2024-10-02","","4.46153222"
"ESTACIÓN TRÁFICO CENTRO","2024-10-01","","11.4662069"
"ESTACIÓN TRÁFICO CENTRO","2024-09-30","","12.68696033"
"ESTACIÓN TRÁFICO CENTRO","2024-09-29","","4.53373427"
"ESTACIÓN TRÁFICO CENTRO","2024-09-28","","13.34083207"
"ESTACIÓN TRÁFICO CENTRO","2024-09-27","","9.47208508"
"ESTACIÓN TRÁFICO CENTRO","2024-09-26","","7.67622353"
"ESTACIÓN TRÁFICO CENTRO","2024-09-25","","6.74408441"
"ESTACIÓN TRÁFICO CENTRO","2024-09-24","","5.6872474"
"ESTACIÓN TRÁFICO CENTRO","2024-09-23","","8.60144162"
"ESTACIÓN TRÁFICO CENTRO","2024-09-22","","2.8675001"
"ESTACIÓN TRÁFICO CENTRO","2024-09-21","","5.74754657"
"ESTACIÓN TRÁFICO CENTRO","2024-09-20","","5.56156497"
"ESTACIÓN TRÁFICO CENTRO","2024-09-19","","5.30494769"
"ESTACIÓN TRÁFICO CENTRO","2024-09-18","","6.88614823"
"ESTACIÓN TRÁFICO CENTRO","2024-09-17","","3.94771709"
"ESTACIÓN TRÁFICO CENTRO","2024-09-16","","6.90815334"
"ESTACIÓN TRÁFICO CENTRO","2024-09-15","","4.44387605"
"ESTACIÓN TRÁFICO CENTRO","2024-09-14","","5.01577298"
"ESTACIÓN TRÁFICO CENTRO","2024-09-13","","4.15712142"
"ESTACIÓN TRÁFICO CENTRO","2024-09-12","","5.52241134"
"ESTACIÓN TRÁFICO CENTRO","2024-09-11","","9.20045055"
"ESTACIÓN TRÁFICO CENTRO","2024-09-10","","6.5556712"
"ESTACIÓN TRÁFICO CENTRO","2024-09-09","","4.49040252"
"ESTACIÓN TRÁFICO CENTRO","2024-09-08","","3.3036931"
"ESTACIÓN TRÁFICO CENTRO","2024-09-07","","3.85632883"
"ESTACIÓN TRÁFICO CENTRO","2024-09-06","","4.2437503"
"ESTACIÓN TRÁFICO CENTRO","2024-09-05","","2.26045844"
"ESTACIÓN TRÁFICO CENTRO","2024-09-04","","3.03124535"
"ESTACIÓN TRÁFICO CENTRO","2024-09-03","","2.88731718"
"ESTACIÓN TRÁFICO CENTRO","2024-09-02","","3.06027561"
"ESTACIÓN TRÁFICO CENTRO","2024-09-01","","1.39325814"
"ESTACIÓN TRÁFICO CENTRO","2024-08-31","","7.49519412"
"ESTACIÓN TRÁFICO CENTRO","2024-08-30","","7.92021684"
"ESTACIÓN TRÁFICO CENTRO","2024-08-29","","5.6085952"
"ESTACIÓN TRÁFICO CENTRO","2024-08-28","","4.99827349"
"ESTACIÓN TRÁFICO CENTRO","2024-08-27","","6.2412712"
"ESTACIÓN TRÁFICO CENTRO","2024-08-26","","5.56089569"
"ESTACIÓN TRÁFICO CENTRO","2024-08-25","","6.47194678"
"ESTACIÓN TRÁFICO CENTRO","2024-08-24","","3.26528346"
"ESTACIÓN TRÁFICO CENTRO","2024-08-23","","3.99612296"
"ESTACIÓN TRÁFICO CENTRO","2024-08-22","","4.52161987"
"ESTACIÓN TRÁFICO CENTRO","2024-08-21","","8.60485847"
"ESTACIÓN TRÁFICO CENTRO","2024-08-20","","6.04761747"
"ESTACIÓN TRÁFICO CENTRO","2024-08-19","","4.49567744"
"ESTACIÓN TRÁFICO CENTRO","2024-08-18","","3.89560176"
"ESTACIÓN TRÁFICO CENTRO","2024-08-17","","4.29666457"
"ESTACIÓN TRÁFICO CENTRO","2024-08-16","","7.67975181"
"ESTACIÓN TRÁFICO CENTRO","2024-08-15","","7.74757906"
"ESTACIÓN TRÁFICO CENTRO","2024-08-14","","4.6332204"
"ESTACIÓN TRÁFICO CENTRO","2024-08-13","","5.16473076"
"ESTACIÓN TRÁFICO CENTRO","2024-08-12","","6.12297901"
"ESTACIÓN TRÁFICO CENTRO","2024-08-11","","2.69618824"
"ESTACIÓN TRÁFICO CENTRO","2024-08-10","","6.25680988"
"ESTACIÓN TRÁFICO CENTRO","2024-08-09","","5.93848827"
"ESTACIÓN TRÁFICO CENTRO","2024-08-08","","7.79006721"
"ESTACIÓN TRÁFICO CENTRO","2024-08-07","","4.09991552"
"ESTACIÓN TRÁFICO CENTRO","2024-08-06","","3.38003353"
"ESTACIÓN TRÁFICO CENTRO","2024-08-05","","3.2228851"
"ESTACIÓN TRÁFICO CENTRO","2024-08-04","","4.99503"
"ESTACIÓN TRÁFICO CENTRO","2024-08-03","","6.77717124"
"ESTACIÓN TRÁFICO CENTRO","2024-08-02","","6.99223982"
"ESTACIÓN TRÁFICO CENTRO","2024-08-01","","8.34817792"
"ESTACIÓN TRÁFICO CENTRO","2024-07-31","","8.12680258"
"ESTACIÓN TRÁFICO CENTRO","2024-07-30","","9.65486378"
"ESTACIÓN TRÁFICO CENTRO","2024-07-29","","7.00573686"
"ESTACIÓN TRÁFICO CENTRO","2024-07-28","","7.08345908"
"ESTACIÓN TRÁFICO CENTRO","2024-07-27","","4.50207961"
"ESTACIÓN TRÁFICO CENTRO","2024-07-26","","7.66399996"
"ESTACIÓN TRÁFICO CENTRO","2024-07-25","","6.64598201"
"ESTACIÓN TRÁFICO CENTRO","2024-07-24","","8.66023721"
"ESTACIÓN TRÁFICO CENTRO","2024-07-23","","9.58016858"
"ESTACIÓN TRÁFICO CENTRO","2024-07-22","","8.26645471"
"ESTACIÓN TRÁFICO CENTRO","2024-07-21","","5.16559654"
"ESTACIÓN TRÁFICO CENTRO","2024-07-20","","5.73293041"
"ESTACIÓN TRÁFICO CENTRO","2024-07-19","","7.17725653"
"ESTACIÓN TRÁFICO CENTRO","2024-07-18","","6.70966077"
"ESTACIÓN TRÁFICO CENTRO","2024-07-17","","8.42974515"
"ESTACIÓN TRÁFICO CENTRO","2024-07-16","","11.06196767"
"ESTACIÓN TRÁFICO CENTRO","2024-07-15","","7.40067727"
"ESTACIÓN TRÁFICO CENTRO","2024-07-14","","4.88006204"
"ESTACIÓN TRÁFICO CENTRO","2024-07-13","","4.36958369"
"ESTACIÓN TRÁFICO CENTRO","2024-07-12","","5.72773288"
"ESTACIÓN TRÁFICO CENTRO","2024-07-11","","7.84881911"
"ESTACIÓN TRÁFICO CENTRO","2024-07-10","","6.77481601"
"ESTACIÓN TRÁFICO CENTRO","2024-07-09","","8.74788901"
"ESTACIÓN TRÁFICO CENTRO","2024-07-08","","8.05130658"
"ESTACIÓN TRÁFICO CENTRO","2024-07-07","","3.53381459"
"ESTACIÓN TRÁFICO CENTRO","2024-07-06","","4.953129"
"ESTACIÓN TRÁFICO CENTRO","2024-07-05","","6.58257505"
"ESTACIÓN TRÁFICO CENTRO","2024-07-04","","4.61026611"
"ESTACIÓN TRÁFICO CENTRO","2024-07-03","","4.09353449"
"ESTACIÓN TRÁFICO CENTRO","2024-07-02","","6.93556337"
"ESTACIÓN TRÁFICO CENTRO","2024-07-01","","4.00102928"
"ESTACIÓN TRÁFICO CENTRO","2024-06-30","","2.47298481"
"ESTACIÓN TRÁFICO CENTRO","2024-06-29","","6.63858876"
"ESTACIÓN TRÁFICO CENTRO","2024-06-28","","6.18442267"
"ESTACIÓN TRÁFICO CENTRO","2024-06-27","","8.16924838"
"ESTACIÓN TRÁFICO CENTRO","2024-06-26","","4.23626224"
"ESTACIÓN TRÁFICO CENTRO","2024-06-25","","7.33793356"
"ESTACIÓN TRÁFICO CENTRO","2024-06-24","","6.56550303"
"ESTACIÓN TRÁFICO CENTRO","2024-06-23","","3.29738176"
"ESTACIÓN TRÁFICO CENTRO","2024-06-22","","8.73360859"
"ESTACIÓN TRÁFICO CENTRO","2024-06-21","","7.27104699"
"ESTACIÓN TRÁFICO CENTRO","2024-06-20","","6.3886923"
"ESTACIÓN TRÁFICO CENTRO","2024-06-19","","9.77529157"
"ESTACIÓN TRÁFICO CENTRO","2024-06-18","","5.38295206"
"ESTACIÓN TRÁFICO CENTRO","2024-06-17","","8.1782236"
"ESTACIÓN TRÁFICO CENTRO","2024-06-16","","3.72956812"
"ESTACIÓN TRÁFICO CENTRO","2024-06-15","","4.54970492"
"ESTACIÓN TRÁFICO CENTRO","2024-06-14","","5.95006116"
"ESTACIÓN TRÁFICO CENTRO","2024-06-13","","6.51484798"
"ESTACIÓN TRÁFICO CENTRO","2024-06-12","","7.34473162"
"ESTACIÓN TRÁFICO CENTRO","2024-06-11","","6.92560715"
"ESTACIÓN TRÁFICO CENTRO","2024-06-10","","4.48563674"
"ESTACIÓN TRÁFICO CENTRO","2024-06-09","","1.85418512"
"ESTACIÓN TRÁFICO CENTRO","2024-06-08","","6.48856771"
"ESTACIÓN TRÁFICO CENTRO","2024-06-07","","8.05959241"
"ESTACIÓN TRÁFICO CENTRO","2024-06-06","","9.10681312"
"ESTACIÓN TRÁFICO CENTRO","2024-06-05","","8.65362464"
"ESTACIÓN TRÁFICO CENTRO","2024-06-04","","7.80498066"
"ESTACIÓN TRÁFICO CENTRO","2024-06-03","","2.35175996"
"ESTACIÓN TRÁFICO CENTRO","2024-06-02","","4.19466249"
"ESTACIÓN TRÁFICO CENTRO","2024-06-01","","7.20368567"
"ESTACIÓN TRÁFICO CENTRO","2024-05-28","","5.51150741"
"ESTACIÓN TRÁFICO CENTRO","2024-05-27","","5.93935024"
"ESTACIÓN TRÁFICO CENTRO","2024-05-26","","7.82437395"
"ESTACIÓN TRÁFICO CENTRO","2024-05-25","","5.81316061"
"ESTACIÓN TRÁFICO CENTRO","2024-05-24","","5.07022754"
"ESTACIÓN TRÁFICO CENTRO","2024-05-23","","6.76862362"
"ESTACIÓN TRÁFICO CENTRO","2024-05-22","","10.1371818"
"ESTACIÓN TRÁFICO CENTRO","2024-05-21","","9.48107929"
"ESTACIÓN TRÁFICO CENTRO","2024-05-20","","10.3331529"
"ESTACIÓN TRÁFICO CENTRO","2024-05-19","","9.8559066"
"ESTACIÓN TRÁFICO CENTRO","2024-05-18","","6.03077286"
"ESTACIÓN TRÁFICO CENTRO","2024-05-17","","8.02549762"
"ESTACIÓN TRÁFICO CENTRO","2024-05-16","","4.38955493"
"ESTACIÓN TRÁFICO CENTRO","2024-05-15","","3.85555961"
"ESTACIÓN TRÁFICO CENTRO","2024-05-14","","7.67742105"
"ESTACIÓN TRÁFICO CENTRO","2024-05-13","","4.37191306"
"ESTACIÓN TRÁFICO CENTRO","2024-05-12","","3.4036823"
"ESTACIÓN TRÁFICO CENTRO","2024-05-11","","6.33912176"
"ESTACIÓN TRÁFICO CENTRO","2024-05-10","","8.8416659"
"ESTACIÓN TRÁFICO CENTRO","2024-05-09","","5.8340272"
"ESTACIÓN TRÁFICO CENTRO","2024-05-08","","4.8962174"
"ESTACIÓN TRÁFICO CENTRO","2024-05-07","","5.46122048"
"ESTACIÓN TRÁFICO CENTRO","2024-05-06","","8.42249419"
"ESTACIÓN TRÁFICO CENTRO","2024-05-05","","5.57220203"
"ESTACIÓN TRÁFICO CENTRO","2024-05-04","","3.92495167"
"ESTACIÓN TRÁFICO CENTRO","2024-05-03","","9.60547832"
"ESTACIÓN TRÁFICO CENTRO","2024-05-02","","6.50047579"
"ESTACIÓN TRÁFICO CENTRO","2024-05-01","","6.99747609"
"ESTACIÓN TRÁFICO CENTRO","2024-04-30","","11.32548041"
"ESTACIÓN TRÁFICO CENTRO","2024-04-29","","11.16937262"
"ESTACIÓN TRÁFICO CENTRO","2024-04-28","","9.76748022"
"ESTACIÓN TRÁFICO CENTRO","2024-04-27","","22.86660588"
"ESTACIÓN TRÁFICO CENTRO","2024-04-26","","8.21296889"
"ESTACIÓN TRÁFICO CENTRO","2024-04-25","","7.30266793"
"ESTACIÓN TRÁFICO CENTRO","2024-04-24","","6.47834985"
"ESTACIÓN TRÁFICO CENTRO","2024-04-23","","7.63946959"
"ESTACIÓN TRÁFICO CENTRO","2024-04-22","","4.18299743"
"ESTACIÓN TRÁFICO CENTRO","2024-04-21","","4.79788751"
"ESTACIÓN TRÁFICO CENTRO","2024-04-20","","6.7433225"
"ESTACIÓN TRÁFICO CENTRO","2024-04-19","","9.98799566"
"ESTACIÓN TRÁFICO CENTRO","2024-04-18","","18.05975276"
"ESTACIÓN TRÁFICO CENTRO","2024-04-17","","7.53213393"
"ESTACIÓN TRÁFICO CENTRO","2024-04-16","","6.88001051"
"ESTACIÓN TRÁFICO CENTRO","2024-04-15","","5.93929634"
"ESTACIÓN TRÁFICO CENTRO","2024-04-14","","6.6974113"
"ESTACIÓN TRÁFICO CENTRO","2024-04-13","","13.71497582"
"ESTACIÓN TRÁFICO CENTRO","2024-04-12","","15.08917531"
"ESTACIÓN TRÁFICO CENTRO","2024-04-11","","14.07766288"
"ESTACIÓN TRÁFICO CENTRO","2024-04-10","","7.08802301"
"ESTACIÓN TRÁFICO CENTRO","2024-04-09","","10.99060477"
"ESTACIÓN TRÁFICO CENTRO","2024-04-08","","7.14064884"
"ESTACIÓN TRÁFICO CENTRO","2024-04-07","","5.23593784"
"ESTACIÓN TRÁFICO CENTRO","2024-04-06","","6.89807867"
"ESTACIÓN TRÁFICO CENTRO","2024-04-05","","6.57709044"
"ESTACIÓN TRÁFICO CENTRO","2024-04-04","","8.72301648"
"ESTACIÓN TRÁFICO CENTRO","2024-04-03","","4.62717084"
"ESTACIÓN TRÁFICO CENTRO","2024-04-02","","6.99310223"
"ESTACIÓN TRÁFICO CENTRO","2024-04-01","","7.23816484"
"ESTACIÓN TRÁFICO CENTRO","2024-03-31","","4.29272235"
"ESTACIÓN TRÁFICO CENTRO","2024-03-30","","5.42695298"
"ESTACIÓN TRÁFICO CENTRO","2024-03-29","","4.73444736"
"ESTACIÓN TRÁFICO CENTRO","2024-03-28","","4.5379508"
"ESTACIÓN TRÁFICO CENTRO","2024-03-27","","7.66979432"
"ESTACIÓN TRÁFICO CENTRO","2024-03-26","","9.18063839"
"ESTACIÓN TRÁFICO CENTRO","2024-03-25","","11.59410979"
"ESTACIÓN TRÁFICO CENTRO","2024-03-24","","8.38283665"
"ESTACIÓN TRÁFICO CENTRO","2024-03-23","","9.65497966"
"ESTACIÓN TRÁFICO CENTRO","2024-03-22","","14.76285551"
"ESTACIÓN TRÁFICO CENTRO","2024-03-21","","12.98829324"
"ESTACIÓN TRÁFICO CENTRO","2024-03-20","","9.92594704"
"ESTACIÓN TRÁFICO CENTRO","2024-03-19","","4.33376833"
"ESTACIÓN TRÁFICO CENTRO","2024-03-18","","8.21788133"
"ESTACIÓN TRÁFICO CENTRO","2024-03-17","","5.30963542"
"ESTACIÓN TRÁFICO CENTRO","2024-03-16","","10.76182375"
"ESTACIÓN TRÁFICO CENTRO","2024-03-15","","11.6226573"
"ESTACIÓN TRÁFICO CENTRO","2024-03-14","","5.05847066"
"ESTACIÓN TRÁFICO CENTRO","2024-03-13","","10.46619492"
"ESTACIÓN TRÁFICO CENTRO","2024-03-12","","8.6335732"
"ESTACIÓN TRÁFICO CENTRO","2024-03-11","","6.06410779"
"ESTACIÓN TRÁFICO CENTRO","2024-03-10","","5.31998851"
"ESTACIÓN TRÁFICO CENTRO","2024-03-09","","8.07496055"
"ESTACIÓN TRÁFICO CENTRO","2024-03-08","","8.93646709"
"ESTACIÓN TRÁFICO CENTRO","2024-03-07","","10.2479124"
"ESTACIÓN TRÁFICO CENTRO","2024-03-06","","6.48984451"
"ESTACIÓN TRÁFICO CENTRO","2024-03-05","","5.73035477"
"ESTACIÓN TRÁFICO CENTRO","2024-03-04","","8.8567533"
"ESTACIÓN TRÁFICO CENTRO","2024-03-03","","6.57269006"
"ESTACIÓN TRÁFICO CENTRO","2024-03-02","","19.04941682"
"ESTACIÓN TRÁFICO CENTRO","2024-03-01","","11.78588343"
"ESTACIÓN TRÁFICO CENTRO","2024-02-29","","10.01334036"
"ESTACIÓN TRÁFICO CENTRO","2024-02-28","","9.79427658"
"ESTACIÓN TRÁFICO CENTRO","2024-02-27","","11.96119578"
"ESTACIÓN TRÁFICO CENTRO","2024-02-26","","13.04679229"
"ESTACIÓN TRÁFICO CENTRO","2024-02-25","","8.4445863"
"ESTACIÓN TRÁFICO CENTRO","2024-02-24","","13.64261054"
"ESTACIÓN TRÁFICO CENTRO","2024-02-23","","6.88772006"
"ESTACIÓN TRÁFICO CENTRO","2024-02-22","","7.63373153"
"ESTACIÓN TRÁFICO CENTRO","2024-02-21","","16.72201245"
"ESTACIÓN TRÁFICO CENTRO","2024-02-20","","12.12386968"
"ESTACIÓN TRÁFICO CENTRO","2024-02-19","","10.06390295"
"ESTACIÓN TRÁFICO CENTRO","2024-02-18","","10.87283107"
"ESTACIÓN TRÁFICO CENTRO","2024-02-17","","8.43821028"
"ESTACIÓN TRÁFICO CENTRO","2024-02-16","","9.01122579"
"ESTACIÓN TRÁFICO CENTRO","2024-02-15","","10.55427149"
"ESTACIÓN TRÁFICO CENTRO","2024-02-14","","7.12581605"
"ESTACIÓN TRÁFICO CENTRO","2024-02-13","","8.52215347"
"ESTACIÓN TRÁFICO CENTRO","2024-02-12","","9.82127344"
"ESTACIÓN TRÁFICO CENTRO","2024-02-11","","5.97157368"
"ESTACIÓN TRÁFICO CENTRO","2024-02-10","","6.15277455"
"ESTACIÓN TRÁFICO CENTRO","2024-02-09","","10.49544665"
"ESTACIÓN TRÁFICO CENTRO","2024-02-08","","4.60799173"
"ESTACIÓN TRÁFICO CENTRO","2024-02-07","","7.70333886"
"ESTACIÓN TRÁFICO CENTRO","2024-02-06","","8.93454928"
"ESTACIÓN TRÁFICO CENTRO","2024-02-05","","23.44939431"
"ESTACIÓN TRÁFICO CENTRO","2024-02-04","","6.85031894"
"ESTACIÓN TRÁFICO CENTRO","2024-02-03","","6.05678451"
"ESTACIÓN TRÁFICO CENTRO","2024-02-02","","14.47629892"
"ESTACIÓN TRÁFICO CENTRO","2024-02-01","","9.36213309"
"ESTACIÓN TRÁFICO CENTRO","2024-01-31","","6.70881521"
"ESTACIÓN TRÁFICO CENTRO","2024-01-30","","6.80381942"
"ESTACIÓN TRÁFICO CENTRO","2024-01-29","","13.10291153"
"ESTACIÓN TRÁFICO CENTRO","2024-01-28","","8.91805163"
"ESTACIÓN TRÁFICO CENTRO","2024-01-27","","9.40876856"
"ESTACIÓN TRÁFICO CENTRO","2024-01-26","","21.47923288"
"ESTACIÓN TRÁFICO CENTRO","2024-01-25","","16.45426493"
"ESTACIÓN TRÁFICO CENTRO","2024-01-24","","18.59271972"
"ESTACIÓN TRÁFICO CENTRO","2024-01-23","","15.97582537"
"ESTACIÓN TRÁFICO CENTRO","2024-01-22","","8.92226642"
"ESTACIÓN TRÁFICO CENTRO","2024-01-21","","11.87782607"
"ESTACIÓN TRÁFICO CENTRO","2024-01-20","","21.54191912"
"ESTACIÓN TRÁFICO CENTRO","2024-01-19","","12.21445461"
"ESTACIÓN TRÁFICO CENTRO","2024-01-18","","6.61818656"
"ESTACIÓN TRÁFICO CENTRO","2024-01-17","","13.45561669"
"ESTACIÓN TRÁFICO CENTRO","2024-01-16","","14.95570904"
"ESTACIÓN TRÁFICO CENTRO","2024-01-15","","6.54497527"
"ESTACIÓN TRÁFICO CENTRO","2024-01-14","","4.25235386"
"ESTACIÓN TRÁFICO CENTRO","2024-01-13","","10.99171409"
"ESTACIÓN TRÁFICO CENTRO","2024-01-12","","6.50289164"
"ESTACIÓN TRÁFICO CENTRO","2024-01-11","","2.80026522"
"ESTACIÓN TRÁFICO CENTRO","2024-01-10","","3.07883622"
"ESTACIÓN TRÁFICO CENTRO","2024-01-09","","4.17139363"
"ESTACIÓN TRÁFICO CENTRO","2024-01-08","","4.6337227"
"ESTACIÓN TRÁFICO CENTRO","2024-01-07","","1.7643326"
"ESTACIÓN TRÁFICO CENTRO","2024-01-06","","4.69145262"
"ESTACIÓN TRÁFICO CENTRO","2024-01-05","","10.13230648"
"ESTACIÓN TRÁFICO CENTRO","2024-01-04","","10.58127657"
"ESTACIÓN TRÁFICO CENTRO","2024-01-03","","9.29757297"
"ESTACIÓN TRÁFICO CENTRO","2023-12-31","","1.36159342"
"ESTACIÓN TRÁFICO CENTRO","2023-12-30","","3.08169832"
"ESTACIÓN TRÁFICO CENTRO","2023-12-29","","2.16623247"
"ESTACIÓN TRÁFICO CENTRO","2023-12-28","","7.6703759"
"ESTACIÓN TRÁFICO CENTRO","2023-12-27","","5.61957966"
"ESTACIÓN TRÁFICO CENTRO","2023-12-26","","1.66556452"
"ESTACIÓN TRÁFICO CENTRO","2023-12-25","","1.06394385"
"ESTACIÓN TRÁFICO CENTRO","2023-12-24","","2.40464616"
"ESTACIÓN TRÁFICO CENTRO","2023-12-23","","4.39223978"
"ESTACIÓN TRÁFICO CENTRO","2023-12-22","","4.88926944"
"ESTACIÓN TRÁFICO CENTRO","2023-12-21","","6.52929391"
"ESTACIÓN TRÁFICO CENTRO","2023-12-20","","8.25343598"
"ESTACIÓN TRÁFICO CENTRO","2023-12-19","","11.95974136"
"ESTACIÓN TRÁFICO CENTRO","2023-12-18","","5.73511848"
"ESTACIÓN TRÁFICO CENTRO","2023-12-17","","3.97997043"
"ESTACIÓN TRÁFICO CENTRO","2023-12-16","","9.86559932"
"ESTACIÓN TRÁFICO CENTRO","2023-12-15","","10.97862949"
"ESTACIÓN TRÁFICO CENTRO","2023-12-14","","13.06549143"
"ESTACIÓN TRÁFICO CENTRO","2023-12-13","","7.65302095"
"ESTACIÓN TRÁFICO CENTRO","2023-12-12","","6.23673498"
"ESTACIÓN TRÁFICO CENTRO","2023-12-11","","9.67835151"
"ESTACIÓN TRÁFICO CENTRO","2023-12-10","","6.26633632"
"ESTACIÓN TRÁFICO CENTRO","2023-12-09","","8.50108459"
"ESTACIÓN TRÁFICO CENTRO","2023-12-08","","6.22481382"
"ESTACIÓN TRÁFICO CENTRO","2023-12-07","","12.35877674"
"ESTACIÓN TRÁFICO CENTRO","2023-12-06","","9.76728732"
"ESTACIÓN TRÁFICO CENTRO","2023-12-05","","6.82239779"
"ESTACIÓN TRÁFICO CENTRO","2023-12-04","","38.7582185"
"ESTACIÓN TRÁFICO CENTRO","2023-11-10","","12.36234243"
"ESTACIÓN TRÁFICO CENTRO","2023-11-09","","6.46714695"
"ESTACIÓN TRÁFICO CENTRO","2023-11-08","","15.2809871"
"ESTACIÓN TRÁFICO CENTRO","2023-11-07","","5.50329082"
"ESTACIÓN TRÁFICO CENTRO","2023-11-06","","7.24796373"
"ESTACIÓN TRÁFICO CENTRO","2023-11-05","","9.88203641"
"ESTACIÓN TRÁFICO CENTRO","2023-11-04","","6.82012034"
"ESTACIÓN TRÁFICO CENTRO","2023-11-03","","7.5507856"
"ESTACIÓN TRÁFICO CENTRO","2023-11-02","","7.75869325"
"ESTACIÓN TRÁFICO CENTRO","2023-11-01","","6.72848681"
"ESTACIÓN TRÁFICO CENTRO","2023-10-31","","4.87613454"
"ESTACIÓN TRÁFICO CENTRO","2023-10-30","","17.13353036"
"ESTACIÓN TRÁFICO CENTRO","2023-10-29","","8.00856911"
"ESTACIÓN TRÁFICO CENTRO","2023-10-28","","3.02749341"
"ESTACIÓN TRÁFICO CENTRO","2023-10-27","","4.45660637"
"ESTACIÓN TRÁFICO CENTRO","2023-10-26","","19.9001964"
"ESTACIÓN TRÁFICO CENTRO","2023-10-25","","10.17476994"
"ESTACIÓN TRÁFICO CENTRO","2023-10-24","","6.80684002"
"ESTACIÓN TRÁFICO CENTRO","2023-10-23","","9.9614197"
"ESTACIÓN TRÁFICO CENTRO","2023-10-22","","6.46435016"
"ESTACIÓN TRÁFICO CENTRO","2023-10-21","","10.51130886"
"ESTACIÓN TRÁFICO CENTRO","2023-10-20","","10.01894777"
"ESTACIÓN TRÁFICO CENTRO","2023-10-19","","8.18872765"
"ESTACIÓN TRÁFICO CENTRO","2023-10-18","","7.9281269"
"ESTACIÓN TRÁFICO CENTRO","2023-10-17","","16.08279789"
"ESTACIÓN TRÁFICO CENTRO","2023-10-16","","3.06449726"
"ESTACIÓN TRÁFICO CENTRO","2023-10-15","","2.98386126"
"ESTACIÓN TRÁFICO CENTRO","2023-10-14","","4.47713331"
"ESTACIÓN TRÁFICO CENTRO","2023-10-13","","16.06810783"
"ESTACIÓN TRÁFICO CENTRO","2023-10-12","","11.88018032"
"ESTACIÓN TRÁFICO CENTRO","2023-10-11","","14.47910019"
"ESTACIÓN TRÁFICO CENTRO","2023-10-10","","6.23866411"
"ESTACIÓN TRÁFICO CENTRO","2023-10-09","","6.9079224"
"ESTACIÓN TRÁFICO CENTRO","2023-10-08","","3.17816246"
"ESTACIÓN TRÁFICO CENTRO","2023-10-07","","8.39782404"
"ESTACIÓN TRÁFICO CENTRO","2023-10-06","","9.64314196"
"ESTACIÓN TRÁFICO CENTRO","2023-10-05","","9.40800829"
"ESTACIÓN TRÁFICO CENTRO","2023-10-04","","7.41014173"
"ESTACIÓN TRÁFICO CENTRO","2023-10-03","","5.69667307"
"ESTACIÓN TRÁFICO CENTRO","2023-10-02","","5.96195939"
"ESTACIÓN TRÁFICO CENTRO","2023-10-01","","1.22462736"
"ESTACIÓN TRÁFICO CENTRO","2023-09-30","","6.35697322"
"ESTACIÓN TRÁFICO CENTRO","2023-09-29","","8.10395602"
"ESTACIÓN TRÁFICO CENTRO","2023-09-28","","7.12053723"
"ESTACIÓN TRÁFICO CENTRO","2023-09-27","","12.61083241"
"ESTACIÓN TRÁFICO CENTRO","2023-09-26","","8.76221888"
"ESTACIÓN TRÁFICO CENTRO","2023-09-25","","8.832431"
"ESTACIÓN TRÁFICO CENTRO","2023-09-24","","6.13768246"
"ESTACIÓN TRÁFICO CENTRO","2023-09-23","","8.8045238"
"ESTACIÓN TRÁFICO CENTRO","2023-09-22","","13.12285234"
"ESTACIÓN TRÁFICO CENTRO","2023-09-21","","15.69267179"
"ESTACIÓN TRÁFICO CENTRO","2023-09-20","","13.1641803"
"ESTACIÓN TRÁFICO CENTRO","2023-09-19","","8.46450026"
"ESTACIÓN TRÁFICO CENTRO","2023-09-18","","9.5864728"
"ESTACIÓN TRÁFICO CENTRO","2023-09-17","","7.11009995"
"ESTACIÓN TRÁFICO CENTRO","2023-09-16","","18.77565336"
"ESTACIÓN TRÁFICO CENTRO","2023-09-15","","11.62675198"
"ESTACIÓN TRÁFICO CENTRO","2023-09-14","","8.70533718"
"ESTACIÓN TRÁFICO CENTRO","2023-09-13","","6.40187967"
"ESTACIÓN TRÁFICO CENTRO","2023-09-12","","6.17139328"
"ESTACIÓN TRÁFICO CENTRO","2023-09-11","","4.60433842"
"ESTACIÓN TRÁFICO CENTRO","2023-09-10","","5.47568487"
"ESTACIÓN TRÁFICO CENTRO","2023-09-09","","11.24668578"
"ESTACIÓN TRÁFICO CENTRO","2023-09-08","","13.79026021"
"ESTACIÓN TRÁFICO CENTRO","2023-09-07","","12.41640944"
"ESTACIÓN TRÁFICO CENTRO","2023-09-06","","12.26205849"
"ESTACIÓN TRÁFICO CENTRO","2023-09-05","","7.23791673"
"ESTACIÓN TRÁFICO CENTRO","2023-09-04","","5.56543944"
"ESTACIÓN TRÁFICO CENTRO","2023-09-03","","10.11978979"
"ESTACIÓN TRÁFICO CENTRO","2023-09-02","","16.14548362"
"ESTACIÓN TRÁFICO CENTRO","2023-09-01","","14.48173518"
"ESTACIÓN TRÁFICO CENTRO","2023-08-31","","14.82962233"
"ESTACIÓN TRÁFICO CENTRO","2023-08-30","","12.92742984"
"ESTACIÓN TRÁFICO CENTRO","2023-08-29","","11.90621258"
"ESTACIÓN TRÁFICO CENTRO","2023-08-28","","11.10206341"
"ESTACIÓN TRÁFICO CENTRO","2023-08-27","","9.83589575"
"ESTACIÓN TRÁFICO CENTRO","2023-08-26","","9.62890811"
"ESTACIÓN TRÁFICO CENTRO","2023-08-25","","7.17172703"
"ESTACIÓN TRÁFICO CENTRO","2023-08-24","","8.36046668"
"ESTACIÓN TRÁFICO CENTRO","2023-08-23","","10.19554542"
"ESTACIÓN TRÁFICO CENTRO","2023-08-22","","6.50920409"
"ESTACIÓN TRÁFICO CENTRO","2023-08-21","","5.62959458"
"ESTACIÓN TRÁFICO CENTRO","2023-08-20","","7.75475331"
"ESTACIÓN TRÁFICO CENTRO","2023-08-19","","11.14055786"
"ESTACIÓN TRÁFICO CENTRO","2023-08-18","","6.68930165"
"ESTACIÓN TRÁFICO CENTRO","2023-08-17","","12.96164952"
"ESTACIÓN TRÁFICO CENTRO","2023-08-16","","8.18018004"
"ESTACIÓN TRÁFICO CENTRO","2023-08-15","","7.2377163"
"ESTACIÓN TRÁFICO CENTRO","2023-08-14","","7.46663685"
"ESTACIÓN TRÁFICO CENTRO","2023-08-13","","6.18268096"
"ESTACIÓN TRÁFICO CENTRO","2023-08-12","","7.83768397"
"ESTACIÓN TRÁFICO CENTRO","2023-08-11","","6.7019258"
"ESTACIÓN TRÁFICO CENTRO","2023-08-10","","14.48789505"
"ESTACIÓN TRÁFICO CENTRO","2023-08-09","","13.20897956"
"ESTACIÓN TRÁFICO CENTRO","2023-08-08","","9.0346261"
"ESTACIÓN TRÁFICO CENTRO","2023-08-07","","7.25885305"
"ESTACIÓN TRÁFICO CENTRO","2023-08-06","","7.82894508"
"ESTACIÓN TRÁFICO CENTRO","2023-08-05","","11.31107409"
"ESTACIÓN TRÁFICO CENTRO","2023-08-04","","12.54139614"
"ESTACIÓN TRÁFICO CENTRO","2023-08-03","","12.93926689"
"ESTACIÓN TRÁFICO CENTRO","2023-08-02","","16.89520601"
"ESTACIÓN TRÁFICO CENTRO","2023-08-01","","10.93106048"
"ESTACIÓN TRÁFICO CENTRO","2023-07-31","","5.95846279"
"ESTACIÓN TRÁFICO CENTRO","2023-07-30","","7.80496669"
"ESTACIÓN TRÁFICO CENTRO","2023-07-29","","10.59682016"
"ESTACIÓN TRÁFICO CENTRO","2023-07-28","","9.45650058"
"ESTACIÓN TRÁFICO CENTRO","2023-07-27","","20.94276132"
"ESTACIÓN TRÁFICO CENTRO","2023-07-26","","11.31276709"
"ESTACIÓN TRÁFICO CENTRO","2023-06-30","","10.98296042"
"ESTACIÓN TRÁFICO CENTRO","2023-06-29","","14.82250461"
"ESTACIÓN TRÁFICO CENTRO","2023-06-28","","7.34345329"
"ESTACIÓN TRÁFICO CENTRO","2023-06-27","","8.71231964"
"ESTACIÓN TRÁFICO CENTRO","2023-06-26","","8.26714572"
"ESTACIÓN TRÁFICO CENTRO","2023-06-25","","2.77985225"
"ESTACIÓN TRÁFICO CENTRO","2023-06-24","","6.43447823"
"ESTACIÓN TRÁFICO CENTRO","2023-06-23","","5.84607428"
"ESTACIÓN TRÁFICO CENTRO","2023-06-22","","14.138452"
"ESTACIÓN TRÁFICO CENTRO","2023-06-21","","16.01320737"
"ESTACIÓN TRÁFICO CENTRO","2023-06-20","","3.52869344"
"ESTACIÓN TRÁFICO CENTRO","2023-06-19","","4.49315928"
"ESTACIÓN TRÁFICO CENTRO","2023-03-17","","14.10346223"
"ESTACIÓN TRÁFICO CENTRO","2023-03-16","","4.88670821"
"ESTACIÓN TRÁFICO CENTRO","2023-03-15","","11.16051644"
"ESTACIÓN TRÁFICO CENTRO","2023-03-14","","7.77203634"
"ESTACIÓN TRÁFICO CENTRO","2023-03-13","","2.10410649"
"ESTACIÓN TRÁFICO CENTRO","2023-03-12","","4.41082607"
"ESTACIÓN TRÁFICO CENTRO","2023-03-11","","2.71841242"
"ESTACIÓN TRÁFICO CENTRO","2023-03-10","","7.09052693"
"ESTACIÓN TRÁFICO CENTRO","2023-03-09","","11.83860065"
"ESTACIÓN TRÁFICO CENTRO","2023-03-08","","7.20908898"
"ESTACIÓN TRÁFICO CENTRO","2023-03-07","","15.24271982"
"ESTACIÓN TRÁFICO CENTRO","2023-03-06","","6.62437892"
"ESTACIÓN TRÁFICO CENTRO","2023-03-05","","10.50563387"
"ESTACIÓN TRÁFICO CENTRO","2023-03-04","","9.52801513"
"ESTACIÓN TRÁFICO CENTRO","2023-03-03","","11.80953286"
"ESTACIÓN TRÁFICO CENTRO","2023-03-02","","9.21571614"
"ESTACIÓN TRÁFICO CENTRO","2023-03-01","","10.62071029"
"ESTACIÓN TRÁFICO CENTRO","2023-02-28","","10.11256894"
"ESTACIÓN TRÁFICO CENTRO","2023-02-22","","14.78856909"
"ESTACIÓN TRÁFICO CENTRO","2023-02-21","","15.61405355"
"ESTACIÓN TRÁFICO CENTRO","2023-02-20","","7.15190421"
"ESTACIÓN TRÁFICO CENTRO","2023-02-19","","7.67043468"
"ESTACIÓN TRÁFICO CENTRO","2023-02-18","","21.91279915"
"ESTACIÓN TRÁFICO CENTRO","2023-02-17","","17.75419235"
"ESTACIÓN TRÁFICO CENTRO","2023-02-16","","12.16483289"
"ESTACIÓN TRÁFICO CENTRO","2023-02-15","","11.6619888"
"ESTACIÓN TRÁFICO CENTRO","2023-02-14","","14.80861422"
"ESTACIÓN TRÁFICO CENTRO","2023-02-13","","11.01979258"
"ESTACIÓN TRÁFICO CENTRO","2023-02-12","","11.09335621"
"ESTACIÓN TRÁFICO CENTRO","2023-02-11","","13.28546437"
"ESTACIÓN TRÁFICO CENTRO","2023-02-10","","16.24312909"
"ESTACIÓN TRÁFICO CENTRO","2023-02-09","","32.65292513"
"ESTACIÓN TRÁFICO CENTRO","2023-02-08","","13.27608617"
"ESTACIÓN TRÁFICO CENTRO","2023-02-07","","6.91510473"
"ESTACIÓN TRÁFICO CENTRO","2023-02-06","","10.7274206"
"ESTACIÓN TRÁFICO CENTRO","2023-02-05","","6.7136097"
"ESTACIÓN TRÁFICO CENTRO","2023-02-04","","10.32373241"
"ESTACIÓN TRÁFICO CENTRO","2023-02-03","","11.67399115"
"ESTACIÓN TRÁFICO CENTRO","2023-02-02","","10.56623586"
"ESTACIÓN TRÁFICO CENTRO","2023-02-01","","7.94604886"
"ESTACIÓN TRÁFICO CENTRO","2023-01-31","","11.92471096"
"ESTACIÓN TRÁFICO CENTRO","2023-01-30","","10.0938657"
"ESTACIÓN TRÁFICO CENTRO","2023-01-29","","9.12755457"
"ESTACIÓN TRÁFICO CENTRO","2023-01-28","","17.08981859"
"ESTACIÓN TRÁFICO CENTRO","2023-01-27","","11.6601118"
"ESTACIÓN TRÁFICO CENTRO","2023-01-26","","8.92667421"
"ESTACIÓN TRÁFICO CENTRO","2023-01-25","","10.18205701"
"ESTACIÓN TRÁFICO CENTRO","2023-01-24","","11.64649337"
"ESTACIÓN TRÁFICO CENTRO","2023-01-23","","12.34456831"
"ESTACIÓN TRÁFICO CENTRO","2023-01-22","","7.65985938"
"ESTACIÓN TRÁFICO CENTRO","2023-01-21","","8.20869083"
"ESTACIÓN TRÁFICO CENTRO","2023-01-20","","14.95496682"
"ESTACIÓN TRÁFICO CENTRO","2023-01-19","","9.73439394"
"ESTACIÓN TRÁFICO CENTRO","2023-01-18","","7.94818031"
"ESTACIÓN TRÁFICO CENTRO","2023-01-17","","4.14889256"
"ESTACIÓN TRÁFICO CENTRO","2023-01-16","","4.88786186"
"ESTACIÓN TRÁFICO CENTRO","2023-01-15","","1.17179227"
"ESTACIÓN TRÁFICO CENTRO","2023-01-14","","16.38669244"
"ESTACIÓN TRÁFICO CENTRO","2023-01-13","","4.57396547"
"ESTACIÓN TRÁFICO CENTRO","2023-01-12","","11.45980143"
"ESTACIÓN TRÁFICO CENTRO","2023-01-11","","9.05279292"
"ESTACIÓN TRÁFICO CENTRO","2023-01-10","","5.24878336"
"ESTACIÓN TRÁFICO CENTRO","2023-01-09","","10.30524562"
"ESTACIÓN TRÁFICO CENTRO","2023-01-08","","3.19965513"
"ESTACIÓN TRÁFICO CENTRO","2023-01-07","","2.96638504"
"ESTACIÓN TRÁFICO CENTRO","2023-01-06","","5.70231992"
"ESTACIÓN TRÁFICO CENTRO","2023-01-05","","3.0520087"
"ESTACIÓN TRÁFICO CENTRO","2023-01-04","","6.09237743"
"ESTACIÓN TRÁFICO CENTRO","2023-01-03","","1.53886049"
"ESTACIÓN TRÁFICO CENTRO","2023-01-02","","1.73763447"
"ESTACIÓN TRÁFICO CENTRO","2023-01-01","","3.28352794"
"ESTACIÓN TRÁFICO CENTRO","2022-12-31","","3.31393258"
"ESTACIÓN TRÁFICO CENTRO","2022-12-30","","13.49749504"
"ESTACIÓN TRÁFICO CENTRO","2022-12-29","","6.04669845"
"ESTACIÓN TRÁFICO CENTRO","2022-12-28","","5.57829327"
"ESTACIÓN TRÁFICO CENTRO","2022-12-27","","6.06301807"
"ESTACIÓN TRÁFICO CENTRO","2022-12-24","","2.94755551"
"ESTACIÓN TRÁFICO CENTRO","2022-12-15","","9.28591257"
"ESTACIÓN TRÁFICO CENTRO","2022-12-14","","6.72981232"
"ESTACIÓN TRÁFICO CENTRO","2022-12-13","","6.36301397"
"ESTACIÓN TRÁFICO CENTRO","2022-12-12","","7.14182892"
"ESTACIÓN TRÁFICO CENTRO","2022-12-11","","5.92564819"
"ESTACIÓN TRÁFICO CENTRO","2022-12-10","","6.70297521"
"ESTACIÓN TRÁFICO CENTRO","2022-12-09","","6.71676989"
"ESTACIÓN TRÁFICO CENTRO","2022-12-08","","4.25670495"
"ESTACIÓN TRÁFICO CENTRO","2022-12-07","","7.16742376"
"ESTACIÓN TRÁFICO CENTRO","2022-12-06","","13.28695153"
"ESTACIÓN TRÁFICO CENTRO","2022-12-05","","7.00459645"
"ESTACIÓN TRÁFICO CENTRO","2022-12-04","","4.51565596"
"ESTACIÓN TRÁFICO CENTRO","2022-12-03","","14.29152549"
"ESTACIÓN TRÁFICO CENTRO","2022-12-02","","9.76517922"
"ESTACIÓN TRÁFICO CENTRO","2022-12-01","","9.34128559"
"ESTACIÓN TRÁFICO CENTRO","2022-11-30","","14.96360944"
"ESTACIÓN TRÁFICO CENTRO","2022-11-29","","22.46397121"
"ESTACIÓN TRÁFICO CENTRO","2022-11-28","","9.9424251"
"ESTACIÓN TRÁFICO CENTRO","2022-11-27","","15.64649"
"ESTACIÓN TRÁFICO CENTRO","2022-11-26","","15.44592759"
"ESTACIÓN TRÁFICO CENTRO","2022-11-25","","16.32306436"
"ESTACIÓN TRÁFICO CENTRO","2022-11-24","","11.06165452"
"ESTACIÓN TRÁFICO CENTRO","2022-11-23","","7.02410769"
"ESTACIÓN TRÁFICO CENTRO","2022-11-22","","7.34815666"
"ESTACIÓN TRÁFICO CENTRO","2022-11-21","","9.55567869"
"ESTACIÓN TRÁFICO CENTRO","2022-11-20","","8.23054704"
"ESTACIÓN TRÁFICO CENTRO","2022-11-19","","10.47449191"
"ESTACIÓN TRÁFICO CENTRO","2022-11-18","","10.25885715"
"ESTACIÓN TRÁFICO CENTRO","2022-11-17","","9.86660836"
"ESTACIÓN TRÁFICO CENTRO","2022-11-16","","10.58006382"
"ESTACIÓN TRÁFICO CENTRO","2022-11-15","","8.82494207"
"ESTACIÓN TRÁFICO CENTRO","2022-11-14","","5.80548084"
"ESTACIÓN TRÁFICO CENTRO","2022-11-13","","6.52903887"
"ESTACIÓN TRÁFICO CENTRO","2022-11-12","","7.24348708"
"ESTACIÓN TRÁFICO CENTRO","2022-11-11","","8.16720961"
"ESTACIÓN TRÁFICO CENTRO","2022-11-10","","4.44754834"
"ESTACIÓN TRÁFICO CENTRO","2022-11-09","","4.47382701"
"ESTACIÓN TRÁFICO CENTRO","2022-11-08","","5.24820587"
"ESTACIÓN TRÁFICO CENTRO","2022-11-07","","5.17902723"
"ESTACIÓN TRÁFICO CENTRO","2022-11-06","","3.94479809"
"ESTACIÓN TRÁFICO CENTRO","2022-11-05","","6.05097335"
"ESTACIÓN TRÁFICO CENTRO","2022-11-04","","7.71675264"
"ESTACIÓN TRÁFICO CENTRO","2022-11-03","","8.35291414"
"ESTACIÓN TRÁFICO CENTRO","2022-11-02","","8.83253105"
"ESTACIÓN TRÁFICO CENTRO","2022-11-01","","6.8099113"
"ESTACIÓN TRÁFICO CENTRO","2022-10-31","","6.17999207"
"ESTACIÓN TRÁFICO CENTRO","2022-10-30","","4.55621612"
"ESTACIÓN TRÁFICO CENTRO","2022-10-29","","3.94816673"
"ESTACIÓN TRÁFICO CENTRO","2022-10-28","","4.30695782"
"ESTACIÓN TRÁFICO CENTRO","2022-10-27","","5.51254219"
"ESTACIÓN TRÁFICO CENTRO","2022-10-26","","8.85269989"
"ESTACIÓN TRÁFICO CENTRO","2022-10-25","","11.2384093"
"ESTACIÓN TRÁFICO CENTRO","2022-10-24","","7.96066131"
"ESTACIÓN TRÁFICO CENTRO","2022-10-23","","3.35154805"
"ESTACIÓN TRÁFICO CENTRO","2022-10-22","","9.03375728"
"ESTACIÓN TRÁFICO CENTRO","2022-10-21","","11.47140552"
"ESTACIÓN TRÁFICO CENTRO","2022-10-20","","8.5378221"
"ESTACIÓN TRÁFICO CENTRO","2022-10-19","","4.4978189"
"ESTACIÓN TRÁFICO CENTRO","2022-10-18","","8.21294931"
"ESTACIÓN TRÁFICO CENTRO","2022-10-17","","7.04328473"
"ESTACIÓN TRÁFICO CENTRO","2022-10-16","","14.36904018"
"ESTACIÓN TRÁFICO CENTRO","2022-10-15","","9.36366261"
"ESTACIÓN TRÁFICO CENTRO","2022-10-14","","11.31457846"
"ESTACIÓN TRÁFICO CENTRO","2022-10-13","","17.40902045"
"ESTACIÓN TRÁFICO CENTRO","2022-10-12","","13.9287309"
"ESTACIÓN TRÁFICO CENTRO","2022-10-11","","8.56854148"
"ESTACIÓN TRÁFICO CENTRO","2022-10-10","","7.53749064"
"ESTACIÓN TRÁFICO CENTRO","2022-10-09","","11.37915585"
"ESTACIÓN TRÁFICO CENTRO","2022-10-08","","4.51230337"
"ESTACIÓN TRÁFICO CENTRO","2022-10-07","","7.54279772"
"ESTACIÓN TRÁFICO CENTRO","2022-10-06","","5.60134332"
"ESTACIÓN TRÁFICO CENTRO","2022-10-05","","6.22459602"
"ESTACIÓN TRÁFICO CENTRO","2022-10-04","","6.29812235"
"ESTACIÓN TRÁFICO CENTRO","2022-10-03","","5.47695992"
"ESTACIÓN TRÁFICO CENTRO","2022-10-02","","5.94514972"
"ESTACIÓN TRÁFICO CENTRO","2022-10-01","","14.17592993"
"ESTACIÓN TRÁFICO CENTRO","2022-09-30","","11.74366798"
"ESTACIÓN TRÁFICO CENTRO","2022-09-29","","9.96516298"
"ESTACIÓN TRÁFICO CENTRO","2022-09-28","","5.14050721"
"ESTACIÓN TRÁFICO CENTRO","2022-09-27","","5.81284255"
"ESTACIÓN TRÁFICO CENTRO","2022-09-26","","8.14452969"
"ESTACIÓN TRÁFICO CENTRO","2022-09-25","","6.63044376"
"ESTACIÓN TRÁFICO CENTRO","2022-09-24","","9.38844696"
"ESTACIÓN TRÁFICO CENTRO","2022-09-23","","6.65987379"
"ESTACIÓN TRÁFICO CENTRO","2022-09-22","","4.95667243"
"ESTACIÓN TRÁFICO CENTRO","2022-09-21","","9.39015092"
"ESTACIÓN TRÁFICO CENTRO","2022-09-20","","9.6801502"
"ESTACIÓN TRÁFICO CENTRO","2022-09-19","","4.4828502"
"ESTACIÓN TRÁFICO CENTRO","2022-09-18","","2.53660399"
"ESTACIÓN TRÁFICO CENTRO","2022-09-17","","10.33065757"
"ESTACIÓN TRÁFICO CENTRO","2022-09-16","","4.31936332"
"ESTACIÓN TRÁFICO CENTRO","2022-09-15","","11.05101528"
"ESTACIÓN TRÁFICO CENTRO","2022-09-14","","7.16711826"
"ESTACIÓN TRÁFICO CENTRO","2022-09-13","","5.49742118"
"ESTACIÓN TRÁFICO CENTRO","2022-09-12","","5.49263903"
"ESTACIÓN TRÁFICO CENTRO","2022-09-11","","5.87914114"
"ESTACIÓN TRÁFICO CENTRO","2022-09-10","","7.6648161"
"ESTACIÓN TRÁFICO CENTRO","2022-09-09","","6.13614445"
"ESTACIÓN TRÁFICO CENTRO","2022-09-08","","4.00941531"
"ESTACIÓN TRÁFICO CENTRO","2022-09-07","","3.75243671"
"ESTACIÓN TRÁFICO CENTRO","2022-09-06","","2.75246996"
"ESTACIÓN TRÁFICO CENTRO","2022-09-05","","8.03245122"
"ESTACIÓN TRÁFICO CENTRO","2022-09-04","","2.86982352"
"ESTACIÓN TRÁFICO CENTRO","2022-09-03","","4.31399679"
"ESTACIÓN TRÁFICO CENTRO","2022-09-02","","3.86111993"
"ESTACIÓN TRÁFICO CENTRO","2022-09-01","","7.3339789"
"ESTACIÓN TRÁFICO CENTRO","2022-08-31","","3.69629837"
"ESTACIÓN TRÁFICO CENTRO","2022-08-30","","3.95406161"
"ESTACIÓN TRÁFICO CENTRO","2022-08-29","","1.8144232"
"ESTACIÓN TRÁFICO CENTRO","2022-08-28","","1.47024939"
"ESTACIÓN TRÁFICO CENTRO","2022-08-27","","9.31737757"
"ESTACIÓN TRÁFICO CENTRO","2022-08-26","","2.79912484"
"ESTACIÓN TRÁFICO CENTRO","2022-08-25","","6.74625655"
"ESTACIÓN TRÁFICO CENTRO","2022-08-24","","17.42166232"
"ESTACIÓN TRÁFICO CENTRO","2022-08-23","","11.03230632"
"ESTACIÓN TRÁFICO CENTRO","2022-08-22","","10.59971767"
"ESTACIÓN TRÁFICO CENTRO","2022-08-21","","12.59178169"
"ESTACIÓN TRÁFICO CENTRO","2022-08-20","","9.79795683"
"ESTACIÓN TRÁFICO CENTRO","2022-08-19","","8.69251226"
"ESTACIÓN TRÁFICO CENTRO","2022-08-18","","10.51123226"
"ESTACIÓN TRÁFICO CENTRO","2022-08-17","","9.6551012"
"ESTACIÓN TRÁFICO CENTRO","2022-08-16","","13.58368391"
"ESTACIÓN TRÁFICO CENTRO","2022-08-15","","8.79271775"
"ESTACIÓN TRÁFICO CENTRO","2022-08-14","","15.73153028"
"ESTACIÓN TRÁFICO CENTRO","2022-08-13","","16.01320068"
"ESTACIÓN TRÁFICO CENTRO","2022-08-12","","13.35145473"
"ESTACIÓN TRÁFICO CENTRO","2022-08-11","","14.24265132"
"ESTACIÓN TRÁFICO CENTRO","2022-08-10","","11.01385049"
"ESTACIÓN TRÁFICO CENTRO","2022-08-09","","13.78790694"
"ESTACIÓN TRÁFICO CENTRO","2022-08-08","","7.01024318"
"ESTACIÓN TRÁFICO CENTRO","2022-08-07","","18.56282161"
"ESTACIÓN TRÁFICO CENTRO","2022-08-06","","15.60644364"
"ESTACIÓN TRÁFICO CENTRO","2022-08-05","","17.07638221"
"ESTACIÓN TRÁFICO CENTRO","2022-08-04","","12.35534198"
"ESTACIÓN TRÁFICO CENTRO","2022-08-03","","17.65689637"
"ESTACIÓN TRÁFICO CENTRO","2022-08-02","","18.40793123"
"ESTACIÓN TRÁFICO CENTRO","2022-08-01","","9.65923001"
"ESTACIÓN TRÁFICO CENTRO","2022-07-31","","9.02168429"
"ESTACIÓN TRÁFICO CENTRO","2022-07-30","","11.94481303"
"ESTACIÓN TRÁFICO CENTRO","2022-07-29","","9.27787567"
"ESTACIÓN TRÁFICO CENTRO","2022-07-28","","6.29787009"
"ESTACIÓN TRÁFICO CENTRO","2022-07-27","","5.06634484"
"ESTACIÓN TRÁFICO CENTRO","2022-07-25","","7.0983107"
"ESTACIÓN TRÁFICO CENTRO","2022-07-24","","8.94665386"
"ESTACIÓN TRÁFICO CENTRO","2022-07-23","","7.54739918"
"ESTACIÓN TRÁFICO CENTRO","2022-07-22","","9.00539331"
"ESTACIÓN TRÁFICO CENTRO","2022-07-21","","11.15790414"
"ESTACIÓN TRÁFICO CENTRO","2022-07-20","","8.08897017"
"ESTACIÓN TRÁFICO CENTRO","2022-07-19","","10.11414776"
"ESTACIÓN TRÁFICO CENTRO","2022-07-18","","10.03286776"
"ESTACIÓN TRÁFICO CENTRO","2022-07-17","","7.8171267"
"ESTACIÓN TRÁFICO CENTRO","2022-07-16","","10.07300921"
"ESTACIÓN TRÁFICO CENTRO","2022-07-15","","6.12883402"
"ESTACIÓN TRÁFICO CENTRO","2022-07-14","","4.89815246"
"ESTACIÓN TRÁFICO CENTRO","2022-07-13","","5.15585134"
"ESTACIÓN TRÁFICO CENTRO","2022-07-12","","4.04868012"
"ESTACIÓN TRÁFICO CENTRO","2022-07-11","","2.64139053"
"ESTACIÓN TRÁFICO CENTRO","2022-07-10","","1.58184673"
"ESTACIÓN TRÁFICO CENTRO","2022-07-09","","10.19897342"
"ESTACIÓN TRÁFICO CENTRO","2022-07-08","","4.72645774"
"ESTACIÓN TRÁFICO CENTRO","2022-07-07","","3.27930337"
"ESTACIÓN TRÁFICO CENTRO","2022-07-06","","2.99276164"
"ESTACIÓN TRÁFICO CENTRO","2022-07-05","","6.01712675"
"ESTACIÓN TRÁFICO CENTRO","2022-07-04","","4.08104075"
"ESTACIÓN TRÁFICO CENTRO","2022-07-03","","4.4533302"
"ESTACIÓN TRÁFICO CENTRO","2022-07-02","","5.72721233"
"ESTACIÓN TRÁFICO CENTRO","2022-07-01","","6.21753935"
"ESTACIÓN TRÁFICO CENTRO","2022-06-30","","5.23482789"
"ESTACIÓN TRÁFICO CENTRO","2022-06-29","","2.75107598"
"ESTACIÓN TRÁFICO CENTRO","2022-06-28","","3.50406792"
"ESTACIÓN TRÁFICO CENTRO","2022-06-27","","2.95849106"
"ESTACIÓN TRÁFICO CENTRO","2022-06-26","","4.46101607"
"ESTACIÓN TRÁFICO CENTRO","2022-06-25","","5.18812208"
"ESTACIÓN TRÁFICO CENTRO","2022-06-24","","8.18263901"
"ESTACIÓN TRÁFICO CENTRO","2022-06-23","","7.87051353"
"ESTACIÓN TRÁFICO CENTRO","2022-06-22","","5.41507065"
"ESTACIÓN TRÁFICO CENTRO","2022-06-21","","16.44436976"
"ESTACIÓN TRÁFICO CENTRO","2022-06-20","","3.32820784"
"ESTACIÓN TRÁFICO CENTRO","2022-06-19","","1.50218014"
"ESTACIÓN TRÁFICO CENTRO","2022-06-18","","8.08360172"
"ESTACIÓN TRÁFICO CENTRO","2022-06-17","","11.55769423"
"ESTACIÓN TRÁFICO CENTRO","2022-06-16","","4.11902448"
"ESTACIÓN TRÁFICO CENTRO","2022-06-15","","3.14767396"
"ESTACIÓN TRÁFICO CENTRO","2022-06-14","","4.36891735"
"ESTACIÓN TRÁFICO CENTRO","2022-06-07","","5.14259524"
"ESTACIÓN TRÁFICO CENTRO","2022-06-06","","8.05684303"
"ESTACIÓN TRÁFICO CENTRO","2022-06-05","","3.41063834"
"ESTACIÓN TRÁFICO CENTRO","2022-06-04","","20.01441441"
"ESTACIÓN TRÁFICO CENTRO","2022-06-03","","9.09181933"
"ESTACIÓN TRÁFICO CENTRO","2022-06-02","","2.85717919"
"ESTACIÓN TRÁFICO CENTRO","2022-06-01","","6.05744158"
"ESTACIÓN TRÁFICO CENTRO","2022-05-31","","3.32487238"
"ESTACIÓN TRÁFICO CENTRO","2022-05-30","","3.88936922"
"ESTACIÓN TRÁFICO CENTRO","2022-05-29","","3.52078678"
"ESTACIÓN TRÁFICO CENTRO","2022-05-28","","9.41584618"
"ESTACIÓN TRÁFICO CENTRO","2022-05-27","","4.31046376"
"ESTACIÓN TRÁFICO CENTRO","2022-05-26","","8.17845522"
"ESTACIÓN TRÁFICO CENTRO","2022-05-25","","6.37998756"
"ESTACIÓN TRÁFICO CENTRO","2022-05-24","","7.89725689"
"ESTACIÓN TRÁFICO CENTRO","2022-05-23","","3.47670475"
"ESTACIÓN TRÁFICO CENTRO","2022-05-22","","3.20554855"
"ESTACIÓN TRÁFICO CENTRO","2022-05-21","","4.74705323"
"ESTACIÓN TRÁFICO CENTRO","2022-05-20","","8.76687735"
"ESTACIÓN TRÁFICO CENTRO","2022-05-19","","13.36035804"
"ESTACIÓN TRÁFICO CENTRO","2022-05-18","","5.09502187"
"ESTACIÓN TRÁFICO CENTRO","2022-05-17","","4.49641411"
"ESTACIÓN TRÁFICO CENTRO","2022-05-16","","6.86108802"
"ESTACIÓN TRÁFICO CENTRO","2022-05-15","","5.66236895"
"ESTACIÓN TRÁFICO CENTRO","2022-05-14","","6.22252296"
"ESTACIÓN TRÁFICO CENTRO","2022-05-13","","7.36423751"
"ESTACIÓN TRÁFICO CENTRO","2022-05-12","","5.9097381"
"ESTACIÓN TRÁFICO CENTRO","2022-05-11","","3.37066966"
"ESTACIÓN TRÁFICO CENTRO","2022-05-09","","18.41769661"
"ESTACIÓN TRÁFICO CENTRO","2022-05-08","","3.74067538"
"ESTACIÓN TRÁFICO CENTRO","2022-05-07","","4.03306301"
"ESTACIÓN TRÁFICO CENTRO","2022-05-06","","9.42506144"
"ESTACIÓN TRÁFICO CENTRO","2022-05-05","","11.06615277"
"ESTACIÓN TRÁFICO CENTRO","2022-05-04","","11.42443804"
"ESTACIÓN TRÁFICO CENTRO","2022-05-03","","11.82373868"
"ESTACIÓN TRÁFICO CENTRO","2022-05-02","","7.47820461"
"ESTACIÓN TRÁFICO CENTRO","2022-05-01","","9.87952746"
"ESTACIÓN TRÁFICO CENTRO","2022-04-30","","8.14537669"
"ESTACIÓN TRÁFICO CENTRO","2022-04-29","","5.60589911"
"ESTACIÓN TRÁFICO CENTRO","2022-04-28","","5.53054292"
"ESTACIÓN TRÁFICO CENTRO","2022-04-27","","8.74303327"
"ESTACIÓN TRÁFICO CENTRO","2022-04-26","","13.13663283"
"ESTACIÓN TRÁFICO CENTRO","2022-04-25","","9.37200857"
"ESTACIÓN TRÁFICO CENTRO","2022-04-24","","7.52255501"
"ESTACIÓN TRÁFICO CENTRO","2022-04-23","","7.17739057"
"ESTACIÓN TRÁFICO CENTRO","2022-04-22","","4.81373563"
"ESTACIÓN TRÁFICO CENTRO","2022-04-21","","6.5839821"
"ESTACIÓN TRÁFICO CENTRO","2022-04-20","","8.38469976"
"ESTACIÓN TRÁFICO CENTRO","2022-04-19","","11.31567719"
"ESTACIÓN TRÁFICO CENTRO","2022-04-18","","16.117436"
"ESTACIÓN TRÁFICO CENTRO","2022-04-17","","8.36699468"
"ESTACIÓN TRÁFICO CENTRO","2022-04-16","","10.04514708"
"ESTACIÓN TRÁFICO CENTRO","2022-04-15","","9.44811226"
"ESTACIÓN TRÁFICO CENTRO","2022-04-14","","10.91877489"
"ESTACIÓN TRÁFICO CENTRO","2022-04-13","","12.80256676"
"ESTACIÓN TRÁFICO CENTRO","2022-04-12","","14.5926781"
"ESTACIÓN TRÁFICO CENTRO","2022-04-11","","14.97498376"
"ESTACIÓN TRÁFICO CENTRO","2022-04-10","","12.03938564"
"ESTACIÓN TRÁFICO CENTRO","2022-04-09","","25.23736078"
"ESTACIÓN TRÁFICO CENTRO","2022-04-08","","23.08894432"
"ESTACIÓN TRÁFICO CENTRO","2022-04-07","","12.26238855"
"ESTACIÓN TRÁFICO CENTRO","2022-04-06","","14.82122158"
"ESTACIÓN TRÁFICO CENTRO","2022-04-05","","8.24201824"
"ESTACIÓN TRÁFICO CENTRO","2022-04-04","","8.67018546"
"ESTACIÓN TRÁFICO CENTRO","2022-04-03","","13.32302523"
"ESTACIÓN TRÁFICO CENTRO","2022-04-02","","22.15208115"
"ESTACIÓN TRÁFICO CENTRO","2022-04-01","","11.14026042"
"ESTACIÓN TRÁFICO CENTRO","2022-03-31","","25.26822051"
"ESTACIÓN TRÁFICO CENTRO","2022-03-30","","17.04163833"
"ESTACIÓN TRÁFICO CENTRO","2022-03-29","","7.04059815"
"ESTACIÓN TRÁFICO CENTRO","2022-03-28","","10.18136581"
"ESTACIÓN TRÁFICO CENTRO","2022-03-27","","5.80497982"
"ESTACIÓN TRÁFICO CENTRO","2022-03-26","","17.9856169"
"ESTACIÓN TRÁFICO CENTRO","2022-03-25","","14.28333468"
"ESTACIÓN TRÁFICO CENTRO","2022-03-24","","23.70027043"
"ESTACIÓN TRÁFICO CENTRO","2022-03-23","","9.29396055"
"ESTACIÓN TRÁFICO CENTRO","2022-03-22","","9.5690528"
"ESTACIÓN TRÁFICO CENTRO","2022-03-21","","7.12068464"
"ESTACIÓN TRÁFICO CENTRO","2022-03-20","","6.33979749"
"ESTACIÓN TRÁFICO CENTRO","2022-03-19","","12.16725839"
"ESTACIÓN TRÁFICO CENTRO","2022-03-18","","14.60164688"
"ESTACIÓN TRÁFICO CENTRO","2022-03-17","","6.83454786"
"ESTACIÓN TRÁFICO CENTRO","2022-03-16","","9.75601186"
"ESTACIÓN TRÁFICO CENTRO","2022-03-15","","8.79513277"
"ESTACIÓN TRÁFICO CENTRO","2022-03-14","","11.42480715"
"ESTACIÓN TRÁFICO CENTRO","2022-03-13","","15.87659919"
"ESTACIÓN TRÁFICO CENTRO","2022-03-12","","5.75182401"
"ESTACIÓN TRÁFICO CENTRO","2022-03-11","","20.37832071"
"ESTACIÓN TRÁFICO CENTRO","2022-03-10","","12.66938672"
"ESTACIÓN TRÁFICO CENTRO","2022-03-09","","24.59031902"
"ESTACIÓN TRÁFICO CENTRO","2022-03-08","","9.66785923"
"ESTACIÓN TRÁFICO CENTRO","2022-03-07","","10.5577741"
"ESTACIÓN TRÁFICO CENTRO","2022-03-06","","4.35246696"
"ESTACIÓN TRÁFICO CENTRO","2022-03-05","","6.1861091"
"ESTACIÓN TRÁFICO CENTRO","2022-03-04","","19.1620277"
"ESTACIÓN TRÁFICO CENTRO","2022-03-03","","8.7865917"
"ESTACIÓN TRÁFICO CENTRO","2022-03-02","","8.81760382"
"ESTACIÓN TRÁFICO CENTRO","2022-03-01","","7.21440967"
"ESTACIÓN TRÁFICO CENTRO","2022-02-28","","7.72128477"
"ESTACIÓN TRÁFICO CENTRO","2022-02-27","","8.34362916"
"ESTACIÓN TRÁFICO CENTRO","2022-02-26","","10.2903428"
"ESTACIÓN TRÁFICO CENTRO","2022-02-25","","7.816759"
"ESTACIÓN TRÁFICO CENTRO","2022-02-24","","11.74576396"
"ESTACIÓN TRÁFICO CENTRO","2022-02-23","","14.42232258"
"ESTACIÓN TRÁFICO CENTRO","2022-02-22","","12.14989366"
"ESTACIÓN TRÁFICO CENTRO","2022-02-21","","7.43170968"
"ESTACIÓN TRÁFICO CENTRO","2022-02-20","","11.9907131"
"ESTACIÓN TRÁFICO CENTRO","2022-02-19","","8.01095609"
"ESTACIÓN TRÁFICO CENTRO","2022-02-18","","6.16286268"
"ESTACIÓN TRÁFICO CENTRO","2022-02-17","","8.93439129"
"ESTACIÓN TRÁFICO CENTRO","2022-02-16","","17.77578616"
"ESTACIÓN TRÁFICO CENTRO","2022-02-15","","8.47175718"
"ESTACIÓN TRÁFICO CENTRO","2022-02-14","","11.32419371"
"ESTACIÓN TRÁFICO CENTRO","2022-02-13","","6.4737923"
"ESTACIÓN TRÁFICO CENTRO","2022-02-12","","11.02358363"
"ESTACIÓN TRÁFICO CENTRO","2022-02-11","","22.24074222"
"ESTACIÓN TRÁFICO CENTRO","2022-02-10","","14.54205916"
"ESTACIÓN TRÁFICO CENTRO","2022-02-09","","13.67709888"
"ESTACIÓN TRÁFICO CENTRO","2022-02-08","","7.25198484"
"ESTACIÓN TRÁFICO CENTRO","2022-02-07","","6.27580362"
"ESTACIÓN TRÁFICO CENTRO","2022-02-06","","10.62963215"
"ESTACIÓN TRÁFICO CENTRO","2022-02-05","","6.53914745"
"ESTACIÓN TRÁFICO CENTRO","2022-02-04","","7.1766111"
"ESTACIÓN TRÁFICO CENTRO","2022-02-03","","11.60046429"
"ESTACIÓN TRÁFICO CENTRO","2022-02-02","","20.83964255"
"ESTACIÓN TRÁFICO CENTRO","2022-02-01","","29.73910411"
"ESTACIÓN TRÁFICO CENTRO","2022-01-31","","16.18702658"
"ESTACIÓN TRÁFICO CENTRO","2022-01-30","","20.18980832"
"ESTACIÓN TRÁFICO CENTRO","2022-01-29","","26.67744906"
"ESTACIÓN TRÁFICO CENTRO","2022-01-28","","22.58592238"
"ESTACIÓN TRÁFICO CENTRO","2022-01-27","","17.74003979"
"ESTACIÓN TRÁFICO CENTRO","2022-01-26","","22.34475169"
"ESTACIÓN TRÁFICO CENTRO","2022-01-25","","11.36795188"
"ESTACIÓN TRÁFICO CENTRO","2022-01-24","","12.34879903"
"ESTACIÓN TRÁFICO CENTRO","2022-01-23","","10.30987881"
"ESTACIÓN TRÁFICO CENTRO","2022-01-22","","17.46852037"
"ESTACIÓN TRÁFICO CENTRO","2022-01-21","","20.99065918"
"ESTACIÓN TRÁFICO CENTRO","2022-01-20","","11.23808241"
"ESTACIÓN TRÁFICO CENTRO","2022-01-19","","11.79258274"
"ESTACIÓN TRÁFICO CENTRO","2022-01-18","","10.99851519"
"ESTACIÓN TRÁFICO CENTRO","2022-01-17","","10.11806696"
"ESTACIÓN TRÁFICO CENTRO","2022-01-16","","12.20475989"
"ESTACIÓN TRÁFICO CENTRO","2022-01-15","","16.5264516"
"ESTACIÓN TRÁFICO CENTRO","2022-01-14","","14.08576642"
"ESTACIÓN TRÁFICO CENTRO","2022-01-13","","11.7824203"
"ESTACIÓN TRÁFICO CENTRO","2022-01-12","","11.80541289"
"ESTACIÓN TRÁFICO CENTRO","2022-01-11","","17.98771666"
"ESTACIÓN TRÁFICO CENTRO","2022-01-10","","11.93123111"
"ESTACIÓN TRÁFICO CENTRO","2022-01-09","","12.12282256"
"ESTACIÓN TRÁFICO CENTRO","2022-01-08","","17.82978323"
"ESTACIÓN TRÁFICO CENTRO","2022-01-07","","11.03505697"
"ESTACIÓN TRÁFICO CENTRO","2022-01-06","","12.31391444"
"ESTACIÓN TRÁFICO CENTRO","2022-01-05","","17.59949619"
"ESTACIÓN TRÁFICO CENTRO","2022-01-04","","23.74904143"
"ESTACIÓN TRÁFICO CENTRO","2022-01-03","","9.1708777"
"ESTACIÓN TRÁFICO CENTRO","2022-01-02","","4.70090424"
"ESTACIÓN TRÁFICO CENTRO","2022-01-01","","6.71931869"
"ESTACIÓN TRÁFICO CENTRO","2021-12-31","","9.18813071"
"ESTACIÓN TRÁFICO CENTRO","2021-12-30","","12.1354836"
"ESTACIÓN TRÁFICO CENTRO","2021-12-29","","22.34649417"
"ESTACIÓN TRÁFICO CENTRO","2021-12-28","","31.07687388"
"ESTACIÓN TRÁFICO CENTRO","2021-12-27","","10.87805009"
"ESTACIÓN TRÁFICO CENTRO","2021-12-26","","8.16592164"
"ESTACIÓN TRÁFICO CENTRO","2021-12-25","","7.66817645"
"ESTACIÓN TRÁFICO CENTRO","2021-12-24","","9.13204136"
"ESTACIÓN TRÁFICO CENTRO","2021-12-23","","17.73772449"
"ESTACIÓN TRÁFICO CENTRO","2021-12-22","","15.38759342"
"ESTACIÓN TRÁFICO CENTRO","2021-12-21","","14.32656395"
"ESTACIÓN TRÁFICO CENTRO","2021-12-20","","9.95979419"
"ESTACIÓN TRÁFICO CENTRO","2021-12-19","","10.31230103"
"ESTACIÓN TRÁFICO CENTRO","2021-12-18","","13.56222213"
"ESTACIÓN TRÁFICO CENTRO","2021-12-17","","13.19886219"
"ESTACIÓN TRÁFICO CENTRO","2021-12-16","","14.22192056"
"ESTACIÓN TRÁFICO CENTRO","2021-12-15","","14.06511423"
"ESTACIÓN TRÁFICO CENTRO","2021-12-14","","14.62092857"
"ESTACIÓN TRÁFICO CENTRO","2021-12-13","","13.22023233"
"ESTACIÓN TRÁFICO CENTRO","2021-12-12","","7.7761169"
"ESTACIÓN TRÁFICO CENTRO","2021-12-11","","11.94181253"
"ESTACIÓN TRÁFICO CENTRO","2021-12-10","","20.02478606"
"ESTACIÓN TRÁFICO CENTRO","2021-12-09","","19.81357895"
"ESTACIÓN TRÁFICO CENTRO","2021-12-08","","16.40296832"
"ESTACIÓN TRÁFICO CENTRO","2021-12-07","","13.01427774"
"ESTACIÓN TRÁFICO CENTRO","2021-12-06","","12.11198365"
"ESTACIÓN TRÁFICO CENTRO","2021-12-05","","7.42288667"
"ESTACIÓN TRÁFICO CENTRO","2021-12-04","","9.5342169"
"ESTACIÓN TRÁFICO CENTRO","2021-12-03","","9.24553896"
"ESTACIÓN TRÁFICO CENTRO","2021-12-02","","12.66056306"
"ESTACIÓN TRÁFICO CENTRO","2021-12-01","","7.32905382"
"ESTACIÓN TRÁFICO CENTRO","2021-11-30","","13.4127152"
"ESTACIÓN TRÁFICO CENTRO","2021-11-29","","12.61225296"
"ESTACIÓN TRÁFICO CENTRO","2021-11-28","","12.35915519"
"ESTACIÓN TRÁFICO CENTRO","2021-11-27","","12.4698428"
"ESTACIÓN TRÁFICO CENTRO","2021-11-26","","12.12571817"
"ESTACIÓN TRÁFICO CENTRO","2021-11-25","","12.72594949"
"ESTACIÓN TRÁFICO CENTRO","2021-11-24","","21.51152068"
"ESTACIÓN TRÁFICO CENTRO","2021-11-23","","30.83112602"
"ESTACIÓN TRÁFICO CENTRO","2021-11-22","","31.97497637"
"ESTACIÓN TRÁFICO CENTRO","2021-11-21","","8.18260129"
"ESTACIÓN TRÁFICO CENTRO","2021-11-20","","27.82662903"
"ESTACIÓN TRÁFICO CENTRO","2021-11-19","","23.02600982"
"ESTACIÓN TRÁFICO CENTRO","2021-11-18","","13.42187943"
"ESTACIÓN TRÁFICO CENTRO","2021-11-17","","11.95204806"
"ESTACIÓN TRÁFICO CENTRO","2021-11-16","","22.67542445"
"ESTACIÓN TRÁFICO CENTRO","2021-11-15","","14.85423257"
"ESTACIÓN TRÁFICO CENTRO","2021-11-14","","10.03428933"
"ESTACIÓN TRÁFICO CENTRO","2021-11-13","","6.94380121"
"ESTACIÓN TRÁFICO CENTRO","2021-11-12","","13.47587794"
"ESTACIÓN TRÁFICO CENTRO","2021-11-11","","12.29388571"
"ESTACIÓN TRÁFICO CENTRO","2021-11-10","","11.07923342"
"ESTACIÓN TRÁFICO CENTRO","2021-11-09","","6.29668302"
"ESTACIÓN TRÁFICO CENTRO","2021-11-08","","8.39438516"
"ESTACIÓN TRÁFICO CENTRO","2021-11-07","","17.57448001"
"ESTACIÓN TRÁFICO CENTRO","2021-11-06","","16.11349455"
"ESTACIÓN TRÁFICO CENTRO","2021-11-05","","17.33276597"
"ESTACIÓN TRÁFICO CENTRO","2021-11-04","","4.9129011"
"ESTACIÓN TRÁFICO CENTRO","2021-11-03","","29.95668211"
"ESTACIÓN TRÁFICO CENTRO","2021-11-02","","22.87758664"
"ESTACIÓN TRÁFICO CENTRO","2021-11-01","","20.08755223"
"ESTACIÓN TRÁFICO CENTRO","2021-10-31","","9.98451047"
"ESTACIÓN TRÁFICO CENTRO","2021-10-30","","20.3861109"
"ESTACIÓN TRÁFICO CENTRO","2021-10-29","","20.07253404"
"ESTACIÓN TRÁFICO CENTRO","2021-10-28","","32.90922412"
"ESTACIÓN TRÁFICO CENTRO","2021-10-27","","11.32248425"
"ESTACIÓN TRÁFICO CENTRO","2021-10-26","","15.30491559"
"ESTACIÓN TRÁFICO CENTRO","2021-10-25","","20.82142818"
"ESTACIÓN TRÁFICO CENTRO","2021-10-24","","18.78622144"
"ESTACIÓN TRÁFICO CENTRO","2021-10-23","","36.32579336"
"ESTACIÓN TRÁFICO CENTRO","2021-10-22","","27.98922066"
"ESTACIÓN TRÁFICO CENTRO","2021-10-21","","23.78122043"
"ESTACIÓN TRÁFICO CENTRO","2021-10-20","","13.4298879"
"ESTACIÓN TRÁFICO CENTRO","2021-10-19","","16.80546873"
"ESTACIÓN TRÁFICO CENTRO","2021-10-18","","12.56216726"
"ESTACIÓN TRÁFICO CENTRO","2021-10-17","","7.97847089"
"ESTACIÓN TRÁFICO CENTRO","2021-10-16","","12.62915378"
"ESTACIÓN TRÁFICO CENTRO","2021-10-15","","26.65585065"
"ESTACIÓN TRÁFICO CENTRO","2021-10-14","","17.25086927"
"ESTACIÓN TRÁFICO CENTRO","2021-10-13","","10.34402236"
"ESTACIÓN TRÁFICO CENTRO","2021-10-12","","22.4663582"
"ESTACIÓN TRÁFICO CENTRO","2021-10-11","","15.62563396"
"ESTACIÓN TRÁFICO CENTRO","2021-10-10","","27.35488732"
"ESTACIÓN TRÁFICO CENTRO","2021-10-09","","19.26149102"
"ESTACIÓN TRÁFICO CENTRO","2021-10-08","","22.88728346"
"ESTACIÓN TRÁFICO CENTRO","2021-10-07","","14.88584499"
"ESTACIÓN TRÁFICO CENTRO","2021-10-06","","9.90845773"
"ESTACIÓN TRÁFICO CENTRO","2021-10-05","","14.29781063"
"ESTACIÓN TRÁFICO CENTRO","2021-10-04","","19.43988984"
"ESTACIÓN TRÁFICO CENTRO","2021-10-03","","12.67226939"
"ESTACIÓN TRÁFICO CENTRO","2021-10-02","","14.97579702"
"ESTACIÓN TRÁFICO CENTRO","2021-10-01","","15.29507163"
"ESTACIÓN TRÁFICO CENTRO","2021-09-30","","13.91742521"
"ESTACIÓN TRÁFICO CENTRO","2021-09-29","","20.64296079"
"ESTACIÓN TRÁFICO CENTRO","2021-09-28","","18.64427507"
"ESTACIÓN TRÁFICO CENTRO","2021-09-27","","15.76667834"
"ESTACIÓN TRÁFICO CENTRO","2021-09-26","","16.4529326"
"ESTACIÓN TRÁFICO CENTRO","2021-09-25","","21.38318489"
"ESTACIÓN TRÁFICO CENTRO","2021-09-24","","19.02571055"
"ESTACIÓN TRÁFICO CENTRO","2021-09-23","","21.05333022"
"ESTACIÓN TRÁFICO CENTRO","2021-09-22","","12.44192353"
"ESTACIÓN TRÁFICO CENTRO","2021-09-21","","11.95562747"
"ESTACIÓN TRÁFICO CENTRO","2021-09-20","","19.01640511"
"ESTACIÓN TRÁFICO CENTRO","2021-09-19","","6.8256249"
"ESTACIÓN TRÁFICO CENTRO","2021-09-18","","12.78331466"
"ESTACIÓN TRÁFICO CENTRO","2021-09-17","","22.20215563"
"ESTACIÓN TRÁFICO CENTRO","2021-09-16","","11.75118888"
"ESTACIÓN TRÁFICO CENTRO","2021-09-15","","6.8116601"
"ESTACIÓN TRÁFICO CENTRO","2021-09-14","","12.44523013"
"ESTACIÓN TRÁFICO CENTRO","2021-09-13","","19.49736758"
"ESTACIÓN TRÁFICO CENTRO","2021-09-12","","8.55325956"
"ESTACIÓN TRÁFICO CENTRO","2021-09-11","","13.85088241"
"ESTACIÓN TRÁFICO CENTRO","2021-09-10","","13.67878648"
"ESTACIÓN TRÁFICO CENTRO","2021-09-09","","14.16600614"
"ESTACIÓN TRÁFICO CENTRO","2021-09-08","","16.50721456"
"ESTACIÓN TRÁFICO CENTRO","2021-09-07","","17.04957224"
"ESTACIÓN TRÁFICO CENTRO","2021-09-06","","20.67526086"
"ESTACIÓN TRÁFICO CENTRO","2021-09-05","","9.67765408"
"ESTACIÓN TRÁFICO CENTRO","2021-09-04","","17.75482112"
"ESTACIÓN TRÁFICO CENTRO","2021-09-03","","19.95124594"
"ESTACIÓN TRÁFICO CENTRO","2021-09-02","","12.6224512"
"ESTACIÓN TRÁFICO CENTRO","2021-09-01","","12.50571791"
"ESTACIÓN TRÁFICO CENTRO","2021-08-31","","8.78175125"
"ESTACIÓN TRÁFICO CENTRO","2021-08-30","","8.00137613"
"ESTACIÓN TRÁFICO CENTRO","2021-08-29","","17.35948969"
"ESTACIÓN TRÁFICO CENTRO","2021-08-28","","12.08712245"
"ESTACIÓN TRÁFICO CENTRO","2021-08-27","","11.90044775"
"ESTACIÓN TRÁFICO CENTRO","2021-08-26","","12.27824677"
"ESTACIÓN TRÁFICO CENTRO","2021-08-25","","27.10076021"
"ESTACIÓN TRÁFICO CENTRO","2021-08-24","","18.17838435"
"ESTACIÓN TRÁFICO CENTRO","2021-08-23","","11.65455083"
"ESTACIÓN TRÁFICO CENTRO","2021-08-22","","10.4993339"
"ESTACIÓN TRÁFICO CENTRO","2021-08-21","","13.94526145"
"ESTACIÓN TRÁFICO CENTRO","2021-08-20","","9.78026487"
"ESTACIÓN TRÁFICO CENTRO","2021-08-19","","8.85412206"
"ESTACIÓN TRÁFICO CENTRO","2021-08-18","","10.96822756"
"ESTACIÓN TRÁFICO CENTRO","2021-08-17","","9.85574783"
"ESTACIÓN TRÁFICO CENTRO","2021-08-16","","13.8281988"
"ESTACIÓN TRÁFICO CENTRO","2021-08-15","","8.4794826"
"ESTACIÓN TRÁFICO CENTRO","2021-08-14","","16.68322759"
"ESTACIÓN TRÁFICO CENTRO","2021-08-13","","17.19141718"
"ESTACIÓN TRÁFICO CENTRO","2021-08-12","","13.96543826"
"ESTACIÓN TRÁFICO CENTRO","2021-08-11","","10.16449665"
"ESTACIÓN TRÁFICO CENTRO","2021-08-05","","27.09450409"
"ESTACIÓN TRÁFICO CENTRO","2021-08-04","","12.73240603"
"ESTACIÓN TRÁFICO CENTRO","2021-08-03","","18.87565057"
"ESTACIÓN TRÁFICO CENTRO","2021-08-02","","20.97813126"
"ESTACIÓN TRÁFICO CENTRO","2021-08-01","","10.0108012"
"ESTACIÓN TRÁFICO CENTRO","2021-07-31","","13.60458903"
"ESTACIÓN TRÁFICO CENTRO","2021-07-30","","8.07484871"
"ESTACIÓN TRÁFICO CENTRO","2021-07-29","","13.70572412"
"ESTACIÓN TRÁFICO CENTRO","2021-07-28","","20.70943886"
"ESTACIÓN TRÁFICO CENTRO","2021-07-27","","14.87621263"
"ESTACIÓN TRÁFICO CENTRO","2021-07-26","","16.08675869"
"ESTACIÓN TRÁFICO CENTRO","2021-07-25","","8.63547631"
"ESTACIÓN TRÁFICO CENTRO","2021-07-24","","14.89641311"
"ESTACIÓN TRÁFICO CENTRO","2021-07-23","","13.99197136"
"ESTACIÓN TRÁFICO CENTRO","2021-07-22","","20.443347"
"ESTACIÓN TRÁFICO CENTRO","2021-07-21","","9.28856913"
"ESTACIÓN TRÁFICO CENTRO","2021-07-20","","18.25490264"
"ESTACIÓN TRÁFICO CENTRO","2021-07-19","","10.16417956"
"ESTACIÓN TRÁFICO CENTRO","2021-07-18","","5.71655023"
"ESTACIÓN TRÁFICO CENTRO","2021-07-17","","9.3531953"
"ESTACIÓN TRÁFICO CENTRO","2021-07-16","","11.17906326"
"ESTACIÓN TRÁFICO CENTRO","2021-07-15","","14.93735838"
"ESTACIÓN TRÁFICO CENTRO","2021-07-14","","21.04783435"
"ESTACIÓN TRÁFICO CENTRO","2021-07-13","","26.67269119"
"ESTACIÓN TRÁFICO CENTRO","2021-07-12","","25.15914838"
"ESTACIÓN TRÁFICO CENTRO","2021-07-11","","7.53078677"
"ESTACIÓN TRÁFICO CENTRO","2021-07-10","","27.16570282"
"ESTACIÓN TRÁFICO CENTRO","2021-07-09","","20.89533113"
"ESTACIÓN TRÁFICO CENTRO","2021-07-08","","10.57848356"
"ESTACIÓN TRÁFICO CENTRO","2021-07-07","","13.03759329"
"ESTACIÓN TRÁFICO CENTRO","2021-07-06","","12.00492131"
"ESTACIÓN TRÁFICO CENTRO","2021-07-05","","8.51760384"
"ESTACIÓN TRÁFICO CENTRO","2021-07-04","","10.78500348"
"ESTACIÓN TRÁFICO CENTRO","2021-07-03","","12.5356707"
"ESTACIÓN TRÁFICO CENTRO","2021-07-02","","10.86088684"
"ESTACIÓN TRÁFICO CENTRO","2021-07-01","","14.57342915"
"ESTACIÓN TRÁFICO CENTRO","2021-06-30","","18.16984118"
"ESTACIÓN TRÁFICO CENTRO","2021-06-29","","16.47038245"
"ESTACIÓN TRÁFICO CENTRO","2021-06-28","","6.33912505"
"ESTACIÓN TRÁFICO CENTRO","2021-06-27","","24.84593577"
"ESTACIÓN TRÁFICO CENTRO","2021-06-26","","16.41259009"
"ESTACIÓN TRÁFICO CENTRO","2021-06-25","","14.46760889"
"ESTACIÓN TRÁFICO CENTRO","2021-06-24","","10.97073882"
"ESTACIÓN TRÁFICO CENTRO","2021-06-23","","23.87895191"
"ESTACIÓN TRÁFICO CENTRO","2021-06-22","","19.89305587"
"ESTACIÓN TRÁFICO CENTRO","2021-06-21","","8.18945462"
"ESTACIÓN TRÁFICO CENTRO","2021-06-20","","11.82124388"
"ESTACIÓN TRÁFICO CENTRO","2021-06-19","","12.13017942"
"ESTACIÓN TRÁFICO CENTRO","2021-06-18","","13.85672262"
"ESTACIÓN TRÁFICO CENTRO","2021-06-17","","11.92128799"
"ESTACIÓN TRÁFICO CENTRO","2021-06-16","","9.18847582"
"ESTACIÓN TRÁFICO CENTRO","2021-06-15","","15.13237111"
"ESTACIÓN TRÁFICO CENTRO","2021-06-14","","18.0385692"
"ESTACIÓN TRÁFICO CENTRO","2021-06-13","","29.39719505"
"ESTACIÓN TRÁFICO CENTRO","2021-06-12","","18.9277065"
"ESTACIÓN TRÁFICO CENTRO","2021-06-11","","15.8781317"
"ESTACIÓN TRÁFICO CENTRO","2021-06-10","","16.9135057"
"ESTACIÓN TRÁFICO CENTRO","2021-06-09","","23.72240993"
"ESTACIÓN TRÁFICO CENTRO","2021-06-08","","9.42557575"
"ESTACIÓN TRÁFICO CENTRO","2021-06-07","","7.43011625"
"ESTACIÓN TRÁFICO CENTRO","2021-06-06","","11.35101439"
"ESTACIÓN TRÁFICO CENTRO","2021-06-05","","18.21828302"
"ESTACIÓN TRÁFICO CENTRO","2021-06-04","","14.10419388"
"ESTACIÓN TRÁFICO CENTRO","2021-06-03","","15.95711853"
"ESTACIÓN TRÁFICO CENTRO","2021-06-02","","13.27623542"
"ESTACIÓN TRÁFICO CENTRO","2021-05-25","","17.60232211"
"ESTACIÓN TRÁFICO CENTRO","2021-05-24","","11.04460402"
"ESTACIÓN TRÁFICO CENTRO","2021-05-23","","10.99968272"
"ESTACIÓN TRÁFICO CENTRO","2021-05-22","","17.07068955"
"ESTACIÓN TRÁFICO CENTRO","2021-05-21","","29.45625479"
"ESTACIÓN TRÁFICO CENTRO","2021-05-20","","15.92578387"
"ESTACIÓN TRÁFICO CENTRO","2021-05-19","","12.3158488"
"ESTACIÓN TRÁFICO CENTRO","2021-05-18","","11.03792479"
"ESTACIÓN TRÁFICO CENTRO","2021-05-17","","3.81976729"
"ESTACIÓN TRÁFICO CENTRO","2021-05-16","","5.6125623"
"ESTACIÓN TRÁFICO CENTRO","2021-05-15","","18.23473352"
"ESTACIÓN TRÁFICO CENTRO","2021-05-14","","8.77597573"
"ESTACIÓN TRÁFICO CENTRO","2021-05-13","","10.69244284"
"ESTACIÓN TRÁFICO CENTRO","2021-05-12","","11.35554603"
"ESTACIÓN TRÁFICO CENTRO","2021-05-11","","8.94674769"
"ESTACIÓN TRÁFICO CENTRO","2021-05-10","","12.00088847"
"ESTACIÓN TRÁFICO CENTRO","2021-05-09","","5.88575905"
"ESTACIÓN TRÁFICO CENTRO","2021-05-08","","4.76641725"
"ESTACIÓN TRÁFICO CENTRO","2021-05-07","","8.7622335"
"ESTACIÓN TRÁFICO CENTRO","2021-05-06","","6.1616902"
"ESTACIÓN TRÁFICO CENTRO","2021-05-05","","10.38538343"
"ESTACIÓN TRÁFICO CENTRO","2021-05-04","","4.75331039"
"ESTACIÓN TRÁFICO CENTRO","2021-05-03","","5.50000118"
"ESTACIÓN TRÁFICO CENTRO","2021-05-02","","9.10431375"
"ESTACIÓN TRÁFICO CENTRO","2021-05-01","","4.88154931"
"ESTACIÓN TRÁFICO CENTRO","2021-04-30","","9.40513948"
"ESTACIÓN TRÁFICO CENTRO","2021-04-29","","7.29974031"
"ESTACIÓN TRÁFICO CENTRO","2021-04-28","","7.0785675"
"ESTACIÓN TRÁFICO CENTRO","2021-04-27","","9.99056082"
"ESTACIÓN TRÁFICO CENTRO","2021-04-26","","6.94636562"
"ESTACIÓN TRÁFICO CENTRO","2021-04-25","","12.4389502"
"ESTACIÓN TRÁFICO CENTRO","2021-04-24","","6.2978319"
"ESTACIÓN TRÁFICO CENTRO","2021-04-23","","3.58191944"
"ESTACIÓN TRÁFICO CENTRO","2021-04-22","","9.62715505"
"ESTACIÓN TRÁFICO CENTRO","2021-04-21","","7.16664363"
"ESTACIÓN TRÁFICO CENTRO","2021-04-20","","5.62165688"
"ESTACIÓN TRÁFICO CENTRO","2021-04-19","","14.05464971"
"ESTACIÓN TRÁFICO CENTRO","2021-04-18","","8.85444892"
"ESTACIÓN TRÁFICO CENTRO","2021-04-17","","17.21535352"
"ESTACIÓN TRÁFICO CENTRO","2021-04-16","","12.6024613"
"ESTACIÓN TRÁFICO CENTRO","2021-04-15","","7.50565653"
"ESTACIÓN TRÁFICO CENTRO","2021-04-14","","11.3258472"
"ESTACIÓN TRÁFICO CENTRO","2021-04-13","","13.29062742"
"ESTACIÓN TRÁFICO CENTRO","2021-04-12","","7.64572879"
"ESTACIÓN TRÁFICO CENTRO","2021-04-11","","3.8710043"
"ESTACIÓN TRÁFICO CENTRO","2021-04-10","","2.17228327"
"ESTACIÓN TRÁFICO CENTRO","2021-04-09","","3.84617552"
"ESTACIÓN TRÁFICO CENTRO","2021-04-08","","4.60251564"
"ESTACIÓN TRÁFICO CENTRO","2021-04-07","","3.97890582"
"ESTACIÓN TRÁFICO CENTRO","2021-04-06","","3.16378634"
"ESTACIÓN TRÁFICO CENTRO","2021-04-05","","4.73083307"
"ESTACIÓN TRÁFICO CENTRO","2021-04-04","","5.50964058"
"ESTACIÓN TRÁFICO CENTRO","2021-04-03","","11.08411139"
"ESTACIÓN TRÁFICO CENTRO","2021-04-02","","7.5599738"
"ESTACIÓN TRÁFICO CENTRO","2021-04-01","","7.67479717"
"ESTACIÓN TRÁFICO CENTRO","2021-03-31","","15.76484635"
"ESTACIÓN TRÁFICO CENTRO","2021-03-30","","6.04354628"
"ESTACIÓN TRÁFICO CENTRO","2021-03-24","","11.22638699"
"ESTACIÓN TRÁFICO CENTRO","2021-03-23","","3.49684511"
"ESTACIÓN TRÁFICO CENTRO","2021-03-22","","1.91882388"
"ESTACIÓN TRÁFICO CENTRO","2021-03-21","","5.44452546"
"ESTACIÓN TRÁFICO CENTRO","2021-03-20","","4.9564784"
"ESTACIÓN TRÁFICO CENTRO","2021-03-19","","6.52946"
"ESTACIÓN TRÁFICO CENTRO","2021-03-18","","4.25993558"
"ESTACIÓN TRÁFICO CENTRO","2021-03-17","","8.7640984"
"ESTACIÓN TRÁFICO CENTRO","2021-03-16","","3.59728992"
"ESTACIÓN TRÁFICO CENTRO","2021-03-15","","8.50806682"
"ESTACIÓN TRÁFICO CENTRO","2021-03-14","","10.522141"
"ESTACIÓN TRÁFICO CENTRO","2021-03-13","","14.88433633"
"ESTACIÓN TRÁFICO CENTRO","2021-03-12","","5.89623652"
"ESTACIÓN TRÁFICO CENTRO","2021-03-11","","20.36364427"
"ESTACIÓN TRÁFICO CENTRO","2021-03-10","","19.69481376"
"ESTACIÓN TRÁFICO CENTRO","2021-03-09","","15.97727475"
"ESTACIÓN TRÁFICO CENTRO","2021-03-08","","5.48979776"
"ESTACIÓN TRÁFICO CENTRO","2021-03-07","","4.58595982"
"ESTACIÓN TRÁFICO CENTRO","2021-03-06","","4.7660694"
"ESTACIÓN TRÁFICO CENTRO","2021-03-05","","4.81510405"
"ESTACIÓN TRÁFICO CENTRO","2021-03-04","","15.94014821"
