"Estacion","Fecha inicial","Fecha final","VViento"
"ESTACIÓN TRÁFICO CENTRO","2013-12-01","","1.905739"
"ESTACIÓN TRÁFICO CENTRO","2013-11-30","","2.29980192"
"ESTACIÓN TRÁFICO CENTRO","2013-11-29","","2.40909429"
"ESTACIÓN TRÁFICO CENTRO","2013-11-28","","3.25033164"
"ESTACIÓN TRÁFICO CENTRO","2013-11-27","","1.85771605"
"ESTACIÓN TRÁFICO CENTRO","2013-11-26","","1.94549288"
"ESTACIÓN TRÁFICO CENTRO","2013-11-25","","1.60381188"
"ESTACIÓN TRÁFICO CENTRO","2013-11-24","","1.84938806"
"ESTACIÓN TRÁFICO CENTRO","2013-11-23","","2.27346788"
"ESTACIÓN TRÁFICO CENTRO","2013-11-22","","1.9098727"
"ESTACIÓN TRÁFICO CENTRO","2013-11-21","","2.4677638"
"ESTACIÓN TRÁFICO CENTRO","2013-11-20","","2.138827"
"ESTACIÓN TRÁFICO CENTRO","2013-11-19","","2.8095831"
"ESTACIÓN TRÁFICO CENTRO","2013-11-18","","2.09142209"
"ESTACIÓN TRÁFICO CENTRO","2013-11-17","","2.59075676"
"ESTACIÓN TRÁFICO CENTRO","2013-11-16","","2.90701592"
"ESTACIÓN TRÁFICO CENTRO","2013-11-15","","2.43348868"
"ESTACIÓN TRÁFICO CENTRO","2013-11-14","","2.86026257"
"ESTACIÓN TRÁFICO CENTRO","2013-11-13","","2.31144785"
"ESTACIÓN TRÁFICO CENTRO","2013-11-12","","2.77151825"
"ESTACIÓN TRÁFICO CENTRO","2013-11-11","","2.39429457"
"ESTACIÓN TRÁFICO CENTRO","2013-11-10","","2.14860014"
"ESTACIÓN TRÁFICO CENTRO","2013-11-09","","2.50161721"
"ESTACIÓN TRÁFICO CENTRO","2013-11-08","","2.538227"
"ESTACIÓN TRÁFICO CENTRO","2013-11-07","","1.88659356"
"ESTACIÓN TRÁFICO CENTRO","2013-11-06","","2.08226916"
"ESTACIÓN TRÁFICO CENTRO","2013-11-05","","1.95698756"
"ESTACIÓN TRÁFICO CENTRO","2013-11-04","","1.457622"
"ESTACIÓN TRÁFICO CENTRO","2013-11-03","","2.1832174"
"ESTACIÓN TRÁFICO CENTRO","2013-11-02","","2.40885441"
"ESTACIÓN TRÁFICO CENTRO","2013-11-01","","2.82305304"
"ESTACIÓN TRÁFICO CENTRO","2013-10-31","","1.94193214"
"ESTACIÓN TRÁFICO CENTRO","2013-10-30","","1.9421755"
"ESTACIÓN TRÁFICO CENTRO","2013-10-29","","2.25515786"
"ESTACIÓN TRÁFICO CENTRO","2013-10-28","","2.97646791"
"ESTACIÓN TRÁFICO CENTRO","2013-10-27","","3.07298877"
"ESTACIÓN TRÁFICO CENTRO","2013-10-26","","2.77574105"
"ESTACIÓN TRÁFICO CENTRO","2013-10-25","","2.58269692"
"ESTACIÓN TRÁFICO CENTRO","2013-10-24","","1.9293273"
"ESTACIÓN TRÁFICO CENTRO","2013-10-23","","2.60093364"
"ESTACIÓN TRÁFICO CENTRO","2013-10-22","","2.6170172"
"ESTACIÓN TRÁFICO CENTRO","2013-10-21","","2.29159285"
"ESTACIÓN TRÁFICO CENTRO","2013-10-20","","2.40348627"
"ESTACIÓN TRÁFICO CENTRO","2013-10-19","","2.52644135"
"ESTACIÓN TRÁFICO CENTRO","2013-10-18","","2.809837"
"ESTACIÓN TRÁFICO CENTRO","2013-10-17","","2.39798743"
"ESTACIÓN TRÁFICO CENTRO","2013-10-16","","3.43535089"
"ESTACIÓN TRÁFICO CENTRO","2013-10-15","","1.828036"
"ESTACIÓN TRÁFICO CENTRO","2013-10-14","","2.17795711"
"ESTACIÓN TRÁFICO CENTRO","2013-10-13","","1.98164645"
"ESTACIÓN TRÁFICO CENTRO","2013-10-12","","3.053011"
"ESTACIÓN TRÁFICO CENTRO","2013-10-11","","2.34450835"
"ESTACIÓN TRÁFICO CENTRO","2013-10-10","","3.2267436"
"ESTACIÓN TRÁFICO CENTRO","2013-10-09","","3.31556413"
"ESTACIÓN TRÁFICO CENTRO","2013-10-08","","2.55815135"
"ESTACIÓN TRÁFICO CENTRO","2013-10-07","","2.833708"
"ESTACIÓN TRÁFICO CENTRO","2013-10-06","","2.71294222"
"ESTACIÓN TRÁFICO CENTRO","2013-10-05","","2.90056805"
"ESTACIÓN TRÁFICO CENTRO","2013-10-04","","2.740257"
"ESTACIÓN TRÁFICO CENTRO","2013-10-03","","2.16087368"
"ESTACIÓN TRÁFICO CENTRO","2013-10-02","","2.13266117"
"ESTACIÓN TRÁFICO CENTRO","2013-10-01","","2.95085523"
"ESTACIÓN TRÁFICO CENTRO","2013-09-30","","2.1065199"
"ESTACIÓN TRÁFICO CENTRO","2013-09-29","","2.21858817"
"ESTACIÓN TRÁFICO CENTRO","2013-09-28","","1.86077824"
"ESTACIÓN TRÁFICO CENTRO","2013-09-27","","2.09519732"
"ESTACIÓN TRÁFICO CENTRO","2013-09-26","","1.73723507"
"ESTACIÓN TRÁFICO CENTRO","2013-09-25","","2.64264719"
"ESTACIÓN TRÁFICO CENTRO","2013-09-24","","3.41760811"
"ESTACIÓN TRÁFICO CENTRO","2013-09-23","","3.69563948"
"ESTACIÓN TRÁFICO CENTRO","2013-09-22","","2.51124582"
"ESTACIÓN TRÁFICO CENTRO","2013-09-21","","2.43723826"
"ESTACIÓN TRÁFICO CENTRO","2013-09-20","","3.0743862"
"ESTACIÓN TRÁFICO CENTRO","2013-09-19","","3.14514676"
"ESTACIÓN TRÁFICO CENTRO","2013-09-18","","2.2049815"
"ESTACIÓN TRÁFICO CENTRO","2013-09-17","","2.79523891"
"ESTACIÓN TRÁFICO CENTRO","2013-09-16","","2.37904719"
"ESTACIÓN TRÁFICO CENTRO","2013-09-15","","2.7831195"
"ESTACIÓN TRÁFICO CENTRO","2013-09-14","","3.07976768"
"ESTACIÓN TRÁFICO CENTRO","2013-09-13","","2.61815165"
"ESTACIÓN TRÁFICO CENTRO","2013-09-12","","2.43713561"
"ESTACIÓN TRÁFICO CENTRO","2013-09-11","","2.94375763"
"ESTACIÓN TRÁFICO CENTRO","2013-09-10","","2.28196024"
"ESTACIÓN TRÁFICO CENTRO","2013-09-09","","3.74065467"
"ESTACIÓN TRÁFICO CENTRO","2013-09-08","","2.56196861"
"ESTACIÓN TRÁFICO CENTRO","2013-09-07","","2.5335565"
"ESTACIÓN TRÁFICO CENTRO","2013-09-06","","1.9369933"
"ESTACIÓN TRÁFICO CENTRO","2013-09-05","","2.08735506"
"ESTACIÓN TRÁFICO CENTRO","2013-09-04","","2.85229695"
"ESTACIÓN TRÁFICO CENTRO","2013-09-03","","1.81399738"
"ESTACIÓN TRÁFICO CENTRO","2013-09-02","","3.32114817"
"ESTACIÓN TRÁFICO CENTRO","2013-09-01","","3.43745713"
"ESTACIÓN TRÁFICO CENTRO","2013-08-31","","2.93369787"
"ESTACIÓN TRÁFICO CENTRO","2013-08-30","","3.16923617"
"ESTACIÓN TRÁFICO CENTRO","2013-08-29","","3.21431452"
"ESTACIÓN TRÁFICO CENTRO","2013-08-28","","3.462878"
"ESTACIÓN TRÁFICO CENTRO","2013-08-27","","2.90181071"
"ESTACIÓN TRÁFICO CENTRO","2013-08-26","","2.78081873"
"ESTACIÓN TRÁFICO CENTRO","2013-08-25","","2.83881983"
"ESTACIÓN TRÁFICO CENTRO","2013-08-24","","3.08236326"
"ESTACIÓN TRÁFICO CENTRO","2013-08-23","","2.83329292"
"ESTACIÓN TRÁFICO CENTRO","2013-08-22","","3.00862557"
"ESTACIÓN TRÁFICO CENTRO","2013-08-21","","3.27671538"
"ESTACIÓN TRÁFICO CENTRO","2013-08-20","","2.53253696"
"ESTACIÓN TRÁFICO CENTRO","2013-08-19","","2.76184877"
"ESTACIÓN TRÁFICO CENTRO","2013-08-18","","2.38901011"
"ESTACIÓN TRÁFICO CENTRO","2013-08-17","","2.70925539"
"ESTACIÓN TRÁFICO CENTRO","2013-08-16","","2.62400964"
"ESTACIÓN TRÁFICO CENTRO","2013-08-15","","3.16814946"
"ESTACIÓN TRÁFICO CENTRO","2013-08-14","","3.00161891"
"ESTACIÓN TRÁFICO CENTRO","2013-08-13","","2.20623406"
"ESTACIÓN TRÁFICO CENTRO","2013-08-12","","2.25807055"
"ESTACIÓN TRÁFICO CENTRO","2013-08-11","","2.55713262"
"ESTACIÓN TRÁFICO CENTRO","2013-08-10","","1.85622224"
"ESTACIÓN TRÁFICO CENTRO","2013-08-09","","2.77431155"
"ESTACIÓN TRÁFICO CENTRO","2013-08-08","","2.25401614"
"ESTACIÓN TRÁFICO CENTRO","2013-08-07","","2.7920829"
"ESTACIÓN TRÁFICO CENTRO","2013-08-06","","3.48788161"
"ESTACIÓN TRÁFICO CENTRO","2013-08-05","","3.31395138"
"ESTACIÓN TRÁFICO CENTRO","2013-08-04","","3.00527318"
"ESTACIÓN TRÁFICO CENTRO","2013-08-03","","2.69379379"
"ESTACIÓN TRÁFICO CENTRO","2013-08-02","","3.69086778"
"ESTACIÓN TRÁFICO CENTRO","2013-08-01","","2.67718339"
"ESTACIÓN TRÁFICO CENTRO","2013-07-31","","3.22194476"
"ESTACIÓN TRÁFICO CENTRO","2013-07-30","","3.24007292"
"ESTACIÓN TRÁFICO CENTRO","2013-07-29","","3.78932092"
"ESTACIÓN TRÁFICO CENTRO","2013-07-28","","3.06954587"
"ESTACIÓN TRÁFICO CENTRO","2013-07-27","","3.33311413"
"ESTACIÓN TRÁFICO CENTRO","2013-07-26","","2.67911375"
"ESTACIÓN TRÁFICO CENTRO","2013-07-25","","3.24561495"
"ESTACIÓN TRÁFICO CENTRO","2013-07-24","","3.54891005"
"ESTACIÓN TRÁFICO CENTRO","2013-07-23","","2.66506461"
"ESTACIÓN TRÁFICO CENTRO","2013-07-22","","3.64868536"
"ESTACIÓN TRÁFICO CENTRO","2013-07-21","","3.11884687"
"ESTACIÓN TRÁFICO CENTRO","2013-07-20","","3.82970933"
"ESTACIÓN TRÁFICO CENTRO","2013-07-19","","3.10190004"
"ESTACIÓN TRÁFICO CENTRO","2013-07-18","","3.24029573"
"ESTACIÓN TRÁFICO CENTRO","2013-07-17","","2.95988167"
"ESTACIÓN TRÁFICO CENTRO","2013-07-16","","3.10911513"
"ESTACIÓN TRÁFICO CENTRO","2013-07-15","","3.12142478"
"ESTACIÓN TRÁFICO CENTRO","2013-07-14","","2.86083038"
"ESTACIÓN TRÁFICO CENTRO","2013-07-13","","2.88276942"
"ESTACIÓN TRÁFICO CENTRO","2013-07-12","","3.2191515"
"ESTACIÓN TRÁFICO CENTRO","2013-07-11","","2.78203542"
"ESTACIÓN TRÁFICO CENTRO","2013-07-10","","3.01203227"
"ESTACIÓN TRÁFICO CENTRO","2013-07-09","","2.75317905"
"ESTACIÓN TRÁFICO CENTRO","2013-07-08","","2.51711115"
"ESTACIÓN TRÁFICO CENTRO","2013-07-07","","2.84522874"
"ESTACIÓN TRÁFICO CENTRO","2013-07-06","","2.7496589"
"ESTACIÓN TRÁFICO CENTRO","2013-07-05","","2.95845535"
"ESTACIÓN TRÁFICO CENTRO","2013-07-04","","2.45868733"
"ESTACIÓN TRÁFICO CENTRO","2013-07-03","","2.73805867"
"ESTACIÓN TRÁFICO CENTRO","2013-07-02","","2.60869159"
"ESTACIÓN TRÁFICO CENTRO","2013-07-01","","2.31583492"
"ESTACIÓN TRÁFICO CENTRO","2013-06-30","","2.3943946"
"ESTACIÓN TRÁFICO CENTRO","2013-06-29","","2.84550787"
"ESTACIÓN TRÁFICO CENTRO","2013-06-28","","1.99193079"
"ESTACIÓN TRÁFICO CENTRO","2013-06-27","","2.38255805"
"ESTACIÓN TRÁFICO CENTRO","2013-06-26","","2.85598139"
"ESTACIÓN TRÁFICO CENTRO","2013-06-25","","2.99357374"
"ESTACIÓN TRÁFICO CENTRO","2013-06-24","","2.7540671"
"ESTACIÓN TRÁFICO CENTRO","2013-06-23","","2.83734436"
"ESTACIÓN TRÁFICO CENTRO","2013-06-22","","3.15597168"
"ESTACIÓN TRÁFICO CENTRO","2013-06-21","","3.23961754"
"ESTACIÓN TRÁFICO CENTRO","2013-06-20","","3.42677742"
"ESTACIÓN TRÁFICO CENTRO","2013-06-19","","2.72500746"
"ESTACIÓN TRÁFICO CENTRO","2013-06-18","","3.1496959"
"ESTACIÓN TRÁFICO CENTRO","2013-06-17","","2.89824086"
"ESTACIÓN TRÁFICO CENTRO","2013-06-16","","3.22133361"
"ESTACIÓN TRÁFICO CENTRO","2013-06-15","","3.15596591"
"ESTACIÓN TRÁFICO CENTRO","2013-06-14","","2.7112047"
"ESTACIÓN TRÁFICO CENTRO","2013-06-13","","2.92619877"
"ESTACIÓN TRÁFICO CENTRO","2013-06-12","","2.6454725"
"ESTACIÓN TRÁFICO CENTRO","2013-06-11","","3.32513875"
"ESTACIÓN TRÁFICO CENTRO","2013-06-10","","2.75641325"
"ESTACIÓN TRÁFICO CENTRO","2013-06-09","","2.91914873"
"ESTACIÓN TRÁFICO CENTRO","2013-06-08","","3.0510956"
"ESTACIÓN TRÁFICO CENTRO","2013-06-07","","2.76520142"
"ESTACIÓN TRÁFICO CENTRO","2013-06-06","","3.11061827"
"ESTACIÓN TRÁFICO CENTRO","2013-06-05","","3.17241376"
"ESTACIÓN TRÁFICO CENTRO","2013-06-04","","2.72358209"
"ESTACIÓN TRÁFICO CENTRO","2013-06-03","","3.19580046"
"ESTACIÓN TRÁFICO CENTRO","2013-06-02","","2.80543167"
"ESTACIÓN TRÁFICO CENTRO","2013-06-01","","2.66953411"
"ESTACIÓN TRÁFICO CENTRO","2013-05-31","","2.22123443"
"ESTACIÓN TRÁFICO CENTRO","2013-05-30","","1.8895346"
"ESTACIÓN TRÁFICO CENTRO","2013-05-29","","2.36732743"
"ESTACIÓN TRÁFICO CENTRO","2013-05-28","","2.68939788"
"ESTACIÓN TRÁFICO CENTRO","2013-05-27","","2.34720025"
"ESTACIÓN TRÁFICO CENTRO","2013-05-26","","2.83979205"
"ESTACIÓN TRÁFICO CENTRO","2013-05-25","","2.82732455"
"ESTACIÓN TRÁFICO CENTRO","2013-05-24","","2.7374386"
"ESTACIÓN TRÁFICO CENTRO","2013-05-23","","2.42504921"
"ESTACIÓN TRÁFICO CENTRO","2013-05-22","","1.96796212"
"ESTACIÓN TRÁFICO CENTRO","2013-05-21","","2.07773314"
"ESTACIÓN TRÁFICO CENTRO","2013-05-20","","2.79007235"
"ESTACIÓN TRÁFICO CENTRO","2013-05-19","","2.4465087"
"ESTACIÓN TRÁFICO CENTRO","2013-05-18","","2.2581641"
"ESTACIÓN TRÁFICO CENTRO","2013-05-17","","1.9000675"
"ESTACIÓN TRÁFICO CENTRO","2013-05-16","","1.76623547"
"ESTACIÓN TRÁFICO CENTRO","2013-05-15","","2.24597643"
"ESTACIÓN TRÁFICO CENTRO","2013-05-14","","2.72192395"
"ESTACIÓN TRÁFICO CENTRO","2013-05-13","","3.25759643"
"ESTACIÓN TRÁFICO CENTRO","2013-05-12","","2.6928829"
"ESTACIÓN TRÁFICO CENTRO","2013-05-11","","3.07341525"
"ESTACIÓN TRÁFICO CENTRO","2013-05-10","","2.90568713"
"ESTACIÓN TRÁFICO CENTRO","2013-05-09","","2.42353074"
"ESTACIÓN TRÁFICO CENTRO","2013-05-08","","2.46560309"
"ESTACIÓN TRÁFICO CENTRO","2013-05-07","","2.363754"
"ESTACIÓN TRÁFICO CENTRO","2013-05-06","","2.46153705"
"ESTACIÓN TRÁFICO CENTRO","2013-05-05","","2.19363793"
"ESTACIÓN TRÁFICO CENTRO","2013-05-04","","2.00802629"
"ESTACIÓN TRÁFICO CENTRO","2013-05-03","","2.37148983"
"ESTACIÓN TRÁFICO CENTRO","2013-05-02","","1.91346675"
"ESTACIÓN TRÁFICO CENTRO","2013-05-01","","1.41427362"
"ESTACIÓN TRÁFICO CENTRO","2013-04-30","","2.08385742"
"ESTACIÓN TRÁFICO CENTRO","2013-04-29","","3.02741704"
"ESTACIÓN TRÁFICO CENTRO","2013-04-28","","2.4893579"
"ESTACIÓN TRÁFICO CENTRO","2013-04-27","","2.27872367"
"ESTACIÓN TRÁFICO CENTRO","2013-04-26","","2.226009"
"ESTACIÓN TRÁFICO CENTRO","2013-04-25","","2.670056"
"ESTACIÓN TRÁFICO CENTRO","2013-04-24","","2.95989145"
"ESTACIÓN TRÁFICO CENTRO","2013-04-23","","2.17044495"
"ESTACIÓN TRÁFICO CENTRO","2013-04-22","","2.13679833"
"ESTACIÓN TRÁFICO CENTRO","2013-04-21","","1.92629217"
"ESTACIÓN TRÁFICO CENTRO","2013-04-20","","2.0241123"
"ESTACIÓN TRÁFICO CENTRO","2013-04-19","","1.86578554"
"ESTACIÓN TRÁFICO CENTRO","2013-04-18","","1.78600423"
"ESTACIÓN TRÁFICO CENTRO","2013-04-17","","2.93045917"
"ESTACIÓN TRÁFICO CENTRO","2013-04-16","","2.40136863"
"ESTACIÓN TRÁFICO CENTRO","2013-04-15","","2.82089619"
"ESTACIÓN TRÁFICO CENTRO","2013-04-14","","2.83784116"
"ESTACIÓN TRÁFICO CENTRO","2013-04-13","","3.29549296"
"ESTACIÓN TRÁFICO CENTRO","2013-04-12","","3.246676"
"ESTACIÓN TRÁFICO CENTRO","2013-04-11","","2.09527053"
"ESTACIÓN TRÁFICO CENTRO","2013-04-10","","2.99931917"
"ESTACIÓN TRÁFICO CENTRO","2013-04-09","","2.74910167"
"ESTACIÓN TRÁFICO CENTRO","2013-04-08","","3.62004229"
"ESTACIÓN TRÁFICO CENTRO","2013-04-07","","2.84578261"
"ESTACIÓN TRÁFICO CENTRO","2013-04-06","","3.09654663"
"ESTACIÓN TRÁFICO CENTRO","2013-04-05","","2.6662555"
"ESTACIÓN TRÁFICO CENTRO","2013-04-04","","2.8312965"
"ESTACIÓN TRÁFICO CENTRO","2013-04-03","","3.17541513"
"ESTACIÓN TRÁFICO CENTRO","2013-04-02","","3.03048118"
"ESTACIÓN TRÁFICO CENTRO","2013-04-01","","3.21002171"
