"Estacion","Fecha inicial","Fecha final","PLiquida"
"CASA DE JUSTICIA ITAGÜÍ","2025-10-31","","0.05956522"
"CASA DE JUSTICIA ITAGÜÍ","2025-10-30","","0.0"
"CASA DE JUSTICIA ITAGÜÍ","2025-10-29","","0.0"
"CASA DE JUSTICIA ITAGÜÍ","2025-10-28","","0.19375"
"CASA DE JUSTICIA ITAGÜÍ","2025-10-27","","0.91333333"
"CASA DE JUSTICIA ITAGÜÍ","2025-10-26","","0.22208333"
"CASA DE JUSTICIA ITAGÜÍ","2025-10-25","","0.53291667"
"CASA DE JUSTICIA ITAGÜÍ","2025-10-24","","0.43583333"
"CASA DE JUSTICIA ITAGÜÍ","2025-10-23","","0.00666667"
"CASA DE JUSTICIA ITAGÜÍ","2025-10-22","","2.00791667"
"CASA DE JUSTICIA ITAGÜÍ","2025-10-21","","0.09541667"
"CASA DE JUSTICIA ITAGÜÍ","2025-10-20","","3.51541667"
"CASA DE JUSTICIA ITAGÜÍ","2025-10-19","","0.0025"
"CASA DE JUSTICIA ITAGÜÍ","2025-10-18","","0.00458333"
"CASA DE JUSTICIA ITAGÜÍ","2025-10-17","","0.10625"
"CASA DE JUSTICIA ITAGÜÍ","2025-10-16","","0.405"
"CASA DE JUSTICIA ITAGÜÍ","2025-10-15","","1.68041667"
"CASA DE JUSTICIA ITAGÜÍ","2025-10-14","","0.0"
"CASA DE JUSTICIA ITAGÜÍ","2025-10-13","","0.0"
"CASA DE JUSTICIA ITAGÜÍ","2025-10-12","","0.0"
"CASA DE JUSTICIA ITAGÜÍ","2025-10-11","","0.47208333"
"CASA DE JUSTICIA ITAGÜÍ","2025-10-10","","0.56916667"
"CASA DE JUSTICIA ITAGÜÍ","2025-10-09","","0.42708333"
"CASA DE JUSTICIA ITAGÜÍ","2025-10-08","","0.00375"
"CASA DE JUSTICIA ITAGÜÍ","2025-10-07","","0.0"
"CASA DE JUSTICIA ITAGÜÍ","2025-10-06","","0.0"
"CASA DE JUSTICIA ITAGÜÍ","2025-10-05","","0.0"
"CASA DE JUSTICIA ITAGÜÍ","2025-10-04","","0.0"
"CASA DE JUSTICIA ITAGÜÍ","2025-10-03","","0.0"
"CASA DE JUSTICIA ITAGÜÍ","2025-10-02","","0.0"
"CASA DE JUSTICIA ITAGÜÍ","2025-10-01","","0.0"
"CASA DE JUSTICIA ITAGÜÍ","2025-09-30","","0.0"
"CASA DE JUSTICIA ITAGÜÍ","2025-09-29","","0.0"
"CASA DE JUSTICIA ITAGÜÍ","2025-09-28","","0.0"
"CASA DE JUSTICIA ITAGÜÍ","2025-09-27","","0.0"
"CASA DE JUSTICIA ITAGÜÍ","2025-09-26","","0.0"
"CASA DE JUSTICIA ITAGÜÍ","2025-09-25","","0.0"
"CASA DE JUSTICIA ITAGÜÍ","2025-09-24","","0.0"
"CASA DE JUSTICIA ITAGÜÍ","2025-09-23","","0.02958333"
"CASA DE JUSTICIA ITAGÜÍ","2025-09-22","","0.0"
"CASA DE JUSTICIA ITAGÜÍ","2025-09-21","","0.07833333"
"CASA DE JUSTICIA ITAGÜÍ","2025-09-20","","0.00333333"
"CASA DE JUSTICIA ITAGÜÍ","2025-09-19","","0.06666667"
"CASA DE JUSTICIA ITAGÜÍ","2025-09-18","","0.49375"
"CASA DE JUSTICIA ITAGÜÍ","2025-09-17","","0.55"
"CASA DE JUSTICIA ITAGÜÍ","2025-09-16","","0.0"
"CASA DE JUSTICIA ITAGÜÍ","2025-09-15","","0.015"
"CASA DE JUSTICIA ITAGÜÍ","2025-09-14","","0.00458333"
"CASA DE JUSTICIA ITAGÜÍ","2025-09-13","","0.0"
"CASA DE JUSTICIA ITAGÜÍ","2025-09-12","","0.00333333"
"CASA DE JUSTICIA ITAGÜÍ","2025-09-11","","0.0"
"CASA DE JUSTICIA ITAGÜÍ","2025-09-10","","0.0"
"CASA DE JUSTICIA ITAGÜÍ","2025-09-09","","0.2175"
"CASA DE JUSTICIA ITAGÜÍ","2025-09-08","","0.02583333"
"CASA DE JUSTICIA ITAGÜÍ","2025-09-07","","1.0425"
"CASA DE JUSTICIA ITAGÜÍ","2025-09-06","","0.78458333"
"CASA DE JUSTICIA ITAGÜÍ","2025-09-05","","0.00208333"
"CASA DE JUSTICIA ITAGÜÍ","2025-09-04","","0.23625"
"CASA DE JUSTICIA ITAGÜÍ","2025-09-03","","0.63375"
"CASA DE JUSTICIA ITAGÜÍ","2025-09-02","","0.12"
"CASA DE JUSTICIA ITAGÜÍ","2025-09-01","","0.82083333"
"CASA DE JUSTICIA ITAGÜÍ","2025-08-31","","0.03217391"
"CASA DE JUSTICIA ITAGÜÍ","2025-08-30","","0.00125"
"CASA DE JUSTICIA ITAGÜÍ","2025-08-29","","0.0"
"CASA DE JUSTICIA ITAGÜÍ","2025-08-28","","0.00666667"
"CASA DE JUSTICIA ITAGÜÍ","2025-08-27","","0.0"
"CASA DE JUSTICIA ITAGÜÍ","2025-08-26","","0.0"
"CASA DE JUSTICIA ITAGÜÍ","2025-08-25","","0.01333333"
"CASA DE JUSTICIA ITAGÜÍ","2025-08-24","","0.18125"
"CASA DE JUSTICIA ITAGÜÍ","2025-08-23","","0.06875"
"CASA DE JUSTICIA ITAGÜÍ","2025-08-22","","1.06208333"
"CASA DE JUSTICIA ITAGÜÍ","2025-08-21","","0.99041667"
"CASA DE JUSTICIA ITAGÜÍ","2025-08-20","","0.76458333"
"CASA DE JUSTICIA ITAGÜÍ","2025-08-19","","0.0"
"CASA DE JUSTICIA ITAGÜÍ","2025-08-18","","0.79958333"
"CASA DE JUSTICIA ITAGÜÍ","2025-08-17","","0.43291667"
"CASA DE JUSTICIA ITAGÜÍ","2025-08-16","","0.415"
"CASA DE JUSTICIA ITAGÜÍ","2025-08-15","","0.6725"
"CASA DE JUSTICIA ITAGÜÍ","2025-08-14","","0.34541667"
"CASA DE JUSTICIA ITAGÜÍ","2025-08-13","","0.00375"
"CASA DE JUSTICIA ITAGÜÍ","2025-08-12","","0.0"
"CASA DE JUSTICIA ITAGÜÍ","2025-08-11","","0.66666667"
"CASA DE JUSTICIA ITAGÜÍ","2025-08-10","","0.99166667"
"CASA DE JUSTICIA ITAGÜÍ","2025-08-09","","1.2275"
"CASA DE JUSTICIA ITAGÜÍ","2025-08-08","","1.02458333"
"CASA DE JUSTICIA ITAGÜÍ","2025-08-07","","0.3175"
"CASA DE JUSTICIA ITAGÜÍ","2025-08-06","","0.0025"
"CASA DE JUSTICIA ITAGÜÍ","2025-08-05","","0.00125"
"CASA DE JUSTICIA ITAGÜÍ","2025-08-04","","8.3333E-4"
"CASA DE JUSTICIA ITAGÜÍ","2025-08-03","","0.01083333"
"CASA DE JUSTICIA ITAGÜÍ","2025-08-02","","0.21083333"
"CASA DE JUSTICIA ITAGÜÍ","2025-08-01","","0.02791667"
"CASA DE JUSTICIA ITAGÜÍ","2025-07-31","","0.0"
"CASA DE JUSTICIA ITAGÜÍ","2025-07-30","","0.02275"
"CASA DE JUSTICIA ITAGÜÍ","2025-07-29","","0.02670833"
"CASA DE JUSTICIA ITAGÜÍ","2025-07-28","","0.04054167"
"CASA DE JUSTICIA ITAGÜÍ","2025-07-27","","7.5E-4"
"CASA DE JUSTICIA ITAGÜÍ","2025-07-26","","0.091875"
"CASA DE JUSTICIA ITAGÜÍ","2025-07-25","","0.06625"
"CASA DE JUSTICIA ITAGÜÍ","2025-07-24","","0.0"
"CASA DE JUSTICIA ITAGÜÍ","2025-07-23","","0.0"
"CASA DE JUSTICIA ITAGÜÍ","2025-07-22","","3.3333E-4"
"CASA DE JUSTICIA ITAGÜÍ","2025-07-21","","0.00308333"
"CASA DE JUSTICIA ITAGÜÍ","2025-07-20","","6.25E-4"
"CASA DE JUSTICIA ITAGÜÍ","2025-07-19","","0.0"
"CASA DE JUSTICIA ITAGÜÍ","2025-07-18","","0.0"
"CASA DE JUSTICIA ITAGÜÍ","2025-07-17","","0.0"
"CASA DE JUSTICIA ITAGÜÍ","2025-07-16","","4.167E-5"
"CASA DE JUSTICIA ITAGÜÍ","2025-07-15","","0.0"
"CASA DE JUSTICIA ITAGÜÍ","2025-07-14","","0.00520833"
"CASA DE JUSTICIA ITAGÜÍ","2025-07-13","","4.167E-5"
"CASA DE JUSTICIA ITAGÜÍ","2025-07-12","","0.00120833"
"CASA DE JUSTICIA ITAGÜÍ","2025-07-11","","0.01383333"
"CASA DE JUSTICIA ITAGÜÍ","2025-07-10","","7.5E-4"
"CASA DE JUSTICIA ITAGÜÍ","2025-07-09","","0.01970833"
"CASA DE JUSTICIA ITAGÜÍ","2025-07-08","","4.167E-5"
"CASA DE JUSTICIA ITAGÜÍ","2025-07-07","","0.001625"
"CASA DE JUSTICIA ITAGÜÍ","2025-07-06","","0.0"
"CASA DE JUSTICIA ITAGÜÍ","2025-07-05","","0.00804167"
"CASA DE JUSTICIA ITAGÜÍ","2025-07-04","","0.008375"
"CASA DE JUSTICIA ITAGÜÍ","2025-07-03","","0.00120833"
"CASA DE JUSTICIA ITAGÜÍ","2025-07-02","","0.00129167"
"CASA DE JUSTICIA ITAGÜÍ","2025-07-01","","3.0769E-4"
