Fecha,DViento,HAire10,NO,NO2,P,PLiquida,PM10,PM2.5,TMPR_AIR_10CM,VViento
2023-12-01,,,,,,,,20.25,,
2023-12-02,,,,,,,,16.91666667,,
2023-12-03,,,,,,,,16.04166667,,
2023-12-04,,,,,,,,18.66666667,,
2023-12-05,,,,,,,,21.875,,
2023-12-06,,,,,,,,20.92857143,,
2023-12-07,,,,,,,,30.125,,
2023-12-08,,,,,,,,18.04166667,,
2023-12-09,,,,,,,,18.91304348,,
2023-12-10,,,,,,,,15.91666667,,
2023-12-11,,,,,,,,15.58333333,,
2023-12-12,,,,,,,,15.20833333,,
2023-12-13,,,,,,,,16.60869565,,
2023-12-14,,,,,,,,21.04761905,,
2023-12-15,,,,,,,,19.33333333,,
2023-12-16,,,,,,,,21.45833333,,
2023-12-17,,,,,,,,12.39130435,,
2023-12-18,,,9.01241871,27.83187196,,,24.27272727,11.04545455,,
2023-12-19,,,21.78411815,30.83289818,,,28.70833333,12.52173913,,
2023-12-20,,,15.98593695,33.31606117,,,25.82608696,11.41666667,,
2023-12-21,,,9.85237914,40.20849958,,,33.34782609,15.13043478,,
2023-12-22,,,9.37557509,36.69278761,,,31.70833333,15.625,,
2023-12-23,,,8.22906131,35.96062972,,,31.20833333,16.70833333,,
2023-12-24,,,3.07709343,26.16502792,,,28.82608696,17.7826087,,
2023-12-25,,,5.96591597,25.94548846,,,34.13043478,20.52173913,,
2023-12-26,,,12.44071933,46.62841366,,,26.41666667,13.45833333,,
2023-12-27,,,21.12097142,40.56941813,,,32.56521739,13.31818182,,
2023-12-28,,,20.5299664,39.61169895,,,39.0,22.16666667,,
2023-12-29,,,16.88281168,36.43892283,,,31.7826087,15.34782609,,
2023-12-30,,,14.32775431,29.30409412,,,23.60869565,13.39130435,,
2023-12-31,,,10.25997212,20.11987443,,,18.54545455,10.2,,
2024-01-01,,,7.30145769,18.01908446,,,33.56521739,22.39130435,,
2024-01-02,,,7.45382194,23.08026865,,,21.5,10.11111111,,
2024-01-03,,,14.40233631,28.69361993,,,24.59090909,11.5,,
2024-01-04,,,21.3361241,31.3254919,,,38.95833333,17.25,,
2024-01-05,,,17.66273917,31.25291403,,,29.82608696,14.52173913,,
2024-01-06,,,9.95053903,30.8601596,,,34.5,15.04545455,,
2024-01-07,,,1.50932107,17.76025223,,,,11.41666667,,
2024-01-08,,,5.39791172,26.30269635,,,,14.04166667,,
2024-01-09,,,11.60841017,38.78725623,,,,19.73913043,,
2024-01-10,,,6.23651786,31.54056184,,,38.42857143,19.73913043,,
2024-01-11,,,9.08257144,31.05140398,,,43.20833333,21.20833333,,
2024-01-12,,,8.43817252,32.11299922,,,43.95833333,21.125,,
2024-01-13,,,5.35117236,29.6633965,,,38.54166667,18.66666667,,
2024-01-14,,,4.91708234,22.36786068,,,29.43478261,14.39130435,,
2024-01-15,,,10.82699084,28.25727296,,,32.30434783,15.69565217,,
2024-01-16,,,12.97694739,39.18739932,,,45.40909091,20.66666667,,
2024-01-17,,,12.79200699,37.12867367,,,46.66666667,22.0,,
2024-01-18,,,13.2047326,37.36801331,,,40.375,19.91666667,,
2024-01-19,,,12.0418424,38.96648345,,,44.875,21.70833333,,
2024-01-20,,,7.49837344,38.66907676,,,37.41666667,19.20833333,,
2024-01-21,,,4.65508624,27.54329225,,,32.95652174,16.86956522,,
2024-01-22,,,11.91270412,33.13380836,,,34.41666667,14.91666667,,
2024-01-23,,,18.14167868,50.27312562,,,46.25,18.29166667,,
2024-01-24,,,19.50776276,55.60431867,,,53.125,22.75,,
2024-01-25,,,9.80855175,50.10897173,,,60.45833333,27.5,,
2024-01-26,,,16.37735606,47.56815869,,,62.25,31.66666667,,
2024-01-27,,,19.92850288,45.72075366,,,63.0,33.625,,
2024-01-28,,,4.64341076,28.29483213,,,53.08695652,28.30434783,,
2024-01-29,,,9.98817475,33.19078711,,,51.0,25.5,,
2024-01-30,,,8.3885366,34.81643967,,,39.16666667,19.16666667,,
2024-01-31,,,6.77650585,31.9624221,,,41.75,20.75,,
2024-02-01,,,20.13656191,47.20050969,,,39.66666667,22.125,,
2024-02-02,,,24.78765265,40.39199931,,,45.29166667,23.16666667,,
2024-02-03,,,9.67349169,41.00127109,,,26.16666667,13.75,,
2024-02-04,,,8.90735678,42.49323063,,,33.25,18.25,,
2024-02-05,,,29.05273059,39.81077763,,,37.58333333,17.16666667,,
2024-02-06,,,31.50876775,42.75059926,,,37.91304348,15.91304348,,
2024-02-07,,,17.07955279,32.79462933,,,23.66666667,11.25,,
2024-02-08,,,9.08414941,27.20167759,,,14.52173913,6.04761905,,
2024-02-09,,,17.59847337,34.07085441,,,23.91666667,10.625,,
2024-02-10,,,7.25045595,28.75032229,,,21.54166667,10.58333333,,
2024-02-11,,,2.60618646,22.5693323,,,19.56521739,11.09090909,,
2024-02-12,,,16.70155794,40.67648037,,,41.625,18.83333333,,
2024-02-13,,,21.76339584,39.15555501,,,46.5,21.95833333,,
2024-02-14,,,9.20147559,40.63662025,,,40.2173913,18.04347826,,
2024-02-15,,,16.97017593,42.56078506,,,47.86363636,20.59090909,,
2024-02-16,,,13.00238168,38.61632572,,,37.83333333,14.91666667,,
2024-02-17,,,7.00748536,32.12447967,,,30.41666667,12.875,,
2024-02-18,,,5.85067896,24.34692931,,,27.875,14.40909091,,
2024-02-19,,,13.07238187,36.47855244,,,37.70833333,16.875,,
2024-02-20,,,12.61612704,41.33908483,,,55.79166667,27.20833333,,
2024-02-21,,,18.72943653,41.68874702,,,48.33333333,23.66666667,,
2024-02-22,,,10.92944021,31.22752506,,,32.91666667,13.95833333,,
2024-02-23,,,7.04577179,31.69389082,,,38.47826087,15.2173913,,
2024-02-24,,,7.79953361,32.10744414,,,38.70833333,18.79166667,,
2024-02-25,,,3.65951352,24.97020659,,,33.5,18.0,,
2024-02-26,,,36.65046908,40.93119341,,,54.83333333,25.0,,
2024-02-27,,,,21.92471291,,,60.64285714,33.85714286,,
2024-02-28,,,,,,,,,,
2024-02-29,,,3.55117308,45.24135998,,,60.07692308,48.0,,
2024-03-01,,,12.07003564,47.46571089,,,65.70833333,34.25,,
2024-03-02,,,12.25658856,41.89735788,,,61.25,31.125,,
2024-03-03,,,5.20559619,35.24057391,,,46.45833333,27.83333333,,
2024-03-04,,,8.62278069,33.83137565,,,61.08333333,34.625,,
2024-03-05,,,5.85543613,34.98812886,,,64.47619048,37.16666667,,
2024-03-06,,,12.89560085,45.24147489,,,77.04166667,43.08333333,,
2024-03-07,,,11.88865704,37.59877952,,,65.875,37.20833333,,
2024-03-08,,,7.92131842,37.28222697,,,50.83333333,30.54166667,,
2024-03-09,,,9.09818078,43.68589833,,,49.20833333,27.25,,
2024-03-10,,,3.68306062,24.48932902,,,33.17391304,20.56521739,,
2024-03-11,,,10.30480755,39.3969634,,,47.625,29.58333333,,
2024-03-12,,,6.91134447,30.2292585,,,38.625,19.625,,
2024-03-13,,,7.44491968,40.79779784,,,53.39130435,25.7826087,,
2024-03-14,,,11.71263246,43.49379961,,,39.16666667,19.29166667,,
2024-03-15,,,8.02467294,37.41768028,,,47.43478261,24.30434783,,
2024-03-16,,,9.27363816,38.64470709,,,55.54166667,30.33333333,,
2024-03-17,,,1.85829587,29.69927926,,,39.25,23.29166667,,
2024-03-18,,,12.95308643,34.56578644,,,50.91666667,26.08333333,,
2024-03-19,,,17.6869103,57.72920233,,,51.13043478,23.17391304,,
2024-03-20,,,18.86929727,55.34018601,,,61.41666667,30.25,,
2024-03-21,,,17.06132314,44.86134491,,,50.66666667,23.25,,
2024-03-22,,,18.72851335,52.14112474,,,59.375,28.70833333,,
2024-03-23,,,10.18316629,34.55871373,,,57.79166667,31.625,,
2024-03-24,,,4.35428248,29.67703806,,,49.125,26.625,,
2024-03-25,,,3.73560745,27.13875998,,,43.79166667,22.875,,
2024-03-26,,,9.07077929,33.04402536,,,43.95833333,23.58333333,,
2024-03-27,,,5.86347525,40.60109148,,,56.5,31.875,,
2024-03-28,,,1.45662037,19.89724183,,,43.2173913,26.08695652,,
2024-03-29,,,1.69722151,15.50092648,,,42.25,24.16666667,,
2024-03-30,,,3.30239852,23.67000291,,,45.66666667,29.66666667,,
2024-03-31,,,3.32152837,33.75243375,,,47.20833333,31.16666667,,
2024-04-01,,,14.97255281,58.95948604,,,52.2173913,23.3,,
2024-04-02,,,13.09391045,48.38451949,,,48.875,25.70833333,,
2024-04-03,,,16.18869921,53.76869716,,,47.375,22.25,,
2024-04-04,,,22.98727551,58.28994097,,,38.60869565,22.47826087,,
2024-04-05,,,13.18867576,44.9025891,,,39.56521739,18.47826087,,
2024-04-06,,,8.5541392,40.831165,,,36.70833333,17.95833333,,
2024-04-07,,,3.86745183,23.41676543,,,25.25,10.79166667,,
2024-04-08,,,11.78871321,37.79611411,,,36.25,17.56521739,,
2024-04-09,,,10.87897098,47.27876993,,,52.16666667,24.75,,
2024-04-10,57.78491328,42.17961197,11.7454133,45.02067368,28.24371931,0.0,56.08333333,27.91666667,28.24371931,2.49949281
2024-04-11,145.22419705,62.20109028,14.45604361,47.48409394,25.11011806,0.0,59.125,29.79166667,25.11011806,1.68426293
2024-04-12,70.60213821,60.488,11.23655527,39.65232358,25.72265278,0.0,55.0,29.54545455,25.72265278,1.80316345
2024-04-13,96.59226208,61.54163194,6.70114734,35.83951601,25.85477778,0.0,63.04347826,36.41666667,25.85477778,2.24633102
2024-04-14,96.381924,63.87430556,0.74264653,22.3612079,25.20815972,0.0025,63.20833333,36.70833333,25.20815972,1.97686794
2024-04-15,73.68400891,66.85619445,11.1551735,60.07357431,24.87361111,0.01,66.79166667,38.04166667,24.87361111,1.68314124
2024-04-16,53.94691015,66.37963194,10.62861512,41.00408859,25.38276389,0.02333333,58.70833333,32.20833333,25.38276389,1.77356382
2024-04-17,70.53063797,69.58797222,9.48296668,49.4850203,24.29173611,0.0,51.16666667,26.08333333,24.29173611,1.8625383
2024-04-18,140.71744873,72.98345833,14.05636,58.65213214,22.43544444,0.13375,44.08333333,22.0,22.43544444,1.13911083
2024-04-19,221.03293117,80.09511806,22.25000377,61.16386008,20.75359028,0.34041667,57.75,29.04166667,20.75359028,0.89189802
2024-04-20,155.0690992,73.80068056,12.81455922,47.44170054,21.90929167,0.115,33.29166667,15.66666667,21.90929167,1.15482047
2024-04-21,160.25060566,76.85518056,4.69194945,31.33001933,21.62044444,0.27458333,27.82608696,14.2173913,21.62044444,1.08372365
2024-04-22,194.98380315,86.13242361,11.45338662,59.65834207,20.08296528,0.37125,34.73913043,18.95238095,20.08296528,0.76111163
2024-04-23,155.40392551,79.52315972,35.92877105,65.57233096,21.78245139,0.10041667,56.08333333,27.95833333,21.78245139,0.71646455
2024-04-24,146.35025624,72.96411806,16.54655298,47.91100313,24.05099306,0.11583333,38.79166667,16.91666667,24.05099306,1.26469497
2024-04-25,149.69150922,70.15249306,15.30690325,52.95530975,23.24654861,0.075,36.125,15.16666667,23.24654861,1.53310555
2024-04-26,146.41397928,82.32871528,22.5439816,56.39384901,21.24708333,0.26958333,42.63636364,20.72727273,21.24708333,1.00596881
2024-04-27,158.27504424,79.63347222,34.31953281,51.089929,21.56359028,0.1125,46.16666667,22.08333333,21.56359028,0.88984937
2024-04-28,141.68260153,79.46563889,17.51534533,36.2056667,21.3029375,0.14083333,31.17391304,15.2173913,21.3029375,0.86217046
2024-04-29,86.68282161,71.89539969,22.15045823,39.99495189,22.90194753,0.00375,27.0,10.85714286,22.90194753,1.48933651
2024-04-30,64.60176487,74.5910625,12.86956976,40.42565886,23.279875,0.03125,29.75,13.25,23.279875,1.52608863
2024-05-01,133.37633539,72.44195833,5.17357036,27.3268238,23.93158333,0.0475,25.875,12.58333333,23.93158333,1.24815354
2024-05-02,159.39355633,84.36830848,19.50918477,60.8787367,20.96684503,0.29625,41.91666667,19.45833333,20.96684503,0.8860799
2024-05-03,205.93462674,78.59175,27.57484397,51.28067664,22.23570833,0.25916667,51.75,20.54166667,22.23570833,0.87294124
2024-05-04,176.43162456,83.1346875,8.69103626,41.14660291,21.10619444,0.86458333,21.59090909,9.31818182,21.10619444,0.87306264
2024-05-05,82.31606739,70.20028472,3.75737782,27.68918197,23.57370139,0.0,18.58333333,8.26086957,23.57370139,1.28496414
2024-05-06,106.59231322,71.49850695,26.73675221,41.10762387,24.32093056,0.06375,31.65217391,11.27272727,24.32093056,1.47751245
2024-05-07,154.3192955,73.19311111,17.48546181,39.66449492,24.03009028,0.295,32.33333333,14.20833333,24.03009028,1.25642227
2024-05-08,186.84129872,77.68865278,15.41417226,46.43186963,22.55439583,0.37625,28.72727273,14.0,22.55439583,1.05384887
2024-05-09,176.96722043,85.91074306,17.65189302,47.93090112,20.88228472,0.41666667,30.23809524,16.04761905,20.88228472,0.72185408
2024-05-10,135.89404479,78.17334722,38.63311669,48.79460235,21.94990972,0.075,45.39130435,19.73913043,21.94990972,0.94585994
2024-05-11,167.91692518,77.66245139,46.74149096,59.71356912,22.36218056,0.09833333,38.91666667,20.58333333,22.36218056,0.80634265
2024-05-12,136.80143846,81.61872917,13.72653182,37.75687128,21.62465278,0.26916667,25.52380952,13.85714286,21.62465278,0.80452798
2024-05-13,185.55458783,66.96015278,18.31666712,28.43288061,24.05218056,0.0,31.04166667,13.33333333,24.05218056,0.78183208
2024-05-14,142.20644856,79.33528472,29.9509139,44.00005491,22.7519375,0.5475,38.47826087,16.60869565,22.7519375,1.02941181
2024-05-15,165.50827332,82.48770833,14.72178532,44.427626,21.76795139,0.62125,29.55,15.55,21.76795139,1.21337389
2024-05-16,177.46220033,80.47677083,35.13762039,45.77235714,22.22210417,0.07916667,38.625,20.75,22.22210417,0.65644359
2024-05-17,140.82930603,73.93607639,19.51179727,36.97575191,23.90840972,0.00833333,32.04166667,16.16666667,23.90840972,1.59610301
2024-05-18,34.41623793,68.04084028,8.408392,30.33726288,24.93995833,0.00041667,24.66666667,12.29166667,24.93995833,2.3408638
2024-05-19,131.9335928,62.21743056,7.56961805,29.64747324,25.05963889,0.0,22.625,10.33333333,25.05963889,1.26697695
2024-05-20,148.85540632,72.35754167,30.58597014,43.92423944,23.83258333,0.23208333,37.08333333,16.79166667,23.83258333,0.91480653
2024-05-21,147.86450753,82.19639583,20.5745198,39.63610212,22.12866667,0.92541667,26.95454545,12.72727273,22.12866667,1.17756519
2024-05-22,136.27907748,79.24244444,34.51178544,43.88979638,22.79981944,0.01916667,49.375,23.5,22.79981944,1.21525332
2024-05-23,147.5749882,76.82677083,20.98004996,44.72339553,22.78150694,0.46166667,29.04347826,14.43478261,22.78150694,1.03569305
2024-05-24,133.15760209,76.84461806,15.6605695,41.12277925,23.11288194,0.13208333,27.13043478,15.82608696,23.11288194,1.70896424
2024-05-25,86.93843976,78.01321528,14.99981591,36.60852121,22.56013889,0.05125,27.54545455,15.13636364,22.56013889,1.63942733
2024-05-26,201.54991428,70.40580556,15.02331698,29.93432453,23.56895833,0.00416667,29.52173913,15.56521739,23.56895833,1.15452158
2024-05-27,145.64785592,78.92213194,20.05843104,37.90222575,22.20952083,0.25416667,35.125,17.375,22.20952083,0.93919809
2024-05-28,191.80430766,75.30232639,13.47813908,32.05314647,23.33576389,0.11291667,30.86956522,15.72727273,23.33576389,1.4407718
2024-05-29,103.63636427,81.136625,15.93933497,40.20004218,22.057,0.25833333,27.75,13.65,22.057,1.51602536
2024-05-30,146.94645462,80.2455625,27.24534814,48.51697375,22.13705556,0.23833333,32.69565217,17.17391304,22.13705556,0.93596266
2024-05-31,125.47276593,75.95054861,33.66886992,41.75984264,23.36084028,0.20291667,24.41666667,13.91666667,23.36084028,1.45570332
2024-06-01,117.34772147,62.34625695,11.37893433,29.97975474,26.11947222,0.00583333,26.16666667,11.82352941,26.11947222,2.06868874
2024-06-02,118.8663038,71.36583333,9.3025911,25.03752995,24.31172917,0.0975,18.35,9.5,24.31172917,1.05628177
2024-06-03,170.13542135,74.33754861,8.11135365,25.14039372,23.09375694,0.06541667,22.46153846,9.61538462,23.09375694,1.18817016
2024-06-04,124.92924849,84.71248611,47.78164136,47.65981482,21.71019444,0.32958333,33.20833333,18.70833333,21.71019444,0.88274898
2024-06-05,112.50831576,74.99701389,28.66049625,35.01910254,23.35070833,0.0,30.61904762,14.0952381,23.35070833,1.61964955
2024-06-06,59.645056,75.201,17.53848821,32.68118198,23.4280625,0.0,26.16666667,12.91666667,23.4280625,1.74164075
2024-06-07,70.22296173,70.12634722,21.00661937,34.22502393,23.83611111,0.01,29.7,14.05,23.83611111,2.29198091
2024-06-08,163.38600179,68.51399306,9.57366027,29.30166995,24.66135417,0.01416667,24.54166667,11.79166667,24.66135417,1.121929
2024-06-09,198.25757553,82.86370139,10.2725949,27.56083815,20.62850695,1.07833333,30.78947368,15.10526316,20.62850695,0.96719774
2024-06-10,154.66494817,77.92932639,14.4231678,31.92654522,22.0690625,0.12,32.56521739,18.56521739,22.0690625,0.91673471
2024-06-11,105.99785819,76.61688194,29.05563373,40.762036,22.7326875,0.12625,27.43478261,13.43478261,22.7326875,1.18976406
2024-06-12,23.61566576,66.51823611,20.94922114,28.27190726,24.32564583,0.0,23.43478261,11.63636364,24.32564583,2.21953871
2024-06-13,105.20490682,74.8553125,22.7643546,37.64107647,22.90602083,0.23458333,30.42105263,15.52631579,22.90602083,1.85394783
2024-06-14,152.74107669,81.42075,23.30868659,45.42925851,21.49242361,0.405,40.81818182,20.86363636,21.49242361,0.96629312
2024-06-15,131.36369548,79.59832639,12.36188781,41.71518575,21.27683333,0.53541667,21.47368421,12.47368421,21.27683333,1.43666842
2024-06-16,135.0378141,79.28999306,5.11381662,23.16997495,21.24153472,0.27291667,11.68421053,5.84210526,21.24153472,1.47896418
2024-06-17,57.09321915,67.59814583,15.90592593,32.27514016,24.0970625,0.0,24.04761905,12.28571429,24.0970625,1.94191186
2024-06-18,165.78834905,73.21797917,12.60998646,40.76345101,22.55882639,0.05083333,29.0,13.70833333,22.55882639,1.14397064
2024-06-19,204.64173599,75.18147222,25.26604551,52.85817813,21.54180556,0.05458333,45.625,23.17391304,21.54180556,0.81861244
2024-06-20,110.74109037,73.13079861,12.65436657,41.60234948,22.73411806,0.17958333,26.63636364,13.36363636,22.73411806,1.74076519
2024-06-21,78.98804386,72.62235417,12.09286724,33.63993853,23.44277778,0.04333333,19.625,10.33333333,23.44277778,2.12741605
2024-06-22,126.35346048,75.40334722,12.29274006,36.50045964,22.75951389,0.33,27.45833333,14.75,22.75951389,1.23218199
2024-06-23,192.0403412,78.37827083,11.11674134,31.3741486,21.42792361,0.20375,22.57894737,12.52631579,21.42792361,0.77687403
2024-06-24,109.36382816,72.478875,17.74945859,31.56755703,23.53850694,0.02125,23.625,11.29166667,23.53850694,1.60100099
2024-06-25,129.84324881,77.50358333,20.36601686,38.52579063,22.07255556,0.44875,23.13043478,12.65217391,22.07255556,1.15507988
2024-06-26,184.46548524,79.61420139,11.91408764,43.82746535,20.85908333,0.44,27.34782609,15.52173913,20.85908333,0.94107707
2024-06-27,142.59747011,82.74323611,39.54989889,53.72444314,20.71129167,0.30416667,32.13636364,19.5,20.71129167,0.92282554
2024-06-28,181.73710234,80.65425,14.84126205,43.03305271,20.61456944,0.19958333,23.14285714,11.76190476,20.61456944,1.1278491
2024-06-29,113.38587702,77.01130556,34.46295117,39.93410666,21.67632639,0.10791667,30.28571429,16.85714286,21.67632639,1.25882776
2024-06-30,113.67644272,76.53863195,10.07127859,27.51010515,22.20864583,0.365,18.83333333,10.52941176,22.20864583,1.30771721
2024-07-01,182.21641544,73.04842361,12.74190027,35.22798292,22.32845833,0.02708333,27.76190476,13.23809524,22.32845833,1.01001216
2024-07-02,117.57141937,79.21421528,18.69870345,49.8541495,21.515875,0.27333333,29.625,16.91666667,21.515875,0.96853079
2024-07-03,195.92131609,79.444125,24.98039049,46.95382614,21.60524305,0.19958333,32.26086957,15.95652174,21.60524305,0.71429827
2024-07-04,136.00998262,77.57200694,17.01039816,34.91361122,21.9795625,0.04791667,26.95652174,12.56521739,21.9795625,1.30875714
2024-07-05,186.16761532,81.9718125,20.42512459,20.12955209,20.28559722,0.24541667,31.59090909,14.95454545,20.28559722,0.84449867
2024-07-06,147.55311899,68.87984722,,,23.17136111,0.00208333,30.2173913,15.77272727,23.17136111,1.72321234
2024-07-07,147.34275678,64.82479861,,,24.27407639,0.0,29.72727273,13.86363636,24.27407639,1.20506762
2024-07-08,109.94053894,61.00995139,,,24.76018056,0.00625,29.04761905,10.52380952,24.76018056,1.91428722
2024-07-09,142.51417653,59.3438125,,,24.60229167,0.01458333,28.6,12.77777778,24.60229167,1.49751648
2024-07-10,52.4881114,64.64421528,,,24.55825695,0.0,23.65217391,9.04347826,24.55825695,2.23268177
2024-07-11,89.39184361,64.85055556,,,24.47732639,0.015,42.95833333,18.04166667,24.47732639,1.62111871
2024-07-12,137.64156843,73.70189583,,,22.02123611,0.10625,39.65217391,17.43478261,22.02123611,1.56497496
2024-07-13,141.3032413,63.32951389,,,23.69730556,0.0,34.7826087,16.52380952,23.69730556,1.63956672
2024-07-14,58.58111054,60.65113889,,,24.90721528,0.0,15.6,10.52941176,24.90721528,2.08366557
2024-07-15,106.64598466,63.42595139,,,24.73125694,0.0,22.625,10.45,24.73125694,2.04464928
2024-07-16,117.31672414,58.03721528,0.48256872,18.68601443,24.90446528,0.0,31.33333333,11.70833333,24.90446528,2.0016217
2024-07-17,141.52619455,57.91481944,11.72745595,35.68192061,24.92216667,0.0,36.69565217,13.86956522,24.92216667,1.4383049
2024-07-18,76.37305156,61.83474306,7.17170062,29.12830368,24.23102083,0.01,33.04166667,12.125,24.23102083,2.02213424
2024-07-19,84.41677784,67.374,12.52736977,33.08178782,23.27551389,0.00875,35.66666667,12.23809524,23.27551389,2.52678938
2024-07-20,54.65298183,60.34640278,9.13878567,22.54470181,24.48711111,0.0,22.7826087,11.84210526,24.48711111,2.19033731
2024-07-21,61.46159001,62.64285417,3.29847968,17.71319358,24.49046528,0.03125,15.5,8.83333333,24.49046528,1.96145001
2024-07-22,75.98632286,58.37983333,12.18475515,23.56647364,25.21814583,0.0,29.08695652,9.5,25.21814583,2.22487353
2024-07-23,148.02859183,60.21113889,11.01545017,34.52334579,24.49259028,0.0,40.91666667,15.66666667,24.49259028,1.5608232
2024-07-24,104.82315491,58.47128472,11.991276,33.30527651,24.88949306,0.0,38.79166667,20.14285714,24.88949306,2.1282164
2024-07-25,78.26122539,62.48482639,10.72783368,33.80723182,25.02738889,0.0,39.16666667,16.625,25.02738889,1.91667148
2024-07-26,73.13911325,65.66576923,8.87204817,33.48644205,24.33598237,0.09791667,37.45833333,18.45833333,24.33598237,1.90378788
2024-07-27,98.95409035,72.1188125,9.6327991,27.84337544,23.31485417,0.28916667,24.18181818,10.36363636,23.31485417,1.81587728
2024-07-28,88.16705326,68.96908333,10.63371024,16.55760028,23.69922222,0.00166667,19.20833333,11.71428571,23.69922222,2.16668752
2024-07-29,85.49377812,57.12060417,11.7439072,25.0547029,25.69340972,0.0,29.83333333,11.33333333,25.69340972,2.37792007
2024-07-30,145.73297071,53.52007639,15.6079802,28.35911872,24.80011111,0.0,36.91666667,14.83333333,24.80011111,1.63789639
2024-07-31,85.14943852,54.71716667,11.82608677,27.18758931,24.64041667,0.0,36.69565217,14.86956522,24.64041667,2.35895845
2024-08-01,113.43600682,54.44980556,15.06529107,34.19112149,24.23155556,0.0,40.33333333,15.04166667,24.23155556,2.12255655
2024-08-02,45.61286443,54.97614534,7.35037168,28.31620671,24.87170387,0.0,30.375,14.04545455,24.87170387,2.47799993
2024-08-03,72.40816145,66.74183978,10.44843707,33.75735911,23.36389435,0.055,25.40909091,13.14285714,23.36389435,2.09342109
2024-08-04,61.42766211,68.30349306,5.14984762,19.79291766,23.811375,0.18375,22.0952381,10.71428571,23.811375,2.1804866
2024-08-05,176.68796374,77.35087617,12.71831805,40.09080769,21.54998189,0.6026087,27.05,12.55,21.54998189,1.16065096
2024-08-06,134.16519244,79.11844321,21.8077406,44.74126927,21.16528115,0.17041667,31.34782609,18.08695652,21.16528115,1.09195199
2024-08-07,125.46161004,72.96899306,8.52626881,27.34681716,21.94384028,0.04333333,24.47058824,12.11764706,21.94384028,1.32598295
2024-08-08,91.37557795,73.65684722,20.97677027,36.33807738,22.85911111,0.015,35.76190476,18.33333333,22.85911111,1.89465146
2024-08-09,60.87004821,74.93004167,23.81774379,33.89190486,21.972,0.16583333,26.52380952,13.94736842,21.972,1.69548209
2024-08-10,114.64617097,76.55689583,29.6504597,31.64903727,22.008125,0.15208333,29.08695652,14.47826087,22.008125,1.52031966
2024-08-11,159.8357988,77.188625,14.89139995,28.82922338,21.22247917,0.1225,26.27272727,12.77272727,21.22247917,0.97823578
2024-08-12,107.53574027,68.39288889,24.13248346,33.55446161,23.42091667,0.14583333,34.83333333,16.04166667,23.42091667,1.23601534
2024-08-13,121.40019875,70.84375,13.29837947,31.90668639,22.58415972,0.11958333,31.85714286,12.71428571,22.58415972,1.36861606
2024-08-14,88.03787582,60.23042361,7.22987811,26.50843581,24.85901389,0.0,25.61904762,13.38095238,24.85901389,2.09188962
2024-08-15,108.89284271,58.14204167,12.39381245,35.08349836,25.12225,0.0,43.28571429,20.3,25.12225,2.07830066
2024-08-16,61.43155163,60.70550694,7.28054165,37.04891677,24.27370139,0.06458333,33.4,15.52631579,24.27370139,1.89192336
2024-08-17,106.74423083,54.97157639,6.47807005,32.36692276,24.38826389,0.02708333,25.56521739,11.13636364,24.38826389,1.80230641
2024-08-18,154.85653412,56.18603472,8.6508991,23.56944298,24.30091667,0.0,33.6,16.9,24.30091667,2.05213769
2024-08-19,95.75522126,58.48671528,3.24105729,21.97031428,24.51430556,0.0,24.375,13.25,24.51430556,1.9410976
2024-08-20,105.18393657,58.42715278,9.88875234,32.91654889,24.81357639,0.0,35.5,16.72727273,24.81357639,1.9260236
2024-08-21,115.42924349,61.97411111,9.21582021,35.64597013,24.79350694,0.0,45.0,20.38095238,24.79350694,1.83224404
2024-08-22,142.45278493,67.87530556,5.69088092,27.05326609,23.85781944,0.05,31.75,12.25,23.85781944,1.83842766
2024-08-23,90.91828376,71.79677083,10.55531577,30.87687598,22.99644445,0.08125,26.88888889,12.7,22.99644445,2.19293881
2024-08-24,178.9480521,77.50747917,14.02317688,34.28690312,21.5086875,0.26875,26.17391304,14.40909091,21.5086875,0.89184155
2024-08-25,82.14952771,74.48223611,13.34145309,27.59781978,22.07465278,0.08625,21.08695652,10.2173913,22.07465278,1.44376626
2024-08-26,140.28930841,67.69338889,9.33189687,31.77894291,23.13665972,0.00041667,42.7826087,19.26086957,23.13665972,1.15641852
2024-08-27,102.79963239,60.93965278,11.9801954,35.55999098,23.98895833,0.00625,38.625,18.875,23.98895833,2.39739927
2024-08-28,61.15731148,60.69250695,8.57114696,30.59502483,24.92841667,0.0725,32.52173913,15.91304348,24.92841667,2.45238733
2024-08-29,149.16416146,72.7635827,20.90752813,46.28511446,22.12050505,0.05958333,39.20833333,18.83333333,22.12050505,1.02235178
2024-08-30,139.29214518,56.917375,18.54602896,40.3105859,24.26567361,0.0,50.17391304,22.04347826,24.26567361,1.85067472
2024-08-31,122.854014,62.88243582,7.36372748,42.23592077,23.61716201,0.0,53.125,29.82608696,23.61716201,1.26338221
2024-09-01,150.23966188,76.88492361,4.89178675,31.64797405,20.92316667,0.85,24.1,12.0,20.92316667,1.22080535
2024-09-02,155.7393164,71.20097917,7.18306183,46.16747292,22.7239375,0.06208333,46.94736842,25.78947368,22.7239375,1.1707291
2024-09-03,144.19024762,71.19459722,5.94566258,37.17002298,23.26322222,0.15583333,38.125,22.58333333,23.26322222,1.47703679
2024-09-04,95.84363779,65.24388194,6.91776906,32.85093079,24.69490972,0.03625,34.17391304,18.52173913,24.69490972,2.20124148
2024-09-05,125.83532243,67.30477083,7.40961011,33.493438,24.05915972,0.26916667,27.82608696,13.56521739,24.05915972,1.52060935
2024-09-06,110.33598729,61.16875694,8.02968685,33.50004298,25.14711111,0.0,40.52173913,22.30434783,25.14711111,1.65182666
2024-09-07,52.31661522,64.48335417,3.84893249,35.11516075,24.25177778,0.03166667,25.63636364,13.86363636,24.25177778,2.17923043
2024-09-08,106.4815896,59.12021528,3.53745229,24.58944652,24.55302778,0.0,28.61904762,19.71428571,24.55302778,1.87571779
2024-09-09,132.94199674,52.00682093,11.26134864,42.20342285,25.30822768,0.0,44.7,22.5,25.30822768,1.95209825
2024-09-10,123.79336322,60.29909028,10.04543375,39.61771316,24.31854861,0.0,43.08333333,20.75,24.31854861,1.89550295
2024-09-11,49.97856993,60.23519444,8.77189647,34.90535289,25.44734722,0.0,36.29166667,17.91666667,25.44734722,2.23764707
2024-09-12,55.57144193,64.83067361,12.04438254,41.61864276,25.03229167,0.09833333,38.13636364,19.13636364,25.03229167,2.21213884
2024-09-13,90.84935916,66.48315404,12.68031128,41.96990814,23.80854987,0.1625,30.66666667,15.22222222,23.80854987,2.0107135
2024-09-14,110.72979412,67.80611111,8.56345555,47.28838608,24.54327778,0.0,40.65,21.05,24.54327778,1.66850124
2024-09-15,99.4484625,59.41854861,1.99691068,23.01295203,26.35420833,0.00041667,27.2,13.6,26.35420833,2.19891498
2024-09-16,101.48727628,61.42043056,11.59925337,43.65030587,25.43009722,0.07625,44.28571429,19.33333333,25.43009722,1.72124576
2024-09-17,133.00769951,62.87918056,6.52283936,40.00385195,24.17225694,0.185,30.90909091,13.90909091,24.17225694,1.66566754
2024-09-18,104.05640073,57.50305556,10.03151993,43.97899105,25.73263889,0.0,34.90909091,18.59090909,25.73263889,2.13009649
2024-09-19,55.43503697,62.15428472,6.93367069,43.47121449,25.43075694,0.00125,37.71428571,18.52380952,25.43075694,2.0127489
2024-09-20,149.70797661,66.87214583,11.14432385,50.46175766,23.27240972,0.02875,42.0,21.61904762,23.27240972,1.82975923
2024-09-21,139.46814555,68.70718056,11.86795417,50.59135991,22.89486806,0.02041667,38.95652174,21.34782609,22.89486806,1.4339198
2024-09-22,165.10851605,76.38349846,6.1695739,40.09021614,21.52933719,0.25375,29.1875,16.75,21.52933719,1.02716127
2024-09-23,92.23872649,71.27540972,11.43959068,51.85659911,22.49017361,0.07291667,27.13636364,13.72727273,22.49017361,1.44790806
2024-09-24,63.04766867,66.55967361,10.93705463,38.97310234,24.38406944,0.05333333,32.43478261,13.0,24.38406944,1.87300373
2024-09-25,159.53440994,72.68167361,11.64902466,50.45929162,22.82211111,0.14541667,37.75,17.9,22.82211111,1.2124611
2024-09-26,177.71921397,74.62279167,13.88908372,50.74744932,21.26254861,0.08333333,40.47619048,16.95238095,21.26254861,1.04351576
2024-09-27,208.49243908,75.83819774,25.95070064,56.87034789,21.00478618,0.1475,50.58333333,25.73913043,21.00478618,0.90590781
2024-09-28,210.3042868,74.30895139,25.09436732,43.91435558,20.96859028,0.13458333,48.58333333,23.08333333,20.96859028,1.25959893
2024-09-29,180.28119907,79.80078472,13.85757064,43.83689439,20.13413889,0.14625,23.82352941,14.05882353,20.13413889,0.87941924
2024-09-30,194.77208244,77.51785494,31.6770113,56.7785506,20.96617542,0.02695652,49.8,23.38888889,20.96617542,0.83721624
2024-10-01,156.01571944,73.20279861,27.3684292,54.86706406,21.80981945,0.06583333,46.58333333,20.20833333,21.80981945,1.22533537
2024-10-02,108.02074082,74.97858333,14.24312816,48.27436688,21.84530556,0.06083333,29.875,14.16666667,21.84530556,1.71419806
2024-10-03,120.09819419,65.51435234,12.97707837,38.71404469,23.9072394,0.0,28.08333333,12.04347826,23.9072394,1.84356931
2024-10-04,83.41260353,71.08551389,14.40896188,46.31825853,22.6993125,0.09708333,31.16666667,13.66666667,22.6993125,1.55867944
2024-10-05,157.65358517,75.5051875,17.70290767,53.95332317,21.90102083,0.21166667,33.5,,21.90102083,1.02739225
2024-10-06,166.84455712,71.45779167,11.95461315,44.74359741,22.48440278,0.0,29.125,,22.48440278,1.02265664
2024-10-07,174.59744017,76.85836806,18.12922801,55.33552674,21.56211111,0.19166667,31.25,16.11111111,21.56211111,1.11001025
2024-10-08,161.66180414,83.4615,26.06908594,55.35048132,20.27803472,0.21208333,39.41666667,19.54166667,20.27803472,0.85496253
2024-10-09,163.50354535,73.15111111,17.53531678,43.88102265,21.87888889,0.00791667,36.375,14.70833333,21.87888889,1.50843032
2024-10-10,205.37709355,83.11340972,21.55234894,54.33891183,20.29359028,0.63416667,42.36842105,21.42105263,20.29359028,0.76660876
2024-10-11,119.85010993,66.94651389,22.50849054,40.25303716,23.52660417,0.0,35.91304348,16.56521739,23.52660417,1.78852181
2024-10-12,69.08144958,63.50327083,7.03568817,31.86667181,24.60095833,0.0,25.72222222,12.44444444,24.60095833,2.0626855
2024-10-13,184.95016371,65.39613194,4.84347493,26.53574946,23.91990278,0.09416667,23.56521739,10.36363636,23.91990278,1.1211735
2024-10-14,165.82798654,64.90624305,11.32807235,34.01646598,23.44340972,0.0,27.17391304,12.17391304,23.44340972,1.11882578
2024-10-15,154.38600885,71.183375,14.15396673,45.95353421,22.95188889,0.03166667,36.58333333,17.29166667,22.95188889,1.14840862
2024-10-16,174.31028666,75.69379167,22.07636065,49.06483463,22.25625695,0.055,41.13043478,18.82608696,22.25625695,1.12991805
2024-10-17,136.489835,73.53072222,19.28891493,48.7513162,23.16924306,0.10125,32.77272727,17.27272727,23.16924306,1.44378428
2024-10-18,141.13825496,70.07314583,11.46941167,42.20667562,24.48963194,0.00333333,39.47619048,18.28571429,24.48963194,1.77196695
2024-10-19,185.18591413,68.44992361,8.97886731,44.04902109,22.294875,0.03625,35.58333333,15.7826087,22.294875,1.22224573
2024-10-20,177.11113347,79.22535417,3.23182806,32.47588184,21.34711111,0.9075,22.0,13.33333333,21.34711111,0.93871699
2024-10-21,221.48362344,80.55974305,16.97055282,51.61496862,21.02718055,0.42375,41.5,18.04166667,21.02718055,0.91317718
2024-10-22,156.24582231,83.53324306,34.78908035,38.38902335,21.1075625,0.33291667,34.95833333,18.375,21.1075625,1.00484555
2024-10-23,75.10409098,73.23247917,29.57305058,24.78162805,23.15022222,0.00208333,25.83333333,11.41666667,23.15022222,1.36517587
2024-10-24,94.1826671,74.29357639,40.98738432,25.5309299,22.93989583,0.03541667,39.625,17.41666667,22.93989583,1.29659779
2024-10-25,117.05604964,64.4550625,31.20797064,30.54208155,25.07675694,0.01666667,31.77272727,15.22727273,25.07675694,1.88655867
2024-10-26,165.44838402,69.83526389,12.51509986,34.35353117,24.48229861,0.01333333,30.5,14.125,24.48229861,1.57815171
2024-10-27,27.5598435,74.71499306,3.08016972,24.89736957,23.84716667,0.00333333,20.54545455,10.45454545,23.84716667,2.07041889
2024-10-28,56.24667532,66.82372222,14.70598186,39.18183567,24.04383333,0.0,27.71428571,11.39130435,24.04383333,1.9632859
2024-10-29,36.84348496,66.83855555,15.55597156,46.79948186,23.88691667,0.0,32.375,13.95833333,23.88691667,2.06255873
2024-10-30,152.20384079,76.29091667,15.91482352,54.20065326,22.11004861,0.22166667,42.86956522,20.7826087,22.11004861,1.14725082
2024-10-31,183.15847094,73.39436806,10.00478453,44.16220112,22.14059028,0.00583333,38.41666667,18.0,22.14059028,1.13090458
2024-11-01,176.55425123,79.72191667,26.13336192,40.55069931,20.96329861,0.18125,36.40909091,16.45454545,20.96329861,1.04598799
2024-11-02,219.83857939,67.05334722,16.7272039,23.6541483,22.72534722,0.0,29.625,12.61904762,22.72534722,1.30341305
2024-11-03,251.22905069,69.83194773,10.97788661,20.55466555,22.30553436,0.11833333,25.90909091,10.7,22.30553436,1.40692336
2024-11-04,184.02820301,82.04538889,12.06526053,23.82976795,20.46090278,0.20916667,24.85714286,9.6,20.46090278,1.00790049
2024-11-05,167.47474766,73.67779167,21.91490964,32.96829731,22.03028472,0.05458333,28.29166667,12.0,22.03028472,1.51456006
2024-11-06,131.20290584,70.11021528,16.25562849,31.56142607,23.20390972,0.01333333,27.41666667,11.75,23.20390972,1.98353419
2024-11-07,186.28095022,78.00236111,25.85881398,44.82202801,21.41741667,0.31083333,41.08333333,17.79166667,21.41741667,0.99345546
2024-11-08,188.76870835,85.03790972,28.78923065,39.47589019,19.44064583,0.24916667,28.45833333,16.75,19.44064583,0.80945913
2024-11-09,234.67944839,78.16569445,17.38800756,28.4666475,20.68657639,0.12833333,26.7826087,14.05,20.68657639,1.08969539
2024-11-10,138.37972157,83.44384028,18.8332434,30.9567694,20.506875,0.38625,27.0,12.64705882,20.506875,1.04919293
2024-11-11,189.46694059,79.76636806,10.87519646,23.18825093,20.33502083,0.29666667,19.2173913,9.09090909,20.33502083,0.7829041
2024-11-12,126.57190067,72.45575,20.03387447,26.14904647,21.83729167,0.0475,24.65217391,10.34782609,21.83729167,1.42795531
2024-11-13,166.63746027,74.00547917,10.63782753,27.88263269,21.62559028,0.01041667,24.0,11.5,21.62559028,1.47638996
2024-11-14,183.95322497,78.60314444,30.13512926,29.59473211,20.57937778,0.41533333,27.47826087,13.39130435,20.57937778,1.21407413
2024-11-15,,,39.47781095,53.24045221,,,42.375,23.33333333,,
2024-11-16,,,23.73248912,38.19844916,,,31.375,16.0,,
2024-11-17,,,14.162682,25.13765488,,,20.69565217,11.34782609,,
2024-11-18,,,32.97857272,42.33263478,,,31.18181818,15.68181818,,
2024-11-19,,,49.34390726,48.78589756,,,54.79166667,25.0,,
2024-11-20,,,39.02209277,54.30944065,,,52.04166667,24.16666667,,
2024-11-21,,,19.86919917,47.71559624,,,31.72727273,18.27272727,,
2024-11-22,,,28.27341853,44.80698777,,,31.78571429,14.71428571,,
2024-11-23,,,25.61199928,37.01329766,,,28.08333333,15.16666667,,
2024-11-24,,,5.77672399,28.72774791,,,22.80952381,11.9,,
2024-11-25,,,21.50210114,37.74652896,,,29.04545455,14.04545455,,
2024-11-26,,,8.0558987,31.22666007,,,24.95652174,11.30434783,,
2024-11-27,,,15.23054122,43.05890851,,,24.2173913,11.52173913,,
2024-11-28,,,11.40656919,34.18414982,,,24.0,10.09090909,,
2024-11-29,,,11.69114931,37.95737125,,,27.33333333,14.58333333,,
2024-11-30,,,10.38155474,33.05924548,,,28.95833333,14.14285714,,
2024-12-01,,,7.25165077,27.18989283,,,26.375,15.54545455,,
2024-12-02,,,22.51022341,43.5436998,,,33.20833333,15.25,,
2024-12-03,,,17.90022235,36.53634435,,,35.13043478,16.2173913,,
2024-12-04,19.95855823,64.09881482,19.06805195,36.3929857,25.6747037,0.0,35.375,16.83333333,25.6747037,2.81046111
2024-12-05,105.24399075,70.0293125,16.88402343,36.07492802,23.41088195,0.03916667,34.125,15.33333333,23.41088195,1.49528525
2024-12-06,139.26941941,66.54170139,10.46697225,38.2106937,23.24229167,0.0,37.16666667,15.70833333,23.24229167,1.15573902
2024-12-07,33.2145663,63.10090278,7.05185235,31.81372202,22.62379167,0.0,25.83333333,12.83333333,22.62379167,2.20817512
2024-12-08,85.96291037,61.56015972,9.95849538,29.7743052,22.49083333,0.0,28.58333333,14.90909091,22.49083333,1.84262296
2024-12-09,87.38432769,67.75864583,14.84473677,38.43793227,23.07777083,0.0,36.45833333,15.375,23.07777083,1.67286261
2024-12-10,51.91580253,69.87197222,23.28181068,47.64200105,23.4185,0.00791667,37.75,17.16666667,23.4185,1.84249009
2024-12-11,88.9010522,70.08225,24.31534144,40.5279677,23.231375,0.00291667,41.73913043,20.30434783,23.231375,1.75316188
2024-12-12,114.11915311,67.22870139,13.15667341,35.12040243,22.95020139,0.0,39.875,20.0,22.95020139,2.02009016
2024-12-13,69.63515363,67.80875694,9.17944076,36.22307971,22.90440972,0.00541667,41.30434783,17.2173913,22.90440972,1.85528019
2024-12-14,73.47176685,70.92735417,8.94182304,34.34849869,22.38474306,0.17166667,44.875,28.0,22.38474306,2.07421913
2024-12-15,126.72340662,81.84695139,17.58992952,40.23004209,20.69561806,0.29916667,22.9047619,14.33333333,20.69561806,1.03355101
2024-12-16,40.8733046,78.58197917,8.84818766,34.90632068,21.46959028,0.06708333,27.375,13.91666667,21.46959028,1.9937926
2024-12-17,44.12194609,70.66972917,9.77389218,37.93292107,23.42567361,0.00166667,34.16666667,17.625,23.42567361,2.37963391
2024-12-18,76.42525205,67.55125694,10.13430569,37.66409597,24.28833333,0.0,32.91666667,17.29166667,24.28833333,1.91348117
2024-12-19,96.10342455,76.42289583,28.07992488,47.09539839,22.18411806,0.05583333,41.0,21.125,22.18411806,1.1829816
2024-12-20,209.25082347,75.97803472,56.70992542,50.34576298,22.06452083,0.22333333,59.60869565,29.86956522,22.06452083,0.70993714
2024-12-21,105.43932931,80.26366667,20.33370845,37.93417938,21.66384028,0.17333333,30.70833333,15.75,21.66384028,1.41063704
2024-12-22,53.22358111,73.49377083,9.17493135,25.48356734,22.92986806,0.04291667,20.77272727,12.59090909,22.92986806,1.88538681
2024-12-23,91.94118653,76.04214583,9.00330852,36.19420609,22.24953472,0.10208333,20.08695652,9.91304348,22.24953472,1.35364364
2024-12-24,189.72099353,79.08001059,25.77826198,37.39006903,21.61972902,0.07347826,40.66666667,21.85,21.61972902,0.77824619
2024-12-25,132.24376434,75.21452778,18.09441065,26.4528587,22.31346528,0.10458333,35.375,22.58333333,22.31346528,0.88777441
2024-12-26,200.77605766,84.05447917,28.78923463,33.61222935,20.90545139,0.35583333,32.82608696,17.30434783,20.90545139,0.75820586
2024-12-27,153.01854995,83.82343188,41.17025781,34.96785243,20.31488841,0.0326087,43.66666667,24.2,20.31488841,0.99768439
2024-12-28,78.80130059,76.71800694,21.48099009,33.71661038,21.82898611,0.05458333,30.875,16.08333333,21.82898611,1.32739551
2024-12-29,63.14142062,74.97670139,7.67374544,22.52591796,22.00845139,0.0,18.71428571,9.95,22.00845139,1.65471452
2024-12-30,108.19138978,82.85461111,24.69980385,38.75593937,20.59585417,0.1025,43.66666667,18.76190476,20.59585417,0.98044245
2024-12-31,37.31947304,76.33300694,14.0652289,23.19638391,21.46125,0.0,36.125,14.125,21.46125,1.82186787
2025-01-01,49.81726125,75.89236111,2.94281904,19.84334195,21.72975,0.0,36.54166667,20.04166667,21.72975,1.56975845
2025-01-02,97.84314224,77.16576389,18.01517874,28.80435245,21.92940278,0.02208333,34.58333333,15.41666667,21.92940278,1.30256555
2025-01-03,144.78408966,82.13427778,22.08617203,30.10528543,20.89833333,0.07875,39.91666667,16.16666667,20.89833333,1.00741845
2025-01-04,158.51487901,83.22336806,17.48993434,34.59462083,20.66765278,0.43625,38.16666667,19.33333333,20.66765278,0.76182768
2025-01-05,172.06530313,82.1965625,13.22328908,31.19694659,21.0446875,0.24666667,25.66666667,13.04166667,21.0446875,0.68970721
2025-01-06,104.2306095,75.40730556,10.11026846,23.35006933,22.68250694,0.0,23.45833333,11.17391304,22.68250694,1.46803693
2025-01-07,131.49271945,75.64327778,23.57707462,38.89863711,22.66515278,0.02708333,38.79166667,17.54166667,22.66515278,0.91363258
2025-01-08,95.75856841,71.071875,9.89150205,29.93520438,23.38140278,0.0,31.625,12.70833333,23.38140278,1.65176999
2025-01-09,133.51250183,74.48579861,16.40389397,38.72406152,22.45048611,0.04083333,41.625,16.66666667,22.45048611,1.49150855
2025-01-10,65.29797906,70.347,10.26926594,36.71645742,23.03538889,0.0,37.95652174,15.68181818,23.03538889,1.73638986
2025-01-11,28.03123632,70.30727083,5.35070513,26.74264391,23.68165278,0.0,35.16666667,15.91666667,23.68165278,2.45263658
2025-01-12,75.66105123,67.3643125,3.99141668,22.38206053,23.72186806,0.0,29.45833333,13.25,23.72186806,1.90913443
2025-01-13,62.23645944,63.94565575,15.42157992,36.5167958,23.5365372,0.0,40.41666667,16.60869565,23.5365372,1.86006769
2025-01-14,50.46828103,62.45934722,17.02163657,35.7578184,23.27628472,0.0,38.41666667,16.70833333,23.27628472,1.79046026
2025-01-15,93.08753789,63.19066667,15.16075044,37.78994633,22.88940278,0.0,40.75,17.25,22.88940278,1.94443916
2025-01-16,116.49057943,64.93672917,14.70765957,36.76701602,23.00697917,0.0,39.45833333,17.625,23.00697917,1.18742578
2025-01-17,93.86283737,65.76818056,13.47276976,33.39325305,22.83160417,0.0,32.14285714,14.31818182,22.83160417,1.70903795
2025-01-18,130.7029293,65.11888195,10.36825403,32.45397733,22.90635417,0.0,35.33333333,16.83333333,22.90635417,1.74429279
2025-01-19,130.36509887,67.83306945,4.48875129,33.74863198,22.57685417,0.01125,30.65217391,15.73913043,22.57685417,1.15916456
2025-01-20,130.41098361,65.24089583,17.43810965,34.47135237,22.629125,0.0,42.27272727,20.68181818,22.629125,1.37143296
2025-01-21,91.64520704,63.30459722,11.46528992,37.1596206,23.24401389,0.0,46.04545455,20.30434783,23.24401389,1.71005808
2025-01-22,99.17684479,63.61255556,14.16634431,35.93095599,23.22109028,0.0,46.54166667,22.08333333,23.22109028,1.76582773
2025-01-23,125.5730016,61.596125,16.0950268,40.743202,23.05568056,0.0,48.33333333,22.66666667,23.05568056,1.76486195
2025-01-24,82.2020976,71.54443056,14.3991784,46.15331648,22.01585417,0.0,46.20833333,22.41666667,22.01585417,1.75861368
2025-01-25,37.86281177,70.87140278,6.94117931,33.46484598,22.96085417,0.0175,34.08333333,14.27777778,22.96085417,2.08788264
2025-01-26,65.36192988,70.84645833,2.5859739,25.75745459,22.95656945,0.0225,26.63636364,14.77272727,22.95656945,2.00918384
2025-01-27,60.71010505,67.89178472,11.54597947,36.33300181,23.84340278,0.0,31.125,14.58333333,23.84340278,1.90539993
2025-01-28,53.28431601,68.751375,9.95705456,30.18241673,23.99935417,0.0,28.63636364,13.18181818,23.99935417,2.06542368
2025-01-29,36.9271481,63.29529861,12.27958535,33.70092727,24.68894445,0.00166667,26.7826087,11.85714286,24.68894445,2.22839907
2025-01-30,105.86510071,63.1832197,10.31726736,32.45313473,24.66821212,0.02909091,29.83333333,15.60869565,24.66821212,1.66926648
2025-01-31,53.96210759,66.89278472,10.82106509,33.47622207,24.40833333,0.00791667,28.7826087,15.39130435,24.40833333,2.14590683
2025-02-01,33.73625181,66.97698611,6.88281213,31.52630259,24.50038889,0.0,32.34782609,17.26086957,24.50038889,2.06122359
2025-02-02,54.96622013,68.66520139,3.13689864,21.10139186,23.90073611,0.005,31.60869565,16.56521739,23.90073611,1.94887779
2025-02-03,49.9527683,70.96321528,8.80616459,37.00823653,23.34102778,0.0,40.0,18.83333333,23.34102778,2.00730082
2025-02-04,152.52804232,77.86763889,10.85182649,46.78513193,21.87534028,0.35583333,38.65217391,21.17391304,21.87534028,0.95193304
2025-02-05,153.72765782,81.62586806,16.73275059,50.39424581,20.91763889,0.10041667,54.25,28.83333333,20.91763889,1.00361933
2025-02-06,53.31637485,72.991,10.30666146,37.15921127,22.64897917,0.0,43.0,21.54166667,22.64897917,1.83420953
2025-02-07,150.50678029,76.18804167,20.02856496,45.90562832,22.23963194,0.35708333,56.46153846,30.54166667,22.23963194,1.17442013
2025-02-08,167.87002125,78.36713194,10.37406339,50.08010009,21.54479167,0.18166667,,26.79166667,21.54479167,0.8573694
2025-02-09,121.89596391,83.37374306,9.54908974,36.3962874,20.79170139,0.18875,,21.5,20.79170139,0.84075053
2025-02-10,108.42599165,78.86920833,26.58945593,43.02319992,21.65670139,0.235,52.25,25.82608696,21.65670139,0.9118082
2025-02-11,173.37014948,79.44535417,20.47171637,42.49131731,20.87170139,0.09875,37.5,19.29166667,20.87170139,0.83218799
2025-02-12,158.95156279,77.17634028,14.89110914,45.37583388,21.46284722,0.10041667,44.04166667,20.75,21.46284722,1.01222413
2025-02-13,182.56744772,78.88002083,24.05792525,46.03570237,21.40111806,0.26,43.36363636,22.0,21.40111806,0.7429916
2025-02-14,159.98301726,75.73788194,13.94220785,42.69261359,21.69746528,0.00875,47.66666667,23.33333333,21.69746528,1.03772884
2025-02-15,161.31426411,76.77659722,14.04746347,44.48073021,21.37994444,0.41708333,38.54166667,21.29166667,21.37994444,1.13368591
2025-02-16,157.89842775,79.4015,2.29481533,31.060506,20.75861806,0.28,23.66666667,14.95833333,20.75861806,1.08201976
2025-02-17,175.89350171,78.53970833,17.6088701,45.44353013,20.66140972,0.33083333,34.90909091,17.22727273,20.66140972,1.12612198
2025-02-18,133.55343639,76.7266875,10.96162245,43.38994893,21.74575,0.0775,40.82608696,20.08695652,21.74575,1.02129072
2025-02-19,108.35299259,76.50608333,17.42515303,38.12415996,22.43339583,0.02791667,36.65217391,20.08695652,22.43339583,1.5385196
2025-02-20,53.68269585,71.54921528,13.55699844,31.45073113,23.66211805,0.02208333,33.625,17.25,23.66211805,2.19362549
2025-02-21,71.85344251,73.94839583,13.5062006,36.46931556,22.71475,0.08041667,34.83333333,17.375,22.71475,1.63298746
2025-02-22,83.92135134,79.54451389,12.81741435,34.07682319,21.91949306,0.06166667,39.52173913,21.95652174,21.91949306,1.45816452
2025-02-23,26.72152484,75.8346875,3.30383614,22.46069997,22.92057639,0.025,18.90909091,9.8,22.92057639,2.17748961
2025-02-24,117.67586695,80.80075695,29.69987675,48.09885726,21.65132639,0.23,41.40909091,21.59090909,21.65132639,1.06951925
2025-02-25,160.10120372,81.5176875,32.55925011,44.44104986,21.32034028,0.12666667,50.70833333,29.75,21.32034028,1.23199661
2025-02-26,132.86263989,74.83620139,19.48656172,32.28638885,23.13225694,0.01208333,41.66666667,16.875,23.13225694,1.58052137
2025-02-27,102.31912611,72.47979861,15.61794995,36.60088011,23.44175,0.0,36.18181818,16.59090909,23.44175,1.42301936
2025-02-28,179.63110773,79.51462835,29.03534148,47.98543963,21.34830867,0.35666667,54.0,24.70833333,21.34830867,0.75481304
2025-03-01,218.34032285,75.26507639,37.7538358,48.16546522,22.26239583,0.02833333,60.43478261,28.39130435,22.26239583,0.7254793
2025-03-02,128.19497067,68.55442361,10.98635645,35.01711303,23.05049306,0.00083333,31.875,15.66666667,23.05049306,1.39346265
2025-03-03,112.77296644,76.14470833,20.77184556,44.2805731,22.07077083,0.46666667,43.58333333,21.34782609,22.07077083,1.22813443
2025-03-04,197.47026117,79.98175695,21.1911705,54.98239547,21.07878472,0.07958333,61.70833333,28.95833333,21.07878472,0.72490931
2025-03-05,152.52604662,78.58231944,20.35103642,44.24311196,21.9145625,0.03666667,53.70833333,29.75,21.9145625,1.08256593
2025-03-06,153.5971064,73.41945139,21.06007337,41.50793193,22.15947222,0.015,41.66666667,22.45833333,22.15947222,1.14283609
2025-03-07,70.76912291,73.13042361,23.71562118,38.638796,21.76121528,0.0,38.91666667,18.75,21.76121528,1.6356805
2025-03-08,146.89683548,69.07295833,28.70734408,46.77208978,23.16128472,0.0,39.95833333,20.625,23.16128472,1.13339357
2025-03-09,96.7287016,69.25323611,16.5105166,34.90115465,23.91459722,0.0,40.7826087,22.47826087,23.91459722,1.47764821
2025-03-10,142.06977634,67.25743056,30.85128269,43.73296921,23.4811875,0.0,50.83333333,24.95833333,23.4811875,1.52200876
2025-03-11,121.64941635,75.86454861,25.06027822,58.95561475,21.71985417,0.35958333,52.16666667,28.29166667,21.71985417,0.99691026
2025-03-12,123.73835053,74.88258333,15.58795934,44.024234,22.02072222,0.0,69.36363636,28.59090909,22.02072222,1.53649897
2025-03-13,141.99637376,77.20630556,27.32527387,56.82738025,21.43499306,0.34666667,50.66666667,24.45833333,21.43499306,0.79979136
2025-03-14,194.33245851,77.89303472,18.51024665,50.98130934,21.76129861,0.13333333,47.5,22.20833333,21.76129861,0.97368259
2025-03-15,69.34613406,72.06082639,17.13235116,44.96768101,22.93215972,0.00833333,53.91666667,28.58333333,22.93215972,1.69267938
2025-03-16,107.72730861,75.30149558,2.66525291,31.72092722,22.35905871,0.32041667,36.29166667,18.4,22.35905871,1.36555539
2025-03-17,177.62761778,78.48147917,16.88590019,35.1901799,21.97867361,0.07958333,55.45833333,25.88888889,21.97867361,1.35832317
2025-03-18,132.84701211,75.21027083,13.33668218,39.59394463,22.13631944,0.00041667,49.58333333,19.91666667,22.13631944,1.52137699
2025-03-19,35.01980068,68.42188195,16.38191445,31.70448826,23.62490278,0.0,33.70833333,13.58333333,23.62490278,2.39600722
2025-03-20,58.80727546,70.41360417,10.26584541,39.67827841,23.87241667,0.04916667,34.625,13.47826087,23.87241667,2.25244102
2025-03-21,143.95455921,69.94141667,11.60753686,30.82923188,23.40625694,0.14791667,31.54166667,11.29166667,23.40625694,1.86010731
2025-03-22,114.24376525,66.00497917,14.02187853,36.77363791,24.50879861,0.02583333,30.29166667,12.625,24.50879861,1.7960168
2025-03-23,63.00006716,64.64544444,11.41644471,36.82636807,24.7825,0.0,34.95833333,17.5,24.7825,1.68911983
2025-03-24,65.23980371,62.10504167,4.18550145,33.13569481,24.78527083,0.0,36.875,20.0,24.78527083,1.60263469
2025-03-25,125.92078817,73.48516667,13.48167299,50.47877215,22.67239583,0.00708333,61.45833333,30.08333333,22.67239583,1.35858269
2025-03-26,146.8631859,70.42615278,33.20724214,47.94771688,23.02534722,0.0,59.625,27.75,23.02534722,0.99228496
2025-03-27,145.88803491,76.52832639,33.09215757,61.8034213,22.096,0.48208333,55.125,27.70833333,22.096,0.91447623
2025-03-28,198.43638973,82.64029167,18.27161452,53.75564077,20.86446528,0.19416667,60.20833333,31.58333333,20.86446528,0.79668857
2025-03-29,173.60956357,79.47828472,27.64008571,55.50610189,21.3520625,0.08125,54.33333333,27.375,21.3520625,0.80124674
2025-03-30,197.38993617,76.98980556,23.87662459,45.95271936,21.71533333,0.04833333,51.29166667,25.20833333,21.71533333,0.98586683
2025-03-31,205.1152334,79.15628472,21.74829203,47.09820727,21.52144444,0.14625,46.06666667,20.2,21.52144444,0.75959256
2025-04-01,138.41756253,75.90494444,11.05504354,41.19293308,22.14349306,0.15166667,37.33333333,17.29166667,22.14349306,1.13060157
2025-04-02,131.58573213,78.26132639,20.17494277,57.0498459,21.85392361,0.11458333,40.875,20.45833333,21.85392361,0.99682842
2025-04-03,89.32561206,83.50925,24.7791928,64.4467995,21.27720833,0.27125,45.16666667,24.33333333,21.27720833,1.00943965
2025-04-04,213.72672099,81.86720833,19.73574269,52.39151752,20.90869444,0.47875,37.875,18.16666667,20.90869444,0.86153727
2025-04-05,171.59762818,76.42364583,13.79929351,39.62191277,22.04121528,0.0275,38.81818182,17.36363636,22.04121528,1.19000299
2025-04-06,187.20431244,80.40379861,19.36800342,43.91937686,21.07404167,0.12416667,34.08333333,17.41666667,21.07404167,0.8559242
2025-04-07,172.58503535,76.51602083,22.9238877,38.56799259,22.07518055,0.11875,38.91666667,18.0,22.07518055,1.08268113
2025-04-08,166.98149659,76.47336806,12.88063256,45.39718949,22.25117361,0.02208333,36.875,14.66666667,22.25117361,1.29980921
2025-04-09,144.54619077,76.74306944,27.35391569,41.68108615,22.32874306,0.11833333,39.95833333,17.33333333,22.32874306,1.22172724
2025-04-10,149.93787135,85.54963194,22.04444899,59.51353141,20.437125,0.79708333,29.33333333,20.66666667,20.437125,0.75763114
2025-04-11,169.39617498,78.06655556,11.5924402,36.7428688,21.357875,0.28958333,25.8125,11.88235294,21.357875,1.04316379
2025-04-12,60.63754256,72.86361806,17.95635745,38.45284933,23.24224306,0.14375,19.3,8.55555556,23.24224306,1.89797246
2025-04-13,50.64696948,66.43909722,8.4521578,29.51136283,24.86433333,0.02,23.33333333,11.76190476,24.86433333,1.77732123
2025-04-14,76.38483355,65.4125,10.75532812,38.69936218,24.67720833,0.1375,27.16666667,13.08333333,24.67720833,1.76102237
2025-04-15,95.98389637,65.57413194,17.52855908,40.36865532,25.00478472,0.0,38.0,16.83333333,25.00478472,1.69036592
2025-04-16,45.48051804,67.46740972,17.90204422,50.03882259,24.97121528,0.0,39.75,19.70833333,24.97121528,1.93676608
2025-04-17,99.19823488,75.42969444,4.07792358,34.13024619,23.27126389,0.07208333,26.26086957,16.52173913,23.27126389,1.77893597
2025-04-18,113.74147653,67.93852778,3.44398818,22.83878301,24.86593056,0.03291667,25.13043478,15.04545455,24.86593056,1.64927572
2025-04-19,168.71840569,70.36439583,6.12943837,22.85738121,24.08426389,0.07541667,21.9047619,8.0952381,24.08426389,1.47285102
2025-04-20,126.40169186,74.63425,13.61819272,33.48632799,21.80702083,0.09458333,25.0,11.05,21.80702083,1.10173253
2025-04-21,167.07304496,74.40927083,24.58861322,36.88483874,22.10485417,0.00541667,40.33333333,18.29166667,22.10485417,1.25199749
2025-04-22,156.60378069,79.392125,14.65806824,41.26517888,21.49529861,0.17791667,34.70833333,16.45833333,21.49529861,1.00981179
2025-04-23,125.53949498,72.81550694,20.70429112,36.23345662,22.80377083,0.01458333,32.70833333,14.17391304,22.80377083,1.41395721
2025-04-24,111.01315686,79.25419444,14.41126899,40.14303387,21.67193056,0.44916667,18.30434783,9.65217391,21.67193056,1.24813682
2025-04-25,186.05731163,78.61255556,18.91520696,47.60320853,21.25610417,0.21833333,45.16666667,20.54166667,21.25610417,0.94717013
2025-04-26,232.99115628,78.28398611,12.05976246,42.0739268,21.28914583,0.26291667,26.54166667,14.65217391,21.28914583,0.84881398
2025-04-27,70.17468521,79.6191875,8.76699928,39.26114808,21.32877778,0.28166667,23.56521739,11.0,21.32877778,1.23188272
2025-04-28,168.00874709,81.6833125,28.1866108,51.14084377,21.214375,0.34583333,32.19047619,15.95238095,21.214375,0.9482474
2025-04-29,158.22064776,84.00471528,20.43960332,47.54038783,20.67429861,0.57708333,38.86956522,16.47826087,20.67429861,0.91210514
2025-04-30,185.60579002,78.19910417,11.19856931,45.20211453,21.33525,0.20708333,42.66666667,18.16666667,21.33525,0.8806704
2025-05-01,166.89665494,84.34994444,17.66879987,38.59530647,20.64419444,0.08208333,38.0,19.45833333,20.64419444,0.90897346
2025-05-02,104.99543894,81.9460625,21.2610078,44.01019822,21.27467361,0.09125,38.41666667,18.58333333,21.27467361,0.96781385
2025-05-03,131.7652149,75.27071528,27.84262956,33.43680335,22.58292361,0.01833333,37.95652174,17.7826087,22.58292361,1.21268826
2025-05-04,78.17823805,80.35086806,7.30244935,28.90393439,21.57447917,0.10833333,24.25,12.04166667,21.57447917,1.43253088
2025-05-05,188.73349921,82.41704167,13.70030805,52.88129857,20.76023611,0.60208333,35.20833333,18.26086957,20.76023611,0.87587412
2025-05-06,146.09384371,83.85870833,12.56820168,53.7756685,20.1204375,0.37333333,34.16666667,19.38888889,20.1204375,0.83505009
2025-05-07,123.38874832,82.23771528,25.54450098,41.09544014,20.83791667,0.10166667,33.7826087,15.86956522,20.83791667,0.93426511
2025-05-08,107.06048184,84.05349306,23.9061355,40.72301895,20.55913889,0.34333333,33.2173913,17.33333333,20.55913889,1.21069074
2025-05-09,157.20866806,78.05634759,27.69495598,35.01798734,21.71694773,0.11708333,53.33333333,24.2,21.71694773,0.84981542
2025-05-10,154.92130844,64.7921875,17.62390744,33.77804899,24.16261111,0.0,29.2173913,15.82608696,24.16261111,1.65609014
2025-05-11,105.20285307,65.7224375,14.51577236,33.31843498,23.76072917,0.0,27.26086957,15.95238095,23.76072917,1.58912003
2025-05-12,101.79081609,63.800625,19.76079949,30.67181073,25.0233125,0.0,16.13333333,10.1,25.0233125,1.89394846
2025-05-13,176.52193052,70.89301389,29.68966572,44.29461089,23.38804861,0.00083333,32.17391304,18.04347826,23.38804861,0.85680783
2025-05-14,49.51148349,76.04053472,14.15316456,39.91108508,22.77813194,0.02583333,25.13043478,15.26086957,22.77813194,1.58798641
2025-05-15,190.29602615,86.66884127,26.30673268,38.27663482,20.06415079,0.71428571,27.33333333,21.66666667,20.06415079,0.89495289
2025-05-16,150.78652517,82.60830556,31.34954291,42.94547207,20.99990278,0.19708333,31.84615385,20.38461538,20.99990278,0.81813148
2025-05-17,139.31957497,81.46076389,13.19134002,29.27716335,21.0716875,0.45416667,21.0,14.7,21.0716875,1.18409017
2025-05-18,178.62358967,82.28095833,14.49420972,26.82285828,20.85653472,0.2425,23.47058824,15.35294118,20.85653472,0.75113389
2025-05-19,167.25325422,79.85941667,16.7076652,35.34197418,21.53861111,0.5725,20.3,12.25,21.53861111,0.9162641
2025-05-20,197.63678892,78.35527083,18.63547415,44.14683829,21.85552778,0.24791667,26.05,18.05,21.85552778,0.86938993
2025-05-21,150.7241016,77.80354167,24.35021073,33.52943442,21.95346528,0.17541667,23.75,13.8,21.95346528,1.17811327
2025-05-22,63.06690418,76.00247222,21.67682083,35.26801554,22.483375,0.04708333,22.10526316,12.88888889,22.483375,1.46141565
2025-05-23,128.82165895,72.09163889,14.85863821,34.82834472,24.11289583,0.0275,27.81818182,16.27272727,24.11289583,1.40168408
2025-05-24,98.16621073,67.82285417,14.61360811,22.67561599,24.49254167,0.04583333,32.0,21.4,24.49254167,1.92551778
2025-05-25,106.38701075,64.85895833,10.28785729,24.85994056,24.92568056,0.0,,,24.92568056,1.89448103
2025-05-26,27.47307699,72.68270703,12.9350055,32.61880682,23.49051637,0.00666667,17.45454545,10.5,23.49051637,2.40361256
2025-05-27,157.09781823,79.70985417,15.06728557,39.72695627,21.86713194,0.42083333,19.6875,13.5625,21.86713194,1.35885348
2025-05-28,189.17710312,73.36382639,28.66478353,33.74792516,23.47327083,0.10708333,38.68421053,21.0,23.47327083,1.08042451
2025-05-29,131.27940779,65.79584028,19.12986732,35.04919915,25.16845139,0.00416667,29.66666667,17.625,25.16845139,1.49961642
2025-05-30,55.85411088,70.84258333,14.69770024,34.62045518,24.016625,0.11041667,24.95238095,15.18181818,24.016625,1.97501246
2025-05-31,163.17785614,69.23890972,10.57687878,31.01189292,23.70867361,0.0,27.0,15.44444444,23.70867361,1.51286059
2025-06-01,44.22044329,75.76903472,3.77117982,18.54072552,23.00811111,0.00541667,13.52941176,9.41176471,23.00811111,1.8890419
2025-06-02,80.42236017,68.55677778,7.66730296,16.17100463,24.03129167,0.0,14.25,9.625,24.03129167,1.8626104
2025-06-03,124.81869806,67.29661111,14.72173979,29.12063192,24.05867361,0.00041667,20.3,11.14285714,24.05867361,1.58306128
2025-06-04,96.35504193,74.014625,17.93904366,33.57966059,23.23452778,0.08125,22.26315789,12.21052632,23.23452778,1.35385036
2025-06-05,155.86909523,75.84044444,16.27449182,33.42346728,22.93429167,0.13958333,31.27272727,19.0,22.93429167,0.95098038
2025-06-06,110.16136584,77.85916667,21.72690743,29.08607411,22.02558333,0.22083333,20.75,13.29166667,22.02558333,1.60346299
2025-06-07,128.42836376,65.32623611,17.17086844,25.28106234,23.81993056,0.0,22.76190476,14.38095238,23.81993056,1.65128889
2025-06-08,103.60081324,65.09283333,7.98406446,19.85013668,24.94926389,0.0,12.52380952,8.63157895,24.94926389,1.6348128
2025-06-09,54.97533573,78.22265972,22.37102302,39.77081606,22.53749306,0.17833333,21.14285714,13.61904762,22.53749306,1.7229771
2025-06-10,171.53885394,79.297625,17.52792214,40.60937373,21.94972917,0.3475,25.11764706,16.0,21.94972917,1.1023947
2025-06-11,154.07651962,81.99875,31.10211079,,21.15472917,0.06875,33.15384615,23.13043478,21.15472917,0.92468413
2025-06-12,186.12315277,79.77386111,50.89738031,42.10075321,21.31273611,0.22958333,33.33333333,26.13043478,21.31273611,0.73429755
2025-06-13,197.41936305,79.04488889,15.83715306,24.23987775,20.55209722,0.72416667,18.15789474,11.26315789,20.55209722,1.13084504
2025-06-14,183.72077335,83.18055556,29.27718396,32.4382025,19.99043055,0.27166667,28.57894737,19.05263158,19.99043055,0.77212318
2025-06-15,162.66670037,78.23165278,34.83176565,23.98741154,21.77596528,0.12875,28.3,17.85,21.77596528,0.93951651
2025-06-16,134.6817701,81.04807639,35.53757088,38.80073415,21.52491667,0.31625,31.76190476,21.33333333,21.52491667,1.06063352
2025-06-17,104.21650046,75.32097222,14.48783849,34.21927297,21.71104167,0.49041667,19.0,12.83333333,21.71104167,1.78274035
2025-06-18,110.79566458,66.60615278,19.6685914,36.01943521,22.87620139,0.07458333,25.4375,15.3125,22.87620139,1.40932669
2025-06-19,128.94405664,61.54463194,16.49488888,33.66194103,24.19475,0.00208333,23.7,15.55,24.19475,1.88583925
2025-06-20,107.22558739,64.95158333,13.82963105,34.07227022,24.33169444,0.03916667,18.95,11.75,24.33169444,1.74904668
2025-06-21,141.32996625,70.04945139,13.28303889,28.86699243,23.99525694,0.03166667,24.33333333,13.9047619,23.99525694,1.1462418
2025-06-22,126.44629167,85.72439583,9.25243526,28.11557354,20.64539583,0.50666667,15.28571429,10.21428571,20.64539583,0.97263867
2025-06-23,139.34175992,81.89793502,10.44850534,24.64406971,20.90909177,0.69041667,12.66666667,8.5,20.90909177,0.97726655
2025-06-24,164.52586288,86.60195833,37.03040811,38.60140787,19.95777778,0.1925,26.84210526,19.16666667,19.95777778,0.93051843
2025-06-25,199.48739687,70.31409722,46.41204909,39.23059622,22.05788889,0.00541667,37.11111111,23.22222222,22.05788889,0.75370885
2025-06-26,128.66584628,66.98005556,34.0549964,41.03568726,23.32147917,0.01791667,28.41666667,21.04545455,23.32147917,1.48627236
2025-06-27,98.97356098,74.29761111,14.70054764,43.01913759,22.80116667,0.16041667,23.38095238,14.80952381,22.80116667,1.41615428
2025-06-28,128.88249931,70.3244375,12.26241936,35.07763615,23.02695833,0.075,22.52380952,13.71428571,23.02695833,1.41948942
2025-06-29,115.55227196,71.94434028,13.08098778,29.30483611,22.87034722,0.0,23.77777778,14.88888889,22.87034722,1.80195726
2025-06-30,85.24635091,65.86074306,8.10310486,23.52661967,24.48832639,0.0,15.33333333,11.44444444,24.48832639,1.48574536
2025-07-01,66.61385312,65.905375,12.88471378,32.51835548,24.3253125,0.0,19.16666667,13.66666667,24.3253125,2.0199956
2025-07-02,135.60837213,62.04155556,11.6939481,29.45540005,24.28609722,0.00875,25.28571429,14.80952381,24.28609722,1.55823249
2025-07-03,80.23486607,68.30219444,24.48448243,39.10709926,23.39398611,0.04916667,20.28571429,13.5,23.39398611,1.95764
2025-07-04,73.137762,71.8221875,12.98207708,31.73122973,22.74284722,0.04958333,24.55555556,13.27777778,22.74284722,1.86974124
2025-07-05,143.53734501,72.25980556,8.54619386,26.53665761,22.16949306,0.0,22.5,14.61111111,22.16949306,1.29420944
2025-07-06,30.1736109,71.27240278,4.21856712,21.68775378,22.33164583,0.0,13.35294118,8.88235294,22.33164583,2.57711287
2025-07-07,102.49126673,66.82694116,14.14159898,32.60990525,23.51858589,0.03291667,23.63157895,15.84210526,23.51858589,2.11177638
2025-07-08,80.73541128,64.75167361,13.06042488,32.64616092,24.1851875,0.0,24.2,14.6,24.1851875,2.02415671
2025-07-09,56.82554101,70.6718125,19.61921294,35.64010164,22.85039583,0.11666667,21.72727273,14.13636364,22.85039583,2.05207985
2025-07-10,118.87755273,67.54350694,17.63191114,36.73090532,23.70945139,0.0,33.05,16.04761905,23.70945139,1.48664637
2025-07-11,50.1109121,71.56146528,13.36657432,30.92070213,23.15791667,0.06375,23.75,13.3,23.15791667,1.82723338
2025-07-12,106.96962906,67.55782639,15.55314918,28.33871144,23.6674375,0.01916667,23.625,13.75,23.6674375,1.91659203
2025-07-13,73.71146693,70.7536875,4.55359108,21.56122947,23.35879167,0.0,19.35,10.05,23.35879167,2.02562197
2025-07-14,41.82198731,67.07740278,10.42552302,25.01250075,23.85702083,0.02166667,18.6,9.94736842,23.85702083,2.292401
2025-07-15,117.44604705,61.3419375,12.4521737,33.2095125,24.34913194,0.0,36.45454545,16.85714286,24.34913194,2.02193008
2025-07-16,72.61324694,56.9699375,10.84266686,36.59123919,24.73013889,0.0,26.04347826,15.04545455,24.73013889,2.15115785
2025-07-17,126.49161618,59.32879861,9.04373659,25.00578518,24.62477778,0.03541667,27.82608696,14.7826087,24.62477778,1.95338432
2025-07-18,111.75218099,56.24914583,19.58638398,26.60523914,24.72884722,0.0,34.47826087,14.82608696,24.72884722,1.72943159
2025-07-19,125.03316805,55.7538125,13.74715466,24.40560167,24.44450695,0.0,39.91304348,18.26086957,24.44450695,2.07278489
2025-07-20,104.90040365,59.14740278,7.51596165,22.72646416,24.76991667,0.00333333,23.33333333,14.22222222,24.76991667,2.01194357
2025-07-21,57.61228444,66.65368056,16.69811544,35.45546934,24.34751389,0.03208333,26.19047619,14.23809524,24.34751389,2.00866011
2025-07-22,32.21948924,67.34654167,12.9213146,28.45870693,24.558,0.00291667,31.5,17.68181818,24.558,2.25984238
2025-07-23,52.44239079,66.36892361,11.8231361,28.38269513,24.55190278,0.0,28.875,15.17391304,24.55190278,2.33681992
2025-07-24,105.82110622,62.73213194,12.51540972,32.00358494,25.12638195,0.0,34.20833333,14.33333333,25.12638195,2.29630533
2025-07-25,146.73599081,74.12336806,23.50131828,36.48759128,22.31327778,0.36625,44.875,20.875,22.31327778,1.2532165
2025-07-26,107.08056874,81.001125,20.09139856,36.14805136,20.73650694,0.6,26.16666667,14.04166667,20.73650694,1.08315575
2025-07-27,152.33560351,69.32047917,11.73970005,24.97373602,22.69834722,0.07333333,25.40909091,12.68181818,22.69834722,1.28721595
2025-07-28,117.87813881,65.98461111,16.87311196,33.83136211,23.32509722,0.1975,,9.52631579,23.32509722,1.48808324
2025-07-29,124.07000977,67.82143056,15.03838329,31.42300717,23.17686111,0.09541667,,13.25,23.17686111,1.69073846
2025-07-30,113.13954158,66.86931509,17.49265641,30.42838144,22.90104343,0.1775,,10.60869565,22.90104343,1.74756328
2025-07-31,64.45866324,64.9430625,13.47316708,26.46963174,24.55586806,0.0,,11.20833333,24.55586806,1.90375304
2025-08-01,72.420649,66.49674306,15.26921627,24.98299615,24.87169444,0.04166667,38.08213842,10.58333333,24.87169444,2.2686875
2025-08-02,156.43321891,73.25913889,25.21355877,25.07439718,22.52699306,0.04916667,45.16735652,17.20833333,22.52699306,1.08320979
2025-08-03,136.18785132,67.74096528,13.20240571,20.44959698,23.26879861,0.05666667,36.91950435,10.45833333,23.26879861,1.83263145
2025-08-04,91.97757502,62.67715278,12.55726885,26.38371371,23.93352083,0.0,26.97716143,9.54545455,23.93352083,1.74017311
2025-08-05,106.1093674,58.71172917,27.35430906,28.68318747,22.91488889,0.0,24.78387222,14.875,22.91488889,1.57898407
2025-08-06,72.93885059,64.23312335,13.32658143,27.96681573,23.69107851,0.00166667,27.9,11.45833333,23.69107851,2.17512935
2025-08-07,163.31467992,78.20204167,18.81000947,24.64796297,20.40325694,0.22083333,34.44741429,15.08333333,20.40325694,0.8647879
2025-08-08,168.33755297,77.81690278,28.37141224,28.70705786,20.79042361,0.2125,30.15498462,19.25,20.79042361,0.85871736
2025-08-09,172.39828423,75.07889583,21.38577862,23.41867719,21.19231944,0.145,34.67078421,13.83333333,21.19231944,1.12458832
2025-08-10,211.20642312,80.99148721,32.12795556,22.24244751,20.36127814,0.36583333,29.46280222,17.70833333,20.36127814,0.67041601
2025-08-11,107.89522703,69.69321528,36.69839046,26.98579342,22.96770139,0.38833333,28.69586095,12.375,22.96770139,1.40027469
2025-08-12,74.07154864,67.58136806,29.90254483,22.75991921,23.5850625,0.0,27.61833176,11.625,23.5850625,1.89676411
2025-08-13,97.78235949,72.27729861,30.41861432,23.67548617,22.99782639,0.02041667,33.63400952,13.95833333,22.99782639,1.51982672
2025-08-14,100.25887814,70.73792361,,31.68252581,22.69847222,0.13666667,37.6733125,17.7826087,22.69847222,1.25420264
2025-08-15,168.11452137,79.84144444,16.60717647,50.88442578,20.83409028,0.29875,30.70308333,19.75,20.83409028,0.70904666
2025-08-16,134.20002891,76.809125,13.53538986,37.77225156,20.91103472,0.21,46.41970909,16.40909091,20.91103472,1.18698276
2025-08-17,152.87488738,80.66143452,17.82929103,37.39704092,20.86449802,0.29791667,32.64594286,17.95833333,20.86449802,0.90742381
2025-08-18,116.0480205,75.66391667,4.1817777,26.01274633,21.89140972,0.35041667,29.060236,9.39130435,21.89140972,1.06973374
2025-08-19,90.34169961,70.08526389,10.59873775,35.99155952,23.54295139,0.00041667,33.72769412,11.16666667,23.54295139,1.94902034
2025-08-20,182.06852107,69.64027083,17.29289285,40.33831572,23.7875625,0.0225,30.48785909,13.79166667,23.7875625,0.91666234
2025-08-21,128.64694409,70.519875,7.60284094,39.9950762,23.27234722,0.41,38.42327619,11.20833333,23.27234722,1.3989726
2025-08-22,175.44756415,82.32345139,15.77138812,54.23169732,20.60527778,0.52625,43.19358947,15.66666667,20.60527778,1.04880698
2025-08-23,187.82144486,76.28473611,11.08800592,40.12321755,22.17802778,0.09166667,35.92287059,17.70833333,22.17802778,1.18212834
2025-08-24,92.84512034,66.66588889,6.94920448,25.82500834,23.85561806,0.01333333,,10.0,23.85561806,1.57478568
2025-08-25,64.04269388,68.54536111,14.60746091,38.31305773,23.74538889,0.02833333,,11.73913043,23.74538889,1.80780662
2025-08-26,97.79566801,61.47639583,12.53223837,35.62445419,24.74310417,0.0,,12.625,24.74310417,1.99133723
2025-08-27,47.63793758,61.97627778,10.93138322,36.66616867,24.49827083,0.00166667,19.08333333,12.17391304,24.49827083,2.13287776
2025-08-28,77.19610817,56.89610417,20.42794515,41.40880465,24.443125,0.00541667,34.58333333,15.125,24.443125,1.88344721
2025-08-29,130.5688781,56.67922917,13.39623541,42.18301745,23.78572222,0.0,36.29166667,17.91666667,23.78572222,1.82820844
2025-08-30,74.3556704,64.44022222,8.47628615,39.0751582,23.94140972,0.01291667,34.95652174,19.08333333,23.94140972,1.93939589
2025-08-31,180.82575702,73.42990079,12.74313358,37.25704499,22.79249355,0.01583333,40.7826087,21.875,22.79249355,1.0537717
2025-09-01,98.05591667,73.02670833,14.50193375,33.387765,22.61379167,0.25166667,21.91666667,11.25,22.61379167,2.02666667
2025-09-02,162.93629167,69.50045833,10.38336792,36.36325292,23.172375,0.03541667,31.79166667,15.25,23.172375,1.28075
2025-09-03,100.92991667,71.439625,9.89073708,33.37151167,22.9285,0.27416667,20.66666667,11.375,22.9285,1.79041667
2025-09-04,74.806625,74.83308333,13.98788667,40.92139458,22.346,0.11208333,22.5,11.29166667,22.346,1.60454167
2025-09-05,37.53741667,58.711625,11.848725,32.82750958,16.15404167,0.00375,26.29166667,12.58333333,16.15404167,1.42558333
2025-09-06,154.303375,78.32325,12.45727542,40.74000375,21.12808333,0.30125,29.29166667,16.125,21.12808333,1.238375
2025-09-07,171.39,80.40975,6.80678167,30.52208792,20.30316667,0.66958333,14.45833333,8.875,20.30316667,0.99166667
2025-09-08,49.33725,65.31154167,14.81707625,32.43252333,19.5435,0.01875,17.875,9.41666667,19.5435,1.8035
2025-09-09,109.86908333,67.72545833,12.54443083,34.04943167,23.417625,0.0925,25.29166667,12.45833333,23.417625,1.741
2025-09-10,70.7815,64.858375,9.94946667,31.81020917,24.67091667,0.0,29.25,14.875,24.67091667,1.96908333
2025-09-11,75.27791667,64.855875,8.1223325,31.54414458,24.69658333,0.01916667,32.16666667,17.29166667,24.69658333,1.75491667
2025-09-12,92.65925,63.43208333,9.31472333,41.1641925,24.195625,0.0,40.625,21.16666667,24.195625,1.539375
2025-09-13,72.739625,64.10375,5.060845,25.93657583,24.538125,0.0,28.45833333,15.375,24.538125,1.94266667
2025-09-14,46.37079167,65.01458333,1.01815208,15.5916,24.74825,0.00041667,18.20833333,10.91666667,24.74825,2.1645
2025-09-15,62.18533333,59.43,5.69273083,22.96355083,22.10766667,0.00333333,22.0,12.375,22.10766667,1.97966667
2025-09-16,55.895875,64.35479167,7.88632417,32.29409625,24.3335,0.0,31.25,16.41666667,24.3335,1.68891667
2025-09-17,102.75795833,73.04379167,10.35267375,37.61102042,22.69308333,0.20083333,34.33333333,17.875,22.69308333,1.598
2025-09-18,147.26058333,82.65691667,18.55136417,51.15163167,20.28504167,0.1925,24.79166667,15.70833333,20.28504167,0.96658333
2025-09-19,22.63020833,30.61158333,14.45773708,49.44937333,7.899,0.02708333,30.95833333,17.875,7.899,0.71166667
2025-09-20,153.3215,71.49029167,10.89556292,40.7921225,22.37429167,0.00916667,24.375,12.75,22.37429167,1.19133333
2025-09-21,97.56204167,67.11945833,5.87509125,28.98419583,23.82079167,0.0,22.29166667,11.70833333,23.82079167,1.23308333
2025-09-22,65.85533333,68.13816667,7.81041917,32.54174958,23.91216667,0.0,20.33333333,9.83333333,23.91216667,1.91095833
2025-09-23,110.20416667,62.879625,11.24842792,30.18828917,24.81920833,0.03958333,25.33333333,13.54166667,24.81920833,1.85545833
2025-09-24,42.271625,32.79108333,8.44827625,35.57023917,9.116375,0.0,36.45833333,18.33333333,9.116375,0.47995833
2025-09-25,0.0,0.0,7.86600208,38.71615292,0.0,0.0,28.5,15.75,0.0,0.0
2025-09-26,0.0,0.0,30.642725,53.353865,0.0,0.0,54.79166667,30.41666667,0.0,0.0
2025-09-27,0.0,0.0,18.38156958,55.10535208,0.0,0.0,46.95833333,27.66666667,0.0,0.0
2025-09-28,0.0,0.0,13.63802792,37.11897,0.0,0.0,31.5,17.58333333,0.0,0.0
2025-09-29,0.0,0.0,16.30896,26.92165292,0.0,0.0,30.29166667,17.66666667,0.0,0.0
2025-09-30,0.0,0.0,0.0,0.0,0.0,0.0,30.79166667,15.29166667,0.0,0.0
2025-10-01,118.75616667,77.458375,0.0,0.0,19.66566667,0.38291667,35.79166667,17.95833333,19.66566667,1.075375
2025-10-02,122.88704167,72.35625,1.83916833,17.45177917,22.86358333,0.00708333,35.5,19.45833333,22.86358333,1.40183333
2025-10-03,139.78341667,72.36033333,11.00561333,42.70390083,22.279875,0.06166667,33.54166667,16.875,22.279875,1.383625
2025-10-04,158.84695833,77.70395833,14.85620583,45.81932917,21.62745833,0.17375,34.54166667,17.91666667,21.62745833,1.03745833
2025-10-05,163.48708333,73.14079167,3.81072417,29.59242458,22.37733333,0.26541667,21.20833333,10.95833333,22.37733333,0.974
2025-10-06,89.629875,74.81975,13.89328042,39.54422833,21.75754167,0.06125,17.79166667,8.45833333,21.75754167,1.57745833
2025-10-07,133.62058333,74.25183333,12.59542,41.78823708,22.50116667,0.05208333,36.625,18.5,22.50116667,1.182
2025-10-08,144.56808333,80.33116667,22.96231458,48.27064625,20.048375,0.10541667,42.83333333,23.125,20.048375,1.26983333
2025-10-09,151.508,75.03741667,28.68352125,50.09394208,21.21833333,0.34666667,51.95833333,25.41666667,21.21833333,1.1195
2025-10-10,213.28779167,79.596375,17.19326625,37.6628525,20.28658333,0.3425,32.70833333,16.41666667,20.28658333,1.0635
2025-10-11,154.04108333,74.51829167,21.32687083,43.062795,19.73983333,0.48583333,33.20833333,17.125,19.73983333,0.77566667
2025-10-12,0.0,0.0,6.80898208,35.489205,0.0,0.0,10.70833333,6.41666667,0.0,0.0
2025-10-13,0.0,0.0,10.96930292,27.96998167,0.0,0.0,17.33333333,9.41666667,0.0,0.0
2025-10-14,59.39266667,24.10504167,24.99055958,43.50308125,7.31754167,0.0,38.375,17.20833333,7.31754167,0.50054167
2025-10-15,198.44466667,78.28558333,22.77805292,48.45299958,20.64154167,0.60875,42.08333333,21.875,20.64154167,0.732125
2025-10-16,147.629125,76.51908333,19.92386417,38.0154675,21.01725,0.03375,33.25,16.41666667,21.01725,1.12545833
2025-10-17,177.90895833,75.73908333,26.70037333,48.74488083,21.218125,0.05291667,37.25,18.83333333,21.218125,1.179375
2025-10-18,100.46295833,72.599125,16.42434583,43.36967833,22.393,0.00083333,31.29166667,15.25,22.393,1.200875
2025-10-19,74.10666667,68.158375,9.0914075,31.59017542,23.34720833,0.0,20.25,10.45833333,23.34720833,1.56775
2025-10-20,191.08970833,77.49679167,8.19147708,37.57240083,21.39483333,0.9825,26.75,15.0,21.39483333,0.86554167
2025-10-21,227.29983333,77.25245833,20.0685025,45.99329583,21.48804167,0.03208333,39.625,20.25,21.48804167,0.793625
2025-10-22,191.67479167,83.03483333,29.22776583,51.52787333,20.562875,0.27,44.375,23.33333333,20.562875,0.954375
2025-10-23,140.37895833,82.48541667,41.20723875,54.22429708,20.32083333,0.23166667,48.875,25.625,20.32083333,0.854875
2025-10-24,222.47541667,81.60083333,39.49411208,49.50571458,20.67658333,0.14666667,57.91666667,27.83333333,20.67658333,0.81966667
2025-10-25,173.107,77.31479167,10.2953425,32.36023875,21.94520833,0.23833333,31.75,15.375,21.94520833,1.11308333
2025-10-26,120.82995833,77.794625,5.73890708,29.198545,22.41520833,0.06333333,17.70833333,8.91666667,22.41520833,1.13845833
2025-10-27,212.12583333,76.873875,15.45240583,23.31463417,21.34383333,0.31,26.25,12.58333333,21.34383333,0.98158333
2025-10-28,168.72441667,75.17775,18.69358125,37.76544375,22.14804167,0.03333333,42.5,17.875,22.14804167,0.98866667
2025-10-29,61.89220833,73.13716667,12.33700583,33.38880833,23.687625,0.0,28.25,13.5,23.687625,1.73795833
2025-10-30,82.12654167,73.60216667,9.99183875,30.87116667,21.51433333,0.01708333,24.125,11.66666667,21.51433333,1.63258333
2025-10-31,40.77708333,70.82025,11.07882292,34.58926958,23.14091667,0.00791667,23.41666667,10.54166667,23.14091667,1.77475
