Fecha,CO,O3,PM10,PM2.5
2008-01-01,,,62.76026043,
2008-01-02,,,54.59503542,
2008-01-03,,,49.41595625,
2008-01-04,,,49.10053042,
2008-01-05,,,49.01913042,
2008-01-06,,,41.8660975,
2008-01-07,,,44.93895167,
2008-01-08,,,68.50427292,
2008-01-09,,,63.84412208,
2008-01-10,,,69.14529708,
2008-01-11,,,59.42816708,
2008-01-12,,,50.06715708,
2008-01-13,,,38.54904542,
2008-01-14,,,50.63695792,
2008-01-15,,,67.92429833,
2008-01-16,,,76.05413042,
2008-01-17,,,72.56410333,
2008-01-18,,,68.92144833,
2008-01-19,,,78.882785,
2008-01-20,,,,
2008-01-21,,,,
2008-01-22,,,,
2008-01-23,,,,
2008-01-24,,,,
2008-01-25,,,,
2008-01-26,,,,
2008-01-27,,,,
2008-01-28,,,,
2008-01-29,,,,
2008-01-30,,,,
2008-01-31,,,,
2008-02-01,,,,
2008-02-02,,,,
2008-02-03,,,,
2008-02-04,,,,
2008-02-05,,,,
2008-02-06,,,,
2008-02-07,,,,
2008-02-08,,,,
2008-02-09,,,,
2008-02-10,,,,
2008-02-11,,,,
2008-02-12,,,,
2008-02-13,,,,
2008-02-14,,,,
2008-02-15,,,,
2008-02-16,,,,
2008-02-17,,,,
2008-02-18,,,,
2008-02-19,,,,
2008-02-20,,,,
2008-02-21,,,,
2008-02-22,,,,
2008-02-23,,,,
2008-02-24,,,,
2008-02-25,,,,
2008-02-26,,,,
2008-02-27,,,,
2008-02-28,,,,
2008-02-29,,,,
2008-03-01,,,,
2008-03-02,,,,
2008-03-03,,,,
2008-03-04,,,,
2008-03-05,,,,
2008-03-06,,,,
2008-03-07,,,,
2008-03-08,,,,
2008-03-09,,,,
2008-03-10,,,,
2008-03-11,,,,
2008-03-12,,,,
2008-03-13,,,,
2008-03-14,,,,
2008-03-15,,,,
2008-03-16,,,,
2008-03-17,,,,
2008-03-18,,,,
2008-03-19,,,,
2008-03-20,,,,
2008-03-21,,,,
2008-03-22,,,,
2008-03-23,,,,
2008-03-24,,,,
2008-03-25,,,,
2008-03-26,,,,
2008-03-27,,,,
2008-03-28,,,,
2008-03-29,,,,
2008-03-30,,,,
2008-03-31,,,58.67991262,
2008-04-01,,,49.49735704,
2008-04-02,,,51.95970821,
2008-04-03,,,79.85958388,
2008-04-04,,,84.84534246,
2008-04-05,,,88.66096708,
2008-04-06,,,72.98127883,
2008-04-07,,,71.71957963,
2008-04-08,,,78.86243783,
2008-04-09,,,118.99267579,
2008-04-10,,,130.75498992,
2008-04-11,,,87.99959613,
2008-04-12,,,85.27269267,
2008-04-13,,,94.145294,
2008-04-14,,,86.67684325,
2008-04-15,,,59.50956771,
2008-04-16,,,60.91371938,
2008-04-17,,,80.33781525,
2008-04-18,,,85.54741929,
2008-04-19,,,127.10216008,
2008-04-20,,,52.38706054,
2008-04-21,,,87.68417208,
2008-04-22,,,120.66138113,
2008-04-23,,,131.57916383,
2008-04-24,,,109.60114317,
2008-04-25,,,108.63451708,
2008-04-26,,,79.23891179,
2008-04-27,,,53.59788625,
2008-04-28,,,87.7655725,
2008-04-29,,,66.62189942,
2008-04-30,,,103.54701063,
2008-05-01,,,47.42165471,
2008-05-02,,,54.45258729,
2008-05-03,,,56.30443879,
2008-05-04,,,39.81074792,
2008-05-05,,,43.50427604,
2008-05-06,,,50.78958392,
2008-05-07,,,95.14245271,
2008-05-08,,,74.2328065,
2008-05-09,,,71.01750463,
2008-05-10,,,115.68579792,
2008-05-11,,,52.173386,
2008-05-12,,,48.49003058,
2008-05-13,,,48.0728565,
2008-05-14,,,67.01872429,
2008-05-15,,,60.52706813,
2008-05-16,,,58.78714171,
2008-05-17,,,57.52544033,
2008-05-18,,,41.57102367,
2008-05-19,,,70.64102892,
2008-05-20,,,52.64143475,
2008-05-21,,,76.59341079,
2008-05-22,,,125.15873358,
2008-05-23,,,71.38380479,
2008-05-24,,,68.08710029,
2008-05-25,,,33.31909046,
2008-05-26,,,48.11355538,
2008-05-27,,,57.65771488,
2008-05-28,,,42.13065,
2008-05-29,,,71.52625267,
2008-05-30,,,79.54416121,
2008-05-31,,,131.95564029,
2008-06-01,,,75.47415433,
2008-06-02,,,79.00488,
2008-06-03,,,110.29304058,
2008-06-04,,,103.70981179,
2008-06-05,,,62.37891925,
2008-06-06,,,79.5034625,
2008-06-07,,,60.68986858,
2008-06-08,,,38.83394642,
2008-06-09,,,62.20594513,
2008-06-10,,,66.48962325,
2008-06-11,,,77.1632105,
2008-06-12,,,81.93528996,
2008-06-13,,,70.14245321,
2008-06-14,,,66.86609938,
2008-06-15,,,53.32316154,
2008-06-16,,,53.84208621,
2008-06-17,,,57.51526525,
2008-06-18,,,97.75742996,
2008-06-19,,,56.53846392,
2008-06-20,,,62.09401892,
2008-06-21,,,99.3447325,
2008-06-22,,,47.14692958,
2008-06-23,,,57.61701317,
2008-06-24,,,45.48840321,
2008-06-25,,,52.36670983,
2008-06-26,,,71.86203125,
2008-06-27,,,70.66137971,
2008-06-28,,,60.1302435,
2008-06-29,,,45.22385325,
2008-06-30,,,42.65975,
2008-07-01,,,58.72609188,
2008-07-02,,,68.55515175,
2008-07-03,,,56.36549004,
2008-07-04,,,52.99756029,
2008-07-05,,,50.29100813,
2008-07-06,,,45.79365367,
2008-07-07,,,58.736267,
2008-07-08,,,107.89174175,
2008-07-09,,,55.50061354,
2008-07-10,,,55.92796308,
2008-07-11,,,82.80016717,
2008-07-12,,,49.84330867,
2008-07-13,,,38.55922108,
2008-07-14,,,53.99471167,
2008-07-15,,,62.47049533,
2008-07-16,,,53.50631133,
2008-07-17,,,52.905985,
2008-07-18,,,67.35450058,
2008-07-19,,,59.79446713,
2008-07-20,,,46.51607883,
2008-07-21,,,86.30036842,
2008-07-22,,,71.06837896,
2008-07-23,,,68.32112692,
2008-07-24,,,111.20879588,
2008-07-25,,,56.65038971,
2008-07-26,,,51.81725913,
2008-07-27,,,39.24094742,
2008-07-28,,,72.69814926,
2008-07-29,,,73.9580815,
2008-07-30,,,139.83109783,
2008-07-31,,,44.05372758,
2008-08-01,,,47.77778071,
2008-08-02,,,44.89825179,
2008-08-03,,,31.11111283,
2008-08-04,,,44.46072796,
2008-08-05,,,79.67643717,
2008-08-06,,,89.53602208,
2008-08-07,,,53.852264,
2008-08-08,,,43.71795046,
2008-08-09,,,53.18071046,
2008-08-10,,,40.53317308,
2008-08-11,,,33.09524025,
2008-08-12,,,55.948314,
2008-08-13,,,60.35409217,
2008-08-14,,,49.91453263,
2008-08-15,,,54.07611083,
2008-08-16,,,45.81400396,
2008-08-17,,,47.8490055,
2008-08-18,,,40.92999858,
2008-08-19,,,55.40903779,
2008-08-20,,,52.37688533,
2008-08-21,,,56.18233846,
2008-08-22,,,62.23646988,
2008-08-23,,,48.80545629,
2008-08-24,,,40.004073,
2008-08-25,,,51.06430746,
2008-08-26,,,134.19414258,
2008-08-27,,,,
2008-08-28,,,,
2008-08-29,,,,
2008-08-30,,,,
2008-08-31,,,,
2008-09-01,,,,
2008-09-02,,,,
2008-09-03,,,,
2008-09-04,,,,
2008-09-05,,,,
2008-09-06,,,,
2008-09-07,,,,
2008-09-08,,,,
2008-09-09,,,,
2008-09-10,,,,
2008-09-11,,,,
2008-09-12,,,,
2008-09-13,,,,
2008-09-14,,,,
2008-09-15,,,,
2008-09-16,,,,
2008-09-17,,,,
2008-09-18,,,,
2008-09-19,,,,
2008-09-20,,,,
2008-09-21,,,,
2008-09-22,,,,
2008-09-23,,,,
2008-09-24,,,,
2008-09-25,,,,
2008-09-26,,,,
2008-09-27,,,,
2008-09-28,,,,
2008-09-29,,,,
2008-09-30,,,,
2008-10-01,,,,
2008-10-02,,,,
2008-10-03,,,,
2008-10-04,,,,
2008-10-05,,,,
2008-10-06,,,,
2008-10-07,,,,
2008-10-08,,,,
2008-10-09,,,,
2008-10-10,,,,
2008-10-11,,,,
2008-10-12,,,,
2008-10-13,,,,
2008-10-14,,,,
2008-10-15,,,,
2008-10-16,,,,
2008-10-17,,,,
2008-10-18,,,,
2008-10-19,,,,
2008-10-20,,,,
2008-10-21,,,,
2008-10-22,,,,
2008-10-23,,,,
2008-10-24,,,,
2008-10-25,,,,
2008-10-26,,,,
2008-10-27,,,,
2008-10-28,,,,
2008-10-29,,,,
2008-10-30,,,,
2008-10-31,,,,
2008-11-01,,,,
2008-11-02,,,,
2008-11-03,,,,
2008-11-04,,,,
2008-11-05,,,,
2008-11-06,,,,
2008-11-07,,,,
2008-11-08,,,,
2008-11-09,,,,
2008-11-10,,,,
2008-11-11,,,,
2008-11-12,,,,
2008-11-13,,,,
2008-11-14,,,,
2008-11-15,,,,
2008-11-16,,,,
2008-11-17,,,,
2008-11-18,,,,
2008-11-19,,,,
2008-11-20,,,,
2008-11-21,,,,
2008-11-22,,,,
2008-11-23,,,,
2008-11-24,,,,
2008-11-25,,,,
2008-11-26,,,,
2008-11-27,,,,
2008-11-28,,,176.98151507,
2008-11-29,,,146.89256,
2008-11-30,,,146.89256,
2008-12-01,,,149.11070925,
2008-12-02,,,68.62637563,
2008-12-03,,,86.68702125,
2008-12-04,,,68.98250267,
2008-12-05,,,113.79232136,
2008-12-06,,,98.15425488,
2008-12-07,,,57.94261675,
2008-12-08,,,39.89214725,
2008-12-09,,,66.60155,
2008-12-10,,,81.59951471,
2008-12-11,,,76.77523165,
2008-12-12,,,75.0244237,
2008-12-13,,,,
2008-12-14,,,,
2008-12-15,,,,
2008-12-16,,,,
2008-12-17,,,,
2008-12-18,,,,
2008-12-19,,,,
2008-12-20,,,,
2008-12-21,,,,
2008-12-22,,,,
2008-12-23,,,,
2008-12-24,,,,
2008-12-25,,,,
2008-12-26,,,,
2008-12-27,,,,
2008-12-28,,,,
2008-12-29,,,,
2008-12-30,,,,
2008-12-31,,,120.03053,
2009-01-01,,,,
2009-01-02,,,,
2009-01-03,,,,
2009-01-04,,,,
2009-01-05,,,,
2009-01-06,,,,
2009-01-07,,,,
2009-01-08,,,,
2009-01-09,,,,
2009-01-10,,,,
2009-01-11,,,,
2009-01-12,,,,
2009-01-13,,,,
2009-01-14,,,,
2009-01-15,,,,
2009-01-16,,,,
2009-01-17,,,,
2009-01-18,,,,
2009-01-19,,,,
2009-01-20,,,,
2009-01-21,,,50.88697393,
2009-01-22,,,59.68254213,
2009-01-23,,,64.74969767,
2009-01-24,,,67.13065046,
2009-01-25,,,38.67114592,
2009-01-26,,,48.67318158,
2009-01-27,,,63.24379517,
2009-01-28,,,68.57550113,
2009-01-29,,,79.00488717,
2009-01-30,,,64.38339833,
2009-01-31,,,67.69027471,
2009-02-01,,,46.98412979,
2009-02-02,,,59.36711708,
2009-02-03,,,63.65079688,
2009-02-04,,,92.28327575,
2009-02-05,,,57.69841567,
2009-02-06,,,53.23158592,
2009-02-07,,,129.61538671,
2009-02-08,,,86.3715935,
2009-02-09,,,60.88319438,
2009-02-10,,,63.04029588,
2009-02-11,,,69.28775179,
2009-02-12,,,70.28490258,
2009-02-13,,,100.35205683,
2009-02-14,,,112.95889571,
2009-02-15,,,50.026457,
2009-02-16,,,,
2009-02-17,,,61.85999488,
2009-02-18,,,76.06430917,
2009-02-19,,,80.31746488,
2009-02-20,,,66.43874975,
2009-02-21,,,58.90924121,
2009-02-22,,,55.42938808,
2009-02-23,,,80.36834017,
2009-02-24,,,82.88156654,
2009-02-25,,,71.41432867,
2009-02-26,,,75.55555625,
2009-02-27,,,71.190475,
2009-02-28,,,104.38136046,
2009-03-01,,,58.63451704,
2009-03-02,,,81.70126579,
2009-03-03,,,74.27350696,
2009-03-04,,,91.4591,
2009-03-05,,,91.4591,
2009-03-06,,,111.95157083,
2009-03-07,,,65.52299946,
2009-03-08,,,66.09279767,
2009-03-09,,,76.56288621,
2009-03-10,,,81.78266454,
2009-03-11,,,52.14286,
2009-03-12,,,52.14286,
2009-03-13,,,,
2009-03-14,,,,
2009-03-15,,,,
2009-03-16,,,,
2009-03-17,,,,
2009-03-18,,,,
2009-03-19,,,,
2009-03-20,,,,
2009-03-21,,,,
2009-03-22,,,,
2009-03-23,,,,
2009-03-24,,,,
2009-03-25,,,,
2009-03-26,,,,
2009-03-27,,,,
2009-03-28,,,,
2009-03-29,,,,
2009-03-30,,,,
2009-03-31,,,,
2009-04-01,,,,
2009-04-02,,,,
2009-04-03,,,,
2009-04-04,,,,
2009-04-05,,,,
2009-04-06,,,,
2009-04-07,,,,
2009-04-08,,,121.10125331,
2009-04-09,,,43.30077617,
2009-04-10,,,30.43956208,
2009-04-11,,,84.06649082,
2009-04-12,,,52.64143446,
2009-04-13,,,59.73526659,
2009-04-14,,,56.23321404,
2009-04-15,,,77.66178658,
2009-04-16,,,72.03500533,
2009-04-17,,,60.50671779,
2009-04-18,,,39.932846,
2009-04-19,,,48.11355604,
2009-04-20,,,47.49287975,
2009-04-21,,,52.41758513,
2009-04-22,,,58.67521588,
2009-04-23,,,49.76190858,
2009-04-24,,,57.7085895,
2009-04-25,,,85.28286692,
2009-04-26,,,42.97517638,
2009-04-27,,,54.93081283,
2009-04-28,,,74.50753238,
2009-04-29,,,76.65445963,
2009-04-30,,,54.35083721,
2009-05-01,,,48.65283117,
2009-05-02,,,62.65364413,
2009-05-03,,,27.88563508,
2009-05-04,,,50.17908304,
2009-05-05,,,138.40659579,
2009-05-06,,,68.97232683,
2009-05-07,,,90.45177367,
2009-05-08,,,67.45315148,
2009-05-09,,,107.40333892,
2009-05-10,,,45.82417813,
2009-05-11,,,44.89825286,
2009-05-12,,,55.50351995,
2009-05-13,,,,
2009-05-14,,,131.46723808,
2009-05-15,,,68.07692504,
2009-05-16,,,70.64102888,
2009-05-17,,,49.54823233,
2009-05-18,,,55.58201254,
2009-05-19,,,73.57143138,
2009-05-20,,,62.91819646,
2009-05-21,,,67.15099983,
2009-05-22,,,65.06512392,
2009-05-23,,,96.48555392,
2009-05-24,,,35.92389325,
2009-05-25,,,31.73621274,
2009-05-26,,,44.95930258,
2009-05-27,,,57.94261567,
2009-05-28,,,61.32071942,
2009-05-29,,,63.11152104,
2009-05-30,,,61.87016946,
2009-05-31,,,40.24827246,
2009-06-01,,,46.78062908,
2009-06-02,,,58.30891621,
2009-06-03,,,66.2148985,
2009-06-04,,,149.51770671,
2009-06-05,,,52.28530996,
2009-06-06,,,63.67114742,
2009-06-07,,,39.55637158,
2009-06-08,,,111.35124463,
2009-06-09,,,76.00325758,
2009-06-10,,,85.88319425,
2009-06-11,,,83.76679292,
2009-06-12,,,106.46724242,
2009-06-13,,,69.51160196,
2009-06-14,,,50.73870933,
2009-06-15,,,69.185998,
2009-06-16,,,108.85836388,
2009-06-17,,,72.4114805,
2009-06-18,,,67.53765067,
2009-06-19,,,72.95075471,
2009-06-20,,,57.27106608,
2009-06-21,,,33.40049075,
2009-06-22,,,35.78144204,
2009-06-23,,,72.7574315,
2009-06-24,,,61.76841938,
2009-06-25,,,66.28612313,
2009-06-26,,,78.32316063,
2009-06-27,,,68.0667515,
2009-06-28,,,45.70207767,
2009-06-29,,,32.08791433,
2009-06-30,,,55.85673888,
2009-07-01,,,48.03215575,
2009-07-02,,,51.95970929,
2009-07-03,,,57.91209004,
2009-07-04,,,94.80667713,
2009-07-05,,,50.76923275,
2009-07-06,,,72.63533175,
2009-07-07,,,61.35124421,
2009-07-08,,,63.90517133,
2009-07-09,,,55.81603879,
2009-07-10,,,64.69882388,
2009-07-11,,,54.59503725,
2009-07-12,,,33.57346617,
2009-07-13,,,101.10500938,
2009-07-14,,,80.72446546,
2009-07-15,,,58.6650415,
2009-07-16,,,49.54823254,
2009-07-17,,,65.76719813,
2009-07-18,,,49.23280642,
2009-07-19,,,32.02686354,
2009-07-20,,,35.57794275,
2009-07-21,,,50.59625804,
2009-07-22,,,48.22548013,
2009-07-23,,,54.24908804,
2009-07-24,,,61.43264442,
2009-07-25,,,64.75987208,
2009-07-26,,,46.19047821,
2009-07-27,,,63.0809965,
2009-07-28,,,61.33089308,
2009-07-29,,,74.34473129,
2009-07-30,,,80.31746138,
2009-07-31,,,53.83191021,
2009-08-01,,,52.49171707,
2009-08-02,,,52.36671033,
2009-08-03,,,62.86732083,
2009-08-04,,,62.9995975,
2009-08-05,,,62.20594429,
2009-08-06,,,57.93244129,
2009-08-07,,,93.64672571,
2009-08-08,,,41.54049925,
2009-08-09,,,36.98209413,
2009-08-10,,,91.47944925,
2009-08-11,,,55.84656392,
2009-08-12,,,138.95604708,
2009-08-13,,,102.37688425,
2009-08-14,,,70.85470263,
2009-08-15,,,54.96133871,
2009-08-16,,,39.55637208,
2009-08-17,,,35.20146763,
2009-08-18,,,93.29590935,
2009-08-19,,,57.95279092,
2009-08-20,,,76.43060883,
2009-08-21,,,101.06430888,
2009-08-22,,,56.14163838,
2009-08-23,,,46.76027871,
2009-08-24,,,108.73626692,
2009-08-25,,,107.53561629,
2009-08-26,,,58.51241567,
2009-08-27,,,,
2009-08-28,,,68.46357575,
2009-08-29,,,71.67887858,
2009-08-30,,,35.29304238,
2009-08-31,,,36.21896796,
2009-09-01,,,48.80545621,
2009-09-02,,,70.885229,
2009-09-03,,,73.55108079,
2009-09-04,,,48.69353058,
2009-09-05,,,47.45217979,
2009-09-06,,,44.17582638,
2009-09-07,,,64.23077179,
2009-09-08,,,61.77859608,
2009-09-09,,,54.11681096,
2009-09-10,,,50.00610704,
2009-09-11,,,62.99959504,
2009-09-12,,,67.28327471,
2009-09-13,,,48.76475517,
2009-09-14,,,66.55067396,
2009-09-15,,,58.20716517,
2009-09-16,,,60.41514242,
2009-09-17,,,85.92389488,
2009-09-18,,,78.3943865,
2009-09-19,,,54.80871158,
2009-09-20,,,33.33944079,
2009-09-21,,,69.51160213,
2009-09-22,,,69.26740221,
2009-09-23,,,65.72649896,
2009-09-24,,,59.23484125,
2009-09-25,,,71.12942879,
2009-09-26,,,58.56329208,
2009-09-27,,,52.19373404,
2009-09-28,,,53.37403604,
2009-09-29,,,98.24583092,
2009-09-30,,,67.95482621,
2009-10-01,,,72.40086265,
2009-10-02,,,82.26089033,
2009-10-03,,,74.98575771,
2009-10-04,,,52.22425892,
2009-10-05,,,79.49328688,
2009-10-06,,,75.89133421,
2009-10-07,,,63.67114613,
2009-10-08,,,62.32804454,
2009-10-09,,,116.88777774,
2009-10-10,,,64.2511235,
2009-10-11,,,44.94912813,
2009-10-12,,,39.46479596,
2009-10-13,,,66.90679904,
2009-10-14,,,66.68295067,
2009-10-15,,,50.91168375,
2009-10-16,,,60.89336667,
2009-10-17,,,66.55067583,
2009-10-18,,,46.97395467,
2009-10-19,,,70.29507758,
2009-10-20,,,59.97761796,
2009-10-21,,,70.69190325,
2009-10-22,,,58.05454146,
2009-10-23,,,77.04111025,
2009-10-24,,,64.92267329,
2009-10-25,,,40.53317179,
2009-10-26,,,103.30281092,
2009-10-27,,,56.32478946,
2009-10-28,,,107.56613938,
2009-10-29,,,95.47822879,
2009-10-30,,,75.07733179,
2009-10-31,,,84.702892,
2009-11-01,,,40.94820689,
2009-11-02,,,34.29404132,
2009-11-03,,,64.25984324,
2009-11-04,,,79.3871133,
2009-11-05,,,48.2911555,
2009-11-06,,,64.6525735,
2009-11-07,,,78.96418763,
2009-11-08,,,60.23402887,
2009-11-09,,,87.08675414,
2009-11-10,,,77.35653554,
2009-11-11,,,76.79690967,
2009-11-12,,,69.59675063,
2009-11-13,,,110.97186267,
2009-11-14,,,53.58092856,
2009-11-15,,,47.46235488,
2009-11-16,,,47.78388485,
2009-11-17,,,122.62515792,
2009-11-18,,,77.54986092,
2009-11-19,,,60.83231721,
2009-11-20,,,90.02442283,
2009-11-21,,,58.84819192,
2009-11-22,,,57.94261442,
2009-11-23,,,68.64672629,
2009-11-24,,,78.0077345,
2009-11-25,,,71.79080363,
2009-11-26,,,62.80627119,
2009-11-27,,,64.61742225,
2009-11-28,,,80.73463842,
2009-11-29,,,69.57265046,
2009-11-30,,,83.03419088,
2009-12-01,,,72.52340613,
2009-12-02,,,72.38095513,
2009-12-03,,,75.86080833,
2009-12-04,,,73.56125638,
2009-12-05,,,67.65974992,
2009-12-06,,,50.68783346,
2009-12-07,,,116.93024743,
2009-12-08,,,70.00000338,
2009-12-09,,,79.3508365,
2009-12-10,,,82.45421379,
2009-12-11,,,69.33862792,
2009-12-12,,,64.12902083,
2009-12-13,,,59.71307,
2009-12-14,,,64.89214917,
2009-12-15,,,69.65405242,
2009-12-16,,,74.04965521,
2009-12-17,,,89.84525491,
2009-12-18,,,101.11518558,
2009-12-19,,,84.57061879,
2009-12-20,,,54.24908683,
2009-12-21,,,65.02442271,
2009-12-22,,,85.17094279,
2009-12-23,,,58.63451733,
2009-12-24,,,43.75125095,
2009-12-25,,,54.70696265,
2009-12-26,,,43.64672675,
2009-12-27,,,40.67765835,
2009-12-28,,,94.87790138,
2009-12-29,,,57.00651521,
2009-12-30,,,66.53032483,
2009-12-31,,,60.78144313,
2010-01-01,,,83.92959475,
2010-01-02,,,49.70085767,
2010-01-03,,,49.50806842,
2010-01-04,,,,
2010-01-05,,,62.07366983,
2010-01-06,,,61.73789496,
2010-01-07,,,66.82976076,
2010-01-08,,,58.91941763,
2010-01-09,,,59.31624296,
2010-01-10,,,57.27106554,
2010-01-11,,,42.79202546,
2010-01-12,,,62.64347196,
2010-01-13,,,61.22914388,
2010-01-14,,,72.23850488,
2010-01-15,,,63.90517217,
2010-01-16,,,57.26089113,
2010-01-17,,,52.44810992,
2010-01-18,,,56.72161558,
2010-01-19,,,58.66504129,
2010-01-20,,,62.99959613,
2010-01-21,,,67.43589979,
2010-01-22,,,80.57183763,
2010-01-23,,,74.55840596,
2010-01-24,,,57.27106354,
2010-01-25,,,75.60643171,
2010-01-26,,,66.65242463,
2010-01-27,,,65.63492367,
2010-01-28,,,61.44281858,
2010-01-29,,,75.29100771,
2010-01-30,,,81.02971383,
2010-01-31,,,54.16768625,
2010-02-01,,,71.33293079,
2010-02-02,,,73.33740783,
2010-02-03,,,76.77655963,
2010-02-04,,,78.03826091,
2010-02-05,,,78.87261216,
2010-02-06,,,111.99227174,
2010-02-07,,,45.62067922,
2010-02-08,,,63.69149637,
2010-02-09,,,74.94505723,
2010-02-10,,,81.28409036,
2010-02-11,,,68.36182658,
2010-02-12,,,114.04762316,
2010-02-13,,,77.7431852,
2010-02-14,,,68.40252606,
2010-02-15,,,119.89825042,
2010-02-16,,,84.71704765,
2010-02-17,,,83.4004914,
2010-02-18,,,74.95523214,
2010-02-19,,,91.67277352,
2010-02-20,,,78.95401239,
2010-02-21,,,54.25926193,
2010-02-22,,,70.3764782,
2010-02-23,,,104.60521094,
2010-02-24,,,102.88342352,
2010-02-25,,,49.69068249,
2010-02-26,,,73.11355575,
2010-02-27,,,66.14367374,
2010-02-28,,,44.22670229,
2010-03-01,,,56.37566471,
2010-03-02,,,74.24298207,
2010-03-03,,,49.98575759,
2010-03-04,,,47.55393036,
2010-03-05,,,51.72568496,
2010-03-06,,,83.56654678,
2010-03-07,,,36.2291437,
2010-03-08,,,94.98982811,
2010-03-09,,,51.84778436,
2010-03-10,,,97.96756678,
2010-03-11,,,43.45340109,
2010-03-12,,,48.13390636,
2010-03-13,,,57.04721514,
2010-03-14,,,44.54212761,
2010-03-15,,,60.43549283,
2010-03-16,,,72.43101654,
2010-03-17,,,68.01587502,
2010-03-18,,,48.56125546,
2010-03-19,,,47.69638125,
2010-03-20,,,40.51282235,
2010-03-21,,,31.70126383,
2010-03-22,,,31.83353861,
2010-03-23,,,56.3756636,
2010-03-24,,,66.37770033,
2010-03-25,,,72.68620571,
2010-03-26,,,65.6349225,
2010-03-27,,,68.43305254,
2010-03-28,,,49.5380586,
2010-03-29,,,,
2010-03-30,,,53.81156166,
2010-03-31,,,49.16158168,
2010-04-01,,,40.92999852,
2010-04-02,,,26.9800586,
2010-04-03,,,38.90295957,
2010-04-04,,,54.29996204,
2010-04-05,,,52.95686038,
2010-04-06,,,50.68783188,
2010-04-07,,,56.56898888,
2010-04-08,,,55.62271341,
2010-04-09,,,42.84290047,
2010-04-10,,,57.2710646,
2010-04-11,,,34.13309125,
2010-04-12,,,31.66056355,
2010-04-13,,,51.67938733,
2010-04-14,,,33.50223997,
2010-04-15,,,36.10704279,
2010-04-16,,,46.6585296,
2010-04-17,,,44.91860263,
2010-04-18,,,27.7533595,
2010-04-19,,,45.46805247,
2010-04-20,,,43.31095139,
2010-04-21,,,38.18274581,
2010-04-22,,,41.82784103,
2010-04-23,,,44.6947519,
2010-04-24,,,51.19658486,
2010-04-25,,,29.58486128,
2010-04-26,,,40.15669684,
2010-04-27,,,51.41025816,
2010-04-28,,,163.52530543,
2010-04-29,,,59.34676758,
2010-04-30,,,72.86935584,
2010-05-01,,,56.01953858,
2010-05-02,,,50.27065833,
2010-05-03,,,100.45380847,
2010-05-04,,,32.81033973,
2010-05-05,,,54.49328581,
2010-05-06,,,110.27269284,
2010-05-07,,,85.87301985,
2010-05-08,,,52.53968501,
2010-05-09,,,28.57753472,
2010-05-10,,,82.40333907,
2010-05-11,,,45.71225381,
2010-05-12,,,49.45665661,
2010-05-13,,,71.65853087,
2010-05-14,,,,
2010-05-15,,,,
2010-05-16,,,,
2010-05-17,,,,
2010-05-18,,,,
2010-05-19,,,,
2010-05-20,,,,
2010-05-21,,,,
2010-05-22,,,,
2010-05-23,,,,
2010-05-24,,,,
2010-05-25,,,128.85930604,
2010-05-26,,,59.47904213,
2010-05-27,,,55.12753063,
2010-05-28,,,57.33211613,
2010-05-29,,,62.90802026,
2010-05-30,,,51.80708307,
2010-05-31,,,57.27106476,
2010-06-01,,,71.71958049,
2010-06-02,,,107.2577926,
2010-06-03,,,,
2010-06-04,,,,
2010-06-05,,,,
2010-06-06,,,,
2010-06-07,,,,
2010-06-08,,,41.81319065,
2010-06-09,,,63.3658967,
2010-06-10,,,75.45380847,
2010-06-11,,,58.0341905,
2010-06-12,,,69.35897843,
2010-06-13,,,70.1017522,
2010-06-14,,,59.92674367,
2010-06-15,,,59.86569365,
2010-06-16,,,56.85388843,
2010-06-17,,,63.27432243,
2010-06-18,,,64.99389839,
2010-06-19,,,47.79813059,
2010-06-20,,,32.40510883,
2010-06-21,,,105.77533881,
2010-06-22,,,49.07000701,
2010-06-23,,,74.25315793,
2010-06-24,,,54.10663692,
2010-06-25,,,69.59300216,
2010-06-26,,,83.94994164,
2010-06-27,,,47.84900546,
2010-06-28,,,53.8929623,
2010-06-29,,,109.92674279,
2010-06-30,,,73.57143132,
2010-07-01,,,82.75946569,
2010-07-02,,,65.82824866,
2010-07-03,,,74.13105734,
2010-07-04,,,47.68620531,
2010-07-05,,,40.39072323,
2010-07-06,,,50.97273334,
2010-07-07,,,84.35775749,
2010-07-08,,,90.88930003,
2010-07-09,,,65.35002343,
2010-07-10,,,62.20739746,
2010-07-11,,,,
2010-07-12,,,,
2010-07-13,,,,
2010-07-14,,,,
2010-07-15,,,,
2010-07-16,,,,
2010-07-17,,,128.43101514,
2010-07-18,,,52.27513373,
2010-07-19,,,60.0997177,
2010-07-20,,,55.5107882,
2010-07-21,,,107.72894112,
2010-07-22,,,83.99064112,
2010-07-23,,,68.55515154,
2010-07-24,,,41.84574946,
2010-07-25,,,42.87342556,
2010-07-26,,,46.64835405,
2010-07-27,,,51.70533419,
2010-07-28,,,76.15588403,
2010-07-29,,,54.16768646,
2010-07-30,,,64.59707244,
2010-07-31,,,47.04517929,
2010-08-01,,,43.53480196,
2010-08-02,,,60.52706877,
2010-08-03,,,48.49003124,
2010-08-04,,,71.55677883,
2010-08-05,,,66.50997488,
2010-08-06,,,55.13431279,
2010-08-07,,,49.36508218,
2010-08-08,,,39.23077158,
2010-08-09,,,48.90720646,
2010-08-10,,,61.3410697,
2010-08-11,,,62.27717082,
2010-08-12,,,60.43549466,
2010-08-13,,,46.0785528,
2010-08-14,,,51.91900969,
2010-08-15,,,38.976396,
2010-08-16,,,37.13471905,
2010-08-17,,,65.02442233,
2010-08-18,,,56.15181303,
2010-08-19,,,65.92999713,
2010-08-20,,,66.41839965,
2010-08-21,,,71.33292961,
2010-08-22,,,66.21489922,
2010-08-23,,,75.99308395,
2010-08-24,,,56.60968876,
2010-08-25,,,61.2087942,
2010-08-26,,,73.67318217,
2010-08-27,,,75.6573089,
2010-08-28,,,51.14570951,
2010-08-29,,,51.2983342,
2010-08-30,,,68.24990177,
2010-08-31,,,52.80113826,
2010-09-01,,,63.59992162,
2010-09-02,,,58.83801754,
2010-09-03,,,44.81685177,
2010-09-04,,,51.01343385,
2010-09-05,,,76.25763305,
2010-09-06,,,45.99715344,
2010-09-07,,,68.96215304,
2010-09-08,,,69.01302608,
2010-09-09,,,98.68335613,
2010-09-10,,,50.48433328,
2010-09-11,,,53.60806084,
2010-09-12,,,46.37362917,
2010-09-13,,,54.51363738,
2010-09-14,,,63.67114727,
2010-09-15,,,58.48189163,
2010-09-16,,,56.44688964,
2010-09-17,,,58.93976657,
2010-09-18,,,66.74399948,
2010-09-19,,,38.72202102,
2010-09-20,,,47.81848097,
2010-09-21,,,65.89947271,
2010-09-22,,,67.15099907,
2010-09-23,,,83.78714307,
2010-09-24,,,73.94790816,
2010-09-25,,,65.17704741,
2010-09-26,,,66.30647278,
2010-09-27,,,66.30647278,
2010-09-28,,,66.30647278,
2010-09-29,,,66.30647278,
2010-09-30,,,66.30647278,
2010-10-01,,,103.34351031,
2010-10-02,,,62.38909509,
2010-10-03,,,35.1200674,
2010-10-04,,,44.39967664,
2010-10-05,,,51.55270998,
2010-10-06,,,35.75091803,
2010-10-07,,,70.07122747,
2010-10-08,,,51.00325839,
2010-10-09,,,48.63248134,
2010-10-10,,,43.97232596,
2010-10-11,,,55.72446267,
2010-10-12,,,68.70777686,
2010-10-13,,,67.35450013,
2010-10-14,,,91.9983751,
2010-10-15,,,65.2177465,
2010-10-16,,,71.01750334,
2010-10-17,,,50.1485588,
2010-10-18,,,30.78551217,
2010-10-19,,,64.26129699,
2010-10-20,,,56.5689888,
2010-10-21,,,68.99267546,
2010-10-22,,,73.25600513,
2010-10-23,,,,
2010-10-24,,,,
2010-10-25,,,,
2010-10-26,,,,
2010-10-27,,,,
2010-10-28,,,,
2010-10-29,,,,
2010-10-30,,,,
2010-10-31,,,,
2010-11-01,,,,
2010-11-02,,,106.14367383,
2010-11-03,,,38.18274514,
2010-11-04,,,36.10704378,
2010-11-05,,,50.6369578,
2010-11-06,,,50.1383822,
2010-11-07,,,39.87179748,
2010-11-08,,,40.56369813,
2010-11-09,,,58.46154046,
2010-11-10,,,76.04396025,
2010-11-11,,,60.65934292,
2010-11-12,,,69.19617772,
2010-11-13,,,37.5518951,
2010-11-14,,,29.31013612,
2010-11-15,,,35.05901647,
2010-11-16,,,47.82865477,
2010-11-17,,,59.99796788,
2010-11-18,,,48.44933041,
2010-11-19,,,65.12617326,
2010-11-20,,,54.98168786,
2010-11-21,,,43.02605017,
2010-11-22,,,53.30281011,
2010-11-23,,,117.41555071,
2010-11-24,,,65.0244228,
2010-11-25,,,66.19454924,
2010-11-26,,,70.70207898,
2010-11-27,,,66.164023,
2010-11-28,,,39.12902192,
2010-11-29,,,44.59300296,
2010-11-30,,,67.4664259,
2010-12-01,,,62.38909539,
2010-12-02,,,59.75376781,
2010-12-03,,,43.48392606,
2010-12-04,,,53.6080606,
2010-12-05,,,62.27717098,
2010-12-06,,,107.76964188,
2010-12-07,,,73.29670572,
2010-12-08,,,57.57631429,
2010-12-09,,,68.85022672,
2010-12-10,,,71.08872978,
2010-12-11,,,90.35002406,
2010-12-12,,,49.4871819,
2010-12-13,,,38.78307144,
2010-12-14,,,62.06243362,
2010-12-15,,,82.89299149,
2010-12-16,,,58.63619225,
2010-12-17,,,66.5233889,
2010-12-18,,,71.78465385,
2010-12-19,,,63.65428802,
2010-12-20,,,48.11355631,
2010-12-21,,,59.65201728,
2010-12-22,,,48.64265609,
2010-12-23,,,85.60891035,
2010-12-24,,,49.76190797,
2010-12-25,,,41.4387486,
2010-12-26,,,37.7350448,
2010-12-27,,,39.43427197,
2010-12-28,,,43.60602621,
2010-12-29,,,46.32275311,
2010-12-30,,,54.56451257,
2010-12-31,,,44.46072718,
2011-01-01,,,55.88726362,
2011-01-02,,,34.61131668,
2011-01-03,,,50.69800925,
2011-01-04,,,40.8282485,
2011-01-05,,,46.94342955,
2011-01-06,,,61.02564398,
2011-01-07,,,71.41432865,
2011-01-08,,,51.99023366,
2011-01-09,,,34.93691746,
2011-01-10,,,36.43264397,
2011-01-11,,,52.5498604,
2011-01-12,,,51.42043432,
2011-01-13,,,61.42246914,
2011-01-14,,,74.4871823,
2011-01-15,,,67.98535021,
2011-01-16,,,51.01006973,
2011-01-17,,,55.48415306,
2011-01-18,,,72.06552998,
2011-01-19,,,63.81359617,
2011-01-20,,,60.67969402,
2011-01-21,,,59.76394224,
2011-01-22,,,59.52991811,
2011-01-23,,,40.84859832,
2011-01-24,,,60.79161867,
2011-01-25,,,72.27920453,
2011-01-26,,,75.72853343,
2011-01-27,,,60.35409403,
2011-01-28,,,63.38624716,
2011-01-29,,,62.99959628,
2011-01-30,,,46.80098033,
2011-01-31,,,60.41514301,
2011-02-01,,,64.0984966,
2011-02-02,,,74.5075326,
2011-02-03,,,60.62881962,
2011-02-04,,,61.82946968,
2011-02-05,,,58.38014174,
2011-02-06,,,93.18973691,
2011-02-07,,,65.08547274,
2011-02-08,,,73.18478092,
2011-02-09,,,57.15913991,
2011-02-10,,,,
2011-02-11,,,,
2011-02-12,,,,
2011-02-13,,,,
2011-02-14,,,,
2011-02-15,,,,
2011-02-16,,,,
2011-02-17,,,,
2011-02-18,,,,
2011-02-19,,,,
2011-02-20,,,,
2011-02-21,,,,
2011-02-22,,,,
2011-02-23,,,,
2011-02-24,,,,
2011-02-25,,,,
2011-02-26,,,,
2011-02-27,,,,
2011-02-28,,,,
2011-03-01,,,,
2011-03-02,,,,
2011-03-03,,,,
2011-03-04,,,,
2011-03-05,,,,
2011-03-06,,,,
2011-03-07,,,,
2011-03-08,,,,
2011-03-09,,,,
2011-03-10,,,,
2011-03-11,,,,
2011-03-12,,,,
2011-03-13,,,,
2011-03-14,,,,
2011-03-15,,,,
2011-03-16,,,,
2011-03-17,,,,
2011-03-18,,,,
2011-03-19,,,,
2011-03-20,,,,
2011-03-21,,,,
2011-03-22,,,,
2011-03-23,,,,
2011-03-24,,,,
2011-03-25,,,,
2011-03-26,,,,
2011-03-27,,,,
2011-03-28,,,,
2011-03-29,,,,
2011-03-30,,,,
2011-03-31,,,,
2011-04-01,,,,
2011-04-02,,,,
2011-04-03,,,,
2011-04-04,,,,
2011-04-05,,,,
2011-04-06,,,38.7118454,
2011-04-07,,,63.3760705,
2011-04-08,,,54.3101364,
2011-04-09,,,72.69638077,
2011-04-10,,,38.48799558,
2011-04-11,,,49.51770735,
2011-04-12,,,46.94139442,
2011-04-13,,,,
2011-04-14,,,,
2011-04-15,,,,
2011-04-16,,,58.7037056,
2011-04-17,,,47.92023087,
2011-04-18,,,108.7973175,
2011-04-19,,,51.67480946,
2011-04-20,,,48.12373098,
2011-04-21,,,28.82704403,
2011-04-22,,,23.17460436,
2011-04-23,,,32.19276076,
2011-04-24,,,45.71225297,
2011-04-25,,,53.37403584,
2011-04-26,,,67.31380049,
2011-04-27,,,51.77655983,
2011-04-28,,,57.50508992,
2011-04-29,,,66.72364974,
2011-04-30,,,56.82336513,
2011-05-01,,,42.55034683,
2011-05-02,,,61.17967537,
2011-05-03,,,53.67928505,
2011-05-04,,,105.62271423,
2011-05-05,,,52.24054054,
2011-05-06,,,65.78877029,
2011-05-07,,,50.77533852,
2011-05-08,,,41.62271362,
2011-05-09,,,50.58974632,
2011-05-10,,,49.73016167,
2011-05-11,,,79.65934464,
2011-05-12,,,86.73138336,
2011-05-13,,,58.94994211,
2011-05-14,,,40.03459764,
2011-05-15,,,34.30272964,
2011-05-16,,,46.15576014,
2011-05-17,,,41.15739738,
2011-05-18,,,54.60968971,
2011-05-19,,,56.3768856,
2011-05-20,,,70.86487834,
2011-05-21,,,71.13960346,
2011-05-22,,,47.51323005,
2011-05-23,,,58.6345164,
2011-05-24,,,55.13431231,
2011-05-25,,,57.90191603,
2011-05-26,,,67.69027591,
2011-05-27,,,69.13512675,
2011-05-28,,,64.57672246,
2011-05-29,,,39.40374696,
2011-05-30,,,60.07936827,
2011-05-31,,,59.35602707,
2011-06-01,,,55.79568815,
2011-06-02,,,50.44363276,
2011-06-03,,,73.20513185,
2011-06-04,,,70.85470382,
2011-06-05,,,81.08262302,
2011-06-06,,,34.83028221,
2011-06-07,,,102.5771286,
2011-06-08,,,66.49003098,
2011-06-09,,,38.29858398,
2011-06-10,,,126.86813501,
2011-06-11,,,62.17338501,
2011-06-12,,,46.38380353,
2011-06-13,,,56.58934021,
2011-06-14,,,49.70085892,
2011-06-15,,,94.51381477,
2011-06-16,,,64.98250198,
2011-06-17,,,58.34636032,
2011-06-18,,,64.07936813,
2011-06-19,,,59.63288895,
2011-06-20,,,74.67440353,
2011-06-21,,,58.40822403,
2011-06-22,,,61.85877275,
2011-06-23,,,62.38014137,
2011-06-24,,,71.14245163,
2011-06-25,,,49.54212692,
2011-06-26,,,48.92755676,
2011-06-27,,,34.66422695,
2011-06-28,,,86.10541557,
2011-06-29,,,74.44648147,
2011-06-30,,,108.8888911,
2011-07-01,,,65.89621704,
2011-07-02,,,56.3138002,
2011-07-03,,,35.40049049,
2011-07-04,,,36.83638741,
2011-07-05,,,49.73992966,
2011-07-06,,,52.02564362,
2011-07-07,,,47.3369986,
2011-07-08,,,45.90110199,
2011-07-09,,,109.59829285,
2011-07-10,,,56.39194267,
2011-07-11,,,60.0115348,
2011-07-12,,,,
2011-07-13,,,54.92298434,
2011-07-14,,,42.29344996,
2011-07-15,,,46.43467903,
2011-07-16,,,50.20960768,
2011-07-17,,,51.52218493,
2011-07-18,,,45.17297808,
2011-07-19,,,55.9177889,
2011-07-20,,,29.96947693,
2011-07-21,,,,
2011-07-22,,,55.00488724,
2011-07-23,,,53.71551102,
2011-07-24,,,41.67313065,
2011-07-25,,,51.17623281,
2011-07-26,,,59.78429429,
2011-07-27,,,66.62189865,
2011-07-28,,,97.06324921,
2011-07-29,,,46.83833969,
2011-07-30,,,42.7642437,
2011-07-31,,,45.64392554,
2011-08-01,,,65.99552542,
2011-08-02,,,64.38895935,
2011-08-03,,,85.9137195,
2011-08-04,,,87.52137041,
2011-08-05,,,59.62149294,
2011-08-06,,,55.96215078,
2011-08-07,,,48.81549622,
2011-08-08,,,51.04029495,
2011-08-09,,,73.8795282,
2011-08-10,,,80.63410736,
2011-08-11,,,112.566138,
2011-08-12,,,66.08153842,
2011-08-13,,,55.14679387,
2011-08-14,,,43.79528201,
2011-08-15,,,40.40985124,
2011-08-16,,,50.52900322,
2011-08-17,,,47.95345326,
2011-08-18,,,51.54066927,
2011-08-19,,,49.75188034,
2011-08-20,,,69.07407681,
2011-08-21,,,53.87261136,
2011-08-22,,,58.46154118,
2011-08-23,,,58.81766733,
2011-08-24,,,69.83720303,
2011-08-25,,,82.56614113,
2011-08-26,,,65.66544946,
2011-08-27,,,66.21489875,
2011-08-28,,,39.11571561,
2011-08-29,,,63.27616978,
2011-08-30,,,56.7128928,
2011-08-31,,,73.92552071,
2011-09-01,,,,
2011-09-02,,,71.80097961,
2011-09-03,,,65.54945374,
2011-09-04,,,53.01791032,
2011-09-05,,,57.35986432,
2011-09-06,,,60.96120156,
2011-09-07,,,61.06726698,
2011-09-08,,,52.39723468,
2011-09-09,,,52.46032028,
2011-09-10,,,80.58108902,
2011-09-11,,,51.46166942,
2011-09-12,,,73.26618083,
2011-09-13,,,67.77167565,
2011-09-14,,,51.143859,
2011-09-15,,,62.60276953,
2011-09-16,,,55.75036335,
2011-09-17,,,68.41880608,
2011-09-18,,,45.26278363,
2011-09-19,,,62.1217686,
2011-09-20,,,45.90761286,
2011-09-21,,,50.64008874,
2011-09-22,,,55.78551451,
2011-09-23,,,67.42465451,
2011-09-24,,,76.56288385,
2011-09-25,,,55.08343665,
2011-09-26,,,63.6813213,
2011-09-27,,,74.26333141,
2011-09-28,,,55.14652348,
2011-09-29,,,69.30664853,
2011-09-30,,,65.89947414,
2011-10-01,,,53.14001195,
2011-10-02,,,,
2011-10-03,,,,
2011-10-04,,,47.57819264,
2011-10-05,,,80.39886316,
2011-10-06,,,70.7292116,
2011-10-07,,,53.55922076,
2011-10-08,,,47.70655425,
2011-10-09,,,37.10419416,
2011-10-10,,,,
2011-10-11,,,,
2011-10-12,,,,
2011-10-13,,,40.92999729,
2011-10-14,,,46.29368283,
2011-10-15,,,38.19014567,
2011-10-16,,,26.68498284,
2011-10-17,,,22.26902848,
2011-10-18,,,29.25926077,
2011-10-19,,,34.90019807,
2011-10-20,,,41.81522318,
2011-10-21,,,30.45150686,
2011-10-22,,,33.84819086,
2011-10-23,,,29.59503599,
2011-10-24,,,36.98209476,
2011-10-25,,,52.15303429,
2011-10-26,,,54.82906342,
2011-10-27,,,48.34758186,
2011-10-28,,,40.53224893,
2011-10-29,,,,
2011-10-30,,,,
2011-10-31,,,,
2011-11-01,,,36.78044423,
2011-11-02,,,60.02849309,
2011-11-03,,,56.55881437,
2011-11-04,,,69.69475174,
2011-11-05,,,58.54294038,
2011-11-06,,,34.5197415,
2011-11-07,,,34.82587648,
2011-11-08,,,44.92877785,
2011-11-09,,,48.50020591,
2011-11-10,,,53.26211055,
2011-11-11,,,67.90395069,
2011-11-12,,,52.71620041,
2011-11-13,,,28.4554351,
2011-11-14,,,9.65201569,
2011-11-15,,,,
2011-11-16,,,,
2011-11-17,,,,
2011-11-18,,,,
2011-11-19,,,,
2011-11-20,,,,
2011-11-21,,,,
2011-11-22,,,,
2011-11-23,,,,
2011-11-24,,,,
2011-11-25,,,,
2011-11-26,,,,
2011-11-27,,,,
2011-11-28,,,,
2011-11-29,,,,
2011-11-30,,,,
2011-12-01,,,,
2011-12-02,,,,
2011-12-03,,,,
2011-12-04,,,,
2011-12-05,,,,
2011-12-06,,,,
2011-12-07,,,,
2011-12-08,,,,
2011-12-09,,,,
2011-12-10,,,,
2011-12-11,,,,
2011-12-12,,,,
2011-12-13,,,,
2011-12-14,,,,
2011-12-15,,,,
2011-12-16,,,,
2011-12-17,,,,
2011-12-18,,,,
2011-12-19,,,,
2011-12-20,,,,
2011-12-21,,,,
2011-12-22,,,,
2011-12-23,,,,
2011-12-24,,,,
2011-12-25,,,,
2011-12-26,,,,
2011-12-27,,,,
2011-12-28,,,,
2011-12-29,,,,
2011-12-30,,,,
2011-12-31,,,,
2012-01-01,,,,
2012-01-02,,,,
2012-01-03,,,,
2012-01-04,,,,
2012-01-05,,,,
2012-01-06,,,,
2012-01-07,,,,
2012-01-08,,,,
2012-01-09,,,,
2012-01-10,,,,
2012-01-11,,,,
2012-01-12,,,,
2012-01-13,,,,
2012-01-14,,,,
2012-01-15,,,,
2012-01-16,,,,
2012-01-17,,,,
2012-01-18,,,,
2012-01-19,,,,
2012-01-20,,,,
2012-01-21,,,,
2012-01-22,,,,
2012-01-23,,,,
2012-01-24,,,,
2012-01-25,,,,
2012-01-26,,,,
2012-01-27,,,,
2012-01-28,,,,
2012-01-29,,,,
2012-01-30,,,,
2012-01-31,,,,
2012-02-01,,,,
2012-02-02,,,,
2012-02-03,,,,
2012-02-04,,,,
2012-02-05,,,,
2012-02-06,,,,
2012-02-07,,,,
2012-02-08,,,,
2012-02-09,,,,
2012-02-10,,,,
2012-02-11,,,,
2012-02-12,,,,
2012-02-13,,,,
2012-02-14,,,,
2012-02-15,,,,
2012-02-16,,,,
2012-02-17,,,,
2012-02-18,,,,
2012-02-19,,,,
2012-02-20,,,,
2012-02-21,,,,
2012-02-22,,,,
2012-02-23,,,,
2012-02-24,,,,
2012-02-25,,,,
2012-02-26,,,,
2012-02-27,,,,
2012-02-28,,,,
2012-02-29,,,,
2012-03-01,,,,
2012-03-02,,,,
2012-03-03,,,,
2012-03-04,,,,
2012-03-05,,,,
2012-03-06,,,,
2012-03-07,,,,
2012-03-08,,,,
2012-03-09,,,,
2012-03-10,,,,
2012-03-11,,,,
2012-03-12,,,,
2012-03-13,,,,
2012-03-14,,,,
2012-03-15,,,,
2012-03-16,,,,
2012-03-17,,,,
2012-03-18,,,,
2012-03-19,,,,
2012-03-20,,,,
2012-03-21,,,,
2012-03-22,,,,
2012-03-23,,,,
2012-03-24,,,,
2012-03-25,,,,
2012-03-26,,,,
2012-03-27,,,,
2012-03-28,,,,
2012-03-29,,,,
2012-03-30,,,,
2012-03-31,,,,
2012-04-01,,,,
2012-04-02,,,,
2012-04-03,,,,
2012-04-04,,,,
2012-04-05,,,,
2012-04-06,,,,
2012-04-07,,,,
2012-04-08,,,,
2012-04-09,,,,
2012-04-10,,,,
2012-04-11,,,,
2012-04-12,,,,
2012-04-13,,,,
2012-04-14,,,,
2012-04-15,,,,
2012-04-16,,,,
2012-04-17,,,,
2012-04-18,,,,
2012-04-19,,,,
2012-04-20,,,,
2012-04-21,,,,
2012-04-22,,,,
2012-04-23,,,,
2012-04-24,,,,
2012-04-25,,,,
2012-04-26,,,,
2012-04-27,,,,
2012-04-28,,,,
2012-04-29,,,,
2012-04-30,,,,
2012-05-01,,,,
2012-05-02,,,,
2012-05-03,,,,
2012-05-04,,,,
2012-05-05,,,,
2012-05-06,,,,
2012-05-07,,,,
2012-05-08,,,,
2012-05-09,,,,
2012-05-10,,,,
2012-05-11,,,,
2012-05-12,,,,
2012-05-13,,,,
2012-05-14,,,,
2012-05-15,,,,
2012-05-16,,,,
2012-05-17,,,,
2012-05-18,,,,
2012-05-19,,,,
2012-05-20,,,,
2012-05-21,,,,
2012-05-22,,,,
2012-05-23,,,,
2012-05-24,,,,
2012-05-25,,,,
2012-05-26,,,,
2012-05-27,,,,
2012-05-28,,,,
2012-05-29,,,,
2012-05-30,,,,
2012-05-31,,,,
2012-06-01,,,75.125,
2012-06-02,,,56.54166667,
2012-06-03,,,48.375,
2012-06-04,,,60.125,
2012-06-05,,,69.20833333,
2012-06-06,,,72.95833333,
2012-06-07,,,61.88888889,
2012-06-08,,,,
2012-06-09,,,47.125,
2012-06-10,,,42.75,
2012-06-11,,,42.04166667,
2012-06-12,,,58.83333333,
2012-06-13,,,69.20833333,
2012-06-14,,,52.95833333,
2012-06-15,,,63.95833333,
2012-06-16,,,49.45833333,
2012-06-17,,,48.625,
2012-06-18,,,60.16666667,
2012-06-19,,,55.54166667,
2012-06-20,,,52.33333333,
2012-06-21,,,57.0,
2012-06-22,,,66.54166667,
2012-06-23,,,65.20833333,
2012-06-24,,,53.16666667,
2012-06-25,,,64.08333333,
2012-06-26,,,70.625,
2012-06-27,,,49.5,
2012-06-28,,,,
2012-06-29,,,,
2012-06-30,,,,
2012-07-01,,,35.57894737,
2012-07-02,,,41.72916667,
2012-07-03,,,58.89583333,
2012-07-04,,,58.72916667,
2012-07-05,,,58.64583333,
2012-07-06,,,57.10638298,
2012-07-07,,,55.72916667,
2012-07-08,,,44.85416667,
2012-07-09,,,58.76595745,
2012-07-10,,,60.5,
2012-07-11,,,55.97916667,
2012-07-12,,,59.5625,
2012-07-13,,,74.125,
2012-07-14,,,70.0625,
2012-07-15,,,43.64583333,
2012-07-16,,,63.0625,
2012-07-17,,,81.5625,
2012-07-18,,,60.35416667,
2012-07-19,,,61.22916667,
2012-07-20,,,52.625,
2012-07-21,,,52.875,
2012-07-22,,,53.14583333,
2012-07-23,,,55.52083333,
2012-07-24,,,61.58333333,
2012-07-25,,,67.64583333,
2012-07-26,,,69.60416667,
2012-07-27,,,67.125,
2012-07-28,,,61.85416667,
2012-07-29,,,54.22916667,
2012-07-30,,,63.77083333,
2012-07-31,,,77.79166667,
2012-08-01,,,76.85294118,
2012-08-02,,,64.1875,
2012-08-03,,,65.02083333,
2012-08-04,,,67.08333333,
2012-08-05,,,42.4375,
2012-08-06,,,61.875,
2012-08-07,,,48.16666667,
2012-08-08,,,72.54166667,
2012-08-09,,,83.5,
2012-08-10,,,61.52083333,
2012-08-11,,,58.375,
2012-08-12,,,46.5625,
2012-08-13,,,67.47916667,
2012-08-14,,,53.95833333,
2012-08-15,,,64.08333333,
2012-08-16,,,64.875,
2012-08-17,,,62.375,
2012-08-18,,,59.85416667,
2012-08-19,,,41.25,
2012-08-20,,,38.6875,
2012-08-21,,,68.72916667,
2012-08-22,,,67.22916667,
2012-08-23,,,73.08333333,
2012-08-24,,,87.89583333,
2012-08-25,,,78.1875,
2012-08-26,,,37.41666667,
2012-08-27,,,59.08333333,
2012-08-28,,,69.89583333,
2012-08-29,,,80.5625,
2012-08-30,,,78.60416667,
2012-08-31,,,63.97916667,
2012-09-01,,24.43478261,66.21428571,28.75
2012-09-02,,27.95652174,56.25,23.86956522
2012-09-03,,24.69565217,67.45833333,26.0
2012-09-04,,22.30434783,67.66666667,26.625
2012-09-05,0.74461538,21.69565217,69.75,34.0
2012-09-06,0.63875,23.73913043,72.91666667,25.08333333
2012-09-07,0.6225,28.65217391,71.41666667,23.79166667
2012-09-08,0.6625,25.56521739,64.04166667,23.66666667
2012-09-09,0.685,22.0,46.33333333,18.95652174
2012-09-10,0.68416667,27.86956522,50.95833333,18.63636364
2012-09-11,0.77083333,25.39130435,53.20833333,23.70833333
2012-09-12,0.92166667,26.52173913,60.0,26.60869565
2012-09-13,0.89125,27.17391304,67.91666667,26.56521739
2012-09-14,0.97875,36.43478261,78.95833333,33.83333333
2012-09-15,0.95625,29.82608696,68.45833333,26.16666667
2012-09-16,1.00958333,25.39130435,54.16666667,26.04166667
2012-09-17,0.78,21.59090909,67.04166667,29.56521739
2012-09-18,0.68708333,22.08695652,66.41666667,31.66666667
2012-09-19,0.51625,28.86956522,56.625,27.54545455
2012-09-20,0.4925,24.08695652,70.25,31.75
2012-09-21,0.47791667,28.04347826,59.875,29.80952381
2012-09-22,0.55791667,20.82608696,60.45833333,29.52380952
2012-09-23,0.39083333,27.56521739,42.70833333,22.94736842
2012-09-24,0.51541667,15.82608696,58.29166667,29.25
2012-09-25,0.63708333,20.26086957,70.16666667,35.04761905
2012-09-26,0.51041667,21.91304348,80.5,25.63157895
2012-09-27,0.50375,24.39130435,65.08333333,23.61904762
2012-09-28,0.72708333,18.04347826,65.79166667,35.0
2012-09-29,0.72791667,26.04347826,60.29166667,31.43478261
2012-09-30,0.53708333,27.30434783,42.54166667,18.52380952
2012-10-01,0.438,19.2,65.95833333,16.5
2012-10-02,,,66.54166667,
2012-10-03,,,53.95833333,
2012-10-04,,,65.58333333,
2012-10-05,,,81.58333333,
2012-10-06,,,71.125,
2012-10-07,,,52.75,
2012-10-08,,,70.16666667,
2012-10-09,,,79.75,
2012-10-10,,,58.66666667,
2012-10-11,,,70.45833333,
2012-10-12,,,72.54166667,
2012-10-13,,,65.83333333,
2012-10-14,,,63.75,
2012-10-15,,,62.41666667,
2012-10-16,,,64.14285714,
2012-10-17,,,58.79166667,
2012-10-18,,,65.66666667,
2012-10-19,,,63.125,
2012-10-20,,,63.31818182,
2012-10-21,,,35.60869565,
2012-10-22,,,48.04347826,
2012-10-23,,,53.33333333,
2012-10-24,,,49.5,
2012-10-25,,,52.16666667,
2012-10-26,,,54.20833333,
2012-10-27,,,46.66666667,
2012-10-28,,,49.5,
2012-10-29,,,64.875,
2012-10-30,,,69.83333333,
2012-10-31,,,62.5,
2012-11-01,,,65.56521739,
2012-11-02,,,65.79166667,
2012-11-03,,,51.45833333,
2012-11-04,,,45.04166667,
2012-11-05,,,42.25,
2012-11-06,,,72.45833333,
2012-11-07,,,62.79166667,
2012-11-08,,,54.08333333,
2012-11-09,,,71.08695652,
2012-11-10,,,59.375,
2012-11-11,,,47.04166667,
2012-11-12,,,49.75,
2012-11-13,,,65.625,
2012-11-14,,,76.75,
2012-11-15,,,62.625,
2012-11-16,,,58.25,
2012-11-17,,,50.26086957,
2012-11-18,,,59.375,
2012-11-19,,,64.58333333,
2012-11-20,,,59.0,
2012-11-21,,,72.95833333,
2012-11-22,,,71.66666667,
2012-11-23,,,62.70833333,
2012-11-24,,,65.08333333,
2012-11-25,,,58.75,
2012-11-26,,,65.29166667,
2012-11-27,,,57.33333333,
2012-11-28,,,69.18181818,
2012-11-29,,,59.65217391,
2012-11-30,,,65.95833333,
2012-12-01,,,69.20833333,
2012-12-02,,,52.13043478,
2012-12-03,,,53.65217391,
2012-12-04,,,56.41666667,
2012-12-05,,,62.66666667,
2012-12-06,,,56.41666667,
2012-12-07,,,58.625,
2012-12-08,,,52.16666667,
2012-12-09,,,55.66666667,
2012-12-10,,,55.66666667,
2012-12-11,,,75.41666667,
2012-12-12,,,68.16666667,
2012-12-13,,,58.16666667,
2012-12-14,,,61.25,
2012-12-15,,,59.75,
2012-12-16,,,51.75,
2012-12-17,,,63.41666667,
2012-12-18,,,70.09090909,
2012-12-19,,,69.33333333,
2012-12-20,,,76.69565217,
2012-12-21,,,,
2012-12-22,,,52.23076923,
2012-12-23,,,44.625,
2012-12-24,,,60.125,
2012-12-25,,,57.33333333,
2012-12-26,,,46.0,
2012-12-27,,,46.45833333,
2012-12-28,,,48.95833333,
2012-12-29,,,51.41666667,
2012-12-30,,,52.16666667,
2012-12-31,,,52.54166667,
2013-01-01,,,59.45833333,
2013-01-02,,,51.58064516,
2013-01-03,,,58.875,
2013-01-04,,,52.375,
2013-01-05,,,50.54166667,
2013-01-06,,,48.5,
2013-01-07,,,44.5,
2013-01-08,,,63.27272727,
2013-01-09,,,57.16666667,
2013-01-10,,,59.16666667,
2013-01-11,,,63.95833333,
2013-01-12,,,70.66666667,
2013-01-13,,,64.17391304,
2013-01-14,,,65.54166667,
2013-01-15,,,66.625,
2013-01-16,,,70.0,
2013-01-17,,,66.79166667,
2013-01-18,,,68.16666667,
2013-01-19,,,62.125,
2013-01-20,,,55.20833333,
2013-01-21,,,72.79166667,
2013-01-22,,,71.33333333,
2013-01-23,,,61.79166667,
2013-01-24,,,64.33333333,
2013-01-25,,,67.875,
2013-01-26,,,76.0,
2013-01-27,,,57.79166667,
2013-01-28,,,61.125,
2013-01-29,,,67.83333333,
2013-01-30,,,67.875,
2013-01-31,,,69.79166667,
2013-02-01,,,76.07407407,
2013-02-02,,,66.125,
2013-02-03,,,63.45833333,
2013-02-04,,,75.20833333,
2013-02-05,,,81.5,
2013-02-06,,,78.45833333,
2013-02-07,,,71.16666667,
2013-02-08,,,63.25,
2013-02-09,,,58.0,
2013-02-10,,,39.91666667,
2013-02-11,,,63.45833333,
2013-02-12,,,66.45833333,
2013-02-13,,,75.04347826,
2013-02-14,,,84.08333333,
2013-02-15,,,84.08333333,
2013-02-16,,,86.375,
2013-02-17,,,74.54166667,
2013-02-18,,,75.54166667,
2013-02-19,,,70.375,
2013-02-20,,,62.25,
2013-02-21,,,74.125,
2013-02-22,,,59.375,
2013-02-23,,,69.95833333,
2013-02-24,,,48.75,
2013-02-25,,,83.38461538,
2013-02-26,,,,
2013-02-27,,,,
2013-02-28,,,,
2013-03-01,,,63.29166667,
2013-03-02,,,58.04166667,
2013-03-03,,,49.91666667,
2013-03-04,,,58.33333333,
2013-03-05,,,63.5,
2013-03-06,,,71.60869565,
2013-03-07,,,74.625,
2013-03-08,,,68.95833333,
2013-03-09,,,80.75,
2013-03-10,,,55.83333333,
2013-03-11,,,65.25,
2013-03-12,,,55.45833333,
2013-03-13,,,77.5,
2013-03-14,,,81.875,
2013-03-15,,,64.79166667,
2013-03-16,,,60.95833333,
2013-03-17,,,48.625,
2013-03-18,,,62.25806452,
2013-03-19,,,72.75,
2013-03-20,,,79.58333333,
2013-03-21,,,56.08333333,
2013-03-22,,,76.70833333,
2013-03-23,,,71.79166667,
2013-03-24,,,63.70833333,
2013-03-25,,,62.25,
2013-03-26,,,67.625,
2013-03-27,,,83.86956522,
2013-03-28,,,60.45833333,
2013-03-29,,,45.34782609,
2013-03-30,,,,
2013-03-31,,,,
2013-04-01,,,,
2013-04-02,,,,
2013-04-03,,,,
2013-04-04,,,,
2013-04-05,,,85.09110788,
2013-04-06,,,76.13553429,
2013-04-07,,,55.78551372,
2013-04-08,,,67.12047466,
2013-04-09,,,81.89088977,
2013-04-10,,,78.9583713,
2013-04-11,,,70.51602082,
2013-04-12,,,102.83369004,
2013-04-13,,,,
2013-04-14,,,,
2013-04-15,,,67.66067401,
2013-04-16,,,74.49939289,
2013-04-17,,,54.59596304,
2013-04-18,,,68.87057705,
2013-04-19,,,86.06449457,
2013-04-20,,,58.64469202,
2013-04-21,,,46.34019788,
2013-04-22,,,67.35450041,
2013-04-23,,,57.05738974,
2013-04-24,,,64.69475327,
2013-04-25,,,59.35207566,
2013-04-26,,,57.05128422,
2013-04-27,,,53.56366132,
2013-04-28,,,51.52654566,
2013-04-29,,,59.47996677,
2013-04-30,,,76.24436121,
2013-05-01,,,60.64547001,
2013-05-02,,,70.40646764,
2013-05-03,,,64.93895245,
2013-05-04,,,71.64557752,
2013-05-05,,,39.0374467,
2013-05-06,,,46.56695366,
2013-05-07,,,58.8278412,
2013-05-08,,,72.44636372,
2013-05-09,,,74.80464191,
2013-05-10,,,63.40792258,
2013-05-11,,,,
2013-05-12,,,44.30810277,
2013-05-13,,,46.90476456,
2013-05-14,,,72.47931438,
2013-05-15,,,65.15207169,
2013-05-16,,,77.56188601,
2013-05-17,,,98.40659828,
2013-05-18,,,101.18132305,
2013-05-19,,,126.4560473,
2013-05-20,,,72.26495886,
2013-05-21,,,87.64069557,
2013-05-22,,,89.76031627,
2013-05-23,,,64.55267265,
2013-05-24,,,77.47185326,
2013-05-25,,,75.31968065,
2013-05-26,,,57.25670096,
2013-05-27,,,83.55311537,
2013-05-28,,,73.29331271,
2013-05-29,,,74.70696297,
2013-05-30,,,58.15018546,
2013-05-31,,,47.25885558,
2013-06-01,,,46.62546098,
2013-06-02,,,,
2013-06-03,,,,
2013-06-04,,,,
2013-06-05,,,82.27310117,
2013-06-06,,,57.48307592,
2013-06-07,,,91.1224526,
2013-06-08,,,,
2013-06-09,,,,
2013-06-10,,,24.39764023,
2013-06-11,,,41.9495342,
2013-06-12,,,99.47130909,
2013-06-13,,,47.49008238,
2013-06-14,,,50.37851321,
2013-06-15,,,68.70254371,
2013-06-16,,,34.70009387,
2013-06-17,,,46.74244286,
2013-06-18,,,54.66262115,
2013-06-19,,,61.30734653,
2013-06-20,,,58.95389097,
2013-06-21,,,50.09157731,
2013-06-22,,,55.78072626,
2013-06-23,,,55.3342514,
2013-06-24,,,64.96489859,
2013-06-25,,,61.45350329,
2013-06-26,,,81.14570817,
2013-06-27,,,69.61487881,
2013-06-28,,,67.87342548,
2013-06-29,,,65.00661667,
2013-06-30,,,42.90445904,
2013-07-01,,,33.91384158,
2013-07-02,,,60.17879232,
2013-07-03,,,59.98982747,
2013-07-04,,,95.11396392,
2013-07-05,,,76.15792131,
2013-07-06,,,69.71035491,
2013-07-07,,,49.13586669,
2013-07-08,,,46.33496388,
2013-07-09,,,55.68579872,
2013-07-10,,,67.22116354,
2013-07-11,,,55.27879794,
2013-07-12,,,58.38217688,
2013-07-13,,,68.78103797,
2013-07-14,,,53.39642119,
2013-07-15,,,69.40171369,
2013-07-16,,,57.52747536,
2013-07-17,,,48.41066631,
2013-07-18,,,55.70614847,
2013-07-19,,,45.56166317,
2013-07-20,,,37.91005548,
2013-07-21,,,36.25634806,
2013-07-22,,,43.52312129,
2013-07-23,,,43.98962367,
2013-07-24,,,62.55102376,
2013-07-25,,,47.38206421,
2013-07-26,,,58.41547654,
2013-07-27,,,48.47171593,
2013-07-28,,,31.47944822,
2013-07-29,,,42.66178513,
2013-07-30,,,49.24501713,
2013-07-31,,,53.7830712,
2013-08-01,,,48.94994096,
2013-08-02,,,41.6951588,
2013-08-03,,,46.76231464,
2013-08-04,,,45.40903775,
2013-08-05,,,42.10215942,
2013-08-06,,,58.17513789,
2013-08-07,,,59.67440255,
2013-08-08,,,50.21164203,
2013-08-09,,,43.18336437,
2013-08-10,,,59.42557734,
2013-08-11,,,41.3288582,
2013-08-12,,,45.0936118,
2013-08-13,,,57.07092667,
2013-08-14,,,48.22663175,
2013-08-15,,,57.63364974,
2013-08-16,,,68.67188783,
2013-08-17,,,47.60829444,
2013-08-18,,,36.22100315,
2013-08-19,,,32.41731839,
2013-08-20,,,51.07651877,
2013-08-21,,,53.59992139,
2013-08-22,,,48.99108431,
2013-08-23,,,56.64224958,
2013-08-24,,,43.98453641,
2013-08-25,,,38.13099832,
2013-08-26,,,46.44688932,
2013-08-27,,,53.03012053,
2013-08-28,,,57.95773334,
2013-08-29,,,58.84837662,
2013-08-30,,,56.90104833,
2013-08-31,,,57.75044143,
2013-09-01,,,37.71672964,
2013-09-02,,,42.5905604,
2013-09-03,,,51.02564359,
2013-09-04,,,69.71713797,
2013-09-05,,,71.31461477,
2013-09-06,,,71.97776114,
2013-09-07,,,62.06552951,
2013-09-08,,,43.00773517,
2013-09-09,,,45.91778763,
2013-09-10,,,50.40496826,
2013-09-11,,,55.30932236,
2013-09-12,,,59.1453023,
2013-09-13,,,64.5075326,
2013-09-14,,,62.30048058,
2013-09-15,,,39.40578103,
2013-09-16,,,44.31013624,
2013-09-17,,,53.4676466,
2013-09-18,,,50.03866792,
2013-09-19,,,50.5982937,
2013-09-20,,,55.03238612,
2013-09-21,,,53.95604698,
2013-09-22,,,44.03541168,
2013-09-23,,,62.11640549,
2013-09-24,,,62.70655568,
2013-09-25,,,67.13268471,
2013-09-26,,,88.2301067,
2013-09-27,,,89.55840969,
2013-09-28,,,52.78592094,
2013-09-29,,,46.86406422,
2013-09-30,,,53.8848211,
2013-10-01,,,62.90984897,
2013-10-02,,,57.6867364,
2013-10-03,,,75.8119688,
2013-10-04,,,48.94994148,
2013-10-05,,,50.86284355,
2013-10-06,,,45.47008773,
2013-10-07,,,51.78877044,
2013-10-08,,,52.37803509,
2013-10-09,,,55.47212402,
2013-10-10,,,48.91941563,
2013-10-11,,,55.31949878,
2013-10-12,,,48.94994171,
2013-10-13,,,37.51322953,
2013-10-14,,,39.68050637,
2013-10-15,,,62.13398032,
2013-10-16,,,50.95441858,
2013-10-17,,,51.71754495,
2013-10-18,,,72.27106619,
2013-10-19,,,64.76190766,
2013-10-20,,,42.67372861,
2013-10-21,,,50.32356819,
2013-10-22,,,51.90069445,
2013-10-23,,,64.49735737,
2013-10-24,,,70.4090391,
2013-10-25,,,69.99186412,
2013-10-26,,,67.49721643,
2013-10-27,,,38.2763559,
2013-10-28,,,57.53765027,
2013-10-29,,,68.51648744,
2013-10-30,,,64.94392791,
2013-10-31,,,51.74806984,
2013-11-01,,,38.07285555,
2013-11-02,,,29.74969645,
2013-11-03,,,26.69719301,
2013-11-04,,,31.82539842,
2013-11-05,,,45.55148816,
2013-11-06,,,54.36304696,
2013-11-07,,,53.13187075,
2013-11-08,,,64.63051746,
2013-11-09,,,56.78425785,
2013-11-10,,,43.76068552,
2013-11-11,,,49.08221594,
2013-11-12,,,51.88034431,
2013-11-13,,,60.71269641,
2013-11-14,,,46.79283981,
2013-11-15,,,54.26129723,
2013-11-16,,,53.84412241,
2013-11-17,,,43.55497443,
2013-11-18,,,56.49980021,
2013-11-19,,,37.22832942,
2013-11-20,,,58.28042706,
2013-11-21,,,72.87139153,
2013-11-22,,,71.10093927,
2013-11-23,,,65.3622338,
2013-11-24,,,51.11721832,
2013-11-25,,,65.08483184,
2013-11-26,,,56.79487371,
2013-11-27,,,67.59056155,
2013-11-28,,,51.11721881,
2013-11-29,,,56.87627443,
2013-11-30,,,53.86447144,
