Fecha,PM2.5
2019-01-01,22.0826087
2019-01-02,11.07272727
2019-01-03,10.89565217
2019-01-04,14.14090909
2019-01-05,23.82916667
2019-01-06,21.04583333
2019-01-07,17.76666667
2019-01-08,19.4
2019-01-09,10.725
2019-01-10,19.09583333
2019-01-11,14.20833333
2019-01-12,15.325
2019-01-13,15.21363636
2019-01-14,20.89565217
2019-01-15,22.16666667
2019-01-16,19.21666667
2019-01-17,21.7375
2019-01-18,23.0875
2019-01-19,19.515
2019-01-20,16.17083333
2019-01-21,15.22083333
2019-01-22,16.07916667
2019-01-23,14.575
2019-01-24,15.52083333
2019-01-25,16.22083333
2019-01-26,18.1625
2019-01-27,20.47083333
2019-01-28,22.51666667
2019-01-29,20.35833333
2019-01-30,19.95416667
2019-01-31,24.5875
2019-02-01,24.625
2019-02-02,
2019-02-03,19.2
2019-02-04,26.575
2019-02-05,31.05416667
2019-02-06,30.50833333
2019-02-07,37.05909091
2019-02-08,36.98333333
2019-02-09,31.42083333
2019-02-10,29.03333333
2019-02-11,30.47083333
2019-02-12,41.54583333
2019-02-13,33.36666667
2019-02-14,27.2375
2019-02-15,29.73333333
2019-02-16,34.0125
2019-02-17,31.25416667
2019-02-18,28.6125
2019-02-19,32.8125
2019-02-20,19.39130435
2019-02-21,22.74583333
2019-02-22,17.4875
2019-02-23,18.34583333
2019-02-24,22.42631579
2019-02-25,28.325
2019-02-26,45.04583333
2019-02-27,34.49583333
2019-02-28,27.55
2019-03-01,27.63333333
2019-03-02,21.2125
2019-03-03,23.39166667
2019-03-04,26.1
2019-03-05,43.49166667
2019-03-06,35.65833333
2019-03-07,37.3625
2019-03-08,32.94166667
2019-03-09,27.42083333
2019-03-10,20.2625
2019-03-11,21.65
2019-03-12,20.3875
2019-03-13,25.47916667
2019-03-14,42.18333333
2019-03-15,42.22083333
2019-03-16,52.55833333
2019-03-17,45.8625
2019-03-18,34.01666667
2019-03-19,20.38333333
2019-03-20,15.38695652
2019-03-21,20.36363636
2019-03-22,26.64583333
2019-03-23,30.90416667
2019-03-24,25.78333333
2019-03-25,19.09166667
2019-03-26,38.12916667
2019-03-27,44.84166667
2019-03-28,43.375
2019-03-29,23.775
2019-03-30,25.84583333
2019-03-31,24.70909091
2019-04-01,15.9875
2019-04-02,15.2875
2019-04-03,21.36666667
2019-04-04,20.9952381
2019-04-05,20.3625
2019-04-06,18.0375
2019-04-07,29.12272727
2019-04-08,33.01666667
2019-04-09,30.325
2019-04-10,23.57083333
2019-04-11,21.31363636
2019-04-12,22.20833333
2019-04-13,27.46666667
2019-04-14,17.22916667
2019-04-15,16.325
2019-04-16,23.32083333
2019-04-17,21.57916667
2019-04-18,8.90869565
2019-04-19,7.80416667
2019-04-20,12.25416667
2019-04-21,11.75
2019-04-22,11.24166667
2019-04-23,12.67083333
2019-04-24,17.24166667
2019-04-25,20.08571429
2019-04-26,16.06666667
2019-04-27,21.25416667
2019-04-28,12.55
2019-04-29,17.07083333
2019-04-30,19.85416667
2019-05-01,17.58333333
2019-05-02,23.7
2019-05-03,23.62916667
2019-05-04,22.57916667
2019-05-05,16.5125
2019-05-06,17.70833333
2019-05-07,17.65
2019-05-08,13.79166667
2019-05-09,20.8875
2019-05-10,
2019-05-11,17.08333333
2019-05-12,8.39565217
2019-05-13,16.24761905
2019-05-14,10.46956522
2019-05-15,16.07916667
2019-05-16,20.66666667
2019-05-17,16.19583333
2019-05-18,11.50833333
2019-05-19,10.70869565
2019-05-20,13.2625
2019-05-21,18.86666667
2019-05-22,15.62083333
2019-05-23,15.8875
2019-05-24,17.23333333
2019-05-25,17.05833333
2019-05-26,6.92083333
2019-05-27,13.85416667
2019-05-28,12.74090909
2019-05-29,16.76956522
2019-05-30,14.9
2019-05-31,19.0826087
2019-06-01,10.54166667
2019-06-02,11.44782609
2019-06-03,10.2125
2019-06-04,13.06956522
2019-06-05,14.0
2019-06-06,15.38333333
2019-06-07,12.16956522
2019-06-08,13.075
2019-06-09,9.45
2019-06-10,14.9
2019-06-11,13.14166667
2019-06-12,13.075
2019-06-13,16.30833333
2019-06-14,15.74583333
2019-06-15,14.825
2019-06-16,8.32916667
2019-06-17,9.24782609
2019-06-18,7.68095238
2019-06-19,12.29130435
2019-06-20,11.4875
2019-06-21,10.255
2019-06-22,9.69583333
2019-06-23,9.87916667
2019-06-24,10.23333333
2019-06-25,18.96666667
2019-06-26,13.45
2019-06-27,17.4625
2019-06-28,15.85217391
2019-06-29,10.38333333
2019-06-30,8.73478261
2019-07-01,10.1
2019-07-02,14.18333333
2019-07-03,13.17083333
2019-07-04,18.32083333
2019-07-05,14.27083333
2019-07-06,10.56666667
2019-07-07,6.94166667
2019-07-08,12.125
2019-07-09,12.95
2019-07-10,11.64166667
2019-07-11,14.80833333
2019-07-12,12.31304348
2019-07-13,10.69166667
2019-07-14,7.37916667
2019-07-15,13.52916667
2019-07-16,11.61428571
2019-07-17,12.77916667
2019-07-18,9.41304348
2019-07-19,10.64347826
2019-07-20,7.81304348
2019-07-21,7.1125
2019-07-22,16.4625
2019-07-23,10.07826087
2019-07-24,14.525
2019-07-25,14.08333333
2019-07-26,12.33333333
2019-07-27,13.14583333
2019-07-28,11.4375
2019-07-29,14.74583333
2019-07-30,13.5625
2019-07-31,9.97083333
2019-08-01,17.5625
2019-08-02,14.7375
2019-08-03,15.03333333
2019-08-04,12.71304348
2019-08-05,16.25
2019-08-06,28.41666667
2019-08-07,24.95833333
2019-08-08,17.02083333
2019-08-09,13.39583333
2019-08-10,13.1125
2019-08-11,10.55833333
2019-08-12,15.10833333
2019-08-13,15.92916667
2019-08-14,15.34166667
2019-08-15,23.925
2019-08-16,
2019-08-17,29.27916667
2019-08-18,
2019-08-19,14.96666667
2019-08-20,13.09166667
2019-08-21,14.95
2019-08-22,20.62380952
2019-08-23,19.585
2019-08-24,13.9125
2019-08-25,11.60434783
2019-08-26,14.40833333
2019-08-27,13.14166667
2019-08-28,20.07916667
2019-08-29,15.72173913
2019-08-30,18.775
2019-08-31,17.12916667
2019-09-01,11.775
2019-09-02,16.24545455
2019-09-03,13.27368421
2019-09-04,15.67916667
2019-09-05,11.45
2019-09-06,
2019-09-07,
2019-09-08,
2019-09-09,
2019-09-10,14.475
2019-09-11,14.9875
2019-09-12,16.38333333
2019-09-13,14.0875
2019-09-14,11.84583333
2019-09-15,10.8375
2019-09-16,12.18571429
2019-09-17,15.81666667
2019-09-18,12.50416667
2019-09-19,7.86956522
2019-09-20,15.09583333
2019-09-21,14.38333333
2019-09-22,13.625
2019-09-23,9.24166667
2019-09-24,19.14166667
2019-09-25,19.11904762
2019-09-26,10.33181818
2019-09-27,18.31666667
2019-09-28,14.06666667
2019-09-29,11.66666667
2019-09-30,13.38333333
2019-10-01,8.62083333
2019-10-02,16.57083333
2019-10-03,14.7375
2019-10-04,15.45416667
2019-10-05,13.02083333
2019-10-06,10.25416667
2019-10-07,9.56956522
2019-10-08,13.93333333
2019-10-09,17.52916667
2019-10-10,19.70833333
2019-10-11,19.46666667
2019-10-12,16.15833333
2019-10-13,12.67916667
2019-10-14,11.10833333
2019-10-15,12.3
2019-10-16,16.02777778
2019-10-17,16.02608696
2019-10-18,19.12083333
2019-10-19,12.72916667
2019-10-20,12.35833333
2019-10-21,13.61363636
2019-10-22,16.97916667
2019-10-23,9.84166667
2019-10-24,15.05
2019-10-25,21.51666667
2019-10-26,12.34583333
2019-10-27,10.14166667
2019-10-28,13.54583333
2019-10-29,12.8125
2019-10-30,13.24583333
2019-10-31,13.10952381
2019-11-01,16.29166667
2019-11-02,16.52083333
2019-11-03,13.40434783
2019-11-04,14.5047619
2019-11-05,20.73333333
2019-11-06,14.08333333
2019-11-07,16.89583333
2019-11-08,20.0
2019-11-09,12.91666667
2019-11-10,15.0625
2019-11-11,10.03333333
2019-11-12,10.96666667
2019-11-13,17.56956522
2019-11-14,22.35416667
2019-11-15,17.24583333
2019-11-16,13.22380952
2019-11-17,12.80434783
2019-11-18,12.21666667
2019-11-19,15.64347826
2019-11-20,21.59047619
2019-11-21,12.55416667
2019-11-22,21.13809524
2019-11-23,19.425
2019-11-24,14.04166667
2019-11-25,20.60416667
2019-11-26,15.83333333
2019-11-27,13.04166667
2019-11-28,13.59583333
2019-11-29,16.2625
2019-11-30,15.67083333
2019-12-01,15.08333333
2019-12-02,16.4
2019-12-03,20.95
2019-12-04,18.4
2019-12-05,14.55
2019-12-06,16.16363636
2019-12-07,19.25416667
2019-12-08,13.0125
2019-12-09,12.99583333
2019-12-10,18.35
2019-12-11,20.66666667
2019-12-12,15.33333333
2019-12-13,16.15833333
2019-12-14,15.52916667
2019-12-15,11.2625
2019-12-16,19.64166667
2019-12-17,22.33333333
2019-12-18,16.57916667
2019-12-19,14.47083333
2019-12-20,
2019-12-21,13.02916667
2019-12-22,14.54583333
2019-12-23,
2019-12-24,15.92083333
2019-12-25,18.85833333
2019-12-26,9.37083333
2019-12-27,18.59583333
2019-12-28,14.79166667
2019-12-29,13.59565217
2019-12-30,18.72083333
2019-12-31,9.95217391
2020-01-01,18.54545455
2020-01-02,10.69166667
2020-01-03,13.12083333
2020-01-04,13.2375
2020-01-05,12.6625
2020-01-06,13.6875
2020-01-07,13.3625
2020-01-08,12.09583333
2020-01-09,14.18333333
2020-01-10,15.1875
2020-01-11,12.11666667
2020-01-12,11.00416667
2020-01-13,16.02083333
2020-01-14,15.57083333
2020-01-15,23.55833333
2020-01-16,13.3173913
2020-01-17,9.57916667
2020-01-18,9.35416667
2020-01-19,9.65833333
2020-01-20,17.50833333
2020-01-21,18.45833333
2020-01-22,8.47727273
2020-01-23,14.89583333
2020-01-24,16.525
2020-01-25,11.16818182
2020-01-26,11.84166667
2020-01-27,15.47083333
2020-01-28,18.72083333
2020-01-29,17.72083333
2020-01-30,22.5
2020-01-31,26.03333333
2020-02-01,19.96666667
2020-02-02,13.82916667
2020-02-03,15.45
2020-02-04,17.26666667
2020-02-05,18.675
2020-02-06,21.40952381
2020-02-07,33.6625
2020-02-08,35.325
2020-02-09,31.63333333
2020-02-10,28.475
2020-02-11,27.5375
2020-02-12,27.80833333
2020-02-13,30.91666667
2020-02-14,32.08333333
2020-02-15,24.30416667
2020-02-16,17.2625
2020-02-17,17.96190476
2020-02-18,18.48181818
2020-02-19,21.23333333
2020-02-20,28.40833333
2020-02-21,33.32083333
2020-02-22,26.56666667
2020-02-23,22.45416667
2020-02-24,28.0375
2020-02-25,27.39166667
2020-02-26,26.8125
2020-02-27,34.9125
2020-02-28,30.43333333
2020-02-29,42.19583333
2020-03-01,31.07916667
2020-03-02,32.22083333
2020-03-03,27.5875
2020-03-04,38.97916667
2020-03-05,29.19583333
2020-03-06,53.04166667
2020-03-07,53.78333333
2020-03-08,47.2875
2020-03-09,46.59166667
2020-03-10,38.0
2020-03-11,40.62083333
2020-03-12,43.85833333
2020-03-13,38.52727273
2020-03-14,44.00416667
2020-03-15,40.5125
2020-03-16,41.48181818
2020-03-17,60.75833333
2020-03-18,58.77083333
2020-03-19,58.43333333
2020-03-20,45.925
2020-03-21,25.9125
2020-03-22,30.275
2020-03-23,40.50416667
2020-03-24,49.32916667
2020-03-25,46.32083333
2020-03-26,50.9125
2020-03-27,44.04166667
2020-03-28,39.3375
2020-03-29,45.45238095
2020-03-30,45.75416667
2020-03-31,22.51666667
2020-04-01,8.7625
2020-04-02,10.07916667
2020-04-03,16.975
2020-04-04,17.96666667
2020-04-05,13.625
2020-04-06,9.30416667
2020-04-07,7.925
2020-04-08,12.08333333
2020-04-09,9.44166667
2020-04-10,10.42083333
2020-04-11,6.17916667
2020-04-12,9.19583333
2020-04-13,9.775
2020-04-14,13.41904762
2020-04-15,16.52083333
2020-04-16,
2020-04-17,31.96086957
2020-04-18,30.00833333
2020-04-19,13.14583333
2020-04-20,14.5875
2020-04-21,12.5875
2020-04-22,14.4125
2020-04-23,10.18333333
2020-04-24,11.95833333
2020-04-25,16.1375
2020-04-26,14.71666667
2020-04-27,16.90416667
2020-04-28,13.92916667
2020-04-29,17.49583333
2020-04-30,
2020-05-01,14.15
2020-05-02,10.1625
2020-05-03,10.72083333
2020-05-04,11.07916667
2020-05-05,8.96666667
2020-05-06,9.1875
2020-05-07,9.75
2020-05-08,9.15
2020-05-09,7.57916667
2020-05-10,7.6625
2020-05-11,12.74761905
2020-05-12,15.25
2020-05-13,12.14583333
2020-05-14,15.33333333
2020-05-15,14.99583333
2020-05-16,12.05833333
2020-05-17,7.95217391
2020-05-18,7.675
2020-05-19,14.05833333
2020-05-20,14.17727273
2020-05-21,10.26666667
2020-05-22,15.54583333
2020-05-23,13.77083333
2020-05-24,10.87619048
2020-05-25,7.9625
2020-05-26,9.38333333
2020-05-27,10.61666667
2020-05-28,12.14166667
2020-05-29,14.99583333
2020-05-30,13.41666667
2020-05-31,9.55416667
2020-06-01,7.60833333
2020-06-02,14.47083333
2020-06-03,11.79583333
2020-06-04,9.56666667
2020-06-05,13.86666667
2020-06-06,16.0375
2020-06-07,6.25833333
2020-06-08,9.85416667
2020-06-09,14.20833333
2020-06-10,16.0
2020-06-11,16.3875
2020-06-12,12.50416667
2020-06-13,11.27083333
2020-06-14,6.31666667
2020-06-15,8.70833333
2020-06-16,9.24583333
2020-06-17,15.55714286
2020-06-18,14.4625
2020-06-19,16.05
2020-06-20,10.55
2020-06-21,4.91764706
2020-06-22,
2020-06-23,
2020-06-24,
2020-06-25,25.05416667
2020-06-26,15.95833333
2020-06-27,17.9625
2020-06-28,8.50833333
2020-06-29,9.81304348
2020-06-30,14.20952381
2020-07-01,11.7
2020-07-02,11.27916667
2020-07-03,14.45833333
2020-07-04,13.2
2020-07-05,11.19166667
2020-07-06,15.05
2020-07-07,16.39166667
2020-07-08,9.43043478
2020-07-09,8.00434783
2020-07-10,14.9375
2020-07-11,11.63333333
2020-07-12,12.75416667
2020-07-13,8.60434783
2020-07-14,7.30416667
2020-07-15,
2020-07-16,13.02916667
2020-07-17,10.20833333
2020-07-18,8.34583333
2020-07-19,7.57916667
2020-07-20,11.15833333
2020-07-21,15.11666667
2020-07-22,14.20416667
2020-07-23,13.35416667
2020-07-24,9.3125
2020-07-25,10.225
2020-07-26,7.59583333
2020-07-27,11.29583333
2020-07-28,9.37083333
2020-07-29,9.7625
2020-07-30,11.69047619
2020-07-31,15.43636364
2020-08-01,12.03333333
2020-08-02,9.1625
2020-08-03,
2020-08-04,18.335
2020-08-05,20.4625
2020-08-06,27.0125
2020-08-07,15.59166667
2020-08-08,10.45
2020-08-09,11.9125
2020-08-10,19.83333333
2020-08-11,25.64166667
2020-08-12,9.425
2020-08-13,11.85416667
2020-08-14,11.83333333
2020-08-15,9.9
2020-08-16,10.28333333
2020-08-17,7.38695652
2020-08-18,14.45416667
2020-08-19,7.725
2020-08-20,10.75416667
2020-08-21,12.37083333
2020-08-22,12.7
2020-08-23,8.79166667
2020-08-24,13.88333333
2020-08-25,13.8625
2020-08-26,14.89583333
2020-08-27,11.3625
2020-08-28,11.45833333
2020-08-29,13.28333333
2020-08-30,6.96666667
2020-08-31,17.13333333
2020-09-01,15.825
2020-09-02,9.85
2020-09-03,16.87083333
2020-09-04,18.41666667
2020-09-05,9.9375
2020-09-06,7.775
2020-09-07,12.99565217
2020-09-08,10.97916667
2020-09-09,16.35833333
2020-09-10,16.22083333
2020-09-11,15.21666667
2020-09-12,14.3625
2020-09-13,10.25833333
2020-09-14,11.95
2020-09-15,17.5875
2020-09-16,11.61666667
2020-09-17,15.41904762
2020-09-18,20.0375
2020-09-19,17.7625
2020-09-20,14.17083333
2020-09-21,16.32916667
2020-09-22,15.54583333
2020-09-23,16.94583333
2020-09-24,10.5875
2020-09-25,12.83333333
2020-09-26,13.66666667
2020-09-27,10.2125
2020-09-28,13.2625
2020-09-29,15.0875
2020-09-30,12.97916667
2020-10-01,12.65652174
2020-10-02,15.13913043
2020-10-03,18.7375
2020-10-04,10.7125
2020-10-05,13.29545455
2020-10-06,15.77826087
2020-10-07,18.12083333
2020-10-08,17.23333333
2020-10-09,14.88181818
2020-10-10,11.1625
2020-10-11,12.54761905
2020-10-12,13.90833333
2020-10-13,10.57083333
2020-10-14,17.0
2020-10-15,17.94583333
2020-10-16,16.975
2020-10-17,16.64583333
2020-10-18,15.96086957
2020-10-19,12.4875
2020-10-20,13.14166667
2020-10-21,16.78333333
2020-10-22,14.41904762
2020-10-23,14.6625
2020-10-24,18.2125
2020-10-25,9.47391304
2020-10-26,16.33333333
2020-10-27,15.92916667
2020-10-28,12.38333333
2020-10-29,10.825
2020-10-30,10.6625
2020-10-31,10.7375
2020-11-01,5.99166667
2020-11-02,7.70416667
2020-11-03,12.30833333
2020-11-04,11.675
2020-11-05,10.53913043
2020-11-06,13.66
2020-11-07,15.36666667
2020-11-08,14.0125
2020-11-09,13.77083333
2020-11-10,15.2625
2020-11-11,17.87916667
2020-11-12,21.69166667
2020-11-13,9.7
2020-11-14,5.6875
2020-11-15,6.26086957
2020-11-16,12.825
2020-11-17,12.5125
2020-11-18,14.58333333
2020-11-19,12.11
2020-11-20,12.99166667
2020-11-21,7.52272727
2020-11-22,12.32916667
2020-11-23,13.1125
2020-11-24,16.27916667
2020-11-25,11.875
2020-11-26,14.01
2020-11-27,18.15833333
2020-11-28,13.32916667
2020-11-29,12.30833333
2020-11-30,14.2875
2020-12-01,19.99166667
2020-12-02,13.82083333
2020-12-03,13.0
2020-12-04,15.80833333
2020-12-05,
2020-12-06,10.04347826
2020-12-07,17.05416667
2020-12-08,14.9125
2020-12-09,15.40833333
2020-12-10,15.09166667
2020-12-11,19.52083333
2020-12-12,15.325
2020-12-13,14.6125
2020-12-14,17.6375
2020-12-15,20.27619048
2020-12-16,18.27083333
2020-12-17,20.74583333
2020-12-18,22.27916667
2020-12-19,
2020-12-20,15.38333333
2020-12-21,17.64545455
2020-12-22,18.275
2020-12-23,16.65833333
2020-12-24,18.47916667
2020-12-25,8.2826087
2020-12-26,9.16363636
2020-12-27,9.12916667
2020-12-28,12.35
2020-12-29,12.725
2020-12-30,14.32916667
2020-12-31,16.725
2021-01-01,17.74583333
2021-01-02,11.3
2021-01-03,9.5
2021-01-04,10.8
2021-01-05,15.17083333
2021-01-06,12.81666667
2021-01-07,16.27916667
2021-01-08,15.77647059
2021-01-09,11.1625
2021-01-10,7.87083333
2021-01-11,5.36086957
2021-01-12,10.9875
2021-01-13,12.93333333
2021-01-14,17.0375
2021-01-15,16.8826087
2021-01-16,11.95
2021-01-17,13.98333333
2021-01-18,15.74166667
2021-01-19,14.69545455
2021-01-20,18.36666667
2021-01-21,22.05833333
2021-01-22,23.64583333
2021-01-23,18.23913043
2021-01-24,12.17619048
2021-01-25,14.29583333
2021-01-26,17.05416667
2021-01-27,15.50833333
2021-01-28,22.275
2021-01-29,19.76956522
2021-01-30,20.06666667
2021-01-31,16.46666667
2021-02-01,14.82916667
2021-02-02,16.20714286
2021-02-03,
2021-02-04,
2021-02-05,11.6760125
2021-02-06,17.85546188
2021-02-07,12.07221229
2021-02-08,18.0091325
2021-02-09,15.11141474
2021-02-10,16.47819208
2021-02-11,19.77531729
2021-02-12,17.37555792
2021-02-13,19.36568958
2021-02-14,18.92951479
2021-02-15,19.78042708
2021-02-16,19.6737381
2021-02-17,18.59025583
2021-02-18,13.9373037
2021-02-19,14.60299708
2021-02-20,15.04417208
2021-02-21,12.36062729
2021-02-22,21.13944375
2021-02-23,22.29411667
2021-02-24,18.84036833
2021-02-25,19.82983771
2021-02-26,17.15564563
2021-02-27,14.10453438
2021-02-28,14.41900787
2021-03-01,14.88571429
2021-03-02,18.525
2021-03-03,23.84583333
2021-03-04,27.65833333
2021-03-05,24.575
2021-03-06,
2021-03-07,30.425
2021-03-08,17.575
2021-03-09,21.17916667
2021-03-10,16.86666667
2021-03-11,12.44583333
2021-03-12,12.04166667
2021-03-13,18.57083333
2021-03-14,16.2875
2021-03-15,18.88333333
2021-03-16,18.11363636
2021-03-17,18.2173913
2021-03-18,9.175
2021-03-19,15.17083333
2021-03-20,11.34583333
2021-03-21,14.14583333
2021-03-22,10.70833333
2021-03-23,10.78333333
2021-03-24,15.18333333
2021-03-25,21.86666667
2021-03-26,17.39166667
2021-03-27,12.39166667
2021-03-28,14.22916667
2021-03-29,14.77916667
2021-03-30,9.34090909
2021-03-31,16.32083333
2021-04-01,15.09583333
2021-04-02,11.37083333
2021-04-03,11.64583333
2021-04-04,9.37916667
2021-04-05,9.22083333
2021-04-06,11.28571429
2021-04-07,12.25833333
2021-04-08,14.45416667
2021-04-09,10.16315789
2021-04-10,9.9375
2021-04-11,8.93333333
2021-04-12,11.3125
2021-04-13,11.225
2021-04-14,17.44583333
2021-04-15,17.84166667
2021-04-16,12.16666667
2021-04-17,14.79565217
2021-04-18,10.9
2021-04-19,13.79583333
2021-04-20,15.05714286
2021-04-21,16.925
2021-04-22,23.1625
2021-04-23,16.425
2021-04-24,17.4625
2021-04-25,17.22916667
2021-04-26,23.55714286
2021-04-27,20.34583333
2021-04-28,12.74285714
2021-04-29,9.79166667
2021-04-30,13.4875
2021-05-01,10.4375
2021-05-02,7.76666667
2021-05-03,9.74583333
2021-05-04,9.17083333
2021-05-05,14.15833333
2021-05-06,15.7375
2021-05-07,13.69047619
2021-05-08,10.35652174
2021-05-09,8.59166667
2021-05-10,11.92083333
2021-05-11,8.77916667
2021-05-12,10.83333333
2021-05-13,10.08333333
2021-05-14,12.80416667
2021-05-15,12.85833333
2021-05-16,7.29545455
2021-05-17,6.4
2021-05-18,18.93571429
2021-05-19,13.6625
2021-05-20,12.7875
2021-05-21,17.25454545
2021-05-22,13.95238095
2021-05-23,10.52916667
2021-05-24,10.50833333
2021-05-25,8.64583333
2021-05-26,10.19583333
2021-05-27,17.6
2021-05-28,13.41304348
2021-05-29,12.7875
2021-05-30,12.52608696
2021-05-31,12.33478261
2021-06-01,10.73333333
2021-06-02,8.6125
2021-06-03,12.63041667
2021-06-04,13.11887417
2021-06-05,10.91534167
2021-06-06,7.95710391
2021-06-07,11.09741375
2021-06-08,13.77144458
2021-06-09,8.88310391
2021-06-10,17.37906083
2021-06-11,16.09678583
2021-06-12,16.26347458
2021-06-13,14.33257
2021-06-14,11.90988174
2021-06-15,12.72157
2021-06-16,13.41068333
2021-06-17,14.82304292
2021-06-18,8.28265333
2021-06-19,7.75166895
2021-06-20,8.32180889
2021-06-21,6.24790857
2021-06-22,16.07221905
2021-06-23,15.91867125
2021-06-24,10.7956335
2021-06-25,15.73972217
2021-06-26,12.90068042
2021-06-27,14.05294
2021-06-28,7.73704958
2021-06-29,10.86689286
2021-06-30,13.13377261
2021-07-01,14.31304348
2021-07-02,14.01818182
2021-07-03,13.09956875
2021-07-04,7.6419887
2021-07-05,11.25195792
2021-07-06,13.26249167
2021-07-07,13.82283708
2021-07-08,12.75400632
2021-07-09,16.94818095
2021-07-10,15.17074435
2021-07-11,6.79160708
2021-07-12,13.67192783
2021-07-13,9.93760048
2021-07-14,15.12865292
2021-07-15,14.99916042
2021-07-16,13.42010708
2021-07-17,8.11025875
2021-07-18,6.39082167
2021-07-19,7.93798905
2021-07-20,7.34491375
2021-07-21,11.85916625
2021-07-22,11.53289917
2021-07-23,14.65964625
2021-07-24,19.6608525
2021-07-25,7.68759708
2021-07-26,10.63063833
2021-07-27,12.15528833
2021-07-28,17.65890625
2021-07-29,15.93957478
2021-07-30,11.5723495
2021-07-31,9.96537957
2021-08-01,8.58695652
2021-08-02,10.34545455
2021-08-03,22.76939381
2021-08-04,19.64946958
2021-08-05,18.066895
2021-08-06,17.19109625
2021-08-07,21.289475
2021-08-08,11.8085081
2021-08-09,12.82159333
2021-08-10,13.80380208
2021-08-11,17.05486708
2021-08-12,11.46370667
2021-08-13,7.35632421
2021-08-14,10.78628417
2021-08-15,8.06115792
2021-08-16,9.00272833
2021-08-17,10.95346333
2021-08-18,12.2503735
2021-08-19,13.279065
2021-08-20,15.48536708
2021-08-21,20.69908261
2021-08-22,13.11005875
2021-08-23,13.82334
2021-08-24,13.78361348
2021-08-25,17.3485175
2021-08-26,17.03252478
2021-08-27,13.536325
2021-08-28,14.9583581
2021-08-29,10.98818333
2021-08-30,6.83392913
2021-08-31,8.64769739
2021-09-01,16.59583333
2021-09-02,11.727645
2021-09-03,9.81694708
2021-09-04,13.04328958
2021-09-05,10.52189917
2021-09-06,14.86945167
2021-09-07,18.05651
2021-09-08,14.12214565
2021-09-09,15.39023292
2021-09-10,13.57016083
2021-09-11,13.25111125
2021-09-12,8.81
2021-09-13,12.4121325
2021-09-14,10.90267792
2021-09-15,9.38955167
2021-09-16,12.27781375
2021-09-17,12.83498833
2021-09-18,14.51647625
2021-09-19,10.42308375
2021-09-20,14.80193708
2021-09-21,15.56623167
2021-09-22,16.71258042
2021-09-23,12.94864083
2021-09-24,16.51100458
2021-09-25,14.04229333
2021-09-26,10.74987625
2021-09-27,13.23608542
2021-09-28,18.45557792
2021-09-29,12.86290167
2021-09-30,15.28806435
2021-10-01,17.62083333
2021-10-02,18.85685208
2021-10-03,12.29204
2021-10-04,12.60935167
2021-10-05,13.50148682
2021-10-06,13.67335167
2021-10-07,12.44831375
2021-10-08,15.37376917
2021-10-09,12.7709775
2021-10-10,13.15931684
2021-10-11,15.69354458
2021-10-12,17.44980792
2021-10-13,13.39214917
2021-10-14,13.99159542
2021-10-15,13.85541
2021-10-16,20.06394083
2021-10-17,10.05808043
2021-10-18,10.05842667
2021-10-19,11.27039917
2021-10-20,11.1271381
2021-10-21,13.83494833
2021-10-22,20.32364333
2021-10-23,17.09643381
2021-10-24,13.7469825
2021-10-25,11.83193875
2021-10-26,14.9554413
2021-10-27,14.46846333
2021-10-28,19.38051905
2021-10-29,13.37063958
2021-10-30,12.48405316
2021-10-31,8.30801696
2021-11-01,9.74166667
2021-11-02,16.03269167
2021-11-03,9.99618167
2021-11-04,14.99117042
2021-11-05,15.06030375
2021-11-06,12.49284208
2021-11-07,13.46999292
2021-11-08,13.65438583
2021-11-09,16.48355667
2021-11-10,16.34824458
2021-11-11,14.55756667
2021-11-12,16.34452042
2021-11-13,15.21648778
2021-11-14,14.91442
2021-11-15,18.62491708
2021-11-16,18.4891625
2021-11-17,17.4711513
2021-11-18,13.52116625
2021-11-19,12.814875
2021-11-20,15.0567725
2021-11-21,14.12780053
2021-11-22,24.02843182
2021-11-23,21.30315417
2021-11-24,20.15317
2021-11-25,13.83583636
2021-11-26,14.95876652
2021-11-27,16.339555
2021-11-28,12.28519083
2021-11-29,16.94650875
2021-11-30,15.70514522
2021-12-01,12.03333333
2021-12-02,13.96474917
2021-12-03,19.30893333
2021-12-04,16.55126333
2021-12-05,12.5427425
2021-12-06,17.12493917
2021-12-07,19.11379333
2021-12-08,18.67873042
2021-12-09,20.98981333
2021-12-10,20.04615
2021-12-11,16.51045917
2021-12-12,14.94739167
2021-12-13,13.48129625
2021-12-14,17.44096619
2021-12-15,22.821425
2021-12-16,19.56112381
2021-12-17,18.93880083
2021-12-18,23.8026587
2021-12-19,18.56236364
2021-12-20,14.0270425
2021-12-21,17.6297375
2021-12-22,14.37967667
2021-12-23,13.62194042
2021-12-24,17.54078917
2021-12-25,19.46994833
2021-12-26,11.83586714
2021-12-27,15.10932875
2021-12-28,19.14103125
2021-12-29,20.79761542
2021-12-30,20.179825
2021-12-31,16.65023826
2022-01-01,21.9125
2022-01-02,10.61043167
2022-01-03,14.07045042
2022-01-04,14.1314265
2022-01-05,17.15508458
2022-01-06,17.72130917
2022-01-07,10.14784864
2022-01-08,16.50248833
2022-01-09,16.68268083
2022-01-10,13.71103417
2022-01-11,13.17987125
2022-01-12,12.64281292
2022-01-13,11.00745167
2022-01-14,12.46071083
2022-01-15,12.151345
2022-01-16,14.58552667
2022-01-17,20.64530333
2022-01-18,22.54098571
2022-01-19,19.10554083
2022-01-20,16.41302625
2022-01-21,19.97706625
2022-01-22,21.77546667
2022-01-23,17.83170696
2022-01-24,20.1124619
2022-01-25,17.28670958
2022-01-26,21.17467792
2022-01-27,20.0434625
2022-01-28,21.87654
2022-01-29,18.69346667
2022-01-30,14.04873208
2022-01-31,15.37723913
2022-02-01,20.5375
2022-02-02,21.89140417
2022-02-03,25.97597083
2022-02-04,25.97751333
2022-02-05,18.40118125
2022-02-06,16.81461083
2022-02-07,20.13192083
2022-02-08,23.97062458
2022-02-09,16.05840917
2022-02-10,21.20119583
2022-02-11,17.06511292
2022-02-12,17.98503875
2022-02-13,16.85522
2022-02-14,22.92365
2022-02-15,17.76210125
2022-02-16,21.27343333
2022-02-17,26.11401545
2022-02-18,23.01882833
2022-02-19,12.02949909
2022-02-20,15.71235333
2022-02-21,15.15773333
2022-02-22,23.71307917
2022-02-23,26.96532083
2022-02-24,38.44267727
2022-02-25,42.11337917
2022-02-26,36.342725
2022-02-27,25.02166667
2022-02-28,19.577912
2022-03-01,17.37083333
2022-03-02,17.4532125
2022-03-03,14.43065091
2022-03-04,19.45122375
2022-03-05,15.32844
2022-03-06,7.92366667
2022-03-07,13.38263458
2022-03-08,11.86636792
2022-03-09,17.74268042
2022-03-10,15.68831792
2022-03-11,18.14204792
2022-03-12,10.54555417
2022-03-13,14.06173417
2022-03-14,12.01372792
2022-03-15,21.29239917
2022-03-16,23.28292583
2022-03-17,18.48935409
2022-03-18,37.4639125
2022-03-19,36.5851125
2022-03-20,19.75014125
2022-03-21,23.78709583
2022-03-22,23.57757625
2022-03-23,31.4941625
2022-03-24,33.36602917
2022-03-25,31.78449167
2022-03-26,28.8875
2022-03-27,14.96392917
2022-03-28,21.20930375
2022-03-29,12.76271208
2022-03-30,14.50864739
2022-03-31,23.10819304
2022-04-01,13.31666667
2022-04-02,21.08410833
2022-04-03,17.79098261
2022-04-04,12.25874875
2022-04-05,14.02541
2022-04-06,12.82982739
2022-04-07,13.83416708
2022-04-08,18.59024522
2022-04-09,17.32944917
2022-04-10,12.6104025
2022-04-11,19.18520542
2022-04-12,15.57648227
2022-04-13,22.7001875
2022-04-14,23.22640833
2022-04-15,16.39966833
2022-04-16,12.97005458
2022-04-17,8.78708958
2022-04-18,13.70293333
2022-04-19,10.04160583
2022-04-20,14.74439708
2022-04-21,13.17466208
2022-04-22,7.35312458
2022-04-23,9.54985083
2022-04-24,9.618275
2022-04-25,13.24502833
2022-04-26,18.59408818
2022-04-27,
2022-04-28,
2022-04-29,11.272665
2022-04-30,14.9636687
2022-05-01,8.65
2022-05-02,11.43950583
2022-05-03,10.90848938
2022-05-04,16.46911643
2022-05-05,15.835905
2022-05-06,11.77322833
2022-05-07,11.9992575
2022-05-08,8.78976917
2022-05-09,16.21529083
2022-05-10,12.32891478
2022-05-11,15.067543
2022-05-12,18.89240833
2022-05-13,15.93498125
2022-05-14,13.45187625
2022-05-15,9.00085522
2022-05-16,12.0520425
2022-05-17,14.67709375
2022-05-18,14.63560583
2022-05-19,15.67686
2022-05-20,14.67848875
2022-05-21,14.29547042
2022-05-22,13.97763609
2022-05-23,6.36909958
2022-05-24,16.22920625
2022-05-25,14.37626333
2022-05-26,18.27198522
2022-05-27,13.89041579
2022-05-28,13.81799478
2022-05-29,10.81420583
2022-05-30,9.18115364
2022-05-31,10.38216652
2022-06-01,16.375
2022-06-02,9.1524625
2022-06-03,15.11869667
2022-06-04,18.58859917
2022-06-05,13.75160917
2022-06-06,20.3980925
2022-06-07,12.81419417
2022-06-08,14.80751292
2022-06-09,18.03076167
2022-06-10,15.76376217
2022-06-11,12.09954542
2022-06-12,10.33656565
2022-06-13,12.42873333
2022-06-14,8.46202348
2022-06-15,13.30039583
2022-06-16,13.38937
2022-06-17,19.66501833
2022-06-18,10.52740818
2022-06-19,6.33237609
2022-06-20,9.80100696
2022-06-21,14.65347136
2022-06-22,13.61213167
2022-06-23,14.14014333
2022-06-24,13.95479167
2022-06-25,13.22225125
2022-06-26,10.14268826
2022-06-27,6.932091
2022-06-28,7.631655
2022-06-29,9.30386917
2022-06-30,10.93335696
2022-07-01,18.15416667
2022-07-02,16.91835583
2022-07-03,8.93369565
2022-07-04,6.51576208
2022-07-05,9.55933286
2022-07-06,11.22820375
2022-07-07,15.44272158
2022-07-08,11.62176833
2022-07-09,10.25893478
2022-07-10,7.07272435
2022-07-11,13.69621083
2022-07-12,14.35884667
2022-07-13,11.78828
2022-07-14,13.88395273
2022-07-15,17.60369208
2022-07-16,18.62688348
2022-07-17,9.84306333
2022-07-18,9.24099455
2022-07-19,10.07862435
2022-07-20,12.53523083
2022-07-21,16.31971375
2022-07-22,15.33126917
2022-07-23,13.24226875
2022-07-24,10.72969542
2022-07-25,10.32661652
2022-07-26,14.43688208
2022-07-27,13.52134864
2022-07-28,9.71851304
2022-07-29,11.21565583
2022-07-30,9.83024174
2022-07-31,13.05965273
2022-08-01,10.00833333
2022-08-02,11.59952167
2022-08-03,17.46533625
2022-08-04,14.45060125
2022-08-05,15.47465333
2022-08-06,13.42343208
2022-08-07,10.04129917
2022-08-08,10.06299375
2022-08-09,11.5463
2022-08-10,10.40284833
2022-08-11,13.24993375
2022-08-12,19.61731375
2022-08-13,12.374065
2022-08-14,11.00009083
2022-08-15,5.440315
2022-08-16,12.02702565
2022-08-17,10.34859625
2022-08-18,14.85323833
2022-08-19,16.49197792
2022-08-20,11.32150333
2022-08-21,8.64280958
2022-08-22,16.36242833
2022-08-23,17.98775375
2022-08-24,22.0696875
2022-08-25,25.83326667
2022-08-26,21.60034286
2022-08-27,21.98664783
2022-08-28,11.014205
2022-08-29,13.91554667
2022-08-30,12.3925
2022-08-31,16.27226762
2022-09-01,19.60833333
2022-09-02,16.05799583
2022-09-03,13.8970613
2022-09-04,11.23859708
2022-09-05,21.85279542
2022-09-06,23.44508583
2022-09-07,19.60448714
2022-09-08,13.22403208
2022-09-09,17.89351958
2022-09-10,14.97965958
2022-09-11,10.75633125
2022-09-12,12.28065292
2022-09-13,12.33457083
2022-09-14,11.93626136
2022-09-15,17.67165375
2022-09-16,11.27629208
2022-09-17,20.68544125
2022-09-18,8.62582708
2022-09-19,10.15350833
2022-09-20,14.90371958
2022-09-21,17.99915583
2022-09-22,12.539615
2022-09-23,18.92052318
2022-09-24,19.13355583
2022-09-25,12.23568238
2022-09-26,14.47819542
2022-09-27,15.62424708
2022-09-28,11.0196905
2022-09-29,12.45544208
2022-09-30,19.39543208
2022-10-01,18.1120125
2022-10-02,10.79222542
2022-10-03,12.06943375
2022-10-04,16.18436792
2022-10-05,13.26261458
2022-10-06,12.67977208
2022-10-07,11.60770333
2022-10-08,8.01625042
2022-10-09,14.64380522
2022-10-10,12.35753958
2022-10-11,16.10332208
2022-10-12,15.86107958
2022-10-13,18.29943
2022-10-14,19.43123167
2022-10-15,22.46811667
2022-10-16,12.23065042
2022-10-17,6.84212125
2022-10-18,15.45013864
2022-10-19,12.16925083
2022-10-20,16.02351292
2022-10-21,22.14108458
2022-10-22,16.39007522
2022-10-23,9.34060348
2022-10-24,14.12441522
2022-10-25,10.48326125
2022-10-26,14.36780792
2022-10-27,8.32894792
2022-10-28,14.81343458
2022-10-29,7.14227875
2022-10-30,8.60260667
2022-10-31,14.22446783
2022-11-01,16.037605
2022-11-02,19.58377042
2022-11-03,13.8020225
2022-11-04,8.143595
2022-11-05,5.495705
2022-11-06,5.3188787
2022-11-07,9.64279261
2022-11-08,10.70656826
2022-11-09,9.21755783
2022-11-10,11.67619333
2022-11-11,14.66369583
2022-11-12,10.46613478
2022-11-13,3.66320708
2022-11-14,10.52824875
2022-11-15,15.65163625
2022-11-16,18.35243708
2022-11-17,16.79603
2022-11-18,14.62595208
2022-11-19,20.56192
2022-11-20,18.53805
2022-11-21,18.64460652
2022-11-22,9.49535125
2022-11-23,10.01743917
2022-11-24,13.02316333
2022-11-25,19.22618125
2022-11-26,19.96986375
2022-11-27,12.95771217
2022-11-28,8.18491167
2022-11-29,12.50058375
2022-11-30,15.35605348
2022-12-01,11.90869565
2022-12-02,12.22299917
2022-12-03,10.01393375
2022-12-04,10.00870958
2022-12-05,9.22794364
2022-12-06,18.17855958
2022-12-07,17.43665286
2022-12-08,13.4708175
2022-12-09,18.66108417
2022-12-10,21.87052083
2022-12-11,16.85312652
2022-12-12,15.70291318
2022-12-13,17.63476792
2022-12-14,14.36027417
2022-12-15,14.93537917
2022-12-16,15.58590042
2022-12-17,16.89893
2022-12-18,16.96312375
2022-12-19,15.07002292
2022-12-20,20.84139083
2022-12-21,23.6804913
2022-12-22,21.7935375
2022-12-23,24.99053333
2022-12-24,20.56929167
2022-12-25,21.52157083
2022-12-26,20.64576667
2022-12-27,16.48303792
2022-12-28,22.84238783
2022-12-29,17.26260208
2022-12-30,18.749505
2022-12-31,21.33145652
2023-01-01,23.62916667
2023-01-02,10.925
2023-01-03,13.09583333
2023-01-04,11.22916667
2023-01-05,14.32857143
2023-01-06,20.24444444
2023-01-07,14.67391304
2023-01-08,15.0
2023-01-09,14.56666667
2023-01-10,10.95833333
2023-01-11,13.83333333
2023-01-12,15.6125
2023-01-13,15.87391304
2023-01-14,13.775
2023-01-15,10.73
2023-01-16,15.8125
2023-01-17,17.73333333
2023-01-18,12.42083333
2023-01-19,17.94166667
2023-01-20,17.37916667
2023-01-21,20.6875
2023-01-22,16.35833333
2023-01-23,17.32727273
2023-01-24,13.34583333
2023-01-25,16.91666667
2023-01-26,16.60416667
2023-01-27,17.10833333
2023-01-28,17.41666667
2023-01-29,17.84583333
2023-01-30,21.72916667
2023-01-31,17.63043478
2023-02-01,20.10416667
2023-02-02,22.48148333
2023-02-03,26.2341381
2023-02-04,29.84682917
2023-02-05,19.77381375
2023-02-06,25.50084
2023-02-07,14.22680667
2023-02-08,19.82583292
2023-02-09,17.9735625
2023-02-10,20.7705125
2023-02-11,20.28641667
2023-02-12,21.4649
2023-02-13,17.73468333
2023-02-14,17.77744167
2023-02-15,18.40979208
2023-02-16,18.94050458
2023-02-17,16.29569952
2023-02-18,13.57007333
2023-02-19,13.60981875
2023-02-20,20.63054615
2023-02-21,26.0534775
2023-02-22,23.43664583
2023-02-23,22.52072083
2023-02-24,31.18655417
2023-02-25,31.35205833
2023-02-26,31.05749167
2023-02-27,38.11835
2023-02-28,22.19213261
2023-03-01,18.16666667
2023-03-02,24.33752917
2023-03-03,26.66035714
2023-03-04,15.65573
2023-03-05,14.64397417
2023-03-06,11.8071625
2023-03-07,16.69481913
2023-03-08,17.59173913
2023-03-09,25.25905208
2023-03-10,21.85584167
2023-03-11,16.69466417
2023-03-12,10.45141333
2023-03-13,12.09445773
2023-03-14,19.29408792
2023-03-15,15.81057667
2023-03-16,12.52743042
2023-03-17,13.03821792
2023-03-18,13.67468957
2023-03-19,12.28777083
2023-03-20,20.65597917
2023-03-21,26.28023333
2023-03-22,29.03839167
2023-03-23,36.74115417
2023-03-24,28.22262083
2023-03-25,30.1216125
2023-03-26,29.63316667
2023-03-27,28.80587083
2023-03-28,19.93565043
2023-03-29,19.97667
2023-03-30,23.28788571
2023-03-31,23.14579478
2023-04-01,25.3625
2023-04-02,14.34963042
2023-04-03,14.98948375
2023-04-04,19.9386613
2023-04-05,22.98455833
2023-04-06,14.45980864
2023-04-07,6.67823875
2023-04-08,11.19960542
2023-04-09,10.50536667
2023-04-10,14.99055833
2023-04-11,14.14112542
2023-04-12,17.44026333
2023-04-13,18.96390476
2023-04-14,21.0448619
2023-04-15,24.74593458
2023-04-16,11.94052625
2023-04-17,12.27088818
2023-04-18,18.17493708
2023-04-19,15.83378375
2023-04-20,20.38089167
2023-04-21,13.36239957
2023-04-22,11.35246875
2023-04-23,8.50108087
2023-04-24,12.27225333
2023-04-25,14.52597739
2023-04-26,12.68188667
2023-04-27,18.49846625
2023-04-28,12.57118773
2023-04-29,12.81585833
2023-04-30,11.7216575
2023-05-01,9.29130435
2023-05-02,12.082975
2023-05-03,13.08535083
2023-05-04,14.24625833
2023-05-05,15.22566217
2023-05-06,18.81187478
2023-05-07,15.2536513
2023-05-08,16.93222042
2023-05-09,19.01582174
2023-05-10,17.99874708
2023-05-11,15.98536652
2023-05-12,18.35598
2023-05-13,17.02853417
2023-05-14,13.30482958
2023-05-15,13.428258
2023-05-16,20.51916542
2023-05-17,12.82970391
2023-05-18,16.36097391
2023-05-19,16.23581625
2023-05-20,12.32776833
2023-05-21,9.38139583
2023-05-22,15.27908875
2023-05-23,11.536365
2023-05-24,14.83890833
2023-05-25,17.15101167
2023-05-26,6.86351909
2023-05-27,
2023-05-28,
2023-05-29,10.26813857
2023-05-30,11.15442087
2023-05-31,14.54534783
2023-06-01,17.15652174
2023-06-02,11.51818182
2023-06-03,13.56311375
2023-06-04,15.82502167
2023-06-05,14.74695458
2023-06-06,13.30418857
2023-06-07,14.29381375
2023-06-08,15.52834261
2023-06-09,12.41890625
2023-06-10,12.96726417
2023-06-11,7.10397773
2023-06-12,7.90653773
2023-06-13,10.24036
2023-06-14,10.85539208
2023-06-15,11.54276
2023-06-16,10.21166167
2023-06-17,11.72128364
2023-06-18,5.5186685
2023-06-19,5.7206581
2023-06-20,9.16168875
2023-06-21,10.08642739
2023-06-22,13.81184042
2023-06-23,15.18655
2023-06-24,13.57841208
2023-06-25,11.21378958
2023-06-26,17.66300583
2023-06-27,14.53646409
2023-06-28,10.92758542
2023-06-29,11.77267
2023-06-30,9.90821409
2023-07-01,9.93043478
2023-07-02,10.75667833
2023-07-03,8.04578348
2023-07-04,11.78916174
2023-07-05,13.07217167
2023-07-06,14.12947391
2023-07-07,17.00121273
2023-07-08,10.84563833
2023-07-09,10.02251167
2023-07-10,9.22404174
2023-07-11,11.0460795
2023-07-12,11.61345773
2023-07-13,11.38706435
2023-07-14,13.40663667
2023-07-15,11.79254048
2023-07-16,7.06188143
2023-07-17,9.83514042
2023-07-18,7.09385783
2023-07-19,10.18584136
2023-07-20,7.68351944
2023-07-21,8.68718409
2023-07-22,8.93411091
2023-07-23,9.37834217
2023-07-24,11.84301913
2023-07-25,15.07423174
2023-07-26,24.6738
2023-07-27,14.3765625
2023-07-28,11.69603739
2023-07-29,4.61975563
2023-07-30,7.28543143
2023-07-31,9.769398
2023-08-01,10.95
2023-08-02,10.17760417
2023-08-03,12.35473391
2023-08-04,13.12399304
2023-08-05,12.423265
2023-08-06,9.99467792
2023-08-07,8.38584042
2023-08-08,11.9743775
2023-08-09,16.09978792
2023-08-10,15.17555
2023-08-11,9.11457667
2023-08-12,10.94968174
2023-08-13,6.8350395
2023-08-14,11.85353
2023-08-15,13.49829125
2023-08-16,15.16395833
2023-08-17,13.97822565
2023-08-18,13.08671652
2023-08-19,16.9832175
2023-08-20,11.53548542
2023-08-21,9.98751375
2023-08-22,9.40249583
2023-08-23,13.14300375
2023-08-24,14.161865
2023-08-25,12.40098667
2023-08-26,12.41321042
2023-08-27,14.45421435
2023-08-28,14.638745
2023-08-29,11.74833625
2023-08-30,13.00685
2023-08-31,14.8170913
2023-09-01,15.80833333
2023-09-02,14.4790913
2023-09-03,12.28785818
2023-09-04,9.31478375
2023-09-05,11.47563667
2023-09-06,8.9415625
2023-09-07,14.15202
2023-09-08,16.86945208
2023-09-09,16.37597
2023-09-10,10.84216917
2023-09-11,8.091171
2023-09-12,9.89849292
2023-09-13,12.39372875
2023-09-14,12.30419609
2023-09-15,10.88553136
2023-09-16,14.66556478
2023-09-17,10.82698875
2023-09-18,14.02874208
2023-09-19,14.58228583
2023-09-20,13.21486304
2023-09-21,15.8428787
2023-09-22,17.87845
2023-09-23,16.40747875
2023-09-24,15.11105043
2023-09-25,17.72786636
2023-09-26,19.10478542
2023-09-27,14.33467167
2023-09-28,16.27261261
2023-09-29,14.01798304
2023-09-30,15.26708087
2023-10-01,7.50416667
2023-10-02,12.05501818
2023-10-03,15.23461957
2023-10-04,10.859811
2023-10-05,14.91584609
2023-10-06,18.58340522
2023-10-07,17.64213773
2023-10-08,10.02492667
2023-10-09,20.12575667
2023-10-10,16.50803417
2023-10-11,17.8109325
2023-10-12,14.97182304
2023-10-13,19.27449524
2023-10-14,19.10412083
2023-10-15,13.05143304
2023-10-16,9.53604609
2023-10-17,16.56575875
2023-10-18,18.01577565
2023-10-19,20.778725
2023-10-20,17.6214325
2023-10-21,11.76502304
2023-10-22,16.598935
2023-10-23,17.28996522
2023-10-24,13.90167542
2023-10-25,20.5636625
2023-10-26,16.07437174
2023-10-27,6.972177
2023-10-28,5.477128
2023-10-29,6.33181526
2023-10-30,11.46502048
2023-10-31,12.10202952
2023-11-01,15.76666667
2023-11-02,10.92357273
2023-11-03,9.49809174
2023-11-04,13.15105333
2023-11-05,13.20468955
2023-11-06,9.20513682
2023-11-07,12.84046958
2023-11-08,14.63219583
2023-11-09,18.65350591
2023-11-10,18.04817583
2023-11-11,16.34693957
2023-11-12,12.70221211
2023-11-13,10.398605
2023-11-14,13.85403864
2023-11-15,10.20688381
2023-11-16,10.37047042
2023-11-17,16.39664
2023-11-18,10.48859909
2023-11-19,10.42021545
2023-11-20,11.54831955
2023-11-21,10.73230818
2023-11-22,12.22688792
2023-11-23,11.25895792
2023-11-24,15.33632864
2023-11-25,11.13874042
2023-11-26,9.215075
2023-11-27,9.00127045
2023-11-28,11.22023591
2023-11-29,12.20089292
2023-11-30,16.56836208
2023-12-01,13.80830522
2023-12-02,15.002525
2023-12-03,14.63518792
2023-12-04,13.72621375
2023-12-05,16.12066167
2023-12-06,21.23477917
2023-12-07,23.4482375
2023-12-08,19.93444333
2023-12-09,14.48813583
2023-12-10,13.84789105
2023-12-11,12.83349042
2023-12-12,15.15850522
2023-12-13,19.49363182
2023-12-14,20.33570417
2023-12-15,23.71543478
2023-12-16,15.92083333
2023-12-17,10.44413304
2023-12-18,12.62041042
2023-12-19,12.00315875
2023-12-20,14.15830708
2023-12-21,15.71932435
2023-12-22,17.13081292
2023-12-23,20.127545
2023-12-24,19.82542696
2023-12-25,21.44110043
2023-12-26,12.03175955
2023-12-27,12.56141227
2023-12-28,16.07787625
2023-12-29,11.4646387
2023-12-30,13.64986292
2023-12-31,11.27326174
2024-01-01,19.50416667
2024-01-02,11.84001217
2024-01-03,9.77777792
2024-01-04,15.49692083
2024-01-05,12.91826727
2024-01-06,12.45675524
2024-01-07,12.38298292
2024-01-08,15.00830708
2024-01-09,20.66081125
2024-01-10,21.52441762
2024-01-11,20.98809917
2024-01-12,15.77408708
2024-01-13,15.93079292
2024-01-14,14.81149125
2024-01-15,16.95627957
2024-01-16,15.78649913
2024-01-17,17.36918417
2024-01-18,19.42324182
2024-01-19,19.39716826
2024-01-20,18.23902417
2024-01-21,15.74147435
2024-01-22,16.11521522
2024-01-23,11.28753
2024-01-24,16.72564375
2024-01-25,22.557385
2024-01-26,31.60093333
2024-01-27,32.6805
2024-01-28,29.34485833
2024-01-29,29.51269583
2024-01-30,23.49041667
2024-01-31,23.69660826
2024-02-01,25.79583333
2024-02-02,26.29549792
2024-02-03,12.11143043
2024-02-04,13.88331083
2024-02-05,14.966105
2024-02-06,13.92329375
2024-02-07,13.58095217
2024-02-08,10.6549325
2024-02-09,14.64595083
2024-02-10,11.96631318
2024-02-11,10.63668083
2024-02-12,16.41747095
2024-02-13,20.91330125
2024-02-14,19.47759522
2024-02-15,16.22224542
2024-02-16,15.740085
2024-02-17,15.02769458
2024-02-18,10.73592833
2024-02-19,16.28871391
2024-02-20,24.58897083
2024-02-21,19.4333625
2024-02-22,11.75251708
2024-02-23,15.44837083
2024-02-24,16.90392333
2024-02-25,19.61062625
2024-02-26,21.43106708
2024-02-27,27.0939
2024-02-28,34.79934583
2024-02-29,34.86556087
2024-03-01,37.29166667
2024-03-02,30.42104167
2024-03-03,24.24305417
2024-03-04,36.3516875
2024-03-05,42.14550833
2024-03-06,38.35184167
2024-03-07,37.81795833
2024-03-08,31.23764375
2024-03-09,27.18444375
2024-03-10,20.73335625
2024-03-11,30.40975417
2024-03-12,23.34244583
2024-03-13,27.0515087
2024-03-14,23.91463583
2024-03-15,22.24678083
2024-03-16,28.99466667
2024-03-17,27.4491875
2024-03-18,23.7634225
2024-03-19,20.88953
2024-03-20,29.12517917
2024-03-21,22.81344286
2024-03-22,24.54799583
2024-03-23,33.46569167
2024-03-24,25.16213043
2024-03-25,22.213995
2024-03-26,22.83549381
2024-03-27,31.94858375
2024-03-28,25.77357083
2024-03-29,23.71131304
2024-03-30,27.36595833
2024-03-31,34.35083182
2024-04-01,25.28333333
2024-04-02,25.7945375
2024-04-03,15.72401391
2024-04-04,22.91976167
2024-04-05,14.12941292
2024-04-06,15.89850125
2024-04-07,12.67728583
2024-04-08,15.79026375
2024-04-09,24.87794286
2024-04-10,20.55338708
2024-04-11,28.93918182
2024-04-12,27.3924625
2024-04-13,36.64556667
2024-04-14,38.1398625
2024-04-15,38.24354583
2024-04-16,33.28386842
2024-04-17,32.512375
2024-04-18,23.66682174
2024-04-19,21.19150875
2024-04-20,12.58304261
2024-04-21,9.36899
2024-04-22,11.20706542
2024-04-23,17.66767292
2024-04-24,13.72529333
2024-04-25,13.52770208
2024-04-26,15.55360696
2024-04-27,15.72816478
2024-04-28,9.93017619
2024-04-29,11.71158474
2024-04-30,15.04691045
2024-05-01,11.98333333
2024-05-02,17.87421364
2024-05-03,23.28650909
2024-05-04,12.51685045
2024-05-05,8.80774167
2024-05-06,15.66307952
2024-05-07,10.41542083
2024-05-08,9.38487522
2024-05-09,13.1532135
2024-05-10,14.33536368
2024-05-11,15.3898255
2024-05-12,12.08270304
2024-05-13,8.38339429
2024-05-14,13.81850609
2024-05-15,13.41009048
2024-05-16,14.131848
2024-05-17,18.19192045
2024-05-18,12.88679091
2024-05-19,8.73633083
2024-05-20,14.70598348
2024-05-21,13.64998667
2024-05-22,14.85797208
2024-05-23,16.3055625
2024-05-24,11.56252087
2024-05-25,15.49163875
2024-05-26,13.14995
2024-05-27,12.12675304
2024-05-28,14.20823043
2024-05-29,
2024-05-30,
2024-05-31,
2024-06-01,9.14
2024-06-02,8.72272727
2024-06-03,6.67444364
2024-06-04,16.75771292
2024-06-05,13.93615708
2024-06-06,14.78480333
2024-06-07,13.39204958
2024-06-08,10.23088917
2024-06-09,7.24489455
2024-06-10,13.9819487
2024-06-11,13.52353542
2024-06-12,9.76322565
2024-06-13,13.93246143
2024-06-14,
2024-06-15,
2024-06-16,
2024-06-17,7.4952
2024-06-18,9.14678167
2024-06-19,15.60447522
2024-06-20,13.61392
2024-06-21,12.60251458
2024-06-22,14.10655167
2024-06-23,9.69054727
2024-06-24,14.2528825
2024-06-25,12.57678833
2024-06-26,12.88629083
2024-06-27,16.3801187
2024-06-28,12.56211375
2024-06-29,12.94882435
2024-06-30,12.05077227
2024-07-01,8.9
2024-07-02,18.051225
2024-07-03,13.86727417
2024-07-04,11.72637208
2024-07-05,7.26812667
2024-07-06,10.60153667
2024-07-07,10.11926542
2024-07-08,9.76907696
2024-07-09,10.06859958
2024-07-10,11.66238227
2024-07-11,18.81445045
2024-07-12,17.58023292
2024-07-13,12.57460304
2024-07-14,7.98490318
2024-07-15,11.39967136
2024-07-16,8.75709083
2024-07-17,14.00524375
2024-07-18,14.35487609
2024-07-19,13.70802625
2024-07-20,9.63015478
2024-07-21,8.8637181
2024-07-22,12.10794043
2024-07-23,12.977055
2024-07-24,16.00280682
2024-07-25,18.74288625
2024-07-26,20.51508875
2024-07-27,13.35817875
2024-07-28,11.36055636
2024-07-29,11.89011227
2024-07-30,11.35818261
2024-07-31,11.59151304
2024-08-01,14.7125
2024-08-02,16.43830042
2024-08-03,15.17174833
2024-08-04,13.05945667
2024-08-05,12.57785217
2024-08-06,11.09316292
2024-08-07,9.98223542
2024-08-08,18.54608571
2024-08-09,15.12970708
2024-08-10,15.58295182
2024-08-11,7.91043286
2024-08-12,16.6329819
2024-08-13,10.48026542
2024-08-14,12.7713713
2024-08-15,18.85977087
2024-08-16,16.82401429
2024-08-17,11.63388542
2024-08-18,12.04858292
2024-08-19,9.00033941
2024-08-20,15.19710708
2024-08-21,18.61247042
2024-08-22,12.78134333
2024-08-23,14.47914667
2024-08-24,11.5872187
2024-08-25,13.22805125
2024-08-26,12.65416625
2024-08-27,17.41550167
2024-08-28,17.43575042
2024-08-29,15.33637609
2024-08-30,18.04444375
2024-08-31,27.74791391
2024-09-01,15.10454545
2024-09-02,22.69244583
2024-09-03,21.17378375
2024-09-04,22.21365417
2024-09-05,12.75473125
2024-09-06,22.85500833
2024-09-07,14.77261125
2024-09-08,16.76356667
2024-09-09,16.41059783
2024-09-10,18.25253708
2024-09-11,19.29818773
2024-09-12,18.46285792
2024-09-13,12.45603696
2024-09-14,20.31214348
2024-09-15,15.11536783
2024-09-16,17.42349174
2024-09-17,12.73303458
2024-09-18,16.78444958
2024-09-19,23.06388333
2024-09-20,20.31438125
2024-09-21,16.93333667
2024-09-22,13.58220583
2024-09-23,13.62665208
2024-09-24,14.74930792
2024-09-25,14.76385762
2024-09-26,16.48612609
2024-09-27,15.17519958
2024-09-28,13.82061708
2024-09-29,7.82556727
2024-09-30,16.18492909
2024-10-01,18.59583333
2024-10-02,14.61105583
2024-10-03,9.2862913
2024-10-04,11.95597545
2024-10-05,12.17884565
2024-10-06,12.98412583
2024-10-07,14.31465727
2024-10-08,14.26253857
2024-10-09,12.58646261
2024-10-10,12.094255
2024-10-11,10.8691881
2024-10-12,11.32524696
2024-10-13,8.141605
2024-10-14,9.88030667
2024-10-15,17.36433667
2024-10-16,16.89304458
2024-10-17,18.62830625
2024-10-18,19.13230111
2024-10-19,12.17416833
2024-10-20,12.80393409
2024-10-21,11.05224
2024-10-22,15.13708042
2024-10-23,13.94009625
2024-10-24,13.955935
2024-10-25,12.90498417
2024-10-26,15.06028958
2024-10-27,12.06885696
2024-10-28,14.13444348
2024-10-29,16.23893
2024-10-30,16.61817913
2024-10-31,10.16259588
2024-11-01,12.05416667
2024-11-02,5.87261455
2024-11-03,5.85059136
2024-11-04,7.37640174
2024-11-05,9.50164136
2024-11-06,12.70517478
2024-11-07,16.24078739
2024-11-08,13.24340875
2024-11-09,6.66684783
2024-11-10,8.08194652
2024-11-11,5.45237545
2024-11-12,9.17323739
2024-11-13,10.76852
2024-11-14,11.04528708
2024-11-15,16.00125708
2024-11-16,15.42999125
2024-11-17,12.76707913
2024-11-18,14.67040042
2024-11-19,16.71986571
2024-11-20,16.79656042
2024-11-21,13.3955425
2024-11-22,12.21827067
2024-11-23,10.97574333
2024-11-24,11.2914925
2024-11-25,14.37938826
2024-11-26,14.13910292
2024-11-27,14.90593652
2024-11-28,14.8236
2024-11-29,15.08758208
2024-11-30,12.96889957
2024-12-01,14.61666667
2024-12-02,14.03457083
2024-12-03,14.99783833
2024-12-04,14.009205
2024-12-05,14.57266958
2024-12-06,15.46767708
2024-12-07,13.92706391
2024-12-08,12.40382652
2024-12-09,15.272535
2024-12-10,16.87969333
2024-12-11,18.176605
2024-12-12,18.420675
2024-12-13,18.91751167
2024-12-14,25.94318458
2024-12-15,9.62856652
2024-12-16,18.46529667
2024-12-17,19.31651917
2024-12-18,18.29666091
2024-12-19,19.38920958
2024-12-20,22.76521333
2024-12-21,18.86465583
2024-12-22,11.25038167
2024-12-23,14.17290708
2024-12-24,16.29791318
2024-12-25,17.6008125
2024-12-26,9.81285773
2024-12-27,12.77566625
2024-12-28,13.58663417
2024-12-29,10.91322958
2024-12-30,13.13087261
2024-12-31,11.74966045
2025-01-01,20.09565217
2025-01-02,13.42022083
2025-01-03,11.591735
2025-01-04,10.95570583
2025-01-05,8.22943174
2025-01-06,7.79875375
2025-01-07,13.78845957
2025-01-08,13.08959958
2025-01-09,13.32461542
2025-01-10,12.63879857
2025-01-11,15.39157375
2025-01-12,14.08270174
2025-01-13,14.46005625
2025-01-14,15.2683675
2025-01-15,13.52846905
2025-01-16,15.55147167
2025-01-17,11.76420304
2025-01-18,13.8172
2025-01-19,12.63209708
2025-01-20,14.8723275
2025-01-21,15.57012792
2025-01-22,18.21808333
2025-01-23,17.60869542
2025-01-24,21.91105
2025-01-25,19.02896583
2025-01-26,12.49887583
2025-01-27,15.72369708
2025-01-28,15.13688913
2025-01-29,13.20307042
2025-01-30,14.51289556
2025-01-31,15.2924113
2025-02-01,15.4826087
2025-02-02,16.90682917
2025-02-03,20.18211833
2025-02-04,22.36997917
2025-02-05,25.67865
2025-02-06,24.6863
2025-02-07,23.30290833
2025-02-08,20.0161825
2025-02-09,15.35990708
2025-02-10,20.3979575
2025-02-11,14.81104792
2025-02-12,13.29716609
2025-02-13,16.11681091
2025-02-14,19.667405
2025-02-15,14.43660125
2025-02-16,11.36259565
2025-02-17,10.73096542
2025-02-18,12.97251292
2025-02-19,19.14480417
2025-02-20,18.71597
2025-02-21,20.89730833
2025-02-22,16.58675
2025-02-23,12.49765261
2025-02-24,16.09003913
2025-02-25,16.21341522
2025-02-26,16.33807708
2025-02-27,16.83360529
2025-02-28,17.66313417
2025-03-01,19.04583333
2025-03-02,13.722375
2025-03-03,17.89238667
2025-03-04,21.47001739
2025-03-05,23.05730864
2025-03-06,17.86015261
2025-03-07,18.77149333
2025-03-08,15.06271957
2025-03-09,18.82021042
2025-03-10,22.30965042
2025-03-11,26.65898261
2025-03-12,21.93540333
2025-03-13,22.74782
2025-03-14,17.209351
2025-03-15,28.8816
2025-03-16,17.51274292
2025-03-17,21.17321333
2025-03-18,17.68884375
2025-03-19,13.41199583
2025-03-20,14.30294913
2025-03-21,9.95837333
2025-03-22,10.18999208
2025-03-23,15.39034042
2025-03-24,16.05178042
2025-03-25,24.732625
2025-03-26,24.12657292
2025-03-27,24.31818667
2025-03-28,24.8735875
2025-03-29,18.95106348
2025-03-30,15.70328917
2025-03-31,15.18652087
2025-04-01,18.34545455
2025-04-02,21.6163375
2025-04-03,19.41938167
2025-04-04,15.92958524
2025-04-05,12.66187125
2025-04-06,14.5061813
2025-04-07,10.85218391
2025-04-08,9.64834292
2025-04-09,15.44574625
2025-04-10,15.91735833
2025-04-11,9.41272208
2025-04-12,10.3940425
2025-04-13,10.35513947
2025-04-14,10.55219708
2025-04-15,15.39731
2025-04-16,19.50067042
2025-04-17,15.94230208
2025-04-18,12.83507609
2025-04-19,7.65851727
2025-04-20,7.6165113
2025-04-21,15.73172042
2025-04-22,13.56416391
2025-04-23,11.91909958
2025-04-24,9.44705333
2025-04-25,13.3617481
2025-04-26,12.43102273
2025-04-27,11.52723913
2025-04-28,14.69067542
2025-04-29,14.81289227
2025-04-30,10.20156696
2025-05-01,14.2826087
2025-05-02,14.09358875
2025-05-03,13.63249375
2025-05-04,14.91097208
2025-05-05,11.8552219
2025-05-06,14.98607
2025-05-07,17.1043225
2025-05-08,15.24755913
2025-05-09,17.35715375
2025-05-10,11.49818143
2025-05-11,9.16521043
2025-05-12,10.21962609
2025-05-13,19.4431025
2025-05-14,16.18460273
2025-05-15,14.685821
2025-05-16,19.96994667
2025-05-17,9.61173792
2025-05-18,8.69455391
2025-05-19,14.6305713
2025-05-20,14.62254042
2025-05-21,14.27061609
2025-05-22,12.02705375
2025-05-23,17.60971476
2025-05-24,9.64315042
2025-05-25,9.27606125
2025-05-26,11.8398013
2025-05-27,14.25960667
2025-05-28,12.38739083
2025-05-29,11.39242375
2025-05-30,12.89539773
2025-05-31,10.84147913
2025-06-01,10.1173913
2025-06-02,7.38636364
2025-06-03,11.63262391
2025-06-04,13.07921826
2025-06-05,12.77507565
2025-06-06,10.89527526
2025-06-07,7.8802581
2025-06-08,6.11470143
2025-06-09,13.58571304
2025-06-10,11.55419478
2025-06-11,11.37234958
2025-06-12,16.85908591
2025-06-13,7.91579609
2025-06-14,11.18418217
2025-06-15,9.17825
2025-06-16,14.71202565
2025-06-17,8.24997727
2025-06-18,8.12134875
2025-06-19,10.08566857
2025-06-20,9.80657417
2025-06-21,14.54809583
2025-06-22,10.81997292
2025-06-23,7.889285
2025-06-24,10.72521
2025-06-25,13.49788722
2025-06-26,9.62971542
2025-06-27,14.96711833
2025-06-28,
2025-06-29,
2025-06-30,
2025-07-01,7.28
2025-07-02,10.29565217
2025-07-03,11.58621409
2025-07-04,12.17317667
2025-07-05,9.29716261
2025-07-06,9.36165857
2025-07-07,9.11686609
2025-07-08,12.037765
2025-07-09,11.60598958
2025-07-10,11.19362565
2025-07-11,10.19533565
2025-07-12,9.65384261
2025-07-13,8.66771667
2025-07-14,7.92443762
2025-07-15,11.12075545
2025-07-16,12.04343913
2025-07-17,10.49314381
2025-07-18,8.74684067
2025-07-19,8.29241087
2025-07-20,8.42005652
2025-07-21,11.39225
2025-07-22,13.30795167
2025-07-23,13.63564625
2025-07-24,10.57874875
2025-07-25,13.72568696
2025-07-26,12.95029652
2025-07-27,6.95641
2025-07-28,8.50324474
2025-07-29,9.23807739
2025-07-30,9.00300348
2025-07-31,10.3992313
2025-08-01,10.93181818
2025-08-02,13.29565217
2025-08-03,6.40845619
2025-08-04,9.77270261
2025-08-05,8.69967261
2025-08-06,12.14775864
2025-08-07,8.99035917
2025-08-08,14.01159652
2025-08-09,9.34750583
2025-08-10,10.01568043
2025-08-11,10.17999435
2025-08-12,10.47342792
2025-08-13,12.98822625
2025-08-14,15.41461375
2025-08-15,14.27947083
2025-08-16,11.10670125
2025-08-17,13.10309826
2025-08-18,7.61542333
2025-08-19,11.50347478
2025-08-20,9.8244087
2025-08-21,9.49845048
2025-08-22,13.18446583
2025-08-23,13.44604435
2025-08-24,6.99004435
2025-08-25,12.0192413
2025-08-26,10.68966955
2025-08-27,10.93932955
2025-08-28,8.16235083
2025-08-29,9.96853348
2025-08-30,14.5580375
2025-08-31,14.54236522
2025-09-01,10.075
2025-09-02,7.84606083
2025-09-03,8.37750625
2025-09-04,12.4539025
2025-09-05,12.1107275
2025-09-06,11.80258208
2025-09-07,5.94507417
2025-09-08,9.71875417
2025-09-09,8.18274208
2025-09-10,10.7075675
2025-09-11,13.87456792
2025-09-12,15.83032125
2025-09-13,12.92464375
2025-09-14,10.83671333
2025-09-15,7.82333125
2025-09-16,14.52453125
2025-09-17,17.03562458
2025-09-18,10.93351875
2025-09-19,13.28897792
2025-09-20,9.80043542
2025-09-21,10.74477083
2025-09-22,10.71321625
2025-09-23,10.00870292
2025-09-24,14.03462958
2025-09-25,9.08480583
2025-09-26,16.31267417
2025-09-27,16.37870042
2025-09-28,11.09200917
2025-09-29,11.17041667
2025-09-30,11.38393565
2025-10-01,12.15833333
2025-10-02,13.54020333
2025-10-03,12.84898458
2025-10-04,12.85703917
2025-10-05,8.28236167
2025-10-06,11.65747417
2025-10-07,11.7547575
2025-10-08,13.06521458
2025-10-09,16.826215
2025-10-10,7.51691583
2025-10-11,10.7407825
2025-10-12,8.63102208
2025-10-13,8.22199125
2025-10-14,13.87072708
2025-10-15,15.4121775
2025-10-16,12.08804375
2025-10-17,15.02447208
2025-10-18,13.83697917
2025-10-19,10.86702667
2025-10-20,12.70568625
2025-10-21,9.96547375
2025-10-22,10.14034875
2025-10-23,15.27326917
2025-10-24,12.92630875
2025-10-25,7.92954333
2025-10-26,7.58770125
2025-10-27,5.01447417
2025-10-28,10.69145958
2025-10-29,14.25767917
2025-10-30,12.94758917
2025-10-31,11.7840987
