Fecha,PM10
2014-03-20,63.09658825
2014-03-21,
2014-03-22,
2014-03-23,43.2607161
2014-03-24,
2014-03-25,
2014-03-26,63.79314845
2014-03-27,
2014-03-28,
2014-03-29,71.57374722
2014-03-30,
2014-03-31,
2014-04-01,78.67245887
2014-04-02,
2014-04-03,
2014-04-04,66.8541031
2014-04-05,
2014-04-06,
2014-04-07,59.21480555
2014-04-08,
2014-04-09,
2014-04-10,65.44589243
2014-04-11,
2014-04-12,
2014-04-13,45.24904542
2014-04-14,
2014-04-15,
2014-04-16,66.38323715
2014-04-17,
2014-04-18,
2014-04-19,36.29248362
2014-04-20,
2014-04-21,
2014-04-22,66.12118303
2014-04-23,
2014-04-24,
2014-04-25,52.86410614
2014-04-26,
2014-04-27,
2014-04-28,60.38985593
2014-04-29,
2014-04-30,
2014-05-01,41.7
2014-05-02,
2014-05-03,
2014-05-04,36.9
2014-05-05,
2014-05-06,
2014-05-07,66.5
2014-05-08,
2014-05-09,
2014-05-10,41.2
2014-05-11,
2014-05-12,
2014-05-13,36.7
2014-05-14,
2014-05-15,
2014-05-16,47.2
2014-05-17,
2014-05-18,
2014-05-19,55.3
2014-05-20,
2014-05-21,
2014-05-22,55.4
2014-05-23,
2014-05-24,
2014-05-25,31.9
2014-05-26,
2014-05-27,
2014-05-28,53.2
2014-05-29,
2014-05-30,
2014-05-31,39.4
2014-06-01,
2014-06-02,
2014-06-03,54.3
2014-06-04,
2014-06-05,
2014-06-06,55.6
2014-06-07,
2014-06-08,
2014-06-09,43.3
2014-06-10,
2014-06-11,
2014-06-12,51.8
2014-06-13,
2014-06-14,
2014-06-15,21.7
2014-06-16,
2014-06-17,
2014-06-18,52.8
2014-06-19,
2014-06-20,
2014-06-21,48.9
2014-06-22,
2014-06-23,
2014-06-24,39.5
2014-06-25,
2014-06-26,
2014-06-27,98.9
2014-06-28,
2014-06-29,
2014-06-30,29.6
2014-07-01,
2014-07-02,
2014-07-03,46.6
2014-07-04,
2014-07-05,
2014-07-06,23.2
2014-07-07,
2014-07-08,
2014-07-09,38.2
2014-07-10,
2014-07-11,
2014-07-12,53.2
2014-07-13,
2014-07-14,
2014-07-15,
2014-07-16,
2014-07-17,
2014-07-18,
2014-07-19,
2014-07-20,
2014-07-21,
2014-07-22,
2014-07-23,
2014-07-24,
2014-07-25,
2014-07-26,
2014-07-27,
2014-07-28,
2014-07-29,
2014-07-30,
2014-07-31,
2014-08-01,
2014-08-02,
2014-08-03,
2014-08-04,
2014-08-05,
2014-08-06,
2014-08-07,
2014-08-08,
2014-08-09,
2014-08-10,
2014-08-11,
2014-08-12,
2014-08-13,
2014-08-14,36.5
2014-08-15,
2014-08-16,
2014-08-17,27.9
2014-08-18,
2014-08-19,
2014-08-20,56.4
2014-08-21,
2014-08-22,
2014-08-23,39.2
2014-08-24,
2014-08-25,
2014-08-26,54.6
2014-08-27,
2014-08-28,
2014-08-29,51.5
2014-08-30,
2014-08-31,
2014-09-01,49.4
2014-09-02,
2014-09-03,
2014-09-04,45.4
2014-09-05,
2014-09-06,
2014-09-07,29.2
2014-09-08,
2014-09-09,
2014-09-10,43.3
2014-09-11,
2014-09-12,
2014-09-13,
2014-09-14,
2014-09-15,
2014-09-16,43.6
2014-09-17,
2014-09-18,
2014-09-19,53.4
2014-09-20,
2014-09-21,
2014-09-22,58.8
2014-09-23,
2014-09-24,
2014-09-25,51.0
2014-09-26,
2014-09-27,
2014-09-28,43.3
2014-09-29,
2014-09-30,
2014-10-01,49.1
2014-10-02,
2014-10-03,
2014-10-04,50.2
2014-10-05,
2014-10-06,
2014-10-07,74.7
2014-10-08,
2014-10-09,
2014-10-10,60.3
2014-10-11,
2014-10-12,
2014-10-13,32.8
2014-10-14,
2014-10-15,
2014-10-16,56.3
2014-10-17,
2014-10-18,
2014-10-19,39.5
2014-10-20,
2014-10-21,
2014-10-22,46.1
2014-10-23,
2014-10-24,
2014-10-25,38.3
2014-10-26,
2014-10-27,
2014-10-28,
2014-10-29,
2014-10-30,
2014-10-31,39.1
2014-11-01,
2014-11-02,
2014-11-03,24.2
2014-11-04,
2014-11-05,
2014-11-06,58.2
2014-11-07,
2014-11-08,
2014-11-09,47.6
2014-11-10,
2014-11-11,
2014-11-12,33.5
2014-11-13,
2014-11-14,
2014-11-15,40.6
2014-11-16,
2014-11-17,
2014-11-18,44.5
2014-11-19,
2014-11-20,
2014-11-21,
2014-11-22,
2014-11-23,
2014-11-24,
2014-11-25,
2014-11-26,
2014-11-27,59.9
2014-11-28,
2014-11-29,
2014-11-30,54.3
2014-12-01,56.3
2014-12-02,
2014-12-03,39.4
2014-12-04,
2014-12-05,
2014-12-06,55.5
2014-12-07,
2014-12-08,
2014-12-09,42.7
2014-12-10,
2014-12-11,
2014-12-12,46.3
2014-12-13,
2014-12-14,
2014-12-15,54.4
2014-12-16,
2014-12-17,
2014-12-18,49.0
2014-12-19,
2014-12-20,
2014-12-21,56.8
2014-12-22,
2014-12-23,
2014-12-24,52.0
2014-12-25,
2014-12-26,
2014-12-27,45.5
2014-12-28,
2014-12-29,
2014-12-30,
2014-12-31,
2015-01-01,
2015-01-02,34.9
2015-01-03,
2015-01-04,
2015-01-05,37.6
2015-01-06,
2015-01-07,
2015-01-08,43.4
2015-01-09,
2015-01-10,
2015-01-11,31.7
2015-01-12,
2015-01-13,
2015-01-14,61.0
2015-01-15,
2015-01-16,
2015-01-17,54.9
2015-01-18,
2015-01-19,
2015-01-20,57.8
2015-01-21,
2015-01-22,
2015-01-23,40.3
2015-01-24,
2015-01-25,
2015-01-26,51.1
2015-01-27,
2015-01-28,
2015-01-29,49.0
2015-01-30,
2015-01-31,
2015-02-01,37.6
2015-02-02,
2015-02-03,
2015-02-04,45.5
2015-02-05,
2015-02-06,
2015-02-07,46.2
2015-02-08,
2015-02-09,
2015-02-10,
2015-02-11,
2015-02-12,
2015-02-13,57.1
2015-02-14,
2015-02-15,
2015-02-16,48.1
2015-02-17,
2015-02-18,
2015-02-19,58.0
2015-02-20,
2015-02-21,
2015-02-22,44.6
2015-02-23,
2015-02-24,
2015-02-25,68.0
2015-02-26,
2015-02-27,
2015-02-28,49.7
2015-03-01,
2015-03-02,
2015-03-03,
2015-03-04,
2015-03-05,
2015-03-06,73.7
2015-03-07,
2015-03-08,
2015-03-09,44.9
2015-03-10,
2015-03-11,
2015-03-12,58.5
2015-03-13,
2015-03-14,
2015-03-15,68.3
2015-03-16,
2015-03-17,
2015-03-18,77.4
2015-03-19,
2015-03-20,
2015-03-21,36.5
2015-03-22,
2015-03-23,
2015-03-24,57.5
2015-03-25,
2015-03-26,
2015-03-27,74.0
2015-03-28,
2015-03-29,
2015-03-30,62.3
2015-03-31,
2015-04-01,
2015-04-02,48.0
2015-04-03,
2015-04-04,
2015-04-05,32.5
2015-04-06,
2015-04-07,
2015-04-08,59.6
2015-04-09,
2015-04-10,
2015-04-11,45.6
2015-04-12,
2015-04-13,
2015-04-14,81.3
2015-04-15,
2015-04-16,
2015-04-17,59.6
2015-04-18,
2015-04-19,
2015-04-20,52.8
2015-04-21,
2015-04-22,
2015-04-23,57.3
2015-04-24,
2015-04-25,
2015-04-26,28.0
2015-04-27,
2015-04-28,
2015-04-29,51.9
2015-04-30,
2015-05-01,
2015-05-02,39.2
2015-05-03,
2015-05-04,
2015-05-05,62.5
2015-05-06,
2015-05-07,
2015-05-08,55.9
2015-05-09,
2015-05-10,
2015-05-11,52.5
2015-05-12,
2015-05-13,
2015-05-14,53.6
2015-05-15,
2015-05-16,
2015-05-17,21.3
2015-05-18,
2015-05-19,
2015-05-20,42.3
2015-05-21,
2015-05-22,
2015-05-23,40.4
2015-05-24,
2015-05-25,
2015-05-26,54.6
2015-05-27,
2015-05-28,
2015-05-29,51.5
2015-05-30,
2015-05-31,
2015-06-01,33.3
2015-06-02,
2015-06-03,
2015-06-04,43.3
2015-06-05,
2015-06-06,
2015-06-07,27.3
2015-06-08,
2015-06-09,
2015-06-10,52.2
2015-06-11,
2015-06-12,
2015-06-13,46.9
2015-06-14,
2015-06-15,
2015-06-16,40.5
2015-06-17,
2015-06-18,
2015-06-19,47.2
2015-06-20,
2015-06-21,
2015-06-22,34.9
2015-06-23,
2015-06-24,
2015-06-25,42.5
2015-06-26,
2015-06-27,
2015-06-28,27.5
2015-06-29,
2015-06-30,
2015-07-01,54.8
2015-07-02,
2015-07-03,
2015-07-04,47.8
2015-07-05,
2015-07-06,
2015-07-07,53.4
2015-07-08,
2015-07-09,
2015-07-10,48.1
2015-07-11,
2015-07-12,
2015-07-13,
2015-07-14,
2015-07-15,
2015-07-16,
2015-07-17,
2015-07-18,
2015-07-19,19.7
2015-07-20,
2015-07-21,
2015-07-22,48.2
2015-07-23,
2015-07-24,
2015-07-25,41.8
2015-07-26,
2015-07-27,
2015-07-28,53.6
2015-07-29,
2015-07-30,
2015-07-31,51.9
2015-08-01,
2015-08-02,
2015-08-03,43.1
2015-08-04,
2015-08-05,
2015-08-06,68.0
2015-08-07,
2015-08-08,
2015-08-09,23.9
2015-08-10,
2015-08-11,
2015-08-12,47.2
2015-08-13,
2015-08-14,
2015-08-15,46.9
2015-08-16,
2015-08-17,
2015-08-18,36.1
2015-08-19,
2015-08-20,
2015-08-21,47.3
2015-08-22,
2015-08-23,
2015-08-24,48.3
2015-08-25,
2015-08-26,
2015-08-27,43.8
2015-08-28,
2015-08-29,
2015-08-30,55.6
2015-08-31,
2015-09-01,
2015-09-02,65.4
2015-09-03,
2015-09-04,
2015-09-05,43.8
2015-09-06,
2015-09-07,
2015-09-08,43.0
2015-09-09,
2015-09-10,
2015-09-11,48.2
2015-09-12,
2015-09-13,
2015-09-14,53.5
2015-09-15,
2015-09-16,
2015-09-17,46.1
2015-09-18,
2015-09-19,
2015-09-20,27.0
2015-09-21,
2015-09-22,
2015-09-23,72.8
2015-09-24,
2015-09-25,
2015-09-26,52.6
2015-09-27,
2015-09-28,
2015-09-29,75.3
2015-09-30,
2015-10-01,
2015-10-02,45.1
2015-10-03,
2015-10-04,
2015-10-05,43.8
2015-10-06,
2015-10-07,
2015-10-08,50.2
2015-10-09,
2015-10-10,
2015-10-11,39.6
2015-10-12,
2015-10-13,
2015-10-14,38.2
2015-10-15,
2015-10-16,
2015-10-17,44.5
2015-10-18,
2015-10-19,
2015-10-20,59.9
2015-10-21,
2015-10-22,
2015-10-23,61.8
2015-10-24,
2015-10-25,
2015-10-26,49.4
2015-10-27,
2015-10-28,
2015-10-29,40.3
2015-10-30,
2015-10-31,
2015-11-01,18.9
2015-11-02,
2015-11-03,
2015-11-04,33.7
2015-11-05,
2015-11-06,
2015-11-07,32.3
2015-11-08,
2015-11-09,
2015-11-10,40.5
2015-11-11,
2015-11-12,
2015-11-13,48.6
2015-11-14,
2015-11-15,
2015-11-16,29.1
2015-11-17,
2015-11-18,
2015-11-19,51.1
2015-11-20,
2015-11-21,
2015-11-22,25.0
2015-11-23,
2015-11-24,
2015-11-25,44.5
2015-11-26,
2015-11-27,
2015-11-28,51.7
2015-11-29,
2015-11-30,
2015-12-01,43.3
2015-12-02,
2015-12-03,
2015-12-04,56.5
2015-12-05,
2015-12-06,
2015-12-07,55.0
2015-12-08,
2015-12-09,
2015-12-10,57.5
2015-12-11,
2015-12-12,
2015-12-13,39.0
2015-12-14,
2015-12-15,
2015-12-16,54.2
2015-12-17,
2015-12-18,
2015-12-19,50.5
2015-12-20,
2015-12-21,
2015-12-22,78.3
2015-12-23,
2015-12-24,
2015-12-25,34.6
2015-12-26,
2015-12-27,
2015-12-28,54.6
2015-12-29,
2015-12-30,
2015-12-31,
2016-01-01,41.6
2016-01-02,
2016-01-03,24.9
2016-01-04,
2016-01-05,
2016-01-06,38.8
2016-01-07,
2016-01-08,
2016-01-09,36.0
2016-01-10,
2016-01-11,
2016-01-12,53.5
2016-01-13,
2016-01-14,
2016-01-15,55.8
2016-01-16,
2016-01-17,
2016-01-18,55.0
2016-01-19,
2016-01-20,
2016-01-21,72.1
2016-01-22,
2016-01-23,
2016-01-24,40.0
2016-01-25,
2016-01-26,
2016-01-27,67.8
2016-01-28,
2016-01-29,
2016-01-30,58.1
2016-01-31,
2016-02-01,
2016-02-02,75.2
2016-02-03,
2016-02-04,
2016-02-05,77.5
2016-02-06,
2016-02-07,
2016-02-08,62.4
2016-02-09,
2016-02-10,
2016-02-11,62.6
2016-02-12,
2016-02-13,
2016-02-14,45.3
2016-02-15,
2016-02-16,
2016-02-17,42.0
2016-02-18,
2016-02-19,
2016-02-20,54.9
2016-02-21,
2016-02-22,
2016-02-23,63.1
2016-02-24,
2016-02-25,
2016-02-26,68.7
2016-02-27,
2016-02-28,
2016-02-29,75.6
2016-03-01,
2016-03-02,
2016-03-03,90.0
2016-03-04,
2016-03-05,
2016-03-06,52.2
2016-03-07,
2016-03-08,
2016-03-09,57.7
2016-03-10,
2016-03-11,
2016-03-12,135.6
2016-03-13,
2016-03-14,
2016-03-15,105.6
2016-03-16,
2016-03-17,
2016-03-18,71.2
2016-03-19,
2016-03-20,
2016-03-21,35.8
2016-03-22,
2016-03-23,
2016-03-24,47.0
2016-03-25,
2016-03-26,
2016-03-27,68.2
2016-03-28,
2016-03-29,
2016-03-30,59.9
2016-03-31,
2016-04-01,
2016-04-02,59.7
2016-04-03,
2016-04-04,
2016-04-05,52.3
2016-04-06,
2016-04-07,
2016-04-08,49.6
2016-04-09,
2016-04-10,
2016-04-11,47.7
2016-04-12,
2016-04-13,
2016-04-14,45.6
2016-04-15,
2016-04-16,
2016-04-17,44.6
2016-04-18,
2016-04-19,
2016-04-20,44.5
2016-04-21,
2016-04-22,
2016-04-23,44.5
2016-04-24,
2016-04-25,
2016-04-26,49.9
2016-04-27,
2016-04-28,
2016-04-29,51.3
2016-04-30,
2016-05-01,
2016-05-02,42.7
2016-05-03,
2016-05-04,
2016-05-05,50.3
2016-05-06,
2016-05-07,
2016-05-08,23.6
2016-05-09,
2016-05-10,
2016-05-11,50.8
2016-05-12,
2016-05-13,
2016-05-14,54.2
2016-05-15,
2016-05-16,
2016-05-17,38.8
2016-05-18,
2016-05-19,
2016-05-20,40.3
2016-05-21,
2016-05-22,
2016-05-23,37.2
2016-05-24,
2016-05-25,48.4
2016-05-26,
2016-05-27,
2016-05-28,
2016-05-29,
2016-05-30,
2016-05-31,
2016-06-01,
2016-06-02,
2016-06-03,
2016-06-04,
2016-06-05,
2016-06-06,
2016-06-07,
2016-06-08,
2016-06-09,
2016-06-10,
2016-06-11,
2016-06-12,
2016-06-13,
2016-06-14,
2016-06-15,
2016-06-16,
2016-06-17,
2016-06-18,
2016-06-19,
2016-06-20,
2016-06-21,
2016-06-22,
2016-06-23,
2016-06-24,
2016-06-25,
2016-06-26,
2016-06-27,
2016-06-28,
2016-06-29,
2016-06-30,
2016-07-01,
2016-07-02,
2016-07-03,
2016-07-04,
2016-07-05,
2016-07-06,
2016-07-07,
2016-07-08,
2016-07-09,
2016-07-10,
2016-07-11,
2016-07-12,
2016-07-13,
2016-07-14,
2016-07-15,
2016-07-16,
2016-07-17,
2016-07-18,
2016-07-19,
2016-07-20,
2016-07-21,
2016-07-22,
2016-07-23,
2016-07-24,
2016-07-25,
2016-07-26,
2016-07-27,
2016-07-28,
2016-07-29,
2016-07-30,
2016-07-31,
2016-08-01,
2016-08-02,
2016-08-03,
2016-08-04,
2016-08-05,
2016-08-06,
2016-08-07,
2016-08-08,
2016-08-09,
2016-08-10,
2016-08-11,
2016-08-12,
2016-08-13,
2016-08-14,
2016-08-15,
2016-08-16,
2016-08-17,
2016-08-18,
2016-08-19,
2016-08-20,
2016-08-21,
2016-08-22,
2016-08-23,
2016-08-24,
2016-08-25,
2016-08-26,
2016-08-27,
2016-08-28,
2016-08-29,
2016-08-30,
2016-08-31,
2016-09-01,
2016-09-02,
2016-09-03,
2016-09-04,
2016-09-05,
2016-09-06,
2016-09-07,
2016-09-08,
2016-09-09,
2016-09-10,
2016-09-11,
2016-09-12,
2016-09-13,
2016-09-14,
2016-09-15,
2016-09-16,
2016-09-17,
2016-09-18,
2016-09-19,
2016-09-20,
2016-09-21,
2016-09-22,
2016-09-23,
2016-09-24,
2016-09-25,
2016-09-26,
2016-09-27,
2016-09-28,
2016-09-29,
2016-09-30,
2016-10-01,
2016-10-02,
2016-10-03,
2016-10-04,
2016-10-05,
2016-10-06,42.6
2016-10-07,
2016-10-08,
2016-10-09,35.0
2016-10-10,
2016-10-11,
2016-10-12,50.4
2016-10-13,
2016-10-14,
2016-10-15,43.7
2016-10-16,
2016-10-17,
2016-10-18,
2016-10-19,
2016-10-20,
2016-10-21,54.0
2016-10-22,
2016-10-23,
2016-10-24,21.2
2016-10-25,
2016-10-26,
2016-10-27,38.8
2016-10-28,
2016-10-29,
2016-10-30,34.0
2016-10-31,
2016-11-01,
2016-11-02,53.8
2016-11-03,
2016-11-04,
2016-11-05,45.1
2016-11-06,
2016-11-07,
2016-11-08,48.5
2016-11-09,
2016-11-10,
2016-11-11,34.5
2016-11-12,
2016-11-13,
2016-11-14,31.6
2016-11-15,
2016-11-16,
2016-11-17,44.2
2016-11-18,
2016-11-19,
2016-11-20,10.3
2016-11-21,
2016-11-22,
2016-11-23,50.0
2016-11-24,
2016-11-25,
2016-11-26,46.3
2016-11-27,
2016-11-28,
2016-11-29,46.4
2016-11-30,
2016-12-01,
2016-12-02,48.4
2016-12-03,
2016-12-04,
2016-12-05,44.4
2016-12-06,
2016-12-07,
2016-12-08,34.7
2016-12-09,
2016-12-10,
2016-12-11,27.3
2016-12-12,
2016-12-13,
2016-12-14,36.6
2016-12-15,
2016-12-16,
2016-12-17,34.2
2016-12-18,
2016-12-19,
2016-12-20,51.1
2016-12-21,
2016-12-22,45.9
2016-12-23,
2016-12-24,
2016-12-25,
2016-12-26,56.6
2016-12-27,
2016-12-28,
2016-12-29,35.6
2016-12-30,
2016-12-31,
2017-01-01,42.1
2017-01-02,
2017-01-03,
2017-01-04,39.7
2017-01-05,
2017-01-06,
2017-01-07,37.4
2017-01-08,
2017-01-09,
2017-01-10,31.8
2017-01-11,
2017-01-12,
2017-01-13,38.9
2017-01-14,
2017-01-15,
2017-01-16,74.7
2017-01-17,
2017-01-18,
2017-01-19,49.1
2017-01-20,
2017-01-21,
2017-01-22,68.1
2017-01-23,
2017-01-24,
2017-01-25,50.6
2017-01-26,
2017-01-27,
2017-01-28,34.0
2017-01-29,
2017-01-30,
2017-01-31,47.8
2017-02-01,
2017-02-02,
2017-02-03,57.2
2017-02-04,
2017-02-05,
2017-02-06,29.8
2017-02-07,
2017-02-08,
2017-02-09,64.3
2017-02-10,
2017-02-11,
2017-02-12,32.8
2017-02-13,
2017-02-14,
2017-02-15,57.4
2017-02-16,
2017-02-17,
2017-02-18,42.2
2017-02-19,
2017-02-20,
2017-02-21,48.1
2017-02-22,
2017-02-23,
2017-02-24,41.7
2017-02-25,
2017-02-26,
2017-02-27,57.8
2017-02-28,
2017-03-01,
2017-03-02,65.2
2017-03-03,
2017-03-04,
2017-03-05,45.3
2017-03-06,
2017-03-07,
2017-03-08,64.9
2017-03-09,
2017-03-10,
2017-03-11,66.1
2017-03-12,
2017-03-13,
2017-03-14,41.7
2017-03-15,
2017-03-16,
2017-03-17,56.2
2017-03-18,
2017-03-19,
2017-03-20,39.9
2017-03-21,
2017-03-22,
2017-03-23,50.2
2017-03-24,
2017-03-25,
2017-03-26,30.3
2017-03-27,
2017-03-28,
2017-03-29,61.1
2017-03-30,
2017-03-31,
2017-04-01,37.1
2017-04-02,
2017-04-03,
2017-04-04,48.4
2017-04-05,
2017-04-06,
2017-04-07,84.3
2017-04-08,
2017-04-09,44.6
2017-04-10,
2017-04-11,44.3
2017-04-12,
2017-04-13,
2017-04-14,
2017-04-15,31.3
2017-04-16,
2017-04-17,
2017-04-18,
2017-04-19,40.7
2017-04-20,
2017-04-21,
2017-04-22,45.7
2017-04-23,
2017-04-24,
2017-04-25,
2017-04-26,
2017-04-27,
2017-04-28,42.3
2017-04-29,
2017-04-30,
2017-05-01,31.6
2017-05-02,
2017-05-03,
2017-05-04,49.8
2017-05-05,
2017-05-06,
2017-05-07,37.8
2017-05-08,
2017-05-09,
2017-05-10,51.4
2017-05-11,
2017-05-12,
2017-05-13,72.2
2017-05-14,
2017-05-15,
2017-05-16,39.3
2017-05-17,
2017-05-18,
2017-05-19,38.1
2017-05-20,
2017-05-21,
2017-05-22,46.8
2017-05-23,
2017-05-24,
2017-05-25,38.6
2017-05-26,
2017-05-27,
2017-05-28,11.9
2017-05-29,
2017-05-30,
2017-05-31,48.8
2017-06-01,
2017-06-02,
2017-06-03,40.0
2017-06-04,
2017-06-05,
2017-06-06,51.4
2017-06-07,
2017-06-08,
2017-06-09,60.6
2017-06-10,
2017-06-11,
2017-06-12,28.9
2017-06-13,
2017-06-14,
2017-06-15,
2017-06-16,
2017-06-17,
2017-06-18,31.1
2017-06-19,
2017-06-20,
2017-06-21,35.0
2017-06-22,
2017-06-23,41.0
2017-06-24,
2017-06-25,
2017-06-26,
2017-06-27,34.7
2017-06-28,
2017-06-29,
2017-06-30,41.3
2017-07-01,
2017-07-02,
2017-07-03,29.4
2017-07-04,
2017-07-05,
2017-07-06,42.1
2017-07-07,
2017-07-08,
2017-07-09,24.4
2017-07-10,
2017-07-11,
2017-07-12,57.3
2017-07-13,
2017-07-14,
2017-07-15,
2017-07-16,
2017-07-17,
2017-07-18,50.0
2017-07-19,
2017-07-20,
2017-07-21,
2017-07-22,
2017-07-23,
2017-07-24,45.0
2017-07-25,
2017-07-26,
2017-07-27,53.4
2017-07-28,
2017-07-29,
2017-07-30,37.3
2017-07-31,
2017-08-01,
2017-08-02,48.7
2017-08-03,
2017-08-04,
2017-08-05,47.9
2017-08-06,
2017-08-07,
2017-08-08,40.3
2017-08-09,
2017-08-10,
2017-08-11,39.8
2017-08-12,
2017-08-13,
2017-08-14,43.3
2017-08-15,
2017-08-16,
2017-08-17,48.2
2017-08-18,
2017-08-19,
2017-08-20,29.0
2017-08-21,
2017-08-22,
2017-08-23,53.3
2017-08-24,
2017-08-25,
2017-08-26,40.1
2017-08-27,
2017-08-28,
2017-08-29,33.5
2017-08-30,
2017-08-31,
2017-09-01,37.7
2017-09-02,
2017-09-03,
2017-09-04,45.9
2017-09-05,
2017-09-06,
2017-09-07,37.5
2017-09-08,
2017-09-09,
2017-09-10,25.7
2017-09-11,
2017-09-12,
2017-09-13,52.4
2017-09-14,
2017-09-15,
2017-09-16,36.4
2017-09-17,
2017-09-18,
2017-09-19,50.1
2017-09-20,
2017-09-21,
2017-09-22,66.7
2017-09-23,
2017-09-24,
2017-09-25,44.7
2017-09-26,
2017-09-27,
2017-09-28,52.6
2017-09-29,
2017-09-30,
2017-10-01,32.4
2017-10-02,
2017-10-03,
2017-10-04,41.3
2017-10-05,
2017-10-06,
2017-10-07,
2017-10-08,
2017-10-09,
2017-10-10,50.8
2017-10-11,
2017-10-12,
2017-10-13,38.8
2017-10-14,
2017-10-15,
2017-10-16,29.0
2017-10-17,
2017-10-18,
2017-10-19,61.9
2017-10-20,
2017-10-21,
2017-10-22,25.8
2017-10-23,
2017-10-24,
2017-10-25,58.2
2017-10-26,
2017-10-27,
2017-10-28,36.3
2017-10-29,
2017-10-30,
2017-10-31,45.1
2017-11-01,
2017-11-02,
2017-11-03,36.4
2017-11-04,
2017-11-05,
2017-11-06,27.2
2017-11-07,
2017-11-08,
2017-11-09,
2017-11-10,
2017-11-11,
2017-11-12,34.3
2017-11-13,
2017-11-14,
2017-11-15,33.3
2017-11-16,
2017-11-17,
2017-11-18,24.6
2017-11-19,
2017-11-20,
2017-11-21,46.5
2017-11-22,
2017-11-23,
2017-11-24,22.3
2017-11-25,
2017-11-26,
2017-11-27,42.9
2017-11-28,
2017-11-29,
2017-11-30,59.4
2017-12-01,
2017-12-02,
2017-12-03,32.4
2017-12-04,
2017-12-05,
2017-12-06,49.7
2017-12-07,
2017-12-08,
2017-12-09,27.2
2017-12-10,
2017-12-11,
2017-12-12,27.4
2017-12-13,
2017-12-14,
2017-12-15,47.6
2017-12-16,
2017-12-17,
2017-12-18,46.8
2017-12-19,
2017-12-20,53.4
2017-12-21,
2017-12-22,
2017-12-23,
2017-12-24,45.1
2017-12-25,
2017-12-26,
2017-12-27,31.4
2017-12-28,
2017-12-29,24.0
2017-12-30,
2017-12-31,
2018-01-01,
2018-01-02,
2018-01-03,
2018-01-04,
2018-01-05,
2018-01-06,
2018-01-07,
2018-01-08,
2018-01-09,
2018-01-10,
2018-01-11,
2018-01-12,
2018-01-13,
2018-01-14,
2018-01-15,
2018-01-16,
2018-01-17,
2018-01-18,
2018-01-19,
2018-01-20,
2018-01-21,
2018-01-22,
2018-01-23,
2018-01-24,
2018-01-25,
2018-01-26,
2018-01-27,
2018-01-28,
2018-01-29,
2018-01-30,
2018-01-31,
2018-02-01,63.9
2018-02-02,
2018-02-03,
2018-02-04,19.3
2018-02-05,
2018-02-06,
2018-02-07,57.0
2018-02-08,
2018-02-09,
2018-02-10,61.4
2018-02-11,
2018-02-12,
2018-02-13,51.4
2018-02-14,
2018-02-15,
2018-02-16,66.3
2018-02-17,
2018-02-18,
2018-02-19,46.1
2018-02-20,
2018-02-21,
2018-02-22,68.4
2018-02-23,
2018-02-24,
2018-02-25,44.8
2018-02-26,
2018-02-27,
2018-02-28,57.4
2018-03-01,
2018-03-02,
2018-03-03,52.8
2018-03-04,
2018-03-05,
2018-03-06,77.0
2018-03-07,
2018-03-08,
2018-03-09,43.3
2018-03-10,
2018-03-11,
2018-03-12,46.5
2018-03-13,
2018-03-14,
2018-03-15,68.2
2018-03-16,
2018-03-17,
2018-03-18,
2018-03-19,
2018-03-20,
2018-03-21,78.3
2018-03-22,
2018-03-23,
2018-03-24,51.5
2018-03-25,
2018-03-26,
2018-03-27,
2018-03-28,
2018-03-29,
2018-03-30,
2018-03-31,32.0
2018-04-01,
2018-04-02,
2018-04-03,61.2
2018-04-04,
2018-04-05,
2018-04-06,
2018-04-07,
2018-04-08,42.9
2018-04-09,
2018-04-10,
2018-04-11,43.0
2018-04-12,
2018-04-13,
2018-04-14,46.8
2018-04-15,
2018-04-16,
2018-04-17,65.5
2018-04-18,
2018-04-19,
2018-04-20,58.7
2018-04-21,
2018-04-22,
2018-04-23,37.4
2018-04-24,
2018-04-25,
2018-04-26,42.2
2018-04-27,
2018-04-28,
2018-04-29,20.9
2018-04-30,
2018-05-01,
2018-05-02,36.5
2018-05-03,
2018-05-04,
2018-05-05,47.9
2018-05-06,
2018-05-07,
2018-05-08,42.9
2018-05-09,
2018-05-10,
2018-05-11,53.7
2018-05-12,
2018-05-13,
2018-05-14,18.1
2018-05-15,
2018-05-16,
2018-05-17,47.9
2018-05-18,
2018-05-19,
2018-05-20,19.7
2018-05-21,
2018-05-22,
2018-05-23,36.1
2018-05-24,
2018-05-25,
2018-05-26,37.1
2018-05-27,
2018-05-28,
2018-05-29,42.4
2018-05-30,
2018-05-31,
2018-06-01,32.6
2018-06-02,
2018-06-03,
2018-06-04,16.1
2018-06-05,
2018-06-06,
2018-06-07,38.8
2018-06-08,
2018-06-09,
2018-06-10,19.7
2018-06-11,
2018-06-12,
2018-06-13,37.7
2018-06-14,
2018-06-15,
2018-06-16,21.6
2018-06-17,
2018-06-18,
2018-06-19,43.3
2018-06-20,
2018-06-21,
2018-06-22,36.2
2018-06-23,
2018-06-24,
2018-06-25,28.5
2018-06-26,
2018-06-27,
2018-06-28,34.0
2018-06-29,
2018-06-30,
2018-07-01,24.5
2018-07-02,
2018-07-03,
2018-07-04,31.8
2018-07-05,
2018-07-06,
2018-07-07,56.8
2018-07-08,
2018-07-09,
2018-07-10,16.7
2018-07-11,
2018-07-12,
2018-07-13,47.8
2018-07-14,
2018-07-15,
2018-07-16,44.6
2018-07-17,
2018-07-18,35.7
2018-07-19,
2018-07-20,
2018-07-21,
2018-07-22,30.9
2018-07-23,
2018-07-24,
2018-07-25,30.7
2018-07-26,
2018-07-27,
2018-07-28,42.4
2018-07-29,
2018-07-30,
2018-07-31,45.0
2018-08-01,
2018-08-02,
2018-08-03,33.1
2018-08-04,
2018-08-05,
2018-08-06,38.5
2018-08-07,
2018-08-08,
2018-08-09,33.8
2018-08-10,
2018-08-11,
2018-08-12,23.5
2018-08-13,
2018-08-14,
2018-08-15,38.1
2018-08-16,
2018-08-17,
2018-08-18,34.3
2018-08-19,
2018-08-20,
2018-08-21,
2018-08-22,39.2
2018-08-23,
2018-08-24,26.5
2018-08-25,
2018-08-26,
2018-08-27,30.8
2018-08-28,
2018-08-29,
2018-08-30,39.3
2018-08-31,
2018-09-01,
2018-09-02,18.3
2018-09-03,
2018-09-04,
2018-09-05,41.2
2018-09-06,
2018-09-07,
2018-09-08,30.3
2018-09-09,
2018-09-10,
2018-09-11,47.1
2018-09-12,
2018-09-13,
2018-09-14,40.2
2018-09-15,
2018-09-16,
2018-09-17,35.8
2018-09-18,
2018-09-19,
2018-09-20,31.8
2018-09-21,
2018-09-22,
2018-09-23,55.8
2018-09-24,
2018-09-25,
2018-09-26,44.6
2018-09-27,
2018-09-28,
2018-09-29,36.6
2018-09-30,
2018-10-01,
2018-10-02,40.7
2018-10-03,
2018-10-04,
2018-10-05,38.3
2018-10-06,
2018-10-07,
2018-10-08,42.5
2018-10-09,
2018-10-10,
2018-10-11,25.4
2018-10-12,
2018-10-13,
2018-10-14,34.1
2018-10-15,
2018-10-16,
2018-10-17,44.4
2018-10-18,
2018-10-19,
2018-10-20,29.0
2018-10-21,
2018-10-22,
2018-10-23,29.8
2018-10-24,
2018-10-25,
2018-10-26,42.9
2018-10-27,
2018-10-28,
2018-10-29,35.4
2018-10-30,
2018-10-31,
2018-11-01,41.3
2018-11-02,
2018-11-03,
2018-11-04,22.2
2018-11-05,
2018-11-06,
2018-11-07,43.3
2018-11-08,
2018-11-09,
2018-11-10,44.5
2018-11-11,
2018-11-12,
2018-11-13,
2018-11-14,36.0
2018-11-15,
2018-11-16,48.4
2018-11-17,
2018-11-18,
2018-11-19,37.1
2018-11-20,
2018-11-21,
2018-11-22,44.9
2018-11-23,
2018-11-24,
2018-11-25,18.6
2018-11-26,
2018-11-27,
2018-11-28,33.7
2018-11-29,
2018-11-30,
2018-12-01,28.9
2018-12-02,
2018-12-03,
2018-12-04,41.7
2018-12-05,
2018-12-06,36.5
2018-12-07,
2018-12-08,
2018-12-09,
2018-12-10,40.1
2018-12-11,
2018-12-12,38.7
2018-12-13,
2018-12-14,
2018-12-15,
2018-12-16,25.0
2018-12-17,
2018-12-18,
2018-12-19,40.9
2018-12-20,
2018-12-21,
2018-12-22,41.7
2018-12-23,
2018-12-24,
2018-12-25,
2018-12-26,
2018-12-27,
2018-12-28,
2018-12-29,
2018-12-30,
2018-12-31,
2019-01-01,
2019-01-02,
2019-01-03,
2019-01-04,
2019-01-05,
2019-01-06,
2019-01-07,
2019-01-08,
2019-01-09,
2019-01-10,
2019-01-11,
2019-01-12,
2019-01-13,
2019-01-14,
2019-01-15,
2019-01-16,
2019-01-17,
2019-01-18,
2019-01-19,
2019-01-20,
2019-01-21,39.7
2019-01-22,
2019-01-23,
2019-01-24,54.3
2019-01-25,
2019-01-26,
2019-01-27,49.1
2019-01-28,
2019-01-29,
2019-01-30,
2019-01-31,
2019-02-01,
2019-02-02,
2019-02-03,
2019-02-04,
2019-02-05,64.5
2019-02-06,
2019-02-07,
2019-02-08,96.2
2019-02-09,
2019-02-10,
2019-02-11,
2019-02-12,
2019-02-13,72.0
2019-02-14,
2019-02-15,
2019-02-16,
2019-02-17,47.1
2019-02-18,
2019-02-19,
2019-02-20,42.2
2019-02-21,
2019-02-22,
2019-02-23,39.5
2019-02-24,
2019-02-25,
2019-02-26,72.8
2019-02-27,
2019-02-28,
2019-03-01,
2019-03-02,38.2
2019-03-03,
2019-03-04,
2019-03-05,71.3
2019-03-06,
2019-03-07,61.1
2019-03-08,
2019-03-09,
2019-03-10,37.5
2019-03-11,
2019-03-12,
2019-03-13,54.3
2019-03-14,
2019-03-15,
2019-03-16,70.8
2019-03-17,
2019-03-18,
2019-03-19,44.1
2019-03-20,
2019-03-21,55.7
2019-03-22,
2019-03-23,
2019-03-24,
2019-03-25,29.1
2019-03-26,
2019-03-27,
2019-03-28,74.4
2019-03-29,
2019-03-30,
2019-03-31,42.4
2019-04-01,
2019-04-02,
2019-04-03,51.1
2019-04-04,
2019-04-05,
2019-04-06,36.0
2019-04-07,
2019-04-08,
2019-04-09,64.0
2019-04-10,
2019-04-11,51.4
2019-04-12,
2019-04-13,
2019-04-14,31.5
2019-04-15,
2019-04-16,53.0
2019-04-17,
2019-04-18,
2019-04-19,
2019-04-20,18.4
2019-04-21,
2019-04-22,
2019-04-23,43.9
2019-04-24,
2019-04-25,
2019-04-26,45.6
2019-04-27,
2019-04-28,
2019-04-29,57.7
2019-04-30,
2019-05-01,
2019-05-02,49.9
2019-05-03,
2019-05-04,
2019-05-05,33.4
2019-05-06,
2019-05-07,
2019-05-08,42.5
2019-05-09,
2019-05-10,
2019-05-11,38.3
2019-05-12,
2019-05-13,
2019-05-14,25.2
2019-05-15,
2019-05-16,59.0
2019-05-17,
2019-05-18,
2019-05-19,
2019-05-20,42.9
2019-05-21,
2019-05-22,
2019-05-23,38.9
2019-05-24,
2019-05-25,
2019-05-26,21.7
2019-05-27,
2019-05-28,
2019-05-29,45.3
2019-05-30,
2019-05-31,
2019-06-01,25.4
2019-06-02,
2019-06-03,
2019-06-04,
2019-06-05,41.8
2019-06-06,
2019-06-07,
2019-06-08,39.9
2019-06-09,
2019-06-10,
2019-06-11,40.2
2019-06-12,
2019-06-13,39.7
2019-06-14,
2019-06-15,
2019-06-16,23.4
2019-06-17,
2019-06-18,
2019-06-19,45.5
2019-06-20,
2019-06-21,
2019-06-22,39.9
2019-06-23,
2019-06-24,
2019-06-25,
2019-06-26,43.7
2019-06-27,
2019-06-28,48.9
2019-06-29,
2019-06-30,
2019-07-01,17.1
2019-07-02,
2019-07-03,
2019-07-04,39.9
2019-07-05,
2019-07-06,
2019-07-07,22.4
2019-07-08,
2019-07-09,
2019-07-10,29.0
2019-07-11,
2019-07-12,
2019-07-13,34.6
2019-07-14,
2019-07-15,
2019-07-16,30.5
2019-07-17,
2019-07-18,49.8
2019-07-19,
2019-07-20,
2019-07-21,30.9
2019-07-22,
2019-07-23,
2019-07-24,59.4
2019-07-25,
2019-07-26,
2019-07-27,40.4
2019-07-28,
2019-07-29,
2019-07-30,28.1
2019-07-31,
2019-08-01,58.1
2019-08-02,
2019-08-03,
2019-08-04,
2019-08-05,50.1
2019-08-06,
2019-08-07,
2019-08-08,38.1
2019-08-09,
2019-08-10,
2019-08-11,37.6
2019-08-12,
2019-08-13,
2019-08-14,73.8
2019-08-15,
2019-08-16,
2019-08-17,
2019-08-18,
2019-08-19,
2019-08-20,
2019-08-21,58.5
2019-08-22,
2019-08-23,67.6
2019-08-24,
2019-08-25,
2019-08-26,48.8
2019-08-27,
2019-08-28,
2019-08-29,49.4
2019-08-30,
2019-08-31,
2019-09-01,22.8
2019-09-02,
2019-09-03,
2019-09-04,56.8
2019-09-05,
2019-09-06,
2019-09-07,36.0
2019-09-08,
2019-09-09,
2019-09-10,46.1
2019-09-11,
2019-09-12,43.1
2019-09-13,
2019-09-14,
2019-09-15,
2019-09-16,36.5
2019-09-17,
2019-09-18,
2019-09-19,31.5
2019-09-20,
2019-09-21,
2019-09-22,32.3
2019-09-23,
2019-09-24,
2019-09-25,41.3
2019-09-26,
2019-09-27,
2019-09-28,39.6
2019-09-29,
2019-09-30,
2019-10-01,27.1
2019-10-02,
2019-10-03,47.4
2019-10-04,
2019-10-05,
2019-10-06,
2019-10-07,35.0
2019-10-08,
2019-10-09,
2019-10-10,49.6
2019-10-11,
2019-10-12,
2019-10-13,25.4
2019-10-14,
2019-10-15,
2019-10-16,36.3
2019-10-17,
2019-10-18,
2019-10-19,33.1
2019-10-20,
2019-10-21,
2019-10-22,42.6
2019-10-23,
2019-10-24,32.2
2019-10-25,
2019-10-26,
2019-10-27,
2019-10-28,32.7
2019-10-29,
2019-10-30,
2019-10-31,36.9
2019-11-01,
2019-11-02,
2019-11-03,33.6
2019-11-04,
2019-11-05,
2019-11-06,37.3
2019-11-07,
2019-11-08,
2019-11-09,41.0
2019-11-10,
2019-11-11,
2019-11-12,
2019-11-13,34.9
2019-11-14,
2019-11-15,
2019-11-16,25.9
2019-11-17,
2019-11-18,
2019-11-19,32.2
2019-11-20,
2019-11-21,
2019-11-22,
2019-11-23,39.8
2019-11-24,
2019-11-25,
2019-11-26,40.2
2019-11-27,
2019-11-28,39.1
2019-11-29,
2019-11-30,
2019-12-01,36.2
2019-12-02,
2019-12-03,
2019-12-04,54.4
2019-12-05,
2019-12-06,
2019-12-07,41.1
2019-12-08,
2019-12-09,
2019-12-10,38.9
2019-12-11,
2019-12-12,33.6
2019-12-13,
2019-12-14,
2019-12-15,21.2
2019-12-16,
2019-12-17,
2019-12-18,48.1
2019-12-19,
2019-12-20,
2019-12-21,35.1
2019-12-22,
2019-12-23,
2019-12-24,35.7
2019-12-25,
2019-12-26,
2019-12-27,85.44125546
2019-12-28,
2019-12-29,
2019-12-30,
2019-12-31,17.42662668
2020-01-01,
2020-01-02,
2020-01-03,
2020-01-04,30.1
2020-01-05,
2020-01-06,
2020-01-07,
2020-01-08,41.9
2020-01-09,
2020-01-10,
2020-01-11,38.9
2020-01-12,
2020-01-13,
2020-01-14,42.6
2020-01-15,
2020-01-16,46.0
2020-01-17,
2020-01-18,
2020-01-19,24.6
2020-01-20,
2020-01-21,
2020-01-22,28.4
2020-01-23,
2020-01-24,
2020-01-25,28.5
2020-01-26,
2020-01-27,
2020-01-28,41.4
2020-01-29,
2020-01-30,53.9
2020-01-31,
2020-02-01,
2020-02-02,21.3
2020-02-03,
2020-02-04,
2020-02-05,64.6
2020-02-06,
2020-02-07,
2020-02-08,71.3
2020-02-09,
2020-02-10,
2020-02-11,
2020-02-12,
2020-02-13,
2020-02-14,
2020-02-15,
2020-02-16,
2020-02-17,
2020-02-18,
2020-02-19,
2020-02-20,
2020-02-21,
2020-02-22,
2020-02-23,
2020-02-24,
2020-02-25,
2020-02-26,
2020-02-27,
2020-02-28,
2020-02-29,
2020-03-01,
2020-03-02,
2020-03-03,
2020-03-04,
2020-03-05,
2020-03-06,
2020-03-07,
2020-03-08,
2020-03-09,
2020-03-10,
2020-03-11,
2020-03-12,
2020-03-13,
2020-03-14,
2020-03-15,
2020-03-16,
2020-03-17,
2020-03-18,
2020-03-19,
2020-03-20,
2020-03-21,
2020-03-22,
2020-03-23,
2020-03-24,
2020-03-25,
2020-03-26,
2020-03-27,
2020-03-28,
2020-03-29,
2020-03-30,
2020-03-31,
2020-04-01,
2020-04-02,
2020-04-03,
2020-04-04,
2020-04-05,
2020-04-06,
2020-04-07,
2020-04-08,
2020-04-09,
2020-04-10,
2020-04-11,
2020-04-12,
2020-04-13,
2020-04-14,
2020-04-15,
2020-04-16,
2020-04-17,
2020-04-18,
2020-04-19,
2020-04-20,
2020-04-21,
2020-04-22,
2020-04-23,
2020-04-24,
2020-04-25,
2020-04-26,
2020-04-27,
2020-04-28,
2020-04-29,
2020-04-30,
2020-05-01,
2020-05-02,
2020-05-03,
2020-05-04,
2020-05-05,
2020-05-06,
2020-05-07,
2020-05-08,
2020-05-09,
2020-05-10,
2020-05-11,
2020-05-12,
2020-05-13,
2020-05-14,
2020-05-15,
2020-05-16,
2020-05-17,
2020-05-18,
2020-05-19,
2020-05-20,
2020-05-21,
2020-05-22,
2020-05-23,
2020-05-24,
2020-05-25,
2020-05-26,
2020-05-27,
2020-05-28,
2020-05-29,
2020-05-30,
2020-05-31,
2020-06-01,
2020-06-02,
2020-06-03,
2020-06-04,
2020-06-05,
2020-06-06,
2020-06-07,
2020-06-08,
2020-06-09,
2020-06-10,
2020-06-11,
2020-06-12,
2020-06-13,
2020-06-14,
2020-06-15,
2020-06-16,
2020-06-17,44.16625724
2020-06-18,
2020-06-19,
2020-06-20,27.74507314
2020-06-21,
2020-06-22,
2020-06-23,
2020-06-24,88.83570683
2020-06-25,
2020-06-26,
2020-06-27,28.81918803
2020-06-28,
2020-06-29,
2020-06-30,
2020-07-01,
2020-07-02,
2020-07-03,
2020-07-04,27.87241598
2020-07-05,
2020-07-06,
2020-07-07,38.85531447
2020-07-08,
2020-07-09,
2020-07-10,
2020-07-11,32.88343612
2020-07-12,
2020-07-13,
2020-07-14,
2020-07-15,
2020-07-16,
2020-07-17,
2020-07-18,
2020-07-19,24.08017144
2020-07-20,
2020-07-21,
2020-07-22,43.30215525
2020-07-23,
2020-07-24,
2020-07-25,15.6649412
2020-07-26,
2020-07-27,
2020-07-28,32.05556128
2020-07-29,
2020-07-30,
2020-07-31,
2020-08-01,
2020-08-02,
2020-08-03,
2020-08-04,
2020-08-05,
2020-08-06,
2020-08-07,
2020-08-08,
2020-08-09,
2020-08-10,
2020-08-11,
2020-08-12,
2020-08-13,
2020-08-14,
2020-08-15,
2020-08-16,
2020-08-17,
2020-08-18,
2020-08-19,
2020-08-20,
2020-08-21,
2020-08-22,
2020-08-23,
2020-08-24,
2020-08-25,
2020-08-26,
2020-08-27,
2020-08-28,
2020-08-29,
2020-08-30,
2020-08-31,
2020-09-01,
2020-09-02,
2020-09-03,
2020-09-04,
2020-09-05,
2020-09-06,
2020-09-07,
2020-09-08,
2020-09-09,
2020-09-10,
2020-09-11,
2020-09-12,
2020-09-13,
2020-09-14,
2020-09-15,
2020-09-16,
2020-09-17,
2020-09-18,
2020-09-19,
2020-09-20,
2020-09-21,
2020-09-22,
2020-09-23,
2020-09-24,
2020-09-25,
2020-09-26,
2020-09-27,
2020-09-28,
2020-09-29,
2020-09-30,
2020-10-01,
2020-10-02,
2020-10-03,
2020-10-04,
2020-10-05,28.34754459
2020-10-06,
2020-10-07,
2020-10-08,41.94753809
2020-10-09,
2020-10-10,
2020-10-11,23.808115
2020-10-12,
2020-10-13,
2020-10-14,33.01829704
2020-10-15,
2020-10-16,
2020-10-17,30.73156998
2020-10-18,
2020-10-19,
2020-10-20,30.25091138
2020-10-21,
2020-10-22,
2020-10-23,33.5912067
2020-10-24,
2020-10-25,
2020-10-26,
2020-10-27,33.98285698
2020-10-28,
2020-10-29,35.16503553
2020-10-30,
2020-10-31,
2020-11-01,11.23134347
2020-11-02,
2020-11-03,
2020-11-04,25.44363244
2020-11-05,
2020-11-06,
2020-11-07,35.16822764
2020-11-08,
2020-11-09,
2020-11-10,27.29466223
2020-11-11,
2020-11-12,35.31051389
2020-11-13,
2020-11-14,
2020-11-15,15.83905006
2020-11-16,
2020-11-17,
2020-11-18,34.20446147
2020-11-19,
2020-11-20,
2020-11-21,21.94278633
2020-11-22,
2020-11-23,
2020-11-24,26.50743441
2020-11-25,
2020-11-26,
2020-11-27,37.49540845
2020-11-28,
2020-11-29,
2020-11-30,
2020-12-01,19.16418217
2020-12-02,
2020-12-03,31.51234069
2020-12-04,
2020-12-05,
2020-12-06,
2020-12-07,47.6370215
2020-12-08,
2020-12-09,
2020-12-10,37.28908867
2020-12-11,
2020-12-12,
2020-12-13,27.88724823
2020-12-14,
2020-12-15,
2020-12-16,41.25590116
2020-12-17,
2020-12-18,
2020-12-19,49.6760136
2020-12-20,
2020-12-21,
2020-12-22,
2020-12-23,
2020-12-24,
2020-12-25,35.4451157
2020-12-26,
2020-12-27,
2020-12-28,
2020-12-29,24.07792237
2020-12-30,
2020-12-31,
2021-01-01,24.85647347
2021-01-02,
2021-01-03,
2021-01-04,
2021-01-05,36.83885977
2021-01-06,
2021-01-07,36.55161451
2021-01-08,
2021-01-09,
2021-01-10,9.36120165
2021-01-11,
2021-01-12,
2021-01-13,44.39385009
2021-01-14,
2021-01-15,
2021-01-16,39.12761525
2021-01-17,
2021-01-18,
2021-01-19,40.12909669
2021-01-20,
2021-01-21,48.47119433
2021-01-22,
2021-01-23,
2021-01-24,24.16569142
2021-01-25,
2021-01-26,
2021-01-27,41.81038513
2021-01-28,
2021-01-29,
2021-01-30,41.01088125
2021-01-31,
2021-02-01,
2021-02-02,29.04585539
2021-02-03,
2021-02-04,41.53950451
2021-02-05,
2021-02-06,
2021-02-07,27.56239627
2021-02-08,
2021-02-09,
2021-02-10,32.00598236
2021-02-11,
2021-02-12,
2021-02-13,
2021-02-14,
2021-02-15,
2021-02-16,
2021-02-17,
2021-02-18,
2021-02-19,
2021-02-20,
2021-02-21,60.14094358
2021-02-22,
2021-02-23,
2021-02-24,39.53422065
2021-02-25,
2021-02-26,
2021-02-27,34.95274576
2021-02-28,
2021-03-01,
2021-03-02,34.37821246
2021-03-03,
2021-03-04,47.74159784
2021-03-05,
2021-03-06,
2021-03-07,40.25939391
2021-03-08,
2021-03-09,
2021-03-10,45.86115789
2021-03-11,
2021-03-12,
2021-03-13,34.05983237
2021-03-14,
2021-03-15,
2021-03-16,25.65311866
2021-03-17,
2021-03-18,27.81079116
2021-03-19,
2021-03-20,
2021-03-21,29.24474288
2021-03-22,
2021-03-23,
2021-03-24,45.06140402
2021-03-25,
2021-03-26,
2021-03-27,36.41879549
2021-03-28,
2021-03-29,
2021-03-30,32.46895676
2021-03-31,
2021-04-01,
2021-04-02,18.19713871
2021-04-03,25.51578313
2021-04-04,
2021-04-05,
2021-04-06,29.95029602
2021-04-07,
2021-04-08,32.82507397
2021-04-09,30.59096102
2021-04-10,
2021-04-11,20.49080136
2021-04-12,35.43045475
2021-04-13,
2021-04-14,35.80970724
2021-04-15,29.29402194
2021-04-16,
2021-04-17,31.16755094
2021-04-18,
2021-04-19,20.87839904
2021-04-20,45.15022403
2021-04-21,29.82361974
2021-04-22,50.24991784
2021-04-23,
2021-04-24,17.23725271
2021-04-25,26.31152631
2021-04-26,
2021-04-27,24.80794864
2021-04-28,26.06313884
2021-04-29,
2021-04-30,34.38829662
2021-05-01,17.03212005
2021-05-02,
2021-05-03,
2021-05-04,24.56621004
2021-05-05,
2021-05-06,32.95574019
2021-05-07,
2021-05-08,
2021-05-09,19.36355048
2021-05-10,
2021-05-11,
2021-05-12,30.28715498
2021-05-13,
2021-05-14,
2021-05-15,
2021-05-16,16.42361052
2021-05-17,
2021-05-18,
2021-05-19,31.72940658
2021-05-20,
2021-05-21,
2021-05-22,34.73020197
2021-05-23,
2021-05-24,
2021-05-25,36.03036198
2021-05-26,
2021-05-27,33.65146651
2021-05-28,
2021-05-29,
2021-05-30,
2021-05-31,25.89786969
2021-06-01,
2021-06-02,
2021-06-03,31.07200148
2021-06-04,
2021-06-05,
2021-06-06,18.09204048
2021-06-07,
2021-06-08,
2021-06-09,29.12813334
2021-06-10,
2021-06-11,
2021-06-12,38.49497316
2021-06-13,
2021-06-14,
2021-06-15,
2021-06-16,30.99011518
2021-06-17,
2021-06-18,
2021-06-19,24.72709467
2021-06-20,
2021-06-21,
2021-06-22,31.78628641
2021-06-23,
2021-06-24,26.48211868
2021-06-25,
2021-06-26,
2021-06-27,25.03486466
2021-06-28,
2021-06-29,34.13573308
2021-06-30,
2021-07-01,38.34875088
2021-07-02,
2021-07-03,
2021-07-04,9.97598256
2021-07-05,
2021-07-06,
2021-07-07,48.17847339
2021-07-08,
2021-07-09,
2021-07-10,41.37892517
2021-07-11,
2021-07-12,
2021-07-13,31.5674515
2021-07-14,
2021-07-15,
2021-07-16,
2021-07-17,33.87129763
2021-07-18,
2021-07-19,
2021-07-20,20.44051399
2021-07-21,
2021-07-22,52.01320463
2021-07-23,
2021-07-24,
2021-07-25,18.16361092
2021-07-26,
2021-07-27,
2021-07-28,38.40664587
2021-07-29,
2021-07-30,
2021-07-31,31.86044466
2021-08-01,
2021-08-02,
2021-08-03,39.97646909
2021-08-04,
2021-08-05,
2021-08-06,
2021-08-07,41.6551771
2021-08-08,
2021-08-09,
2021-08-10,24.22218584
2021-08-11,
2021-08-12,37.71498824
2021-08-13,
2021-08-14,
2021-08-15,19.25745528
2021-08-16,
2021-08-17,
2021-08-18,32.60090654
2021-08-19,
2021-08-20,
2021-08-21,33.79465516
2021-08-22,
2021-08-23,
2021-08-24,32.09160286
2021-08-25,
2021-08-26,41.63692338
2021-08-27,
2021-08-28,
2021-08-29,24.99114924
2021-08-30,
2021-08-31,
2021-09-01,35.62374554
2021-09-02,
2021-09-03,
2021-09-04,31.17190473
2021-09-05,
2021-09-06,
2021-09-07,36.84931761
2021-09-08,
2021-09-09,43.98520401
2021-09-10,
2021-09-11,
2021-09-12,
2021-09-13,44.371391
2021-09-14,
2021-09-15,
2021-09-16,51.90394357
2021-09-17,
2021-09-18,
2021-09-19,18.41999863
2021-09-20,
2021-09-21,
2021-09-22,38.63374561
2021-09-23,
2021-09-24,
2021-09-25,39.70628828
2021-09-26,
2021-09-27,
2021-09-28,42.19554694
2021-09-29,
2021-09-30,33.80532368
2021-10-01,
2021-10-02,
2021-10-03,
2021-10-04,18.00177057
2021-10-05,
2021-10-06,
2021-10-07,34.26429133
2021-10-08,
2021-10-09,
2021-10-10,30.61661128
2021-10-11,
2021-10-12,41.49406315
2021-10-13,
2021-10-14,41.94429008
2021-10-15,
2021-10-16,
2021-10-17,13.70371018
2021-10-18,
2021-10-19,
2021-10-20,26.58799511
2021-10-21,
2021-10-22,
2021-10-23,45.47125981
2021-10-24,
2021-10-25,
2021-10-26,30.18203332
2021-10-27,
2021-10-28,51.15735534
2021-10-29,
2021-10-30,
2021-10-31,
2021-11-01,19.31954893
2021-11-02,
2021-11-03,
2021-11-04,39.76232024
2021-11-05,
2021-11-06,
2021-11-07,33.51037888
2021-11-08,
2021-11-09,33.93422538
2021-11-10,
2021-11-11,37.54023395
2021-11-12,
2021-11-13,
2021-11-14,39.66704684
2021-11-15,
2021-11-16,
2021-11-17,34.13424061
2021-11-18,
2021-11-19,
2021-11-20,31.00889735
2021-11-21,
2021-11-22,
2021-11-23,40.4147086
2021-11-24,
2021-11-25,29.67137527
2021-11-26,
2021-11-27,
2021-11-28,
2021-11-29,38.75163805
2021-11-30,
2021-12-01,34.28202816
2021-12-02,
2021-12-03,
2021-12-04,
2021-12-05,23.14098262
2021-12-06,
2021-12-07,
2021-12-08,34.79187639
2021-12-09,
2021-12-10,
2021-12-11,38.38696662
2021-12-12,
2021-12-13,
2021-12-14,49.1758635
2021-12-15,
2021-12-16,47.00712398
2021-12-17,
2021-12-18,
2021-12-19,
2021-12-20,32.93711525
2021-12-21,
2021-12-22,39.62973981
2021-12-23,
2021-12-24,31.67737773
2021-12-25,
2021-12-26,
2021-12-27,
2021-12-28,37.34466832
2021-12-29,
2021-12-30,
2021-12-31,45.96132252
2022-01-01,
2022-01-02,
2022-01-03,
2022-01-04,35.82325066
2022-01-05,
2022-01-06,33.10326991
2022-01-07,
2022-01-08,
2022-01-09,
2022-01-10,22.72216647
2022-01-11,
2022-01-12,
2022-01-13,35.69013002
2022-01-14,
2022-01-15,
2022-01-16,38.31537728
2022-01-17,
2022-01-18,
2022-01-19,63.47048249
2022-01-20,
2022-01-21,
2022-01-22,
2022-01-23,
2022-01-24,
2022-01-25,42.91868895
2022-01-26,
2022-01-27,59.96925049
2022-01-28,
2022-01-29,
2022-01-30,
2022-01-31,43.99531116
2022-02-01,
2022-02-02,
2022-02-03,69.4568588
2022-02-04,
2022-02-05,
2022-02-06,32.25217318
2022-02-07,
2022-02-08,
2022-02-09,45.40020627
2022-02-10,
2022-02-11,
2022-02-12,48.72119278
2022-02-13,
2022-02-14,
2022-02-15,48.56184564
2022-02-16,
2022-02-17,58.8589396
2022-02-18,
2022-02-19,
2022-02-20,
2022-02-21,42.04920366
2022-02-22,
2022-02-23,
2022-02-24,63.41630774
2022-02-25,
2022-02-26,
2022-02-27,41.36912583
2022-02-28,
2022-03-01,
2022-03-02,42.27809195
2022-03-03,
2022-03-04,
2022-03-05,25.72380755
2022-03-06,
2022-03-07,
2022-03-08,39.99161217
2022-03-09,
2022-03-10,42.28386579
2022-03-11,
2022-03-12,
2022-03-13,
2022-03-14,40.28594969
2022-03-15,
2022-03-16,
2022-03-17,38.26570578
2022-03-18,
2022-03-19,
2022-03-20,31.32552791
2022-03-21,
2022-03-22,
2022-03-23,49.95178688
2022-03-24,
2022-03-25,
2022-03-26,64.4873679
2022-03-27,
2022-03-28,
2022-03-29,28.72428533
2022-03-30,
2022-03-31,41.19732912
2022-04-01,
2022-04-02,
2022-04-03,25.51578313
2022-04-04,
2022-04-05,
2022-04-06,31.88464302
2022-04-07,
2022-04-08,
2022-04-09,30.59096102
2022-04-10,
2022-04-11,
2022-04-12,35.43045475
2022-04-13,
2022-04-14,
2022-04-15,29.29402194
2022-04-16,
2022-04-17,
2022-04-18,
2022-04-19,20.87839904
2022-04-20,
2022-04-21,29.82361974
2022-04-22,
2022-04-23,
2022-04-24,17.23725271
2022-04-25,
2022-04-26,
2022-04-27,24.80794864
2022-04-28,
2022-04-29,
2022-04-30,34.38829662
2022-05-01,
2022-05-02,
2022-05-03,17.03441776
2022-05-04,
2022-05-05,32.12887549
2022-05-06,
2022-05-07,
2022-05-08,
2022-05-09,32.52335095
2022-05-10,
2022-05-11,
2022-05-12,44.31469667
2022-05-13,
2022-05-14,
2022-05-15,21.44508193
2022-05-16,
2022-05-17,
2022-05-18,31.72132379
2022-05-19,
2022-05-20,
2022-05-21,31.7577581
2022-05-22,
2022-05-23,
2022-05-24,46.35002136
2022-05-25,
2022-05-26,36.90066141
2022-05-27,
2022-05-28,
2022-05-29,
2022-05-30,
2022-05-31,29.2635628
2022-06-01,
2022-06-02,21.7264795
2022-06-03,
2022-06-04,
2022-06-05,26.823514
2022-06-06,
2022-06-07,
2022-06-08,32.2309799
2022-06-09,
2022-06-10,
2022-06-11,24.4566186
2022-06-12,
2022-06-13,
2022-06-14,17.4406966
2022-06-15,
2022-06-16,32.6108821
2022-06-17,
2022-06-18,
2022-06-19,
2022-06-20,16.2427897
2022-06-21,
2022-06-22,
2022-06-23,33.5784877
2022-06-24,
2022-06-25,
2022-06-26,16.3242164
2022-06-27,
2022-06-28,
2022-06-29,
2022-06-30,23.8507335
2022-07-01,
2022-07-02,31.82889169
2022-07-03,
2022-07-04,
2022-07-05,
2022-07-06,38.56719456
2022-07-07,
2022-07-08,
2022-07-09,44.23578764
2022-07-10,
2022-07-11,
2022-07-12,41.4340434
2022-07-13,
2022-07-14,47.08401305
2022-07-15,
2022-07-16,
2022-07-17,
2022-07-18,15.51455579
2022-07-19,
2022-07-20,
2022-07-21,33.81323299
2022-07-22,
2022-07-23,
2022-07-24,19.19975405
2022-07-25,
2022-07-26,
2022-07-27,31.11410223
2022-07-28,
2022-07-29,
2022-07-30,27.01542527
2022-07-31,
2022-08-01,
2022-08-02,28.932497
2022-08-03,
2022-08-04,
2022-08-05,26.107366
2022-08-06,
2022-08-07,
2022-08-08,
2022-08-09,35.646406
2022-08-10,
2022-08-11,44.053469
2022-08-12,
2022-08-13,
2022-08-14,18.087784
2022-08-15,
2022-08-16,
2022-08-17,40.14118
2022-08-18,
2022-08-19,
2022-08-20,37.34433
2022-08-21,
2022-08-22,
2022-08-23,44.891662
2022-08-24,
2022-08-25,
2022-08-26,37.476637
2022-08-27,
2022-08-28,
2022-08-29,
2022-08-30,25.890132
2022-08-31,
2022-09-01,34.91662481
2022-09-02,
2022-09-03,
2022-09-04,18.67078199
2022-09-05,
2022-09-06,
2022-09-07,43.46740457
2022-09-08,
2022-09-09,
2022-09-10,39.45973427
2022-09-11,
2022-09-12,
2022-09-13,33.25836847
2022-09-14,
2022-09-15,
2022-09-16,36.92234776
2022-09-17,
2022-09-18,
2022-09-19,
2022-09-20,36.33685453
2022-09-21,
2022-09-22,40.51102266
2022-09-23,
2022-09-24,
2022-09-25,29.87899338
2022-09-26,
2022-09-27,
2022-09-28,32.80209967
2022-09-29,
2022-09-30,
2022-10-01,40.38197527
2022-10-02,
2022-10-03,
2022-10-04,
2022-10-05,30.92474383
2022-10-06,
2022-10-07,29.86746434
2022-10-08,
2022-10-09,
2022-10-10,
2022-10-11,38.01101609
2022-10-12,
2022-10-13,36.69389149
2022-10-14,
2022-10-15,
2022-10-16,23.45884793
2022-10-17,
2022-10-18,
2022-10-19,40.11446531
2022-10-20,
2022-10-21,
2022-10-22,29.29473546
2022-10-23,
2022-10-24,
2022-10-25,33.86594038
2022-10-26,
2022-10-27,
2022-10-28,24.05996186
2022-10-29,
2022-10-30,
2022-10-31,
2022-11-01,37.09989768
2022-11-02,
2022-11-03,28.35706702
2022-11-04,
2022-11-05,
2022-11-06,13.92726648
2022-11-07,
2022-11-08,
2022-11-09,25.06013806
2022-11-10,
2022-11-11,
2022-11-12,24.98774428
2022-11-13,
2022-11-14,
2022-11-15,
2022-11-16,
2022-11-17,
2022-11-18,36.08600316
2022-11-19,
2022-11-20,
2022-11-21,
2022-11-22,28.6294947
2022-11-23,
2022-11-24,43.42216502
2022-11-25,
2022-11-26,
2022-11-27,26.18487808
2022-11-28,
2022-11-29,
2022-11-30,
2022-12-01,35.90586803
2022-12-02,
2022-12-03,34.99859464
2022-12-04,
2022-12-05,
2022-12-06,33.54199531
2022-12-07,
2022-12-08,
2022-12-09,18.04757461
2022-12-10,
2022-12-11,
2022-12-12,
2022-12-13,51.97670028
2022-12-14,
2022-12-15,54.27512572
2022-12-16,
2022-12-17,
2022-12-18,23.24982945
2022-12-19,
2022-12-20,
2022-12-21,51.36729658
2022-12-22,
2022-12-23,
2022-12-24,22.83449012
2022-12-25,
2022-12-26,
2022-12-27,23.15964376
2022-12-28,
2022-12-29,57.36788478
2022-12-30,
2022-12-31,
2023-01-01,38.42949597
2023-01-02,
2023-01-03,
2023-01-04,
2023-01-05,42.08800479
2023-01-06,
2023-01-07,
2023-01-08,23.36426629
2023-01-09,
2023-01-10,
2023-01-11,43.94492245
2023-01-12,
2023-01-13,
2023-01-14,44.19115101
2023-01-15,
2023-01-16,
2023-01-17,37.45355412
2023-01-18,
2023-01-19,
2023-01-20,44.2680083
2023-01-21,
2023-01-22,
2023-01-23,
2023-01-24,46.84089864
2023-01-25,
2023-01-26,62.14457026
2023-01-27,
2023-01-28,
2023-01-29,51.67167047
2023-01-30,
2023-01-31,
2023-02-01,57.82972938
2023-02-02,
2023-02-03,
2023-02-04,43.84703376
2023-02-05,
2023-02-06,
2023-02-07,45.34256747
2023-02-08,
2023-02-09,
2023-02-10,60.08395195
2023-02-11,
2023-02-12,
2023-02-13,
2023-02-14,50.74271545
2023-02-15,
2023-02-16,51.37111102
2023-02-17,
2023-02-18,
2023-02-19,35.11994738
2023-02-20,
2023-02-21,
2023-02-22,45.26889028
2023-02-23,
2023-02-24,
2023-02-25,60.89538384
2023-02-26,
2023-02-27,
2023-02-28,57.91481984
2023-03-01,
2023-03-02,
2023-03-03,66.93912133
2023-03-04,
2023-03-05,
2023-03-06,
2023-03-07,42.47564292
2023-03-08,
2023-03-09,50.71718605
2023-03-10,
2023-03-11,
2023-03-12,21.29380865
2023-03-13,
2023-03-14,
2023-03-15,39.23060473
2023-03-16,
2023-03-17,
2023-03-18,33.23406927
2023-03-19,
2023-03-20,
2023-03-21,
2023-03-22,61.06148592
2023-03-23,
2023-03-24,71.23527449
2023-03-25,
2023-03-26,
2023-03-27,
2023-03-28,37.77563261
2023-03-29,
2023-03-30,47.20376415
2023-03-31,
2023-04-01,
2023-04-02,27.38841692
2023-04-03,
2023-04-04,44.53092169
2023-04-05,
2023-04-06,
2023-04-07,
2023-04-08,20.32081949
2023-04-09,
2023-04-10,
2023-04-11,42.07639211
2023-04-12,
2023-04-13,
2023-04-14,52.87545618
2023-04-15,
2023-04-16,
2023-04-17,
2023-04-18,38.40062718
2023-04-19,
2023-04-20,41.17601096
2023-04-21,
2023-04-22,
2023-04-23,19.64892317
2023-04-24,
2023-04-25,
2023-04-26,45.71077433
2023-04-27,
2023-04-28,
2023-04-29,26.01412091
2023-04-30,
2023-05-01,
2023-05-02,
2023-05-03,60.91495362
2023-05-04,
2023-05-05,51.4846432
2023-05-06,
2023-05-07,
2023-05-08,
2023-05-09,47.94703004
2023-05-10,
2023-05-11,49.10729491
2023-05-12,
2023-05-13,
2023-05-14,27.46748431
2023-05-15,
2023-05-16,
2023-05-17,31.64377257
2023-05-18,
2023-05-19,
2023-05-20,37.39347979
2023-05-21,
2023-05-22,
2023-05-23,
2023-05-24,33.62070587
2023-05-25,
2023-05-26,34.14463644
2023-05-27,
2023-05-28,
2023-05-29,
2023-05-30,42.20694467
2023-05-31,
2023-06-01,38.32926281
2023-06-02,
2023-06-03,
2023-06-04,38.15051208
2023-06-05,
2023-06-06,
2023-06-07,
2023-06-08,
2023-06-09,
2023-06-10,61.13149913
2023-06-11,
2023-06-12,
2023-06-13,
2023-06-14,43.83060886
2023-06-15,
2023-06-16,64.6279448
2023-06-17,
2023-06-18,
2023-06-19,
2023-06-20,
2023-06-21,59.55065765
2023-06-22,
2023-06-23,
2023-06-24,31.46102488
2023-06-25,
2023-06-26,
2023-06-27,32.8318691
2023-06-28,
2023-06-29,53.15542377
2023-06-30,
2023-07-01,52.01048033
2023-07-02,
2023-07-03,
2023-07-04,
2023-07-05,37.11901972
2023-07-06,
2023-07-07,23.27824683
2023-07-08,
2023-07-09,
2023-07-10,
2023-07-11,46.47770647
2023-07-12,
2023-07-13,49.33328255
2023-07-14,
2023-07-15,
2023-07-16,22.20215549
2023-07-17,
2023-07-18,
2023-07-19,41.54235672
2023-07-20,
2023-07-21,
2023-07-22,53.92192927
2023-07-23,
2023-07-24,
2023-07-25,56.75365027
2023-07-26,
2023-07-27,
2023-07-28,58.6495147
2023-07-29,
2023-07-30,
2023-07-31,
2023-08-01,49.33458167
2023-08-02,
2023-08-03,40.68489835
2023-08-04,
2023-08-05,
2023-08-06,
2023-08-07,25.10634762
2023-08-08,
2023-08-09,
2023-08-10,
2023-08-11,
2023-08-12,
2023-08-13,
2023-08-14,
2023-08-15,
2023-08-16,
2023-08-17,
2023-08-18,
2023-08-19,
2023-08-20,
2023-08-21,
2023-08-22,
2023-08-23,
2023-08-24,
2023-08-25,
2023-08-26,
2023-08-27,
2023-08-28,
2023-08-29,
2023-08-30,
2023-08-31,
2023-09-01,
2023-09-02,
2023-09-03,
2023-09-04,
2023-09-05,
2023-09-06,
2023-09-07,
2023-09-08,
2023-09-09,
2023-09-10,
2023-09-11,
2023-09-12,
2023-09-13,
2023-09-14,
2023-09-15,
2023-09-16,
2023-09-17,
2023-09-18,
2023-09-19,
2023-09-20,
2023-09-21,
2023-09-22,
2023-09-23,
2023-09-24,
2023-09-25,
2023-09-26,
2023-09-27,
2023-09-28,
2023-09-29,
2023-09-30,
2023-10-01,
2023-10-02,
2023-10-03,
2023-10-04,
2023-10-05,
2023-10-06,
2023-10-07,
2023-10-08,
2023-10-09,
2023-10-10,
2023-10-11,
2023-10-12,47.95600278
2023-10-13,
2023-10-14,
2023-10-15,42.02612952
2023-10-16,
2023-10-17,
2023-10-18,50.82988954
2023-10-19,
2023-10-20,
2023-10-21,
2023-10-22,
2023-10-23,
2023-10-24,
2023-10-25,
2023-10-26,
2023-10-27,
2023-10-28,
2023-10-29,
2023-10-30,
2023-10-31,
2023-11-01,
2023-11-02,54.85564542
2023-11-03,
2023-11-04,
2023-11-05,53.55665822
2023-11-06,
2023-11-07,
2023-11-08,48.77232637
2023-11-09,
2023-11-10,
2023-11-11,64.427438
2023-11-12,
2023-11-13,
2023-11-14,
2023-11-15,38.10314232
2023-11-16,
2023-11-17,45.92849605
2023-11-18,
2023-11-19,
2023-11-20,
2023-11-21,37.93163552
2023-11-22,
2023-11-23,57.36089904
2023-11-24,
2023-11-25,
2023-11-26,28.55367738
2023-11-27,
2023-11-28,
2023-11-29,57.00249404
2023-11-30,
2023-12-01,
2023-12-02,
2023-12-03,
2023-12-04,
2023-12-05,57.75206553
2023-12-06,
2023-12-07,
2023-12-08,38.77714814
2023-12-09,
2023-12-10,
2023-12-11,
2023-12-12,37.57692561
2023-12-13,
2023-12-14,
2023-12-15,52.86294799
2023-12-16,
2023-12-17,
2023-12-18,
2023-12-19,45.41002948
2023-12-20,
2023-12-21,62.56434352
2023-12-22,
2023-12-23,
2023-12-24,
2023-12-25,50.18942193
2023-12-26,
2023-12-27,52.30126712
2023-12-28,
2023-12-29,
2023-12-30,
2023-12-31,34.62408726
2024-01-01,
2024-01-02,
2024-01-03,78.01688136
2024-01-04,
2024-01-05,
2024-01-06,49.57157296
2024-01-07,
2024-01-08,
2024-01-09,
2024-01-10,79.50434636
2024-01-11,
2024-01-12,25.17375445
2024-01-13,
2024-01-14,
2024-01-15,
2024-01-16,53.49858391
2024-01-17,
2024-01-18,49.81426981
2024-01-19,
2024-01-20,
2024-01-21,36.39876784
2024-01-22,
2024-01-23,
2024-01-24,72.51926271
2024-01-25,
2024-01-26,
2024-01-27,63.06209008
2024-01-28,
2024-01-29,
2024-01-30,53.10667038
2024-01-31,
2024-02-01,
2024-02-02,51.84258446
2024-02-03,
2024-02-04,
2024-02-05,
2024-02-06,52.25941124
2024-02-07,
2024-02-08,36.82600001
2024-02-09,
2024-02-10,
2024-02-11,44.75881286
2024-02-12,
2024-02-13,
2024-02-14,76.43175188
2024-02-15,
2024-02-16,
2024-02-17,78.16140098
2024-02-18,
2024-02-19,
2024-02-20,79.477729
2024-02-21,
2024-02-22,
2024-02-23,53.83863037
2024-02-24,
2024-02-25,
2024-02-26,
2024-02-27,57.59330204
2024-02-28,
2024-02-29,73.09728817
2024-03-01,
2024-03-02,
2024-03-03,46.03931558
2024-03-04,
2024-03-05,23.65630992
2024-03-06,
2024-03-07,
2024-03-08,
2024-03-09,
2024-03-10,40.01750344
2024-03-11,
2024-03-12,
2024-03-13,72.143565
2024-03-14,
2024-03-15,89.05314729
2024-03-16,
2024-03-17,
2024-03-18,
2024-03-19,60.38677723
2024-03-20,
2024-03-21,63.98124081
2024-03-22,
2024-03-23,
2024-03-24,54.93645698
2024-03-25,
2024-03-26,
2024-03-27,
2024-03-28,40.753343
2024-03-29,
2024-03-30,
2024-03-31,
2024-04-01,
2024-04-02,
2024-04-03,46.95265705
2024-04-04,
2024-04-05,
2024-04-06,47.62424391
2024-04-07,
2024-04-08,
2024-04-09,75.13770877
2024-04-10,
2024-04-11,69.96275651
2024-04-12,
2024-04-13,
2024-04-14,
2024-04-15,72.56023717
2024-04-16,
2024-04-17,
2024-04-18,66.35630463
2024-04-19,
2024-04-20,
2024-04-21,28.639195
2024-04-22,
2024-04-23,
2024-04-24,45.52011001
2024-04-25,
2024-04-26,
2024-04-27,45.12926135
2024-04-28,
2024-04-29,
2024-04-30,37.15782975
2024-05-01,
2024-05-02,
2024-05-03,48.49601527
2024-05-04,
2024-05-05,
2024-05-06,
2024-05-07,38.35015108
2024-05-08,
2024-05-09,21.9725816
2024-05-10,
2024-05-11,
2024-05-12,31.29006374
2024-05-13,
2024-05-14,
2024-05-15,41.60468221
2024-05-16,
2024-05-17,
2024-05-18,
2024-05-19,
2024-05-20,
2024-05-21,
2024-05-22,
2024-05-23,
2024-05-24,38.81851647
2024-05-25,
2024-05-26,
2024-05-27,
2024-05-28,35.0952574
2024-05-29,
2024-05-30,38.07053528
2024-05-31,
2024-06-01,
2024-06-02,11.48046021
2024-06-03,
2024-06-04,
2024-06-05,47.94756468
2024-06-06,
2024-06-07,
2024-06-08,29.35189628
2024-06-09,
2024-06-10,
2024-06-11,
2024-06-12,43.63448056
2024-06-13,
2024-06-14,26.3840855
2024-06-15,
2024-06-16,
2024-06-17,
2024-06-18,32.05738794
2024-06-19,
2024-06-20,27.82665375
2024-06-21,
2024-06-22,
2024-06-23,23.07753884
2024-06-24,
2024-06-25,
2024-06-26,24.26953174
2024-06-27,
2024-06-28,
2024-06-29,36.24209569
2024-06-30,
2024-07-01,
2024-07-02,
2024-07-03,41.21612491
2024-07-04,
2024-07-05,25.7545197
2024-07-06,
2024-07-07,
2024-07-08,
2024-07-09,39.29482434
2024-07-10,
2024-07-11,54.0895263
2024-07-12,
2024-07-13,
2024-07-14,22.05686162
2024-07-15,
2024-07-16,
2024-07-17,40.27586199
2024-07-18,
2024-07-19,
2024-07-20,22.59582966
2024-07-21,
2024-07-22,
2024-07-23,46.40887389
2024-07-24,
2024-07-25,
2024-07-26,68.45151518
2024-07-27,
2024-07-28,
2024-07-29,
2024-07-30,48.82680504
2024-07-31,
2024-08-01,62.60169094
2024-08-02,
2024-08-03,
2024-08-04,32.5632936
2024-08-05,
2024-08-06,
2024-08-07,23.43823887
2024-08-08,
2024-08-09,
2024-08-10,43.22740237
2024-08-11,
2024-08-12,
2024-08-13,33.15764136
2024-08-14,
2024-08-15,58.00504748
2024-08-16,
2024-08-17,
2024-08-18,
2024-08-19,31.01448238
2024-08-20,
2024-08-21,
2024-08-22,41.05019412
2024-08-23,
2024-08-24,
2024-08-25,32.89521824
2024-08-26,
2024-08-27,
2024-08-28,48.6358937
2024-08-29,
2024-08-30,
2024-08-31,52.58410345
2024-09-01,
2024-09-02,
2024-09-03,48.66695302
2024-09-04,
2024-09-05,10.93730374
2024-09-06,
2024-09-07,
2024-09-08,
2024-09-09,
2024-09-10,
2024-09-11,
2024-09-12,51.71375156
2024-09-13,
2024-09-14,
2024-09-15,25.2630702
2024-09-16,
2024-09-17,
2024-09-18,48.35450182
2024-09-19,
2024-09-20,
2024-09-21,40.58295643
2024-09-22,
2024-09-23,
2024-09-24,45.60566216
2024-09-25,
2024-09-26,
2024-09-27,
2024-09-28,
2024-09-29,
2024-09-30,23.14639159
2024-10-01,
2024-10-02,
2024-10-03,38.98038084
2024-10-04,
2024-10-05,
2024-10-06,31.53009594
2024-10-07,
2024-10-08,37.70353883
2024-10-09,
2024-10-10,35.44350731
2024-10-11,
2024-10-12,
2024-10-13,
2024-10-14,17.05201061
2024-10-15,
2024-10-16,
2024-10-17,53.81998645
2024-10-18,
2024-10-19,
2024-10-20,
2024-10-21,30.51915693
2024-10-22,
2024-10-23,
2024-10-24,37.33814665
2024-10-25,
2024-10-26,
2024-10-27,23.41369513
2024-10-28,
2024-10-29,56.63637282
2024-10-30,
2024-10-31,34.64296794
2024-11-01,
2024-11-02,
2024-11-03,5.8999515
2024-11-04,
2024-11-05,
2024-11-06,39.83071874
2024-11-07,
2024-11-08,
2024-11-09,17.86818523
2024-11-10,
2024-11-11,
2024-11-12,
2024-11-13,27.52428799
2024-11-14,
2024-11-15,
2024-11-16,34.27578437
2024-11-17,
2024-11-18,
2024-11-19,36.67282122
2024-11-20,
2024-11-21,37.96253511
2024-11-22,
2024-11-23,
2024-11-24,20.24071396
2024-11-25,
2024-11-26,
2024-11-27,45.90131342
2024-11-28,
2024-11-29,
2024-11-30,
2024-12-01,
2024-12-02,
2024-12-03,
2024-12-04,43.11776721
2024-12-05,
2024-12-06,
2024-12-07,32.09483252
2024-12-08,
2024-12-09,
2024-12-10,47.13301668
2024-12-11,
2024-12-12,
2024-12-13,50.78093849
2024-12-14,
2024-12-15,
2024-12-16,42.29142555
2024-12-17,
2024-12-18,
2024-12-19,33.41043956
2024-12-20,
2024-12-21,
2024-12-22,23.62992189
2024-12-23,
2024-12-24,
2024-12-25,25.61138127
2024-12-26,
2024-12-27,
2024-12-28,26.56098372
2024-12-29,
2024-12-30,
2024-12-31,
2025-01-01,
2025-01-02,
2025-01-03,25.97387576
2025-01-04,
2025-01-05,
2025-01-06,19.1094562
2025-01-07,
2025-01-08,
2025-01-09,33.88127658
2025-01-10,
2025-01-11,
2025-01-12,14.29064694
2025-01-13,
2025-01-14,
2025-01-15,34.48610324
2025-01-16,
2025-01-17,
2025-01-18,27.06479533
2025-01-19,
2025-01-20,
2025-01-21,51.09850619
2025-01-22,
2025-01-23,
2025-01-24,66.61391832
2025-01-25,
2025-01-26,
2025-01-27,45.07812419
2025-01-28,
2025-01-29,
2025-01-30,27.92977576
2025-01-31,
2025-02-01,
2025-02-02,33.42524999
2025-02-03,
2025-02-04,
2025-02-05,
2025-02-06,
2025-02-07,
2025-02-08,35.90766495
2025-02-09,
2025-02-10,
2025-02-11,35.83719711
2025-02-12,
2025-02-13,
2025-02-14,34.39803221
2025-02-15,
2025-02-16,
2025-02-17,21.84725556
2025-02-18,
2025-02-19,
2025-02-20,46.52122775
2025-02-21,
2025-02-22,
2025-02-23,25.31660203
2025-02-24,
2025-02-25,
2025-02-26,42.45480027
2025-02-27,
2025-02-28,
2025-03-01,43.24202274
2025-03-02,
2025-03-03,
2025-03-04,56.4006602
2025-03-05,
2025-03-06,
2025-03-07,50.34105619
2025-03-08,
2025-03-09,
2025-03-10,55.40309302
2025-03-11,
2025-03-12,
2025-03-13,54.93179751
2025-03-14,
2025-03-15,
2025-03-16,25.18338032
2025-03-17,
2025-03-18,
2025-03-19,38.15835371
2025-03-20,
2025-03-21,
2025-03-22,30.52345893
2025-03-23,
2025-03-24,
2025-03-25,
2025-03-26,54.63879519
2025-03-27,
2025-03-28,
2025-03-29,40.31067446
2025-03-30,
2025-03-31,
2025-04-01,42.82938873
2025-04-02,
2025-04-03,
2025-04-04,38.81077283
2025-04-05,
2025-04-06,
2025-04-07,46.6166456
2025-04-08,
2025-04-09,43.98821108
2025-04-10,
2025-04-11,37.28992832
2025-04-12,
2025-04-13,
2025-04-14,40.12834048
2025-04-15,
2025-04-16,
2025-04-17,
2025-04-18,
2025-04-19,22.74360853
2025-04-20,
2025-04-21,
2025-04-22,42.32690508
2025-04-23,
2025-04-24,
2025-04-25,35.74544432
2025-04-26,
2025-04-27,
2025-04-28,38.51063947
2025-04-29,
2025-04-30,
2025-05-01,26.20292854
2025-05-02,
2025-05-03,
2025-05-04,28.10774151
2025-05-05,
2025-05-06,
2025-05-07,42.32556391
2025-05-08,
2025-05-09,
2025-05-10,32.61278936
2025-05-11,
2025-05-12,
2025-05-13,54.97097634
2025-05-14,
2025-05-15,
2025-05-16,35.60905251
2025-05-17,
2025-05-18,
2025-05-19,28.83463833
2025-05-20,
2025-05-21,
2025-05-22,34.9787869
2025-05-23,
2025-05-24,
2025-05-25,27.53537618
2025-05-26,
2025-05-27,
2025-05-28,45.5113023
2025-05-29,
2025-05-30,
2025-05-31,32.80446017
2025-06-01,
2025-06-02,
2025-06-03,
2025-06-04,39.27052593
2025-06-05,
2025-06-06,
2025-06-07,29.39906891
2025-06-08,
2025-06-09,
2025-06-10,35.95908336
2025-06-11,
2025-06-12,
2025-06-13,11.38704201
2025-06-14,
2025-06-15,
2025-06-16,32.7424961
2025-06-17,
2025-06-18,
2025-06-19,35.16401549
2025-06-20,
2025-06-21,
2025-06-22,18.0653391
2025-06-23,
2025-06-24,
2025-06-25,50.99485399
2025-06-26,
2025-06-27,42.56787882
2025-06-28,
2025-06-29,
2025-06-30,
2025-07-01,40.04970144
2025-07-02,
2025-07-03,
2025-07-04,47.36177636
2025-07-05,
2025-07-06,
2025-07-07,45.41485362
2025-07-08,
2025-07-09,
2025-07-10,40.00745009
2025-07-11,
2025-07-12,
2025-07-13,21.61711933
2025-07-14,
2025-07-15,
2025-07-16,25.867605
2025-07-17,
2025-07-18,
2025-07-19,38.01682027
2025-07-20,
2025-07-21,
2025-07-22,41.33669424
2025-07-23,
2025-07-24,
2025-07-25,47.46169723
2025-07-26,
2025-07-27,
2025-07-28,30.63219782
2025-07-29,
2025-07-30,
2025-07-31,37.57213409
2025-08-01,
2025-08-02,
2025-08-03,59.12845903
2025-08-04,
2025-08-05,
2025-08-06,42.96830645
2025-08-07,
2025-08-08,
2025-08-09,25.1802534
2025-08-10,
2025-08-11,
2025-08-12,39.2108513
2025-08-13,
2025-08-14,
2025-08-15,33.66283033
2025-08-16,
2025-08-17,
2025-08-18,21.13259322
2025-08-19,
2025-08-20,
2025-08-21,41.38476775
2025-08-22,
2025-08-23,
2025-08-24,18.68930757
2025-08-25,
2025-08-26,
2025-08-27,40.69820688
2025-08-28,
2025-08-29,
2025-08-30,32.41806551
2025-08-31,
2025-09-01,
2025-09-02,35.07827945
2025-09-03,
2025-09-04,
2025-09-05,37.50583521
2025-09-06,
2025-09-07,
2025-09-08,
2025-09-09,
2025-09-10,
2025-09-11,38.37437592
2025-09-12,
2025-09-13,
2025-09-14,28.61694726
2025-09-15,
2025-09-16,
2025-09-17,47.59528745
2025-09-18,
2025-09-19,
2025-09-20,28.42100894
2025-09-21,
2025-09-22,
2025-09-23,36.33251999
2025-09-24,
2025-09-25,
2025-09-26,45.79208161
2025-09-27,
2025-09-28,
2025-09-29,32.69603359
2025-09-30,
2025-10-01,
2025-10-02,49.5332
2025-10-03,
2025-10-04,
2025-10-05,25.6315
2025-10-06,
2025-10-07,
2025-10-08,53.9043
2025-10-09,
2025-10-10,
2025-10-11,26.5675
2025-10-12,
2025-10-13,
2025-10-14,
2025-10-15,42.7312
2025-10-16,
2025-10-17,42.8272
2025-10-18,
2025-10-19,
2025-10-20,7.2389
2025-10-21,
2025-10-22,
2025-10-23,42.4269
2025-10-24,
2025-10-25,
2025-10-26,13.4445
2025-10-27,
2025-10-28,
2025-10-29,47.7275
