Fecha,CO,DViento,HAire10,NO,NO2,O3,P,PLiquida,PM2.5,SO2,VViento
2019-01-01,,162.83333333,68.99194674,3.80899755,14.2018306,27.82689093,22.68667361,0.0,16.6,23.94947684,1.59125
2019-01-02,,122.54166667,64.66644621,9.44243891,20.46545285,24.84310269,22.55018056,0.00208333,8.85714286,31.61985599,1.82125
2019-01-03,,189.75,69.10066454,17.59156503,26.44884525,20.42873104,22.50442361,0.0,9.05263158,39.4648099,1.50208333
2019-01-04,,133.41666667,81.87073747,14.47575035,24.60044549,25.41533605,22.94720139,0.0,14.45833333,45.13137425,1.69
2019-01-05,,115.95833333,84.09697863,6.28691741,17.07109567,27.85958998,22.85420833,0.0,14.91666667,18.43946053,1.96958333
2019-01-06,,88.29166667,86.38405738,7.24586509,12.742733,23.99292741,22.33466667,0.17916667,13.79166667,22.9020282,1.86041667
2019-01-07,,61.52173913,89.96081411,3.26525438,11.01307404,24.1891217,21.50678472,0.00416667,7.58333333,9.12153195,2.28304348
2019-01-08,,143.69565217,81.80040306,8.12082033,15.94878161,22.98743164,21.22100695,0.0675,11.36363636,20.50162505,1.97652174
2019-01-09,,170.86956522,86.97870348,18.12941402,28.26619924,18.52074151,20.11320139,0.06833333,11.0,10.26717891,1.96347826
2019-01-10,,84.47826087,91.96847332,,,24.44253933,19.5077554,0.0375,9.70833333,10.01622767,2.11782609
2019-01-11,,72.82608696,85.23880105,,,27.30370615,20.57222917,0.0,7.42857143,24.42955747,2.29826087
2019-01-12,,66.83333333,87.21570764,,,29.24112482,20.52895139,0.00375,8.75,21.06899307,2.16708333
2019-01-13,,65.2173913,86.82580411,,,33.00969024,20.90384028,0.0,7.69565217,17.83935974,2.10826087
2019-01-14,,87.5,86.44971131,9.80007108,19.74207087,24.09102455,20.0024375,0.00041667,14.36363636,35.98422534,1.27625
2019-01-15,,124.08695652,81.72917052,16.88401208,17.0398834,29.33922196,21.66906944,0.0,19.20833333,30.22325779,1.77086957
2019-01-16,,95.75,87.32858065,7.58995926,16.57008046,34.15415697,21.95265278,0.1375,17.25,28.44477728,1.77583333
2019-01-17,,92.69565217,94.79881991,12.32140781,20.1076321,23.8212574,20.66755556,0.02625,15.58333333,28.91394699,1.44086957
2019-01-18,,102.57142857,84.96200316,26.33711613,17.80540697,25.095034,21.60022464,0.0,20.6,43.74236626,1.88
2019-01-19,,91.54166667,84.74433914,9.24399682,14.43808993,28.66071669,22.51522222,0.0,20.20833333,33.61655497,1.68958333
2019-01-20,,124.375,82.53765976,14.63828162,17.03694607,26.73147278,22.41459722,0.01458333,22.0,60.57744666,1.51083333
2019-01-21,,78.43478261,89.47124134,9.19396215,14.5461515,30.23027105,21.77190972,0.00333333,13.0,39.3229679,2.02782609
2019-01-22,,83.69565217,79.77264583,10.84166541,14.06347823,29.50271721,23.30836806,0.00041667,17.70833333,21.94186694,2.01956522
2019-01-23,,105.65217391,73.73042437,12.7145526,19.37692063,35.46211894,23.97840972,0.0,15.91304348,31.43437029,1.85956522
2019-01-24,,106.79166667,79.23364398,11.95417344,17.08294233,35.3394975,23.60689583,0.00166667,18.66666667,48.45541078,2.09625
2019-01-25,,91.75,88.4632591,8.94223525,17.24324829,27.17290995,22.77271528,0.00875,14.45833333,34.30394314,1.505
2019-01-26,,136.95652174,73.29100892,19.77888145,15.39843101,31.46466016,23.95874306,0.00083333,16.625,32.25268954,1.87652174
2019-01-27,,79.52173913,88.66946253,1.78188765,5.40681702,35.78910943,22.95595833,0.0,13.58333333,11.14005278,2.36695652
2019-01-28,,94.875,95.07948001,7.54858739,14.0654523,21.32795489,21.39414583,0.00708333,15.20833333,18.57039161,1.7675
2019-01-29,,131.73913043,78.96755328,14.47649645,11.5189075,31.57910684,22.15388194,0.0,18.53846154,27.92105296,1.98565217
2019-01-30,,102.75,84.06782239,15.16219876,16.60194952,30.99052395,21.35177778,0.0,,35.35139178,2.49708333
2019-01-31,,59.79166667,85.94607255,6.70013401,15.18164004,35.20052655,21.89129167,0.0,,31.19432997,2.15
2019-02-01,,108.0,84.69093434,8.26056383,15.92444173,39.09171341,22.65486616,0.0025,,27.79012188,1.91625
2019-02-02,,89.625,85.3788,12.08017742,17.55001559,32.4129326,22.37291667,0.0,28.16666667,33.3983365,2.19416667
2019-02-03,,102.29166667,81.62702829,9.83338295,17.31988638,32.13499068,22.31373611,0.0,23.08333333,41.24329041,1.95958333
2019-02-04,,90.91666667,85.26323178,9.07593019,16.41185898,36.63928471,22.65617361,0.0,29.08333333,26.82996062,2.31041667
2019-02-05,,56.91666667,86.6462043,10.89759401,17.85963488,35.91173087,22.60415278,0.0,31.22727273,28.10653865,1.89875
2019-02-06,,88.04166667,85.38278926,13.03712698,18.50691523,34.66916699,22.25704167,0.0,36.16666667,28.51024282,2.40583333
2019-02-07,,64.08333333,87.27455189,8.5158597,20.70333404,39.10806293,22.47223611,0.0,38.83333333,26.82996062,2.13333333
2019-02-08,,98.79166667,86.75796429,12.17674112,19.96278477,38.88734435,22.07928472,0.00416667,38.29166667,27.92105296,1.86083333
2019-02-09,,75.125,88.1495519,9.97035557,19.58150575,43.6287065,21.75589583,0.02,32.5,25.06239103,2.1
2019-02-10,,88.375,88.67462821,2.69636866,10.01368471,44.45435749,21.72021528,0.0175,25.29166667,13.77394969,1.56291667
2019-02-11,,73.75,84.08038843,7.70108302,13.87423371,40.1789568,23.14961111,0.01333333,31.16666667,,2.03291667
2019-02-12,,100.375,84.15618617,12.96885606,15.61847555,41.1108797,23.25145211,0.00708333,39.33333333,,1.5275
2019-02-13,,79.86956522,82.70523626,17.03571358,12.78021137,35.60926466,23.69716279,0.0,37.08333333,4.71351891,2.14130435
2019-02-14,,95.04166667,84.06216126,,,40.25252966,22.62865972,0.14958333,26.0,12.55847282,2.07375
2019-02-15,,113.625,81.55234722,,,36.80277996,22.89006945,0.0,34.83333333,17.01012956,2.13583333
2019-02-16,,79.91666667,84.17458138,,,35.98530373,22.99471528,0.01625,36.16666667,23.90583315,2.215
2019-02-17,,62.54166667,88.96253119,,,34.5383708,22.13595833,0.0,32.83333333,14.69701381,2.03208333
2019-02-18,607.66466872,125.625,83.8836323,,,34.55472032,22.44995139,0.00125,36.60869565,23.32755421,1.79333333
2019-02-19,815.72376727,200.45833333,92.64037318,,,23.57601453,20.49703472,0.235,36.83333333,18.23215299,1.01041667
2019-02-20,648.76276229,148.66666667,83.2216247,,,27.0748128,21.51713736,0.34083333,20.875,18.38490591,1.30875
2019-02-21,643.99244785,102.76190476,85.77706124,,,31.42378635,23.12141708,0.0,21.625,25.96799767,2.19571429
2019-02-22,624.91119013,20.0,,,,35.43759465,19.17125,0.0,21.95833333,33.38742558,1.2
2019-02-23,601.05961796,,,,,31.79165066,,0.0,25.20833333,35.4059464,
2019-02-24,543.81584483,,,,,39.9173644,,0.0,31.5,20.11974273,
2019-02-25,601.05961797,,,,,36.63928471,,0.0,37.36363636,30.75789304,
2019-02-26,667.38406123,121.92307692,74.97451389,,,36.61476043,22.72375,0.21375,48.5,37.09713953,2.06538462
2019-02-27,693.13145671,186.0,91.65079728,,,35.54386656,19.87597917,0.09833333,42.54166667,14.47879534,1.44125
2019-02-28,604.05919167,120.66666667,87.61398452,,,28.88143527,20.38467371,0.52708333,32.83333333,28.4993319,1.51833333
2019-03-01,705.10017561,144.58333333,94.58024877,,,29.16755195,21.48075,0.1575,37.04166667,35.00224224,1.89375
2019-03-02,596.18912692,108.625,93.06188645,,,30.41011583,21.75954861,0.01708333,32.625,18.50492607,1.56208333
2019-03-03,461.42774433,147.625,86.87454223,,,37.70200382,21.38156944,0.38916667,25.54166667,29.11034361,1.73625
2019-03-04,561.12254556,112.83333333,91.4174115,,,37.11342093,21.71547436,0.00958333,31.47826087,25.10603472,1.86625
2019-03-05,529.09465449,88.25,92.12000521,,,38.13526622,22.29847222,0.10416667,46.33333333,24.02585331,1.69833333
2019-03-06,489.45970203,93.875,88.88126888,,,40.08903441,22.36520687,0.00125,41.20833333,21.43996446,1.581875
2019-03-07,582.45062137,72.85714286,97.01654167,,,36.60658567,22.08251042,0.00958333,34.375,28.07380588,1.53428571
2019-03-08,581.26281308,124.8,97.77433068,,,39.6802963,20.92447514,0.00166667,31.5,22.41103664,1.38
2019-03-09,584.22994867,,,,,46.36725187,,0.0,30.04166667,27.20093201,
2019-03-10,523.04112548,,,,,33.81899171,,0.0,21.58333333,33.82386251,
2019-03-11,624.48663209,147.25,96.59773906,8.76067853,36.27801828,26.25733657,21.60678956,0.1,22.95833333,36.83527737,1.735
2019-03-12,492.77825074,120.41666667,91.80147222,8.77332765,18.5812079,39.60672344,23.07566667,0.00416667,24.20833333,25.94617582,1.85833333
2019-03-13,505.9538592,80.29166667,90.08300695,6.81819663,19.35070749,46.89043666,24.10144444,0.00541667,29.70833333,32.38362062,2.24166667
2019-03-14,579.31175448,74.95833333,95.48808333,7.53095695,25.08441904,44.73229941,22.20826389,0.00291667,50.0,24.59322132,2.3675
2019-03-15,635.26992786,85.20833333,94.80270833,12.75304695,23.98709892,44.01292032,22.09697917,0.00541667,52.875,32.187224,2.2225
2019-03-16,615.53956666,78.08333333,95.63735376,3.72323696,18.74402858,51.23123545,21.90356559,0.00041667,58.625,16.11543385,1.75833333
2019-03-17,678.26715697,,,3.77633269,18.81419965,53.0869065,,0.0,64.125,31.88171815,
2019-03-18,614.37833583,,,7.8096252,25.16883431,38.47860624,,0.0,36.08333333,20.69849606,
2019-03-19,570.6059307,172.55555556,89.12570833,4.16228088,29.57604934,43.52243459,21.17150441,0.22291667,23.91666667,22.50876057,1.89111111
2019-03-20,,122.625,96.51581944,10.71041496,31.56039576,36.51666328,21.41313194,0.00208333,29.66666667,21.99642156,1.43916667
2019-03-21,,125.79166667,95.79506076,16.27063123,25.19878003,30.98234919,20.66328046,0.21541667,24.66666667,17.62114128,1.68458333
2019-03-22,,99.45833333,96.70468056,21.79159039,25.23333278,34.01518601,20.96857639,0.0,27.375,22.25828372,1.70791667
2019-03-23,,72.45833333,95.43967361,5.48422141,18.7194499,43.4979103,21.73602778,0.01375,28.125,19.35597809,1.90666667
2019-03-24,,116.5,96.53059028,6.7622647,26.05299296,34.62011842,20.66852778,0.11708333,29.70833333,29.56860239,1.56125
2019-03-25,,183.83333333,93.9169375,9.04641837,26.96093894,38.0943924,21.152625,0.00166667,22.41666667,36.27882027,1.79291667
2019-03-26,,86.375,96.53153338,12.31082444,30.64177838,36.04252706,21.27180859,0.00541667,39.77272727,43.66551541,2.195
2019-03-27,,79.625,94.38954226,6.98663631,22.67976702,43.10552171,21.74899306,0.00125,44.58333333,24.95328179,2.03166667
2019-03-28,,72.33333333,93.68161458,6.46919571,20.76831045,48.54991341,22.46240278,0.03,40.83333333,26.04437413,2.52166667
2019-03-29,,121.84210526,96.10195614,6.20467735,26.71536472,43.50608506,21.03733333,0.02833333,16.04166667,29.1539873,1.77526316
2019-03-30,,,,7.62935546,26.91218765,44.09466795,,0.0,24.08333333,34.14027929,
2019-03-31,239.1644842,,,3.92824064,18.65723928,47.78148575,,0.0,23.5,35.04588593,
2019-04-01,,,,8.28887385,35.77337275,40.0481606,,0.0,14.79166667,39.61756283,
2019-04-02,,126.57142857,93.04074249,26.38913461,49.28211893,22.476509,20.47012288,0.0,15.06666667,27.1027337,1.62142857
2019-04-03,,111.95833333,87.061727,18.57999898,27.99408968,36.41856613,22.16764683,0.0,20.45833333,,2.41333333
2019-04-04,,125.58333333,90.12305445,17.48072834,35.50409465,43.301716,21.23247585,1.15916667,28.25,,1.40875
2019-04-05,,122.82608696,93.19664853,6.56143101,30.48721555,44.13554176,20.2055046,1.44,19.43478261,,1.7973913
2019-04-06,,152.65217391,86.68029444,12.37153958,39.9317671,36.78643044,20.74760805,0.17291667,17.75,,1.54826087
2019-04-07,,94.95833333,89.88307993,12.79786915,31.47786091,42.82757979,22.13817465,0.01208333,25.66666667,,1.64583333
2019-04-08,,105.5,87.71986287,9.89924613,30.83597894,48.14935006,22.51497778,0.13791667,30.45833333,,1.86833333
2019-04-09,,168.25,94.39347631,27.05855369,46.33042714,27.37727901,20.60409524,0.32375,31.60869565,,1.06166667
2019-04-10,,152.625,91.07126298,29.63943531,46.24448403,34.04788506,20.58816667,0.12541667,28.58333333,,1.61916667
2019-04-11,,125.45833333,87.1320293,11.30142305,28.22124463,36.99897426,22.37061806,0.00416667,19.33333333,20.88350737,1.79
2019-04-12,,106.79166667,86.60122462,13.27581757,25.78195367,39.55767486,23.5085,0.055,23.125,28.48842097,2.16291667
2019-04-13,,103.16666667,90.03227299,6.88805916,25.48961076,45.66422231,23.28004167,0.06333333,22.86956522,28.67390667,2.16041667
2019-04-14,,120.25,87.27520833,5.1843813,22.70704881,45.14921229,22.83368801,0.02125,23.125,42.32347183,2.11416667
2019-04-15,,131.04166667,84.30408603,6.404469,27.47774153,46.79233952,22.87066667,0.44958333,14.29166667,39.63640897,1.995
2019-04-16,,90.54166667,88.3414693,8.51482742,25.86927575,44.77317322,23.37234722,0.00125,18.29166667,,2.29333333
2019-04-17,588.44517196,92.125,96.78019227,6.65875614,28.94628042,38.04534383,21.76278472,0.00583333,15.0,,1.67791667
2019-04-18,419.11028504,160.83333333,92.83120434,5.19491869,17.20904812,43.08099742,20.93560668,1.02458333,9.95,,1.44833333
2019-04-19,418.25162845,161.95833333,92.76681746,7.42107077,18.70960119,34.2113803,20.60387067,0.08208333,9.70833333,,1.56291667
2019-04-20,417.19261863,183.20833333,95.09064654,6.95544832,20.03447585,35.36402179,20.45930015,0.51041667,11.5,,1.30708333
2019-04-21,361.26068196,104.0,96.38467174,5.15279471,20.18621806,34.26042888,20.9083362,1.42416667,10.0,,1.42
2019-04-22,326.11300526,104.29166667,94.38043184,7.352634,23.18208252,36.28776993,21.00511388,0.5825,9.625,35.08952962,1.45375
2019-04-23,347.04514497,161.33333333,90.47824663,10.47349253,23.97334833,36.34499327,20.85197885,2.15333333,11.58333333,12.01292665,1.5125
2019-04-24,362.49142308,94.04166667,93.95028338,14.56602842,23.88311943,30.58178584,21.12043675,0.20875,11.875,8.26736252,1.78583333
2019-04-25,392.9077897,89.17647059,93.62251021,12.63555788,30.92662218,19.80408302,20.87649115,0.0075,12.625,4.45165675,1.21352941
2019-04-26,333.14921903,132.79166667,93.10681634,9.21798554,23.63168353,29.67438722,22.14385102,0.65541667,9.41666667,11.95837204,1.76833333
2019-04-27,303.73068995,75.75,94.37623985,14.50233398,18.10428558,24.8839765,22.52910142,0.00125,14.60869565,12.41226645,1.50791667
2019-04-28,250.6800232,118.58333333,87.75872655,10.65447281,15.92812831,28.54627002,23.10634028,0.0,12.91666667,24.71026577,1.55083333
2019-04-29,346.37730094,118.58333333,75.48556143,29.16955601,25.50755782,20.07424361,23.632875,0.0,16.91666667,23.417959,1.7225
2019-04-30,306.26372692,101.58333333,77.17087083,,,28.55444478,23.9403125,0.0,23.04166667,,1.78291667
2019-05-01,280.70355258,152.04166667,72.62772396,,,36.28776993,24.0323125,0.0,23.375,,1.72875
2019-05-02,,107.29166667,74.95693885,,,30.43464011,23.86790278,0.0,24.08333333,,1.44333333
2019-05-03,,91.25,85.51798341,6.3671192,30.92084563,30.67170822,23.27194244,0.0,25.54166667,,1.59583333
2019-05-04,,79.70833333,90.55258333,7.26019429,21.89342948,35.09425464,22.81445139,0.0,18.16666667,,2.4025
2019-05-05,,93.41666667,80.38755555,7.46828457,20.22927971,34.41574936,24.86598611,0.0,15.54166667,,2.38875
2019-05-06,,107.20833333,79.94680392,11.80858178,23.36789953,33.59827313,24.87456944,0.0,16.08333333,,1.91416667
2019-05-07,,97.41666667,88.89800694,10.27164142,27.69853581,31.47283493,24.55121528,0.00416667,12.04166667,28.5026891,1.99375
2019-05-08,626.68574708,156.16666667,99.91711111,23.06884203,43.72672293,12.77938298,20.38842376,0.46125,15.625,9.96454435,1.31458333
2019-05-09,594.17946162,159.875,96.14465686,28.99632289,33.86700729,16.43944702,20.69715766,0.93875,16.625,24.47320116,1.31625
2019-05-10,726.07047785,138.04166667,96.92491937,12.70094587,35.34067953,27.62252188,21.20921315,0.47208333,12.79166667,11.64195526,1.68083333
2019-05-11,592.35856445,107.70833333,98.33259722,13.73006176,26.15988069,18.85100191,20.14482664,1.06958333,8.54166667,28.51024282,1.23208333
2019-05-12,532.52928089,120.70833333,89.50912948,7.66188723,18.94388607,22.91385878,22.08025294,0.11125,6.19047619,23.97129869,1.44208333
2019-05-13,627.05783159,142.20833333,94.39367692,21.59401705,27.7412748,17.03620467,21.47934069,0.78583333,9.83333333,60.78475421,1.54958333
2019-05-14,508.72541188,147.66666667,93.83809028,12.05675558,21.92850433,24.14824789,22.0723332,0.13916667,5.38095238,13.80231809,1.90875
2019-05-15,533.51196568,92.58333333,95.42893339,14.25447557,20.36299337,18.45043855,21.67297891,0.00416667,5.66666667,17.89391436,1.95
2019-05-16,601.87534175,154.58333333,94.75080556,23.27265457,26.94957806,14.92711599,21.61347917,0.1325,14.41666667,31.08522074,1.77958333
2019-05-17,416.21470418,143.625,94.57818056,12.65605398,25.91714032,19.51315765,21.81694044,0.09708333,9.52173913,24.33135916,1.83208333
2019-05-18,452.38322818,98.16666667,96.77619444,12.70912416,24.0850924,16.4884956,21.30914583,0.06541667,8.08333333,20.34887212,1.70041667
2019-05-19,394.69104548,159.95833333,97.14421528,9.71193283,26.88403112,20.59222628,20.27138618,0.34958333,7.91666667,25.31334227,1.15291667
2019-05-20,541.24236387,128.45833333,94.73993056,13.90533155,28.76463167,20.4369058,22.07554504,0.37708333,10.9047619,25.35698596,2.14375
2019-05-21,428.05462458,145.58333333,93.71529966,8.99528587,26.14852384,26.11836561,21.99703015,0.455,9.125,,2.05166667
2019-05-22,546.21531295,176.54166667,92.86976304,15.68524816,32.84736289,19.56220623,21.51092989,0.77958333,9.0,,1.80166667
2019-05-23,507.41357542,104.33333333,99.15422222,24.97634265,32.54710007,7.00577131,19.86599531,0.40916667,12.29166667,36.66070259,1.01375
2019-05-24,417.43113436,82.25,91.79899722,20.45185589,24.52366944,15.40942697,22.44953979,0.44875,11.52173913,,1.80833333
2019-05-25,530.07256893,137.91666667,98.49265873,22.09517122,27.06825618,10.35742386,19.66730504,0.9225,9.66666667,,1.12041667
2019-05-26,408.62098581,111.125,93.93311111,7.53838217,17.46613311,22.77488782,22.17871714,0.00708333,6.41666667,,2.44
2019-05-27,,108.83333333,94.36235507,11.18293302,24.52195355,22.48877114,21.57536922,0.42916667,7.5,,1.64166667
2019-05-28,,93.45833333,99.98972798,23.22578315,23.26471139,7.77419897,19.75089595,0.33166667,8.25,11.92927624,1.44708333
2019-05-29,,101.25,95.10268627,26.84945158,23.68779845,15.93261176,21.27847568,0.315,15.66666667,22.02915433,1.60333333
2019-05-30,,171.66666667,98.71361364,28.24386598,27.9834888,9.44185048,19.99659754,0.38583333,12.29166667,16.85737664,1.04583333
2019-05-31,232.2952314,157.375,96.94697222,30.28939038,22.26377855,9.76066621,21.05098611,0.44333333,12.33333333,17.34836819,1.4025
2019-06-01,,181.91666667,96.04971528,8.78711666,21.11842932,18.37686569,20.62163899,0.34833333,8.16666667,5.61912555,1.55
2019-06-02,,131.91666667,96.00225287,13.8567022,19.97767145,18.15614711,21.27730642,0.00208333,8.25,11.26007294,1.54291667
2019-06-03,,112.625,83.21296814,10.5452663,18.33048465,16.93810752,23.62500694,0.00125,6.66666667,27.60463618,1.80791667
2019-06-04,,104.5,80.60406875,14.16284838,20.13695101,18.1152733,23.98345451,0.08375,11.54166667,13.03855345,1.79166667
2019-06-05,,116.04347826,91.5828785,10.21450393,20.0471687,17.72288471,23.18765218,0.01916667,5.20833333,13.387703,2.53521739
2019-06-06,,143.41666667,90.94441729,19.8676598,23.98590015,15.55657269,22.48161111,0.00083333,11.54166667,17.09741695,1.5675
2019-06-07,,177.83333333,98.74023913,14.09437381,47.64896636,17.69018566,19.62041281,0.72875,11.54166667,11.70523861,1.33708333
2019-06-08,,89.45833333,92.98165972,17.37744974,26.27615201,22.46424685,22.56321922,0.05125,12.33333333,17.85423828,1.86791667
2019-06-09,,120.29166667,91.71292141,5.08132578,15.31422034,23.0610045,23.14136617,0.04166667,7.25,7.1357439,2.13291667
2019-06-10,511.08281455,69.125,92.09017631,10.16964968,19.66276927,16.73373847,22.19753058,0.01125,7.25,7.30133321,1.89416667
2019-06-11,483.37596102,91.70833333,89.69038581,14.95023912,17.6669935,17.89455472,23.1845,0.0,9.05,20.89660048,2.27458333
2019-06-12,583.58118589,127.29166667,94.54846689,9.38095285,23.11077679,19.85827479,22.48769841,0.2875,7.25,15.8124459,1.65958333
2019-06-13,623.92850532,98.75,96.65011111,18.33551334,22.75733442,12.55643492,21.74810697,0.24916667,8.375,16.87919848,1.90625
2019-06-14,658.41310832,119.54166667,95.7100243,22.14898238,24.03173899,14.43663026,22.2110967,0.02583333,11.375,19.99260676,1.91583333
2019-06-15,603.02021719,126.95833333,96.69395051,8.81791233,21.61283921,18.87552619,21.6728882,0.16916667,11.70833333,12.99788546,1.84916667
2019-06-16,526.6474832,100.54166667,89.64860526,4.65586674,14.78521579,24.84310269,23.01239209,0.01541667,8.94736842,18.06848913,1.61833333
2019-06-17,581.73507419,164.125,77.31768627,16.602341,22.3152677,18.13162282,24.006,0.0,9.79166667,23.42575252,1.43708333
2019-06-18,611.7594332,155.41666667,76.95545658,20.31552405,22.60570191,19.35783717,24.07225,0.0,17.0,55.30984261,1.50958333
2019-06-19,547.39358064,128.875,88.64321891,19.51713602,24.91481283,16.32500035,22.97536806,0.0,16.27272727,34.48248552,1.57833333
2019-06-20,671.7604481,196.75,75.13036174,23.38222392,26.45079619,16.74191323,23.08166667,0.0,23.20833333,34.4705827,1.11833333
2019-06-21,717.1786118,130.91304348,82.57543969,22.18142239,27.44573518,18.86735143,23.41903472,0.0,23.90909091,51.77233149,1.78782609
2019-06-22,614.13027951,,,15.43787151,23.38979861,22.93020831,,0.0,18.41666667,30.89973504,
2019-06-23,533.61214225,,,6.4952121,19.92433798,21.09088678,,0.0,12.41666667,19.08320501,
2019-06-24,552.16389508,,,7.17143908,17.97292245,21.08271202,,0.0,16.08333333,39.67211745,
2019-06-25,491.77648472,146.64705882,86.35680805,10.00771166,20.44508196,23.19997546,23.7626336,0.00166667,19.25,25.25878765,1.51117647
2019-06-26,490.20705127,71.875,79.30689935,10.42870703,21.17896821,21.64961402,24.10602778,0.0,17.56521739,28.62354856,2.24833333
2019-06-27,505.32417769,84.20833333,88.21243767,11.87837788,24.75486729,20.15896388,23.27622222,0.0,17.04166667,,2.17
2019-06-28,660.31646383,143.45833333,80.66978818,19.46932942,32.42320378,18.12344806,23.3134408,0.0,21.04166667,,1.62166667
2019-06-29,744.14519922,148.83333333,88.33185739,22.95538843,27.72852711,12.88342542,21.61211806,0.01,20.45833333,,1.41333333
2019-06-30,529.57645625,97.95833333,87.54208841,15.35016257,19.59226981,22.21900398,22.48001413,0.0,16.04761905,,1.95375
2019-07-01,395.73097402,145.91666667,93.29880556,7.09865301,19.18454159,18.2460695,21.66388889,0.25375,13.31578947,,1.81875
2019-07-02,483.79097836,155.66666667,90.92229386,21.95094401,23.52243886,13.68455212,21.46745368,0.64833333,22.41666667,,1.25083333
2019-07-03,421.34279219,137.29166667,93.68989984,12.20157936,24.86893695,17.28144754,21.38363877,0.72791667,17.625,,1.82666667
2019-07-04,394.87708775,140.625,89.91517725,17.59221915,22.42576905,16.07975748,22.92011111,0.0075,18.29166667,,1.65708333
2019-07-05,281.9875968,167.33333333,91.79771528,10.99869563,26.17689485,25.03929698,21.79694444,0.64458333,15.08333333,,2.20791667
2019-07-06,351.33938201,174.16666667,79.02666667,14.09800548,27.56578955,20.94374106,23.01370833,0.0,12.29166667,,1.54541667
2019-07-07,530.9932396,165.875,74.2849686,7.14643452,20.46410522,22.66861591,23.33397031,0.0,12.0,,1.50541667
2019-07-08,,115.75,87.41521137,15.36510634,24.79986422,22.41519828,22.59186806,0.03125,15.0,,1.92083333
2019-07-09,,65.54166667,94.59690972,7.68650341,20.41994846,16.49433471,21.5617601,0.13625,13.72727273,,1.96541667
2019-07-10,,78.375,92.18284722,7.39040886,14.35158682,,22.31047917,0.02125,14.38095238,8.72414464,2.28
2019-07-11,,97.79166667,91.31951859,4.74805809,15.93965843,,22.48313831,0.17416667,13.375,9.49250335,1.78666667
2019-07-12,,72.875,92.91468056,7.52722134,17.20654872,,22.57971528,0.0325,16.25,14.48970626,2.07166667
2019-07-13,,141.29166667,93.68250725,8.36142727,20.37710437,,21.4641362,0.33625,16.29166667,24.28771547,1.35958333
2019-07-14,,100.0,88.13635417,5.2192818,14.48183937,,22.49014353,0.65583333,13.375,24.62595409,1.54208333
2019-07-15,,158.625,93.58036111,7.19572532,19.47633772,,21.27896328,0.41083333,17.16666667,22.0182434,1.77833333
2019-07-16,,105.83333333,91.64029167,12.37322597,21.45770441,,21.65359299,0.06083333,17.5,34.12936837,1.74
2019-07-17,,123.0,81.17145139,9.45022696,22.98688691,,23.76689583,0.00166667,17.875,33.57291127,1.96541667
2019-07-18,,146.41666667,73.2902449,12.09439419,24.18553043,,24.42302083,0.01291667,17.75,56.46402854,1.74333333
2019-07-19,,90.41666667,83.86310417,12.39277203,20.45932917,,23.71790972,0.04208333,16.41666667,27.32095217,2.28875
2019-07-20,,130.45833333,79.15979806,13.52360444,20.67647535,,23.96903472,0.0,17.875,57.59829019,1.80416667
2019-07-21,,113.95833333,82.53616886,8.44429033,18.15263593,,23.7348538,0.13,18.66666667,43.61712783,1.52583333
2019-07-22,,105.70833333,95.34297853,9.84621284,20.14403461,,22.12928472,0.03833333,15.79166667,40.30495101,2.21375
2019-07-23,,140.875,93.44596528,14.73369133,25.14071081,,21.28144445,0.65708333,14.16666667,46.74239581,1.41208333
2019-07-24,,102.375,95.62131945,14.86695657,20.95231347,,20.91139583,0.05708333,15.625,22.05593568,1.58625
2019-07-25,,103.41666667,94.93715972,15.99069052,21.77767385,,21.46513889,0.13541667,17.66666667,21.46178631,1.9525
2019-07-26,,126.75,90.81843707,10.13732452,26.68075923,,21.82750694,0.00791667,15.33333333,27.72465634,1.72666667
2019-07-27,,96.58333333,76.70486708,9.52535307,23.32742345,,22.58759722,0.01875,18.75,33.79112974,2.22416667
2019-07-28,,104.16666667,89.75469565,10.27932117,19.26732981,,22.55985417,0.0,20.16666667,32.94007772,2.08333333
2019-07-29,,126.125,80.75587255,12.89207701,22.86001328,,23.38681944,0.00083333,19.20833333,51.27042901,1.94791667
2019-07-30,,111.79166667,87.23392881,13.74199192,27.0338523,,23.3400625,0.12458333,25.20833333,62.93420612,1.78083333
2019-07-31,,112.29166667,83.01447332,14.86697234,25.61883491,,23.31570139,0.00041667,22.66666667,36.98803029,1.51916667
2019-08-01,,95.70833333,92.15874455,18.69997284,27.78527667,,21.90911111,0.0,28.91666667,32.09993661,1.67791667
2019-08-02,,127.54166667,94.18611806,13.9606147,27.76421493,,21.64196528,0.54791667,21.75,45.16031191,1.95541667
2019-08-03,,147.375,92.25061149,16.03807097,22.61884953,,21.81329167,0.01666667,19.70833333,38.31916295,1.765
2019-08-04,,105.70833333,81.22512727,8.21893867,16.70149741,,23.58763889,0.0,15.625,25.52064981,1.75958333
2019-08-05,,96.41666667,76.05285626,12.68027156,25.15389436,,24.13660417,0.0,20.5,66.88396038,1.9625
2019-08-06,,156.54166667,75.43754167,9.27911128,34.94808016,,23.70183333,0.0,37.45833333,41.63608366,1.85666667
2019-08-07,,121.20833333,78.83186806,4.57503683,28.71806997,,23.19700694,0.0,35.375,66.01108651,1.84583333
2019-08-08,,132.91666667,86.37728472,12.42921411,29.84147087,,23.10347917,0.00083333,32.66666667,45.91316563,2.20291667
2019-08-09,,111.83333333,76.93929727,13.91990094,29.77515467,,23.77902778,0.0,24.125,39.89033592,1.815
2019-08-10,,132.625,82.3756594,17.8949094,27.82642158,,23.39084028,0.0,27.41666667,72.0230053,1.88208333
2019-08-11,,126.08333333,77.34218055,4.75638239,20.42800373,,24.81163889,0.0,20.375,51.13949793,1.83625
2019-08-12,,88.25,77.84495833,13.95428192,25.72763156,,24.43886806,0.00041667,20.83333333,40.3485947,1.62375
2019-08-13,,107.75,91.89389583,13.24624442,26.39403095,,23.27788194,0.0575,25.0,43.41456417,1.86458333
2019-08-14,,103.29166667,78.64676984,7.95493401,22.87154551,,23.94465972,0.0,23.25,29.14307638,1.90875
2019-08-15,,132.0,69.50503472,11.58426858,30.55786568,,23.82738194,0.0,33.41666667,53.52899015,1.99958333
2019-08-16,,87.04166667,90.34770996,8.36690344,33.47781147,,20.55205556,0.0625,37.58333333,34.94768762,2.07541667
2019-08-17,,103.79166667,91.05522222,5.98801678,21.5077892,,21.08970833,0.04208333,29.875,21.00352753,2.15208333
2019-08-18,,57.95833333,87.81026389,3.22927596,15.25779758,,23.43798611,0.03916667,25.875,16.94466402,2.29916667
2019-08-19,,139.20833333,67.93945796,5.19601628,21.21259655,,24.0008125,0.02958333,22.375,33.15829618,1.81958333
2019-08-20,,128.16666667,74.09248585,18.07301688,27.85518646,,23.21509028,0.0,25.66666667,44.45110189,1.7925
2019-08-21,,109.5,71.69352603,10.40531128,34.17691647,,23.90227083,0.0,28.0,45.07302453,1.75541667
2019-08-22,,133.70833333,83.14883333,25.90725537,39.10747638,,22.56338194,0.0,37.5,67.69706137,1.95125
2019-08-23,,109.41666667,87.56026389,18.4151876,36.90351237,,22.54015972,0.01875,33.58333333,54.2054674,1.75583333
2019-08-24,,131.625,73.98450694,16.01024753,31.83366022,,23.82525,0.0,26.25,47.97533015,1.90291667
2019-08-25,,139.41666667,70.89153472,7.14875969,26.51524764,,23.923375,0.0,21.125,41.46150888,1.68208333
2019-08-26,,137.2,73.84382686,15.88877637,33.63827749,,23.90337755,0.0,28.04347826,62.95602796,1.652
2019-08-27,,,,18.27814543,37.4258387,,,0.0,30.375,58.86443169,
2019-08-28,,117.0,80.4493141,21.03712514,37.84519626,,24.01048718,0.0,32.33333333,85.07246968,1.57333333
2019-08-29,,175.70833333,68.2323701,20.66666107,30.8621168,,23.3946875,0.0,24.83333333,58.27524183,1.4725
2019-08-30,,111.5,77.98508333,13.96577585,33.45579039,,23.73258333,0.0,31.04166667,63.26153382,2.06416667
2019-08-31,,129.66666667,85.1369375,12.03707738,28.41302414,,22.95389583,0.0,27.0,53.71447585,1.82666667
2019-09-01,,93.83333333,87.77133469,4.70461363,18.04598467,,22.85277778,0.11333333,15.79166667,33.0710088,2.20625
2019-09-02,,75.16666667,91.01361425,7.43913558,20.31979852,,22.43687747,0.01833333,17.45833333,35.47141194,2.3475
2019-09-03,,123.20833333,68.3125,9.78965635,19.5114287,,24.62525694,0.0,21.34782609,40.62136778,1.83791667
2019-09-04,,93.83333333,83.13825771,4.40242279,18.04503663,,23.96930556,0.0025,12.29166667,30.04868302,2.65833333
2019-09-05,,82.5,83.27556313,5.24612361,18.83675687,,23.95836111,0.00333333,14.5,32.2308677,2.30375
2019-09-06,,166.70833333,89.21951111,6.04025479,30.10075753,,21.914875,0.45666667,18.41666667,35.18772793,1.41625
2019-09-07,,103.41666667,78.83399981,11.18018695,24.10705416,,23.33754167,0.00291667,18.25,40.15219808,1.73291667
2019-09-08,,169.41666667,74.093436,9.33536338,22.61314524,,23.50526389,0.0,15.75,44.75660775,1.48208333
2019-09-09,,147.58333333,77.11322248,14.41217856,28.60354221,,23.38947222,0.0,23.08333333,42.3562046,1.88541667
2019-09-10,,106.41666667,83.49540759,6.44151847,22.94596423,,24.15959028,0.00125,17.16666667,39.66021462,2.00666667
2019-09-11,,111.54166667,87.95482639,12.45488812,25.56345649,,22.91118056,0.0475,16.83333333,60.86113067,1.82041667
2019-09-12,,121.16666667,85.84105003,12.41672315,25.46441199,,23.53900694,0.04958333,17.75,39.94489053,1.8325
2019-09-13,,180.15384615,89.96043287,7.6613762,20.32637216,,21.15649232,0.4125,12.41666667,26.01164136,1.16
2019-09-14,,,,11.46014299,26.32223802,,,0.0,12.625,33.40924742,
2019-09-15,,,,9.65644178,19.97488215,,,0.0,16.38095238,36.04969088,
2019-09-16,,59.875,91.44936616,9.5679172,25.66852574,,23.34845455,0.01708333,18.0,19.72298188,2.585
2019-09-17,,113.41666667,91.9423029,9.94889243,22.45841787,,21.78295833,0.11916667,15.54166667,19.11593778,1.58791667
2019-09-18,,158.29166667,98.31517057,10.83741545,31.04972021,,19.822125,0.43166667,17.79166667,16.36638509,1.26875
2019-09-19,,157.75,95.92611678,9.22407498,32.79759712,,20.00476389,0.41333333,14.875,8.89240256,1.67875
2019-09-20,,85.25,95.54871181,12.39243038,22.64829346,,20.71842361,0.255,14.16666667,14.63154827,1.48375
2019-09-21,,97.91666667,93.63752637,8.5700388,23.28848305,,21.08504861,0.00583333,17.26086957,15.63535322,1.91625
2019-09-22,,125.54166667,90.28908908,10.94755203,17.20789636,,21.60243056,0.07541667,15.125,30.15779225,1.9725
2019-09-23,,206.66666667,91.46089005,14.10100387,31.66033234,,20.76415278,0.25125,16.08333333,12.95126606,1.15041667
2019-09-24,,145.58333333,88.83435641,36.68367461,32.23651708,,21.01988889,0.02,21.54166667,28.68481759,1.3775
2019-09-25,,159.66666667,90.81371759,15.44747993,29.04475763,,21.08149699,0.87958333,20.41666667,20.16338642,1.31625
2019-09-26,,159.16666667,92.83980476,11.18104037,32.14403167,,20.87032312,0.40875,21.5,15.9081263,1.56291667
2019-09-27,,96.83333333,87.58118453,12.42150782,21.37317946,,22.53968238,0.0,18.82608696,23.7497595,2.3325
2019-09-28,,93.86363636,89.12189445,7.86618642,22.0985197,,22.72220213,0.15875,13.47058824,23.28296174,1.88954545
2019-09-29,,89.70833333,87.15683588,9.78453586,13.8368094,,21.92815972,0.0,13.41666667,20.04336627,2.32291667
2019-09-30,,161.83333333,94.64925368,14.88539087,32.15881784,,19.86890972,1.05083333,17.59090909,11.54375695,1.34541667
2019-10-01,,198.08333333,92.41823365,17.78610288,38.16648199,,20.47424643,0.56583333,15.5625,11.99110481,2.035
2019-10-02,,95.5,93.51974519,15.93248452,25.97832455,,21.19304861,0.00458333,17.70833333,19.47599825,1.61833333
2019-10-03,,133.54166667,95.34660617,20.13542784,28.37627757,,19.78811111,0.17833333,15.91666667,18.67950084,1.34958333
2019-10-04,,117.95833333,86.0827298,22.31876606,23.81046463,22.64082172,21.20909722,0.0,17.83333333,29.73226624,1.62125
2019-10-05,,95.04166667,92.13363748,11.80915924,25.86479408,22.94655783,21.18333333,0.63666667,14.83333333,27.57190341,1.55708333
2019-10-06,,120.75,90.53602852,15.21818091,19.95950971,18.72020571,21.115,0.0,14.45833333,34.18392298,1.85708333
2019-10-07,,122.79166667,89.51464912,9.95877059,20.82136185,23.1918007,22.0777338,0.06833333,12.83333333,32.16540215,2.02083333
2019-10-08,,127.75,91.17404135,15.55202987,26.0493183,18.75290476,21.38271199,0.14333333,20.58333333,27.57190341,1.40375
2019-10-09,,131.5,81.56690074,16.23960166,27.1947929,27.37727901,22.81415972,0.0,19.63636364,24.7677961,1.46791667
2019-10-10,,84.375,93.80755375,8.24027805,25.36761056,29.23295005,21.27710417,0.0,17.79166667,20.32705028,1.74083333
2019-10-11,,171.25,97.15400298,15.3832558,35.04902611,14.28130977,20.01238889,0.14083333,25.54166667,29.13216545,1.27041667
2019-10-12,,110.58333333,93.47497368,10.17492488,25.47198181,23.29807261,20.92237311,0.31708333,20.25,23.86218945,1.70416667
2019-10-13,,117.66666667,91.90867605,6.36597843,21.85030514,28.43182334,21.28584923,0.26958333,14.45833333,20.80713091,1.64791667
2019-10-14,,83.83333333,94.58152083,6.33427941,16.02264301,28.48087192,20.33754254,0.21375,10.125,22.13826356,1.63333333
2019-10-15,,82.04166667,89.67805128,14.11761737,21.42684199,18.71203095,21.64429861,0.08541667,16.5,28.46659912,1.64
2019-10-16,,114.125,92.58004555,21.38017771,25.91967889,13.94614452,20.81352661,0.00208333,21.25,29.36129484,1.65333333
2019-10-17,,140.29166667,85.13803712,10.35987584,25.48712704,26.46988039,21.74251389,0.0,14.66666667,26.0771069,1.43875
2019-10-18,,137.95833333,93.97324074,18.55261814,28.78016866,17.38771945,20.32130591,0.44,17.125,24.86599441,1.65
2019-10-19,,139.875,93.37146154,19.3807633,33.0958855,17.30597183,20.13713889,0.13875,19.95833333,18.69041177,1.39833333
2019-10-20,,105.0,94.23333042,5.56589889,14.65065594,24.78587935,20.87613232,0.14458333,9.54166667,13.67138701,1.58625
2019-10-21,,111.91666667,96.30020086,20.33510151,24.22236319,14.18321262,19.33233728,0.32458333,14.08333333,14.94796504,1.56708333
2019-10-22,,134.83333333,92.55283015,14.16392665,19.15135927,17.02802991,20.27712532,1.14416667,17.52173913,15.34075829,1.7825
2019-10-23,,167.08333333,91.42782885,11.27471165,28.80693333,26.5107542,20.90822383,0.26416667,15.125,11.99110481,1.48416667
2019-10-24,,165.20833333,98.06367936,28.47296645,33.89846589,13.67637736,18.83927419,0.39958333,20.66666667,20.86927573,1.19625
2019-10-25,,145.125,94.79418856,29.43248462,34.85222294,14.58377598,20.93811856,0.05666667,26.29166667,29.39402761,1.72333333
2019-10-26,,158.75,94.35263379,14.80301506,26.82585176,20.28158531,20.7210297,0.12916667,17.13043478,30.91064597,1.59708333
2019-10-27,,125.45833333,94.5688823,8.43207167,22.59091709,22.22717875,20.71419155,0.56583333,12.66666667,20.98170568,1.38833333
2019-10-28,,139.25,86.53012008,14.3336439,24.16583301,24.76135506,22.47824306,0.05208333,14.08333333,17.17379342,2.09
2019-10-29,,114.04166667,92.75832609,10.54058529,26.49967932,26.53527849,21.71430185,0.62541667,12.79166667,32.0017383,1.48583333
2019-10-30,,111.25,94.41873232,12.61141576,28.69924784,24.86762698,21.39503377,0.12375,15.58333333,28.16109327,1.51083333
2019-10-31,,156.95833333,89.81498577,11.44395876,26.07710937,26.4453561,22.42539671,0.43916667,16.375,28.57570836,1.31333333
2019-11-01,,133.41666667,91.78659375,12.38370203,23.73741808,28.04760952,21.68595031,0.465,17.16666667,24.7241524,1.78375
2019-11-02,,112.33333333,92.0030434,15.16416533,26.1672991,21.49145014,20.83439944,0.0,16.375,41.06474804,1.66125
2019-11-03,,126.75,92.71576061,9.41662692,25.10862948,19.66847814,21.19420833,0.00541667,14.70833333,,1.30333333
2019-11-04,,93.91666667,88.14272619,10.12983183,19.86106963,27.48355092,21.94827083,0.0,12.16666667,,1.71583333
2019-11-05,,70.75,90.8597135,8.96596736,25.57224746,25.72597702,21.71422917,0.00125,14.125,,1.68458333
2019-11-06,,74.41666667,89.47352971,11.01455792,23.32457148,21.52414919,22.84598611,0.0,12.79166667,,1.84625
2019-11-07,,241.27272727,87.48452624,17.13521262,23.81327743,22.77488782,20.78051742,0.0,17.18181818,,0.80545455
2019-11-08,,177.22222222,91.69364386,15.32096381,33.04463617,18.71203095,23.29081404,0.01875,19.0,,1.68777778
2019-11-09,,221.375,96.02901754,34.46675679,63.52413415,15.81816509,20.49120833,0.01625,25.91666667,,1.20708333
2019-11-10,,149.75,94.27985154,14.37347336,30.35130023,24.43436457,21.06786111,0.03208333,16.83333333,,1.42916667
2019-11-11,,83.70833333,92.79644362,3.68629481,13.29679928,26.5761523,21.8018424,0.15625,11.95833333,,1.75791667
2019-11-12,,148.375,96.69042717,18.78610648,35.72000625,15.80181556,19.72386771,0.89458333,18.41666667,,1.0025
2019-11-13,,143.25,98.00039131,53.78391472,38.70499897,9.77701573,19.53487108,0.08041667,26.45833333,,1.06
2019-11-14,,138.33333333,95.80330476,29.86228917,20.77627874,14.34670787,20.42775254,0.30666667,18.83333333,,1.5025
2019-11-15,,170.0,94.33477855,24.39950357,18.21338922,11.77165774,20.05713121,0.33958333,20.57142857,,1.275
2019-11-16,,196.6,94.89576667,24.15452401,16.75303017,23.89483026,18.35488236,0.0,17.38095238,,0.666
2019-11-17,,,,9.01953834,9.57844542,19.91372101,,0.0,11.65217391,,
2019-11-18,,62.25,94.89308117,9.67030083,15.0948194,16.97080657,22.49195449,0.0,7.79166667,,2.62375
2019-11-19,,71.625,93.09241025,11.00796056,16.09521162,14.38758168,21.4155,0.00333333,8.16666667,,1.76291667
2019-11-20,,89.54166667,93.75756107,15.10372103,18.55391794,12.17222109,21.2480593,0.03083333,9.91666667,,1.80208333
2019-11-21,,109.08333333,91.96869223,16.09543066,13.7255276,16.36587416,21.01168056,0.07333333,10.375,,1.95583333
2019-11-22,,154.54166667,90.61903333,19.81968457,22.35354518,17.93542853,20.22564621,0.08333333,12.69565217,,1.6475
2019-11-23,,158.75,88.82117308,20.42682067,22.08227867,20.22436198,20.47596235,0.0475,11.625,,1.7725
2019-11-24,,118.58333333,89.02798915,13.22313044,14.19275314,18.39108267,21.3051875,0.0,8.80952381,,1.72
2019-11-25,,83.20833333,85.86397179,,,,22.81686806,0.0,,,2.04875
2019-11-26,,78.41666667,89.61209524,,,,23.09123611,0.01625,,,2.03125
2019-11-27,,95.75,91.60595358,10.85595259,22.26870682,24.25802327,23.16084883,0.01625,10.36363636,,1.64666667
2019-11-28,,99.20833333,94.19094118,22.05802325,25.27860393,12.28346895,22.27315387,0.05333333,17.82608696,25.16786329,1.41416667
2019-11-29,,173.33333333,95.26303725,29.89266974,23.01323632,10.54544339,20.91754406,0.18125,17.33333333,22.79291896,1.21541667
2019-11-30,,118.20833333,90.37085714,26.31469737,15.95293421,14.43663025,21.49471009,0.0,18.91666667,38.21005371,1.57083333
2019-12-01,,128.54166667,89.8795169,7.79731966,9.7141492,18.76925428,22.69401528,0.0,10.83333333,17.43565558,2.24916667
2019-12-02,,106.25,87.64578582,8.55525478,17.00491266,19.05537097,22.82790278,0.0,13.41666667,10.64112601,1.88958333
2019-12-03,,82.41666667,94.05003346,15.25131591,19.82903978,15.33585411,21.46143056,0.0,20.83333333,17.20652619,1.70125
2019-12-04,,172.5,89.97038889,19.27165899,16.32778845,17.96812758,21.02708333,0.0,17.25,13.88960548,1.45666667
2019-12-05,,120.83333333,91.04177897,19.23874017,16.58303084,14.85354313,22.48129167,0.00458333,16.5,10.57268476,1.81333333
2019-12-06,,99.75,91.75195556,14.13068433,18.40992464,15.44212602,22.53579167,0.01708333,18.125,17.21459078,2.10208333
2019-12-07,,158.45833333,91.48385616,26.88808012,28.87154149,13.51288211,20.31180556,0.01875,19.30434783,21.85457955,1.21375
2019-12-08,,149.25,89.4316908,19.4298128,18.60101773,22.72583925,20.27805556,0.0,19.08333333,12.40571989,2.21916667
2019-12-09,,79.08333333,87.5246363,6.07370152,17.22526076,20.09901562,21.83320139,0.0,8.5,19.01410249,2.03125
2019-12-10,,87.5,89.7774397,10.69644859,19.23594691,15.34774467,22.13394444,0.0,13.25,18.59221346,1.6875
2019-12-11,,88.54166667,92.91929697,16.73318751,22.65303369,16.18602939,22.20677912,0.17666667,15.79166667,31.90353999,1.57458333
2019-12-12,408.0027033,100.43478261,87.58004067,17.0919184,21.4549778,18.76925428,21.01591827,0.0,13.0,29.65588978,1.67782609
2019-12-13,475.59214355,100.33333333,89.51531799,10.31140047,23.53723117,23.28172308,21.06531944,0.00458333,13.375,26.68811862,1.37166667
2019-12-14,444.91802001,86.83333333,96.12701949,9.70390452,18.106044,25.36628748,19.7289462,0.41625,7.875,18.55480458,2.10541667
2019-12-15,536.20423571,125.0,94.96514487,7.98996826,17.16986142,17.41224374,20.45512239,0.01458333,11.75,12.04565942,1.90125
2019-12-16,531.55308374,92.41666667,92.73842809,14.17421363,20.73382822,16.90540848,22.24905711,0.00125,13.91666667,20.54526875,1.73625
2019-12-17,672.22874985,141.875,91.67785043,22.65967743,25.05170754,21.90836302,21.577125,0.01208333,18.0,36.49703874,1.4725
2019-12-18,778.61054751,120.29166667,93.77705195,17.08722717,23.54025586,16.54571893,21.44794235,0.00083333,15.66666667,25.91344305,1.84958333
2019-12-19,,79.58823529,89.0503657,11.83806716,20.26502749,19.79109957,22.62482618,0.005,12.66666667,22.29101649,1.53
2019-12-20,,,,17.24191511,23.54559939,21.00913916,,0.0,14.375,33.73657512,
2019-12-21,,,,21.4458396,21.2085877,18.40956474,,0.0,17.66666667,44.99664806,
2019-12-22,,,,10.35987585,19.8331532,19.1779924,,0.0,13.08333333,38.61375788,
2019-12-23,486.42425552,,,11.17290992,19.19181185,15.924437,,0.0,12.70833333,26.79722785,
2019-12-24,504.01176878,,,12.81765612,17.48379341,25.05564651,,0.0,13.66666667,27.40823956,
2019-12-25,422.05070685,,,4.84679162,12.72183681,19.40688575,,0.0,10.54166667,26.20803798,
2019-12-26,387.5942964,72.33333333,92.26747166,11.24638541,18.42338532,18.89187572,24.27918946,0.0,6.875,25.08421288,2.84111111
2019-12-27,504.52580957,92.5,94.50495611,11.1741926,21.81363692,14.42845549,22.29373765,0.0,12.875,27.96687883,1.77125
2019-12-28,552.93086623,114.91666667,92.00964648,15.66277969,17.86982833,18.56488523,22.77155694,0.0,12.83333333,35.96240349,1.56833333
2019-12-29,666.52779478,172.66666667,92.82317729,17.18973923,23.85722445,15.40942697,22.17377778,0.0,14.45833333,40.45770393,1.52875
2019-12-30,827.96600237,119.75,96.17118883,22.29038361,25.32509736,18.76925428,21.50907188,0.42125,17.75,32.71094833,1.44541667
2019-12-31,,151.95833333,96.24481746,8.66194705,23.02882815,16.10428177,20.62407166,0.31666667,14.25,16.83555479,1.33833333
2020-01-01,,128.79166667,93.24468889,17.07669512,17.45028954,22.52147019,21.37567101,0.00333333,37.0,12.58029467,1.88791667
2020-01-02,305.86002204,92.83333333,85.4555721,9.03116265,14.45816241,27.7042695,22.24897272,0.0,9.25,38.77742173,1.97791667
2020-01-03,326.97695691,87.625,88.15320031,14.10596595,19.62605608,20.97644011,22.33399553,0.0,15.125,30.5069418,1.83291667
2020-01-04,341.64667553,160.83333333,87.75530389,11.13108234,19.0812117,21.24620727,21.54927778,0.0,15.08333333,45.22577745,1.79208333
2020-01-05,311.57546337,140.75,83.74212562,8.89173554,17.51494573,24.9493746,21.2631875,0.0,16.16666667,28.59753021,1.6775
2020-01-06,247.73014372,110.375,83.89792593,6.72136208,16.79953143,24.11554884,20.91458333,0.0,12.33333333,30.60514011,1.85291667
2020-01-07,350.62443455,157.91666667,86.26385922,13.38963355,23.03730572,20.28976008,20.86632639,0.0,12.79166667,34.48942883,1.60541667
2020-01-08,360.65934174,141.875,83.66461417,12.23801839,24.22443949,18.92457477,21.34692361,0.0,18.20833333,35.03497501,1.6825
2020-01-09,317.16499256,125.20833333,65.01791055,8.44469869,18.27492175,25.58700606,21.81179103,0.0,17.04166667,24.3968247,1.99333333
2020-01-10,,100.625,61.42202144,20.80144361,22.00666596,21.15486318,22.32988889,0.0,20.86956522,52.61247259,1.70666667
2020-01-11,,112.625,54.68452766,16.2540103,23.10948613,24.10737408,22.25784028,0.0,19.5,55.36202528,1.89416667
2020-01-12,,132.70833333,58.04423611,5.86102076,15.58335969,31.69355351,22.20013194,0.0,11.41666667,34.58762715,1.96833333
2020-01-13,,124.79166667,63.08669444,16.74467949,21.80846419,27.08298756,23.01988889,0.0,20.08333333,55.36202528,1.84875
2020-01-14,,104.54166667,65.04491667,15.03419067,23.04514864,23.29807261,23.18974306,0.0,19.63636364,40.81634124,1.80166667
2020-01-15,,110.66666667,71.27114583,18.05667134,21.54307556,23.28989785,22.070625,0.0,23.375,33.96570452,1.49583333
2020-01-16,,104.375,59.7664375,18.21193808,19.06930816,25.26819033,23.58810417,0.0,18.04166667,32.98372141,1.62
2020-01-17,,164.45833333,57.24590278,27.64622769,27.05993196,16.82366085,23.38272222,0.0,21.125,36.81345552,1.38541667
2020-01-18,,172.83333333,54.9655,36.85552795,23.76371377,18.32781712,23.46088194,0.0,16.75,61.28665668,1.44708333
2020-01-19,,162.95833333,58.30194444,19.81284629,17.95014808,22.03098445,23.69414583,0.0,13.25,87.17827788,1.60125
2020-01-20,,119.83333333,74.36647917,21.38044345,21.93183709,14.5347274,21.94058333,0.0,14.83333333,42.34529368,1.66083333
2020-01-21,,140.29166667,79.394625,17.41562348,17.71676983,18.27059378,20.98523611,0.48,14.5,35.86420518,1.73208333
2020-01-22,,176.91666667,82.08372917,20.61800617,36.29276705,14.28130977,19.76084028,0.10833333,17.16666667,20.78530906,1.08708333
2020-01-23,,127.45454545,75.19432449,23.9860769,19.83587696,19.0137863,20.72117707,0.01416667,19.0,28.50726711,1.64772727
2020-01-24,198.74740366,65.25,78.28025695,14.10020245,10.38757252,17.31414659,21.41384722,0.0,12.04166667,22.76018619,1.8975
2020-01-25,208.11889623,60.25,72.3555,11.83438574,9.72374158,20.23253674,22.52522222,0.0,10.16666667,28.37931174,2.1775
2020-01-26,,107.95833333,72.78360417,11.16665393,9.12566807,20.02816768,21.62196528,0.0,9.54166667,37.29353615,1.92791667
2020-01-27,,156.33333333,71.14285122,17.25935566,11.78275253,26.40448229,21.63927613,0.01875,12.66666667,26.66629677,1.64208333
2020-01-28,322.565227,96.25,74.67483333,14.21640404,14.35810149,19.29243907,21.12286111,0.00458333,12.08333333,25.35698596,1.72166667
2020-01-29,376.98759769,126.08333333,68.46325695,22.61733444,12.19749911,20.29793484,22.0245,0.0,18.125,42.3562046,1.9825
2020-01-30,432.40992167,136.16666667,68.71795139,20.82740146,13.22966781,17.13430182,21.686,0.0,30.25,43.43638602,2.01958333
2020-01-31,476.20156077,92.95833333,66.36559028,19.09142666,17.00422674,33.09961263,23.53431944,0.00041667,30.26086957,26.09892875,2.12291667
2020-02-01,459.22633963,116.08333333,69.11801389,,,28.18658048,23.77881944,0.0,21.625,34.14027929,1.99625
2020-02-02,431.70024198,108.16666667,79.58066667,,,22.20265446,21.21311806,0.08208333,10.79166667,42.56351215,1.95708333
2020-02-03,476.40863059,117.54166667,65.39663194,,,22.65226639,23.11320833,0.0,15.45833333,37.93728063,1.505
2020-02-04,477.94524425,108.70833333,62.14611806,,,20.40420675,23.59534028,0.0,21.29166667,50.07022744,1.72125
2020-02-05,576.05310497,151.66666667,59.89068055,,,25.79137512,22.72592361,0.0,22.25,41.09053749,1.7275
2020-02-06,522.81997372,164.41666667,56.06810417,,,32.29848592,22.76436806,0.0,23.54166667,31.22706274,1.84375
2020-02-07,,133.16666667,68.32060417,5.75950564,20.407691,30.81067918,22.04388889,0.0,33.45833333,49.92838544,1.99625
2020-02-08,,82.16666667,66.21322222,11.03599618,24.7078019,38.45408195,22.69597222,0.0,33.41666667,44.49474559,1.83958333
2020-02-09,,118.91666667,64.16897222,4.43096366,18.212402,40.59586968,22.03995833,0.0,25.29166667,31.91445092,1.77416667
2020-02-10,,115.95833333,62.81638889,8.56775451,22.14530414,42.83575455,23.07161806,0.0,26.20833333,40.33768377,1.73958333
2020-02-11,,105.70833333,58.30229167,9.6830714,28.0775569,34.85718653,24.15748611,0.0,29.83333333,41.30875596,1.71208333
2020-02-12,582.6591795,96.58333333,62.70555556,20.92883808,37.16352769,33.07508834,23.15148611,0.0,33.66666667,52.93980029,1.86875
2020-02-13,557.07412282,73.625,68.94270833,,,32.80532119,23.30791667,0.0,32.70833333,27.24457571,1.78166667
2020-02-14,523.1554222,55.95833333,71.24961806,,,39.43505343,23.13429861,0.00666667,37.33333333,34.04208098,1.79291667
2020-02-15,557.13842665,109.95833333,70.63452083,,,32.67452499,22.74935417,0.09708333,27.58333333,34.14027929,1.68833333
2020-02-16,496.56029914,121.33333333,65.86627778,,,29.15937719,23.65335417,0.0,17.875,29.97230655,1.46875
2020-02-17,445.07758703,86.25,66.62945139,,,29.12667814,23.99763195,0.02708333,13.91666667,24.02585331,2.32291667
2020-02-18,554.1324607,107.625,52.51699306,,,34.58741937,24.98925,0.0,18.73913043,33.97661544,1.80083333
2020-02-19,562.25654473,152.25,58.85922917,2.67097729,18.73843191,46.99670857,24.57513889,0.0975,21.54166667,23.31664329,2.05541667
2020-02-20,471.78247504,99.95833333,71.72548611,12.15782289,25.05175455,33.75359361,23.65741667,0.03708333,24.29166667,23.60032729,2.21583333
2020-02-21,646.19227834,162.54166667,79.59878472,22.71385142,30.38072099,23.44521833,20.96819445,0.26208333,29.33333333,38.42827218,1.62
2020-02-22,743.64159708,106.0,82.08118056,19.57104428,28.56507191,27.01758946,21.22710417,0.03125,24.79166667,22.52014588,2.03166667
2020-02-23,332.5736329,79.20833333,78.61121528,5.10015891,11.09708972,33.80264219,21.66982639,0.00166667,20.54166667,14.02053656,2.0175
2020-02-24,386.00816686,60.91666667,78.2629375,6.85619661,16.09739761,29.72343579,22.13178472,0.00125,25.75,19.61689148,2.19916667
2020-02-25,398.82986568,69.04166667,73.70453472,8.18595075,18.91690985,34.78361367,23.34543056,0.0,25.83333333,,2.35166667
2020-02-26,378.22950133,72.0,67.71895139,13.30500233,22.48089675,33.74541885,22.88615972,0.0,26.91666667,,2.16208333
2020-02-27,389.3860265,153.83333333,70.05276389,10.02949164,23.20868265,30.14034867,21.70079861,0.0,29.45833333,,2.02541667
2020-02-28,435.2250045,98.0,67.69315278,14.82845111,26.06736252,31.60363113,22.33497222,0.0,31.41666667,,2.34333333
2020-02-29,458.07143287,62.41666667,73.37886111,8.30555156,20.90107606,38.36415956,22.43479167,0.00166667,36.04166667,34.30394314,2.15958333
2020-03-01,401.35355283,58.0,73.31672222,3.60784702,16.08877901,47.0130581,23.20333333,0.00041667,30.58333333,,2.50375
2020-03-02,470.17382962,85.0,74.44595139,7.5509841,23.95708269,40.03181108,22.96097222,0.02375,30.54166667,25.22605488,2.01125
2020-03-03,512.13609128,82.5,72.23989583,7.85050226,23.71700767,42.3697931,23.99607639,0.03166667,39.25,27.08091186,1.9275
2020-03-04,549.72984213,94.375,76.04533333,6.25514174,28.47282156,39.6148982,23.29249306,0.03458333,48.65217391,14.40241887,1.51916667
2020-03-05,571.3152287,134.66666667,65.46970139,10.158618,26.85089509,42.74583217,24.33178472,0.0,42.95833333,29.81955363,1.66375
2020-03-06,601.66425531,55.29166667,68.92377083,7.55480148,25.18588347,51.20671117,24.197875,0.0,55.16666667,27.09649889,2.32833333
2020-03-07,630.26992279,97.29166667,71.43585417,9.7853024,27.25064926,47.59346622,22.69875,0.0,56.79166667,41.5160635,1.95958333
2020-03-08,468.1362375,53.95833333,73.94389583,3.75772441,19.08036177,54.05970322,22.35399306,0.0,45.20833333,27.59372525,2.01666667
2020-03-09,475.61027074,62.04166667,69.37127083,3.796822,20.12088907,57.39500624,23.35995139,0.0,40.0,21.82184678,2.71541667
2020-03-10,593.86975236,152.75,77.13588195,8.20427618,29.81860024,42.60686121,22.06521528,0.45833333,41.45833333,36.5734152,2.08791667
2020-03-11,694.0153483,98.70833333,80.73127083,9.73607003,34.55615053,40.02363631,21.23700694,0.0,34.125,18.87589747,1.97541667
2020-03-12,515.18681641,64.79166667,77.20027083,6.67952429,21.73598333,47.3155243,22.49127778,0.00041667,39.2173913,18.00302359,2.36791667
2020-03-13,458.18149765,49.125,76.34470139,4.74821958,22.31573304,46.07296043,22.4266875,0.0,36.20833333,20.39251582,2.60166667
2020-03-14,491.62664915,104.125,73.64085417,9.20152535,24.39945191,48.12482577,22.21206944,0.0,42.125,22.57470049,2.03
2020-03-15,484.05575592,107.64705882,74.17678139,4.20657161,20.03272863,53.0869065,21.30434676,0.0,43.125,35.62416487,1.29117647
2020-03-16,596.19722777,104.70833333,64.28851003,9.84122513,26.75498888,53.10041263,22.77135417,0.0,46.31818182,29.91775193,1.845
2020-03-17,791.25137771,137.70833333,62.26671528,4.98774454,29.35380272,66.24827384,22.59373611,0.0,53.58333333,26.08801783,1.91416667
2020-03-18,812.11907917,87.08333333,64.70020833,6.82259239,34.85660062,65.38992379,22.23054861,0.0,60.41666667,37.9700134,2.12125
2020-03-19,864.31342672,117.79166667,71.7265,8.10129398,36.14548444,58.69479345,22.17142361,0.15541667,67.75,35.0786187,1.61666667
2020-03-20,807.00235484,73.66666667,80.75705556,5.6236603,32.91632872,49.60445775,20.61542361,0.005,55.5,24.52775578,1.78916667
2020-03-21,612.33148933,84.41666667,78.02040278,3.54120675,21.76130065,52.19585741,20.65547917,0.02416667,39.375,25.2806095,1.72666667
2020-03-22,568.07046763,156.91666667,71.66455556,1.47012495,16.83532212,56.9045205,21.52475,0.17083333,39.20833333,19.62875118,1.82583333
2020-03-23,667.51094793,109.54166667,72.59976221,3.60859823,21.56913351,60.11720209,21.91140278,0.00083333,54.0,30.08141579,1.52583333
2020-03-24,687.33025135,123.125,73.0444375,6.97494912,26.32294318,49.40008869,20.76042361,0.0,51.70833333,24.75688517,1.515
2020-03-25,534.43010374,133.0,69.06015972,2.54815953,21.94322462,54.46026657,22.16609722,0.0,49.41666667,18.09229479,1.84541667
2020-03-26,499.38287967,144.45833333,71.43620833,4.93810911,20.24967289,59.0953568,22.73538195,0.00375,57.16666667,11.78379726,2.01125
2020-03-27,410.13102679,143.625,67.22692361,1.37309892,11.88893698,67.2537696,22.84652778,0.0,48.0,4.62623152,1.85541667
2020-03-28,423.57980729,128.79166667,68.49169444,2.30499061,11.6005389,71.8316365,22.82279167,0.0,47.125,9.93985121,2.35833333
2020-03-29,449.26993018,87.41666667,71.62724306,0.46020045,13.04547307,75.82092051,22.50480556,0.01,51.41666667,3.98248704,1.98458333
2020-03-30,467.48271951,109.45833333,79.33193056,1.70814284,12.52516464,74.16144376,21.9479375,0.07041667,50.08333333,4.35345843,1.89833333
2020-03-31,374.46569024,139.79166667,80.59563194,1.14369643,11.85800687,61.97287314,21.48640972,0.21,20.66666667,3.32783163,1.64458333
2020-04-01,373.45482684,131.625,84.92128472,1.64554205,14.8349047,54.35399466,20.5594375,0.1375,11.75,2.22582837,1.83
2020-04-02,311.13851123,107.91666667,73.84972917,2.72574557,11.2560167,50.30748731,22.77236806,0.0,9.20833333,0.97107218,2.045
2020-04-03,326.44104677,63.66666667,75.33413889,1.42619519,9.55966732,55.56385948,23.76923611,0.0,18.79166667,2.22582837,2.20041667
2020-04-04,308.40376464,73.5,77.34001389,1.03794226,5.41817678,54.1496256,23.46473611,0.11375,15.41666667,1.81121328,2.24125
2020-04-05,277.36482819,77.5,80.89234028,0.87046332,5.79759105,45.10016371,23.09910417,0.00208333,12.45833333,1.95305529,2.01041667
2020-04-06,341.3516378,103.58333333,78.35044444,1.75171952,8.69264141,51.12496354,22.44104167,0.06583333,5.91666667,2.67317623,2.18666667
2020-04-07,472.53355899,71.75,71.81784722,4.10399823,10.23586224,40.28849861,23.98159028,0.0,7.45833333,4.13523997,2.11791667
2020-04-08,469.2003785,90.20833333,74.51896528,1.3050102,8.36220429,47.5117186,23.99569445,0.09791667,8.58333333,2.67317623,1.95
2020-04-09,434.98484198,131.33333333,78.9561875,1.08846567,5.66074478,42.27987071,22.6943125,0.08541667,7.625,1.39659819,1.64083333
2020-04-10,420.61593938,85.95833333,81.479375,0.77564333,3.95796081,41.4378702,22.63629167,0.00208333,10.04166667,1.84394605,1.755
2020-04-11,428.60550049,95.66666667,81.58934028,2.40577304,6.69933164,41.76486069,22.04077778,0.44125,6.58333333,1.42933096,1.80416667
2020-04-12,408.32035854,116.83333333,75.76092361,1.20877355,4.84856569,39.77839344,23.01876389,0.0,8.0,1.71918202,2.03416667
2020-04-13,441.79513366,131.16666667,77.50621528,3.15156429,10.2537177,30.90060157,22.33664583,0.045,8.29166667,2.60771069,1.95291667
2020-04-14,459.93773662,120.70833333,74.23515972,4.09292272,10.25608198,40.44872395,21.63927083,0.0,17.26086957,13.30041561,1.8625
2020-04-15,480.80614492,157.33333333,71.98073611,2.92953505,8.96465695,45.64787279,21.70192361,0.0,25.125,4.74767484,1.97708333
2020-04-16,520.06301818,154.29166667,69.34777778,1.55507625,10.88671231,50.47915732,22.01181944,0.0,31.83333333,6.41562295,1.89083333
2020-04-17,512.02131753,151.25,70.65170833,1.63803203,10.26747002,52.35935265,21.50129861,0.0,40.08695652,9.16517565,1.94166667
2020-04-18,613.53236828,137.41666667,81.90460417,3.0421169,18.00997459,36.45943994,20.52943056,0.06083333,38.0,10.70361585,1.5575
2020-04-19,512.99574965,128.625,88.55090278,1.22924326,11.08411794,34.16233173,19.25754167,0.14375,23.16666667,6.57928681,1.14541667
2020-04-20,495.63671856,112.20833333,76.98755556,6.77627136,13.0754575,33.05873882,21.73388889,0.02833333,19.45833333,9.83074197,1.87833333
2020-04-21,466.19760774,145.33333333,82.22205556,4.8041756,14.95884476,33.40207884,20.23581944,0.14375,19.75,12.29661066,1.38166667
2020-04-22,481.63365138,158.125,78.01786111,4.21741961,12.8247463,35.04520606,21.06069444,0.10083333,15.04166667,14.42424072,1.49
2020-04-23,432.7728281,142.29166667,82.82489583,3.19496444,17.03708283,28.90880296,21.13073611,0.18,13.0,23.51303991,1.44041667
2020-04-24,483.9668803,151.29166667,82.16084018,3.35558122,18.04042461,31.14584444,20.94298611,0.32083333,17.125,11.67468803,1.77125
2020-04-25,447.70118842,138.08333333,75.43402778,6.80516544,16.45561273,38.62575196,21.34304861,0.0,20.20833333,14.63154827,1.57958333
2020-04-26,381.48270853,91.16666667,70.89610417,1.92161359,10.34282747,48.36189388,23.16,0.01,18.25,12.3620762,1.7575
2020-04-27,490.2676256,126.375,76.10992361,10.55160637,23.97200921,33.61462266,22.75052778,0.10833333,22.54166667,33.47471296,1.52208333
2020-04-28,388.28169871,107.04166667,76.05928525,6.37128289,22.61660276,34.4075746,22.64704088,0.21083333,18.04166667,28.66299575,1.965
2020-04-29,451.4974285,114.125,80.59730556,5.56825352,17.57328259,34.82448748,22.42102778,0.14041667,24.25,8.42323286,1.87708333
2020-04-30,439.3272115,88.95833333,84.58048611,6.39319574,18.92437669,34.06423458,21.24608333,0.0475,17.125,13.43134669,1.62
2020-05-01,431.70491688,120.83333333,81.94170139,4.27916814,17.8138231,34.06423458,21.8760625,0.07375,15.875,15.55897675,1.44833333
2020-05-02,413.02771103,73.375,77.48579861,9.6775026,17.31915465,23.78855835,22.81369444,0.03458333,12.91666667,29.51404777,1.79916667
2020-05-03,388.70892808,101.91666667,79.98714583,5.17237728,16.61546948,27.205609,22.56879167,0.00875,13.29166667,24.27680454,1.53041667
2020-05-04,420.05147674,73.75,76.2378125,5.6133291,15.39364772,24.58151029,23.52120833,0.07541667,11.75,18.92549257,1.92666667
2020-05-05,,,,,,,,,,,
2020-05-06,,77.41666667,77.09563195,4.77825869,17.11328265,31.87339828,23.17843801,0.0425,12.625,,2.05208333
2020-05-07,,81.625,78.24147222,10.5066313,19.97009904,27.94951237,23.29463889,0.01666667,14.60869565,11.92479996,2.34041667
2020-05-08,349.43440467,105.375,74.98895139,12.60673183,20.79555754,18.33599188,23.59752083,0.0,15.16666667,27.92105296,2.03166667
2020-05-09,207.42631425,140.66666667,67.02846528,8.68220661,19.31882378,19.42323527,24.78236806,0.0,14.83333333,47.00425797,1.48041667
2020-05-10,235.59585965,112.25,70.0080625,5.89166825,13.98977387,19.19434193,23.95790278,0.0,10.5,29.77590993,1.71916667
2020-05-11,369.97223018,110.66666667,81.30506944,17.90243115,23.7554406,10.87476953,21.9283125,0.02916667,15.25,32.02356015,1.87458333
2020-05-12,424.21259676,105.91666667,75.12060417,8.38408009,24.47938707,37.60390667,22.45095833,0.0,18.45833333,30.63787288,1.70708333
2020-05-13,360.72793325,95.375,76.28338889,7.603717,17.20960441,41.29072447,21.86570833,0.01208333,17.59090909,15.28620367,2.46083333
2020-05-14,371.17026768,89.04166667,75.33378472,10.98296111,18.00724015,38.31511099,22.87509028,0.0,14.20833333,31.09613166,2.24875
2020-05-15,352.52480516,69.79166667,77.02873611,14.59821802,22.1023365,34.75091462,23.07608333,0.00166667,16.79166667,30.48511995,2.08083333
2020-05-16,361.8741444,104.33333333,72.88428296,,,33.10778739,23.95489666,0.10458333,12.33333333,19.85788057,2.03083333
2020-05-17,307.671399,95.04166667,81.63911111,,,24.34444219,22.74820139,0.05708333,11.33333333,18.40672776,1.9075
2020-05-18,304.48983364,104.625,68.97259722,10.05688474,17.96655252,33.58192361,23.53465972,0.05833333,7.91666667,33.38742557,1.93583333
2020-05-19,398.25204786,142.41666667,92.92859028,22.48584641,23.74591916,9.27835523,19.48145139,0.3025,16.75,16.07179015,1.2325
2020-05-20,368.00719455,111.79166667,73.88854167,23.06092577,17.04330461,25.08834556,22.88702083,0.0,14.33333333,23.85127853,1.8
2020-05-21,389.89664096,94.29166667,68.6041875,23.33188262,20.76928984,25.11286984,24.32085417,0.0025,19.26086957,35.03497501,1.61083333
2020-05-22,501.02477135,106.25,72.85696528,15.4180692,26.03791041,23.85395645,23.84901389,0.0,17.20833333,35.2204607,1.69333333
2020-05-23,512.55163546,106.20833333,73.16218339,14.50893135,19.19419372,29.20842577,24.10190278,0.0,16.58333333,25.72795735,2.26291667
2020-05-24,480.26442802,68.25,72.08270139,10.68139373,11.87536495,30.91695109,24.82194444,0.00958333,15.16666667,22.55287865,2.31125
2020-05-25,450.3902385,124.70833333,68.26610417,10.04481735,11.24067559,29.55994055,24.67997917,0.0,9.95,32.41635339,2.07041667
2020-05-26,472.42064771,89.29166667,69.80335417,12.83612198,15.77385265,22.84384016,24.44133333,0.0,10.875,18.23215298,2.16583333
2020-05-27,576.72581471,151.70833333,80.10539583,9.58848538,23.54989302,19.34148765,22.08972917,0.18875,14.0,22.07279802,1.88291667
2020-05-28,457.02567329,86.20833333,90.98945139,12.22615234,18.95512159,13.26763924,19.77953472,0.11416667,13.0,14.62063734,1.47625
2020-05-29,510.3200803,106.45833333,88.15491374,11.48916422,20.86345196,13.65185307,20.7140625,0.18041667,13.66666667,18.77769916,1.21541667
2020-05-30,515.06177284,83.0,93.16788889,13.26420192,19.50421258,12.04959966,19.2700625,0.36166667,15.25,14.80612304,1.41875
2020-05-31,373.81080678,100.70833333,88.87886558,5.80950045,11.60093306,17.89455472,19.77462041,0.01208333,10.41666667,10.77999231,1.56833333
2020-06-01,341.69247055,81.5,82.45744444,6.1493591,10.64453488,18.21337045,21.76923611,0.05041667,12.0,10.93274524,2.1225
2020-06-02,379.00813487,77.58333333,85.14252083,11.26305001,16.13386996,16.38222369,21.48525694,0.00208333,15.04166667,14.33695333,1.66958333
2020-06-03,673.54039551,154.95833333,91.58279861,32.40903928,32.51402032,5.19914883,18.83088889,0.15291667,24.5,29.20854192,1.25916667
2020-06-04,713.9434019,106.79166667,74.34936806,36.58349794,29.84795363,25.23229246,22.64829861,0.00083333,16.56521739,27.26782072,1.83458333
2020-06-05,711.09302621,122.0,80.325375,7.90627782,18.9474432,22.88933449,22.58671528,0.07875,19.125,31.88171815,1.58791667
2020-06-06,726.31524266,127.58333333,86.74225694,19.69226504,24.88009555,18.89187572,20.79231945,0.08708333,21.91666667,28.47751005,1.38375
2020-06-07,576.79273809,95.66666667,75.25624306,10.64538675,15.28690448,22.03915921,22.79132639,0.00041667,14.66666667,34.893133,2.08
2020-06-08,580.3331742,80.58333333,74.49090278,20.29924784,22.61688258,23.29807261,23.50918056,0.00666667,13.43478261,30.88882412,2.01291667
2020-06-09,,169.75,82.42515972,,,19.88919672,20.93126389,0.17833333,21.70833333,41.78883658,1.04083333
2020-06-10,998.0096935,93.66666667,92.33493056,22.59800885,28.1870758,14.32218358,18.96113194,0.11375,17.04166667,18.03357418,1.31125
2020-06-11,783.83879479,128.08333333,80.90590972,18.69688624,21.98505303,,20.62918056,0.17833333,17.0,,1.24916667
2020-06-12,581.34137062,136.875,89.27272917,12.32375854,24.38672772,22.31710113,19.30245139,0.41833333,12.95833333,39.41025529,1.07125
2020-06-13,462.46016757,120.79166667,78.8906875,14.70046946,15.24262055,20.86199344,21.67945833,0.00125,13.66666667,19.41350842,1.93291667
2020-06-14,400.4330854,91.79166667,80.9394127,7.68548136,13.89485959,23.60871358,22.14786111,0.13666667,11.33333333,23.81755386,1.7575
2020-06-15,506.03943451,168.625,80.20915972,5.73362313,16.55745063,21.45875109,21.70699306,0.04875,12.125,9.71072182,1.72083333
2020-06-16,692.66446203,150.41666667,78.64177778,22.35143603,21.08152604,16.35236803,21.70288889,0.62125,18.33333333,24.6674156,1.90041667
2020-06-17,536.33370205,130.5,90.95619444,17.08984641,24.71522957,11.20759914,19.60891667,0.18708333,22.0,16.58460355,1.08458333
2020-06-18,454.56249861,102.29166667,78.4319375,13.93234445,19.19226628,16.4230975,21.87821528,0.01583333,12.125,16.10452292,1.36333333
2020-06-19,555.99531618,110.625,77.49895139,14.32006591,20.49459156,25.20279223,22.21029167,0.15333333,14.08333333,18.59221346,2.0
2020-06-20,394.58804138,153.45833333,83.39476978,13.03717808,20.15368676,28.04760952,21.22725,0.43291667,14.625,16.51913801,1.555
2020-06-21,359.7254907,122.58333333,77.80104861,8.12981441,16.59590526,34.57924461,21.33342361,0.045,8.5,20.78530906,1.8225
2020-06-22,385.77213168,123.41666667,80.86933333,8.21326004,15.86411562,31.9551459,21.46254167,0.06416667,10.0,17.9593799,1.60333333
2020-06-23,514.62968397,92.375,77.00489583,20.64874957,21.86045158,20.64711397,22.0805625,0.0425,15.45833333,24.82235071,1.48791667
2020-06-24,524.20932778,99.95833333,80.46859722,22.25275668,28.16971324,14.34670787,21.21125694,0.00041667,25.91666667,18.53269933,1.26208333
2020-06-25,432.82865985,140.20833333,74.7481875,20.48712722,25.22540844,22.52147019,22.00938889,0.0575,30.54166667,28.54297559,1.71708333
2020-06-26,391.41501904,139.875,81.48022917,14.59173819,25.7761792,20.19983769,21.48553472,0.09833333,24.66666667,22.15353885,1.48416667
2020-06-27,304.92570143,71.16666667,85.58570139,8.68160115,18.93758666,26.18376371,21.12329861,0.34916667,16.66666667,5.79006335,1.80041667
2020-06-28,230.52166997,91.0,87.13188194,7.12480785,17.34471271,28.0721338,19.95894444,0.29375,12.875,19.14503358,1.51291667
2020-06-29,229.92610243,113.04166667,78.29417361,5.86406794,14.01763546,26.20828799,21.91832639,0.00541667,12.29166667,18.91226721,1.70916667
2020-06-30,234.15540513,90.08333333,79.55425694,8.90936598,19.25144472,22.16995541,22.5795625,0.03375,14.95652174,25.73730958,2.20416667
2020-07-01,218.07454245,129.29166667,81.23115548,8.83163874,21.33614298,25.5788313,21.33502083,0.37708333,15.75,16.37729601,1.78083333
2020-07-02,300.56579078,104.04166667,82.61435417,13.00743119,25.83949457,20.41238151,21.471875,0.2725,16.66666667,19.08320501,1.56083333
2020-07-03,186.64601798,53.75,79.75309028,8.58725531,16.92457948,24.29539361,21.97447222,0.14541667,15.5,15.08980705,1.76375
2020-07-04,296.87558458,134.625,87.09804167,11.52146625,24.56788285,18.70385619,20.27547222,0.43875,16.45833333,20.89441829,1.34833333
2020-07-05,293.69989698,109.20833333,85.68677083,12.36097154,20.64182858,19.742051,19.58946528,0.08916667,17.41666667,27.79012188,1.58666667
2020-07-06,359.58543341,152.0,82.68156487,25.81170861,21.32332477,14.13451947,20.46629426,0.01791667,20.20833333,24.01494238,1.48125
2020-07-07,497.79454167,114.16666667,86.93720139,28.01852853,26.32801248,13.5374064,19.66250694,0.14458333,21.95833333,16.95557495,1.63791667
2020-07-08,530.99619723,160.125,85.44723611,15.60191635,33.40864665,24.74500554,20.20461111,0.26041667,19.79166667,10.1689806,1.26
2020-07-09,449.06456813,155.45833333,80.66633333,12.98897288,26.10399157,22.80758687,21.00060417,0.07958333,13.0,15.67899691,1.66541667
2020-07-10,418.4953438,62.0,80.5949375,13.26730897,23.10353574,21.52414919,21.81367361,0.05708333,17.375,22.56378957,2.00958333
2020-07-11,391.00960303,138.33333333,85.56627778,5.91159347,20.70088949,33.16501073,20.04490972,0.31708333,12.58333333,7.52853714,1.40416667
2020-07-12,278.50438259,58.54166667,85.11384722,6.72894062,12.58510664,26.69059897,20.51861806,0.06041667,11.45833333,12.06843005,1.68625
2020-07-13,317.96545133,118.125,77.11994445,11.12924265,21.00669309,25.56248177,21.64586111,0.21958333,11.66666667,16.10452292,1.77875
2020-07-14,325.8894547,138.875,73.59969444,14.44619618,25.58241293,25.48890891,21.7095,0.17416667,13.59090909,20.57800151,1.64625
2020-07-15,316.56324229,170.875,78.6781875,18.81393191,26.22139256,20.10174054,21.14463194,0.00166667,15.375,22.41103664,1.41791667
2020-07-16,344.65499649,124.41666667,73.24143056,23.73817481,25.58736135,24.86762697,22.33451389,0.00083333,16.58333333,35.05679686,1.73916667
2020-07-17,218.6869294,133.70833333,69.42747917,9.46526649,20.61102884,30.75345584,23.19844445,0.00166667,13.79166667,22.92385004,1.86666667
2020-07-18,244.43500423,134.375,68.04334722,10.24717901,21.2947737,33.18136025,23.19554167,0.015,18.33333333,28.60844113,1.67833333
2020-07-19,176.99247534,102.45833333,71.78974306,6.04519132,13.11873117,33.843516,23.27809028,0.00083333,12.20833333,18.13395467,1.98583333
2020-07-20,174.08026994,86.91666667,79.54501515,5.61122189,12.21052663,29.90328056,22.60665278,0.025,14.70833333,13.15857361,1.88125
2020-07-21,228.89241264,117.625,80.3105625,11.31370814,21.20701285,19.06354573,21.98411806,0.28291667,15.95833333,20.08700996,2.08791667
2020-07-22,175.1366422,160.90909091,85.06588889,13.0824602,23.29419483,20.99278963,19.79121429,0.09458333,14.29166667,10.13624783,1.02
2020-07-23,225.63034769,,,19.81420125,25.15583119,13.69681427,,0.0,17.53333333,23.23590245,
2020-07-24,258.85220297,233.5,86.43984615,9.32102736,24.26808616,23.09642847,19.91415934,0.30166667,12.53333333,4.68442311,1.41333333
2020-07-25,213.89893359,161.16666667,86.64432639,12.52265033,24.45193918,15.01703838,20.11743056,0.18458333,13.08333333,11.39100402,1.22
2020-07-26,95.40153039,80.875,78.63633333,5.24182587,10.565565,21.3034306,21.76044444,0.02416667,8.33333333,11.7074208,1.74125
2020-07-27,153.02534098,102.20833333,79.97972222,10.35934438,17.58525,22.16178065,21.41921528,0.33416667,8.0,14.69701381,1.82708333
2020-07-28,150.81130108,110.83333333,76.61819444,10.01348116,20.90747733,23.37164547,22.39014583,0.19,14.5,14.54426088,2.01041667
2020-07-29,173.90448385,103.58333333,71.87052083,11.17480072,22.27710604,24.5161122,22.95330556,0.03958333,12.25,21.55998462,1.43
2020-07-30,388.76297577,138.41666667,75.37225,17.20923491,30.0413127,19.49680813,22.15329861,0.00791667,16.20833333,18.87589746,1.98125
2020-07-31,200.62816214,106.83333333,67.98063889,11.06573729,20.87735924,27.99038618,23.87883333,0.0025,12.16666667,21.98551063,2.03208333
2020-08-01,184.51195744,130.70833333,65.03766667,7.57564117,23.53945668,31.86522352,23.05170139,0.0575,16.375,24.2549827,1.58625
2020-08-02,163.09808966,112.54166667,56.54988194,7.95390862,20.57640557,34.76726414,23.21852083,0.00416667,11.83333333,35.26410439,1.96833333
2020-08-03,211.14871852,129.25,60.90461111,15.65425576,28.77049232,33.61462266,23.11070833,0.00125,19.91666667,35.44247428,1.90125
2020-08-04,256.22710224,107.70833333,63.89520139,16.62209531,32.17933659,30.50821297,23.02009028,0.01416667,22.625,49.77563251,1.67791667
2020-08-05,224.48756583,111.125,68.20654167,11.62049822,28.32655608,33.66367123,22.79654861,0.00125,22.25,27.13546647,1.99125
2020-08-06,258.32082663,120.375,71.82999306,9.12543851,29.81693921,33.00151548,22.50515278,0.00083333,26.875,28.4556882,2.06958333
2020-08-07,220.30810157,101.20833333,70.85460417,5.44017598,20.42981886,38.11891669,23.4928125,0.0,22.5,24.26589362,1.94958333
2020-08-08,220.48621786,135.83333333,61.32111806,9.00397756,23.0121394,34.32582698,24.04823611,0.00208333,16.70833333,32.63457186,2.01583333
2020-08-09,167.62374,103.25,60.18425,4.6900749,18.61528237,34.87353605,24.06308333,0.00125,16.83333333,22.18190725,1.90291667
2020-08-10,371.89940402,96.875,66.26849306,11.63490919,28.51245928,32.30666069,23.31979861,0.00041667,22.29166667,39.20294774,2.08875
2020-08-11,552.33371826,144.8,75.3102359,10.8087512,25.6087657,22.7585383,23.08113797,0.06666667,27.80952381,31.57309489,1.5825
2020-08-12,494.44520851,112.11764706,76.36332185,8.97283045,21.29569041,24.67143268,22.7317552,0.18,13.16666667,14.40241888,1.93823529
2020-08-13,648.22293438,137.95454545,83.55572986,13.20292465,25.60224803,21.67946967,21.42276648,0.42375,17.04166667,20.20703012,1.79181818
2020-08-14,665.06906276,100.88235294,81.31125337,17.1692489,26.14639294,16.44620009,21.5187853,0.08125,17.81818182,23.32850298,1.46764706
2020-08-15,432.24878045,100.23809524,81.95606205,11.54943988,18.01866371,19.79927434,21.90307134,0.20916667,13.79166667,15.46077844,1.2552381
2020-08-16,417.78277705,80.47619048,84.609187,5.91321343,13.60659093,22.66044115,21.27823363,0.01916667,13.25,9.53614704,1.47238095
2020-08-17,382.54811469,109.7826087,84.4273128,5.88722769,16.42623637,26.98489042,20.72373853,0.25416667,9.41666667,14.62063734,1.82956522
2020-08-18,448.91420781,83.625,78.79845833,16.66386156,19.72048459,15.14783458,22.14607639,0.03875,15.45833333,18.93045208,1.65833333
2020-08-19,511.55478075,116.20833333,81.51661806,10.22520995,22.9641338,23.11822784,21.46619444,0.13583333,12.20833333,16.01723554,1.70458333
2020-08-20,448.08154944,98.84210526,83.11318295,13.33681378,23.61880264,23.33894642,21.26867675,0.34375,11.66666667,14.19511133,1.99263158
2020-08-21,375.41422146,66.56521739,81.48712657,10.97905686,20.95578067,21.78574158,21.58149754,0.0175,12.20833333,16.01723554,2.12956522
2020-08-22,462.89919553,127.66666667,87.60014583,12.33370824,27.14944339,20.42873103,19.727,0.22916667,16.20833333,13.85687271,1.36333333
2020-08-23,393.29792284,99.5,84.46296528,10.01171811,20.05063181,19.47228384,20.13060417,0.065,12.0,19.85788057,1.6425
2020-08-24,650.61511622,169.35,84.1911003,21.43683019,32.34934238,20.47777961,20.43758963,0.05916667,24.17391304,23.61520583,1.192
2020-08-25,439.7154197,215.5,81.28989831,9.65345738,25.64621072,31.80800018,20.84540638,0.855,17.0,10.55086292,2.065
2020-08-26,379.40266891,153.22222222,84.44596492,14.43757662,23.43020417,17.60630549,20.29127895,0.29,14.75,15.48260029,1.88555556
2020-08-27,368.67289193,114.2173913,83.52736301,15.0148534,21.01727829,18.34416664,20.70194886,0.01208333,18.66666667,14.68610288,1.96478261
2020-08-28,346.94372808,87.16666667,77.99336806,13.96393104,22.53021864,21.82661539,21.83083333,0.21166667,14.16666667,25.83327148,2.08666667
2020-08-29,479.00573908,98.9375,74.97944374,22.34607536,28.05841577,18.07439949,21.22110499,0.00125,21.33333333,27.75738911,1.81125
2020-08-30,463.16399567,86.0,78.91984387,12.59074471,21.5921389,22.94655783,20.24005726,0.01666667,16.33333333,19.90152426,2.15181818
2020-08-31,391.79646638,196.53333333,77.51654896,18.86573985,25.18286696,24.00927693,20.05458177,0.015,18.66666667,15.53715491,1.50333333
2020-09-01,528.51930687,172.5,82.42491706,18.76412209,31.63218086,25.67692844,20.0907756,0.19458333,21.45833333,12.72213667,1.271875
2020-09-02,529.49073369,140.79166667,83.57194444,18.56864907,31.32023456,19.72570148,20.06019445,0.03125,17.91666667,9.38339412,1.16291667
2020-09-03,619.64676652,165.5,86.74778919,27.26117598,28.1677623,15.90808747,19.43707434,0.19375,20.29166667,14.09691302,1.55833333
2020-09-04,541.20065061,65.0,87.18871412,24.31597795,25.23768909,25.38932544,20.43654788,0.02458333,16.30434783,15.66808599,4.2
2020-09-05,391.3975857,131.9,73.99165886,7.95213025,22.50584368,28.68524098,22.68158762,0.24875,13.20833333,14.80612304,1.576
2020-09-06,297.70256392,161.46666667,78.52826042,3.28457631,12.84524733,39.45140295,21.34741421,0.25541667,7.20833333,8.85966979,1.91266667
2020-09-07,419.82964847,147.45833333,82.60970139,21.17782627,25.92511644,18.91491369,20.39336806,0.14333333,13.875,15.80281217,1.58291667
2020-09-08,391.90108672,183.21052632,83.72939578,11.00373947,31.84867225,18.1152733,19.28478336,0.15083333,17.95652174,10.67088308,1.06578947
2020-09-09,395.73454494,124.44444444,79.44351291,17.97227609,28.93870184,21.62224633,20.91275204,0.00083333,19.63636364,22.74927527,1.79111111
2020-09-10,418.79911742,104.54166667,78.70266667,11.52110342,25.9171795,25.34176319,22.04886111,0.24458333,16.33333333,20.58891244,1.87833333
2020-09-11,460.32222396,104.04545455,79.3607822,11.29176974,24.49677157,26.55162801,22.54803113,0.04416667,17.69565217,23.13115759,1.66181818
2020-09-12,484.80308976,178.0,84.56210204,9.06107463,20.96522979,31.16219396,20.74751379,0.32958333,19.125,13.26768284,1.79428571
2020-09-13,398.5646362,98.5,77.00080455,5.77263495,16.14065515,27.34457996,22.75383937,0.0525,18.54166667,20.55617967,2.356
2020-09-14,387.08843057,82.95833333,73.29849306,11.08702669,21.84126344,24.36079171,22.70041667,0.00208333,23.95833333,22.2037291,1.91333333
2020-09-15,456.98152504,117.34782609,79.99432352,17.89614237,22.62174034,23.15092689,21.54545441,0.11666667,28.66666667,22.37830387,1.54478261
2020-09-16,389.99938731,145.04166667,80.61304861,16.89140665,21.48844148,16.8563599,20.52502778,0.0575,19.875,11.91472834,1.46958333
2020-09-17,570.49624068,160.76190476,83.89159402,29.99994968,27.7408047,13.13684305,19.58464441,0.11166667,25.65217391,32.53637355,0.89666667
2020-09-18,521.97545382,180.0,85.45588072,20.69436897,27.23965663,19.56220623,20.46104795,0.26,23.875,19.71603857,1.3075
2020-09-19,412.85661098,88.47058824,81.85774769,10.21041061,22.35577818,24.57333553,21.11166667,0.05041667,19.20833333,17.94846898,2.05
2020-09-20,402.64129921,123.86956522,86.41275802,7.60740662,19.28426592,21.78574158,20.29403665,0.15958333,16.375,16.03905738,1.38217391
2020-09-21,528.44279103,187.79166667,78.82115972,11.70509366,28.30322318,32.31483545,21.8116875,0.0675,21.33333333,17.8175379,1.42916667
2020-09-22,453.99252237,100.0,76.02918458,10.95145006,24.85460561,28.20293,22.62937027,0.0725,15.125,29.71044439,2.32333333
2020-09-23,398.77176326,83.85,74.36011257,10.98976799,23.38685262,11.18307485,22.94128911,0.02458333,13.04166667,50.73579376,1.9015
2020-09-24,348.22617942,94.83333333,76.53818343,7.37893657,17.96419416,,22.81549809,0.07333333,14.0,,1.99083333
2020-09-25,356.558106,121.5,70.01278472,7.81874192,19.12789318,,23.10320833,0.00583333,14.375,,1.9125
2020-09-26,416.01644992,80.16666667,83.942875,11.39719977,21.2070677,,20.44094445,0.10791667,17.04166667,,1.73916667
2020-09-27,385.47374439,105.33333333,80.55829861,6.95890797,14.90444237,,21.29070833,0.00291667,14.5,,1.68541667
2020-09-28,443.45625256,101.29166667,75.55080556,15.41425694,20.66655613,24.85781726,22.08002083,0.00541667,17.45833333,25.03402263,1.83333333
2020-09-29,750.96097243,194.66666667,74.5994375,14.13624942,38.24639991,20.49412913,21.83938194,0.0175,21.08333333,23.4148416,1.82166667
2020-09-30,492.28900729,136.33333333,80.04756944,11.87533727,24.75710813,24.63873363,20.95325694,0.27375,16.875,20.59982336,1.555
2020-10-01,373.72263402,66.33333333,76.28704861,6.53028901,17.11470579,33.03421453,22.53522917,0.00875,14.70833333,21.04717122,2.21541667
2020-10-02,490.3561973,146.91666667,79.75293056,11.7180993,32.10781788,28.62801764,20.49409028,0.12958333,19.75,25.95708675,1.78583333
2020-10-03,676.87476442,117.95833333,89.58171528,23.62664312,35.90651275,13.58645497,18.70215278,0.61875,24.41666667,31.19432997,1.26625
2020-10-04,457.82048026,195.625,82.2116875,4.2227354,19.00544638,34.13780744,20.8205,0.22416667,13.08333333,15.91903723,1.33
2020-10-05,645.38208809,180.0,77.83827778,9.63098751,29.57550088,29.03675576,21.19013194,0.31791667,14.70833333,15.46077844,1.54833333
2020-10-06,529.71686705,106.25,83.40236111,9.69224945,25.24108952,26.24916181,20.37234028,0.10833333,18.0,24.02585331,1.51541667
2020-10-07,563.02615819,109.04166667,80.39390278,18.9264169,24.86361194,23.64958739,21.9005,0.0,22.33333333,32.42726432,1.74875
2020-10-08,397.17009077,56.33333333,79.37071528,5.50166695,21.42888481,37.19516855,22.03320833,0.0,18.20833333,11.73825602,2.33
2020-10-09,497.34601762,72.83333333,77.06368056,11.76581769,27.40269158,31.44831064,22.36868056,0.0175,20.04166667,19.48690918,1.98541667
2020-10-10,502.69549592,82.33333333,72.89549306,9.11696057,22.88525794,33.4102536,23.47757639,0.0,18.625,28.03016219,2.27833333
2020-10-11,520.29194557,99.5,65.43256944,9.07635945,22.14843818,35.7972842,23.69111111,0.0,19.08333333,36.91165383,1.52208333
2020-10-12,419.3586753,79.75,77.44882639,3.57747156,13.88522242,39.27973294,22.03013194,0.00083333,15.25,16.49731617,1.86208333
2020-10-13,717.90605569,181.25,82.37386806,11.1964325,36.0516578,34.05605982,19.94177778,0.1775,20.45833333,9.0015118,1.67958333
2020-10-14,545.30733134,80.79166667,81.19393056,7.4789799,23.54870137,29.87875628,21.18313194,0.0,18.375,8.71782779,2.18916667
2020-10-15,496.94138047,71.0,94.85711111,9.54646361,18.91426159,28.36642525,18.91614286,0.00291667,16.58333333,9.89620751,1.17666667
2020-10-16,511.58263942,,,7.17632961,22.44136871,28.03125999,,0.0,21.79166667,11.48920233,
2020-10-17,571.0512395,,,13.22662609,25.65019094,25.0147727,,0.0,23.79166667,24.97510364,
2020-10-18,479.67298852,,,13.41743343,28.37816582,24.8185784,,0.0,21.54166667,33.43106927,
2020-10-19,,,,24.6213116,41.00891187,17.2896223,,0.0,28.5,29.40493854,
2020-10-20,,,,20.68549754,27.62511958,23.42886881,,0.0,20.25,31.93627276,
2020-10-21,,60.0,71.54902795,14.142857,24.73038264,24.82675316,24.18479451,0.00375,21.54166667,37.22807061,2.34384615
2020-10-22,,102.08333333,78.20195139,7.21963917,22.06002701,33.37755455,22.7166875,0.0,17.54166667,21.01443845,1.71916667
2020-10-23,374.8081841,130.125,75.72134028,11.62344684,29.90786543,32.83802024,22.26646955,0.43916667,17.08333333,30.09232671,2.13041667
2020-10-24,526.46368297,184.58333333,89.51733333,15.51298228,32.81895422,24.09919932,19.09782639,0.16083333,20.54166667,28.4556882,0.96833333
2020-10-25,607.3958358,181.625,88.89846528,18.47989386,26.96448824,20.07721626,19.55874306,0.06791667,20.66666667,36.63888074,0.98708333
2020-10-26,437.23986502,129.625,81.14680556,19.72937073,20.14289784,20.55952723,21.56971528,0.0,15.16666667,29.52495869,2.04
2020-10-27,397.60011595,150.08333333,82.35940278,18.12186308,21.21829538,21.07453726,20.67851389,0.15583333,17.875,36.85709921,1.78125
2020-10-28,568.24495896,152.5,81.03365972,21.03084973,26.61263782,21.38517823,21.25364583,0.0,22.04166667,28.76119406,1.45625
2020-10-29,605.90043763,166.75,84.01826389,21.18230797,30.82415579,17.93542853,20.45670833,0.07375,16.79166667,32.77641387,1.72916667
2020-10-30,618.87955688,137.79166667,83.28286806,20.56055138,28.63963847,19.38236146,21.19333333,0.00416667,18.29166667,20.94897291,1.26166667
2020-10-31,386.2725377,129.25,85.94886111,6.3698929,17.76366285,28.20293,20.21921528,0.35875,9.875,12.49300728,1.32
2020-11-01,392.35678753,184.41666667,85.40991667,3.28110644,14.49956405,27.5734733,20.16469444,0.21208333,8.0,11.0091217,1.39916667
2020-11-02,398.8362102,172.45833333,80.02902083,4.80729432,10.9226806,27.77784236,21.84795139,0.00125,10.5,12.85306775,1.80833333
2020-11-03,364.4198704,90.91666667,84.00463889,7.81233364,15.37739978,21.25438203,20.93342361,0.15375,8.75,18.46128238,1.99916667
2020-11-04,373.05189745,83.125,81.37164583,11.74988009,15.74408203,16.79913657,21.42316667,0.02625,10.54166667,28.76119406,1.99166667
2020-11-05,465.97752712,131.91666667,86.43834028,14.55396306,20.82136185,16.64381608,20.47250694,0.05625,21.5,23.50212898,1.50125
2020-11-06,449.4719343,99.29166667,88.90505556,11.05202132,21.76240326,17.08525325,20.12795833,0.05416667,19.79166667,19.6396621,1.20083333
2020-11-07,467.36397131,113.20833333,84.71963194,17.95134352,20.50951741,21.27890632,20.9095,0.40291667,22.375,25.57520443,1.56458333
2020-11-08,479.59582075,181.54166667,83.81865278,7.88016739,19.48845622,19.99546863,20.86699306,0.0325,21.125,32.32906601,1.48708333
2020-11-09,642.48483761,134.41666667,86.60536806,18.71605998,22.62480386,15.53204841,19.76805556,0.02833333,21.95833333,18.29761853,1.31625
2020-11-10,497.03331918,109.16666667,84.56917163,15.42463568,23.46017476,14.05241643,20.45056945,0.13833333,20.625,19.47599825,1.64666667
2020-11-11,451.58024114,163.95833333,90.83498611,21.3058488,32.20892972,16.9871561,19.24427778,0.1175,20.58333333,23.3711979,1.06916667
2020-11-12,486.39289866,146.29166667,88.46625694,21.94415756,28.61296782,16.27595178,20.04145833,0.08833333,21.41666667,18.74496638,1.26708333
2020-11-13,423.36807689,121.58333333,85.59861594,14.67439085,27.47014149,25.83224893,20.49043515,0.61833333,19.20833333,20.55617967,1.46208333
2020-11-14,411.89914382,229.54166667,84.01304861,8.90026681,23.86144859,19.70117719,20.37933333,0.11291667,13.875,10.15806968,1.71833333
2020-11-15,482.52921775,199.58333333,82.99115972,14.62548205,20.21032551,25.03112222,20.40165972,0.43416667,17.16666667,13.529545,1.66583333
2020-11-16,257.86378281,118.375,85.23988889,5.25246619,14.71112158,21.8674892,20.5379375,0.07083333,16.04166667,16.2790977,1.5525
2020-11-17,348.03350641,115.91666667,89.00982639,17.13751225,24.94053544,12.64635731,19.68468056,0.01166667,20.54166667,28.04107311,1.31
2020-11-18,271.34922318,150.33333333,88.50372222,10.50536018,19.69994099,15.70371841,19.76948611,0.13458333,15.29166667,20.87259645,1.39625
2020-11-19,242.19974813,70.58333333,83.18716667,11.05235082,17.27661215,16.44762179,21.02309722,0.005,12.625,19.19231424,2.11
2020-11-20,376.31045155,148.75,84.80804861,22.78096463,19.4750347,12.65453207,20.489375,0.1,16.29166667,29.16489822,1.40833333
2020-11-21,486.25276046,150.04166667,82.44138889,10.81251309,24.53425464,27.15656042,21.30484722,0.01791667,18.125,21.55998462,1.58125
2020-11-22,260.60313586,80.41666667,82.41329167,7.72337736,15.31654225,19.08807002,21.70484028,0.035,12.875,30.6924275,2.02875
2020-11-23,283.27930254,82.20833333,80.75700695,12.19059507,17.2262148,19.18616716,22.2281875,0.00083333,16.0,29.42676038,1.96791667
2020-11-24,408.8932173,91.66666667,83.24714583,16.90263392,21.68584659,18.00900139,21.65888889,0.00666667,19.33333333,33.59473312,1.74166667
2020-11-25,402.31864551,103.0,81.6725,17.89387194,20.15732448,17.25692325,21.64476389,0.00291667,14.09090909,31.63076691,1.71125
2020-11-26,356.98371346,104.45833333,80.79346528,14.8240665,20.71380956,18.28694331,21.98157639,0.00458333,11.125,29.339473,1.89
2020-11-27,392.76422007,125.66666667,83.65846528,19.45471005,20.55882295,18.79377857,20.74777083,0.28166667,13.875,18.63585715,1.57833333
2020-11-28,634.33637737,157.83333333,85.689625,17.77266797,35.63069405,19.90554625,19.90079861,0.13791667,13.08333333,21.51634093,1.43375
2020-11-29,437.39538971,148.95833333,82.41113195,7.46427958,23.65944886,27.05028851,21.45255556,0.00708333,8.83333333,22.04006525,1.91458333
2020-11-30,557.69512234,169.25,86.62222917,19.63621865,29.7675938,21.49145014,20.50630556,0.03708333,13.125,13.55136685,1.68958333
2020-12-01,706.16824905,135.70833333,81.84378472,30.02976301,27.32210529,20.09356578,20.67335417,0.09,17.83333333,30.19052502,1.90333333
2020-12-02,677.06947412,162.33333333,88.91325,25.34929964,29.45112495,14.5347274,19.71863194,0.13333333,14.25,20.1961192,1.19791667
2020-12-03,528.18268487,111.57142857,82.53890079,13.73388703,25.01945047,19.57038099,20.78615377,0.11,8.54166667,22.50923495,1.50095238
2020-12-04,360.07990884,173.0,81.23095328,14.65669997,18.18232309,20.91921677,21.45557523,0.00041667,10.41666667,33.03827603,1.255625
2020-12-05,396.75058102,126.1,81.76524549,13.90819841,16.63180564,21.45057632,21.75137851,0.01291667,11.375,44.80025144,1.432
2020-12-06,337.12413125,78.93333333,82.67397169,6.51917506,15.79112391,22.16178065,22.11780429,0.025,9.25,22.10553079,2.04133333
2020-12-07,463.9593979,97.84615385,84.74573308,18.82047817,19.87993652,18.13979759,21.44469876,0.00208333,16.25,35.71145226,1.50307692
2020-12-08,395.93328306,98.13636364,82.79945674,12.2656663,15.70327142,19.20251669,21.72479213,0.01875,12.04166667,27.01544632,1.94954545
2020-12-09,409.08846155,104.58333333,83.72629861,16.23785395,21.4626797,14.92711599,21.39136806,0.005,12.33333333,27.41915048,1.84916667
2020-12-10,482.93548927,109.1,78.41622864,29.72282473,20.07843855,8.35460709,21.79610189,0.0,16.15789474,33.06009787,2.0885
2020-12-11,441.75901285,106.68181818,79.73945734,10.43450524,19.81394155,27.85958998,21.70842708,0.00166667,16.625,39.89033592,1.81681818
2020-12-12,456.96506746,80.79166667,81.163125,13.45733954,20.80573084,19.97911911,21.81829167,0.00166667,8.75,35.19863886,1.78458333
2020-12-13,517.83967005,130.27272727,79.59595789,15.52061703,21.17477145,20.63310009,21.35375739,0.00041667,9.0,56.69315794,1.71
2020-12-14,497.3609487,106.0,79.13801644,17.38982682,23.52556506,21.73669301,21.73010432,0.00583333,12.66666667,53.13619691,1.68541667
2020-12-15,431.13411558,81.61904762,81.99329692,9.16300923,21.39500802,23.92752931,21.67166419,0.02083333,8.0952381,33.0710088,2.12142857
2020-12-16,461.88202138,91.52173913,82.27845697,13.60324293,24.30634752,20.2407115,21.53893141,0.07041667,10.25,42.70535415,2.0073913
2020-12-17,473.52778999,80.5,94.77256224,18.35721156,26.59304226,4.43889594,19.20339783,0.0075,16.125,31.19900608,1.31833333
2020-12-18,,,,,,,,0.0,,,
2020-12-19,,,,,,,,0.0,,,
2020-12-20,,,,,,,,0.0,,,
2020-12-21,,,,,,,,0.0,,,
2020-12-22,,,,,,,,0.0,,,
2020-12-23,,59.0,50.3900303,,,,26.65644445,0.0,,,3.44
