Fecha,O3,PM10,PST
2000-06-12,,,50.25242307
2000-06-13,,,
2000-06-14,,,
2000-06-15,,,
2000-06-16,,,
2000-06-17,,,
2000-06-18,,,
2000-06-19,,,
2000-06-20,,,
2000-06-21,,,
2000-06-22,,,
2000-06-23,,,
2000-06-24,,,
2000-06-25,,,
2000-06-26,,,
2000-06-27,,,
2000-06-28,,,
2000-06-29,,,
2000-06-30,,,
2000-07-01,,,
2000-07-02,,,
2000-07-03,,,
2000-07-04,,,
2000-07-05,,,
2000-07-06,,,
2000-07-07,,,
2000-07-08,,,
2000-07-09,,,
2000-07-10,,,
2000-07-11,,,
2000-07-12,,,
2000-07-13,,,
2000-07-14,,,
2000-07-15,,,
2000-07-16,,,
2000-07-17,,,
2000-07-18,,,
2000-07-19,,,
2000-07-20,,,
2000-07-21,,,
2000-07-22,,,
2000-07-23,,,
2000-07-24,,,
2000-07-25,,,
2000-07-26,,,
2000-07-27,,,
2000-07-28,,,
2000-07-29,,,
2000-07-30,,,
2000-07-31,,,
2000-08-01,,,
2000-08-02,,,
2000-08-03,,,
2000-08-04,,,
2000-08-05,,,
2000-08-06,,,
2000-08-07,,,
2000-08-08,,,
2000-08-09,,,
2000-08-10,,,
2000-08-11,,,
2000-08-12,,,
2000-08-13,,,
2000-08-14,,,
2000-08-15,,,
2000-08-16,,,
2000-08-17,,,
2000-08-18,,,
2000-08-19,,,
2000-08-20,,,
2000-08-21,,,
2000-08-22,,,
2000-08-23,,,
2000-08-24,,,
2000-08-25,,,
2000-08-26,,,
2000-08-27,,,
2000-08-28,,,
2000-08-29,,,
2000-08-30,,,
2000-08-31,,,
2000-09-01,,,
2000-09-02,,,
2000-09-03,,,
2000-09-04,,,
2000-09-05,,,
2000-09-06,,,
2000-09-07,,,
2000-09-08,,,
2000-09-09,,,
2000-09-10,,,
2000-09-11,,,
2000-09-12,,,52.18222269
2000-09-13,,,
2000-09-14,,,
2000-09-15,,,
2000-09-16,,,
2000-09-17,,,
2000-09-18,,,
2000-09-19,,,
2000-09-20,,,
2000-09-21,,,
2000-09-22,,,
2000-09-23,,,
2000-09-24,,,
2000-09-25,,,
2000-09-26,,,
2000-09-27,,,
2000-09-28,,,
2000-09-29,,,
2000-09-30,,,
2000-10-01,,,
2000-10-02,,,
2000-10-03,,,
2000-10-04,,,
2000-10-05,,,
2000-10-06,,,
2000-10-07,,,
2000-10-08,,,
2000-10-09,,,
2000-10-10,,,
2000-10-11,,,
2000-10-12,,,
2000-10-13,,,
2000-10-14,,,
2000-10-15,,,
2000-10-16,,,
2000-10-17,,,
2000-10-18,,,
2000-10-19,,,
2000-10-20,,,
2000-10-21,,,
2000-10-22,,,
2000-10-23,,,
2000-10-24,,,
2000-10-25,,,
2000-10-26,,,
2000-10-27,,,
2000-10-28,,,
2000-10-29,,,
2000-10-30,,,
2000-10-31,,,
2000-11-01,,,
2000-11-02,,,
2000-11-03,,,
2000-11-04,,,
2000-11-05,,,
2000-11-06,,,
2000-11-07,,,
2000-11-08,,,
2000-11-09,,,
2000-11-10,,,
2000-11-11,,,
2000-11-12,,,
2000-11-13,,,
2000-11-14,,,
2000-11-15,,,
2000-11-16,,,
2000-11-17,,,
2000-11-18,,,
2000-11-19,,,
2000-11-20,,,
2000-11-21,,,
2000-11-22,,,
2000-11-23,,,
2000-11-24,,,
2000-11-25,,,
2000-11-26,,,
2000-11-27,,,
2000-11-28,,,
2000-11-29,,,
2000-11-30,,,
2000-12-01,,,
2000-12-02,,,
2000-12-03,,,
2000-12-04,,,
2000-12-05,,,
2000-12-06,,,
2000-12-07,,,
2000-12-08,,,
2000-12-09,,,
2000-12-10,,,
2000-12-11,,,
2000-12-12,,,52.12688635
2000-12-13,,,
2000-12-14,,,
2000-12-15,,,
2000-12-16,,,
2000-12-17,,,
2000-12-18,,,
2000-12-19,,,
2000-12-20,,,
2000-12-21,,,
2000-12-22,,,
2000-12-23,,,
2000-12-24,,,
2000-12-25,,,
2000-12-26,,,
2000-12-27,,,
2000-12-28,,,
2000-12-29,,,
2000-12-30,,,
2000-12-31,,,
2001-01-01,,,
2001-01-02,,,102.4818271
2001-01-03,,,
2001-01-04,,,
2001-01-05,,,
2001-01-06,,,
2001-01-07,,,40.69423148
2001-01-08,,,
2001-01-09,,,
2001-01-10,,,
2001-01-11,,,
2001-01-12,,,
2001-01-13,,,
2001-01-14,,,
2001-01-15,,,
2001-01-16,,,
2001-01-17,,,
2001-01-18,,,
2001-01-19,,,
2001-01-20,,,
2001-01-21,,,
2001-01-22,,,
2001-01-23,,,
2001-01-24,,,
2001-01-25,,,
2001-01-26,,,
2001-01-27,,,
2001-01-28,,,
2001-01-29,,,
2001-01-30,,,
2001-01-31,,,
2001-02-01,,,59.5039137
2001-02-02,,,
2001-02-03,,,
2001-02-04,,,91.99212479
2001-02-05,,,37.53758561
2001-02-06,,,
2001-02-07,,,
2001-02-08,,,
2001-02-09,,,52.0625735
2001-02-10,,,53.56042357
2001-02-11,,,
2001-02-12,,,
2001-02-13,,,
2001-02-14,,,
2001-02-15,,,
2001-02-16,,,
2001-02-17,,,
2001-02-18,,,
2001-02-19,,,
2001-02-20,,,
2001-02-21,,,
2001-02-22,,,
2001-02-23,,,
2001-02-24,,,
2001-02-25,,,
2001-02-26,,,
2001-02-27,,,
2001-02-28,,,
2001-03-01,,,
2001-03-02,,,
2001-03-03,,,74.2528388
2001-03-04,,,
2001-03-05,,,
2001-03-06,,,
2001-03-07,,,
2001-03-08,,,100.73675013
2001-03-09,,,
2001-03-10,,,
2001-03-11,,,
2001-03-12,,,
2001-03-13,,,
2001-03-14,,,
2001-03-15,,,
2001-03-16,,,
2001-03-17,,,
2001-03-18,,,
2001-03-19,,,
2001-03-20,,,
2001-03-21,,,
2001-03-22,,,
2001-03-23,,,
2001-03-24,,,
2001-03-25,,,
2001-03-26,,,
2001-03-27,,,
2001-03-28,,,
2001-03-29,,,
2001-03-30,,,
2001-03-31,,,
2001-04-01,,,
2001-04-02,,,71.57542712
2001-04-03,,,
2001-04-04,,,
2001-04-05,,,
2001-04-06,,,49.55871011
2001-04-07,,,69.19599373
2001-04-08,,,
2001-04-09,,,
2001-04-10,,,
2001-04-11,,,
2001-04-12,,,
2001-04-13,,,
2001-04-14,,,
2001-04-15,,,
2001-04-16,,,
2001-04-17,,,
2001-04-18,,,
2001-04-19,,,
2001-04-20,,,
2001-04-21,,,
2001-04-22,,,
2001-04-23,,,
2001-04-24,,,
2001-04-25,,,
2001-04-26,,,
2001-04-27,,,
2001-04-28,,,
2001-04-29,,,
2001-04-30,,,
2001-05-01,,,53.92551197
2001-05-02,,,
2001-05-03,,,
2001-05-04,,,97.77122119
2001-05-05,,,81.21962984
2001-05-06,,,
2001-05-07,,,
2001-05-08,,,
2001-05-09,,,62.64537594
2001-05-10,,,54.80793943
2001-05-11,,,
2001-05-12,,,
2001-05-13,,,
2001-05-14,,,
2001-05-15,,,
2001-05-16,,,
2001-05-17,,,
2001-05-18,,,
2001-05-19,,,
2001-05-20,,,
2001-05-21,,,
2001-05-22,,,
2001-05-23,,,
2001-05-24,,,
2001-05-25,,,
2001-05-26,,,
2001-05-27,,,
2001-05-28,,,
2001-05-29,,,
2001-05-30,,,
2001-05-31,,,
2001-06-01,,,
2001-06-02,,,
2001-06-03,,,76.35382776
2001-06-04,,,
2001-06-05,,,
2001-06-06,,,
2001-06-07,,,
2001-06-08,,,64.48180059
2001-06-09,,,
2001-06-10,,,
2001-06-11,,,
2001-06-12,,,
2001-06-13,,,
2001-06-14,,,
2001-06-15,,,
2001-06-16,,,
2001-06-17,,,
2001-06-18,,,
2001-06-19,,,
2001-06-20,,,
2001-06-21,,,
2001-06-22,,,
2001-06-23,,,
2001-06-24,,,
2001-06-25,,,
2001-06-26,,,
2001-06-27,,,
2001-06-28,,,
2001-06-29,,,
2001-06-30,,,
2001-07-01,,,
2001-07-02,,,82.19624214
2001-07-03,,,
2001-07-04,,,
2001-07-05,,,
2001-07-06,,,68.58752027
2001-07-07,,,61.28233553
2001-07-08,,,
2001-07-09,,,
2001-07-10,,,
2001-07-11,,,
2001-07-12,,,
2001-07-13,,,
2001-07-14,,,
2001-07-15,,,
2001-07-16,,,
2001-07-17,,,
2001-07-18,,,
2001-07-19,,,
2001-07-20,,,
2001-07-21,,,
2001-07-22,,,
2001-07-23,,,
2001-07-24,,,
2001-07-25,,,
2001-07-26,,,
2001-07-27,,,
2001-07-28,,,
2001-07-29,,,
2001-07-30,,,
2001-07-31,,,
2001-08-01,,,53.12435128
2001-08-02,,,
2001-08-03,,,
2001-08-04,,,
2001-08-05,,,61.80498248
2001-08-06,,,
2001-08-07,,,
2001-08-08,,,
2001-08-09,,,63.81695974
2001-08-10,,,45.98196031
2001-08-11,,,
2001-08-12,,,
2001-08-13,,,
2001-08-14,,,
2001-08-15,,,
2001-08-16,,,
2001-08-17,,,
2001-08-18,,,
2001-08-19,,,
2001-08-20,,,
2001-08-21,,,
2001-08-22,,,
2001-08-23,,,
2001-08-24,,,
2001-08-25,,,
2001-08-26,,,
2001-08-27,,,
2001-08-28,,,
2001-08-29,,,
2001-08-30,,,
2001-08-31,,,
2001-09-01,,,
2001-09-02,,,
2001-09-03,,,92.44589847
2001-09-04,,,
2001-09-05,,,
2001-09-06,,,
2001-09-07,,,
2001-09-08,,,83.77225051
2001-09-09,,,
2001-09-10,,,
2001-09-11,,,
2001-09-12,,,
2001-09-13,,,
2001-09-14,,,
2001-09-15,,,
2001-09-16,,,
2001-09-17,,,
2001-09-18,,,
2001-09-19,,,
2001-09-20,,,
2001-09-21,,,
2001-09-22,,,
2001-09-23,,,
2001-09-24,,,
2001-09-25,,,
2001-09-26,,,
2001-09-27,,,
2001-09-28,,,
2001-09-29,,,
2001-09-30,,,
2001-10-01,,,
2001-10-02,,,100.60212227
2001-10-03,,,
2001-10-04,,,
2001-10-05,,,
2001-10-06,,,41.66260764
2001-10-07,,,77.39967146
2001-10-08,,,
2001-10-09,,,
2001-10-10,,,
2001-10-11,,,
2001-10-12,,,
2001-10-13,,,
2001-10-14,,,
2001-10-15,,,
2001-10-16,,,
2001-10-17,,,
2001-10-18,,,
2001-10-19,,,
2001-10-20,,,
2001-10-21,,,
2001-10-22,,,
2001-10-23,,,
2001-10-24,,,
2001-10-25,,,
2001-10-26,,,
2001-10-27,,,
2001-10-28,,,
2001-10-29,,,
2001-10-30,,,
2001-10-31,,,
2001-11-01,,,83.81988135
2001-11-02,,,
2001-11-03,,,
2001-11-04,,,82.69727139
2001-11-05,,,56.6965137
2001-11-06,,,
2001-11-07,,,
2001-11-08,,,
2001-11-09,,,
2001-11-10,,,52.52194221
2001-11-11,,,
2001-11-12,,,
2001-11-13,,,
2001-11-14,,,
2001-11-15,,,
2001-11-16,,,
2001-11-17,,,
2001-11-18,,,
2001-11-19,,,
2001-11-20,,,
2001-11-21,,,
2001-11-22,,,
2001-11-23,,,
2001-11-24,,,
2001-11-25,,,
2001-11-26,,,
2001-11-27,,,
2001-11-28,,,
2001-11-29,,,
2001-11-30,,,
2001-12-01,,,
2001-12-02,,,
2001-12-03,,,87.77963198
2001-12-04,,,
2001-12-05,,,
2001-12-06,,,
2001-12-07,,,
2001-12-08,,,62.20293405
2001-12-09,,,
2001-12-10,,,
2001-12-11,,,
2001-12-12,,,
2001-12-13,,,
2001-12-14,,,
2001-12-15,,,
2001-12-16,,,
2001-12-17,,,
2001-12-18,,,
2001-12-19,,,
2001-12-20,,,
2001-12-21,,,
2001-12-22,,,
2001-12-23,,,
2001-12-24,,,
2001-12-25,,,
2001-12-26,,,
2001-12-27,,,
2001-12-28,,,
2001-12-29,,,
2001-12-30,,,
2001-12-31,,,
2002-01-01,,,
2002-01-02,,,
2002-01-03,,,105.09503613
2002-01-04,,,
2002-01-05,,,
2002-01-06,,,
2002-01-07,,,
2002-01-08,,,
2002-01-09,,,
2002-01-10,,,
2002-01-11,,,
2002-01-12,,,
2002-01-13,,,
2002-01-14,,,
2002-01-15,,,
2002-01-16,,,
2002-01-17,,,
2002-01-18,,,
2002-01-19,,,
2002-01-20,,,
2002-01-21,,,
2002-01-22,,,
2002-01-23,,,
2002-01-24,,,
2002-01-25,,,
2002-01-26,,,
2002-01-27,,,
2002-01-28,,,
2002-01-29,,,
2002-01-30,,,
2002-01-31,,,
2002-02-01,,,
2002-02-02,,,64.48805877
2002-02-03,,,
2002-02-04,,,
2002-02-05,,,
2002-02-06,,,46.3531243
2002-02-07,,,95.61974498
2002-02-08,,,
2002-02-09,,,
2002-02-10,,,
2002-02-11,,,
2002-02-12,,,76.80584048
2002-02-13,,,
2002-02-14,,,
2002-02-15,,,
2002-02-16,,,
2002-02-17,,,
2002-02-18,,,
2002-02-19,,,
2002-02-20,,,
2002-02-21,,,
2002-02-22,,,
2002-02-23,,,
2002-02-24,,,
2002-02-25,,,
2002-02-26,,,
2002-02-27,,,
2002-02-28,,,
2002-03-01,,,57.70302075
2002-03-02,,,
2002-03-03,,,
2002-03-04,,,117.26313508
2002-03-05,,,77.28288615
2002-03-06,,,
2002-03-07,,,
2002-03-08,,,
2002-03-09,,,
2002-03-10,,,
2002-03-11,,,
2002-03-12,,,
2002-03-13,,,
2002-03-14,,,
2002-03-15,,,
2002-03-16,,,
2002-03-17,,,
2002-03-18,,,
2002-03-19,,,
2002-03-20,,,
2002-03-21,,,
2002-03-22,,,
2002-03-23,,,
2002-03-24,,,
2002-03-25,,,
2002-03-26,,,
2002-03-27,,,
2002-03-28,,,
2002-03-29,,,
2002-03-30,,,
2002-03-31,,,
2002-04-01,,,
2002-04-02,,,
2002-04-03,,,113.73721363
2002-04-04,,,
2002-04-05,,,
2002-04-06,,,
2002-04-07,,,
2002-04-08,,,
2002-04-09,,,
2002-04-10,,,
2002-04-11,,,
2002-04-12,,,
2002-04-13,,,
2002-04-14,,,
2002-04-15,,,
2002-04-16,,,
2002-04-17,,,
2002-04-18,,,
2002-04-19,,,
2002-04-20,,,
2002-04-21,,,
2002-04-22,,,
2002-04-23,,,
2002-04-24,,,
2002-04-25,,,
2002-04-26,,,
2002-04-27,,,
2002-04-28,,,
2002-04-29,,,
2002-04-30,,,
2002-05-01,,,
2002-05-02,,,64.32224207
2002-05-03,,,
2002-05-04,,,
2002-05-05,,,
2002-05-06,,,95.42011121
2002-05-07,,,
2002-05-08,,,
2002-05-09,,,
2002-05-10,,,
2002-05-11,,,
2002-05-12,,,115.58604561
2002-05-13,,,
2002-05-14,,,
2002-05-15,,,
2002-05-16,,,
2002-05-17,,,
2002-05-18,,,
2002-05-19,,,
2002-05-20,,,
2002-05-21,,,
2002-05-22,,,
2002-05-23,,,
2002-05-24,,,
2002-05-25,,,
2002-05-26,,,
2002-05-27,,,
2002-05-28,,,
2002-05-29,,,
2002-05-30,,,
2002-05-31,,,
2002-06-01,,,37.24400815
2002-06-02,,,
2002-06-03,,,
2002-06-04,,,81.88763261
2002-06-05,,,74.58147908
2002-06-06,,,
2002-06-07,,,
2002-06-08,,,
2002-06-09,,,
2002-06-10,,,
2002-06-11,,,
2002-06-12,,,
2002-06-13,,,
2002-06-14,,,
2002-06-15,,,
2002-06-16,,,
2002-06-17,,,
2002-06-18,,,
2002-06-19,,,
2002-06-20,,,
2002-06-21,,,
2002-06-22,,,
2002-06-23,,,
2002-06-24,,,
2002-06-25,,,
2002-06-26,,,
2002-06-27,,,
2002-06-28,,,
2002-06-29,,,
2002-06-30,,,
2002-07-01,,,
2002-07-02,,,
2002-07-03,,,117.71814642
2002-07-04,,,
2002-07-05,,,
2002-07-06,,,
2002-07-07,,,
2002-07-08,,,
2002-07-09,,,
2002-07-10,,,
2002-07-11,,,
2002-07-12,,,
2002-07-13,,,
2002-07-14,,,
2002-07-15,,,
2002-07-16,,,
2002-07-17,,,
2002-07-18,,,
2002-07-19,,,
2002-07-20,,,
2002-07-21,,,
2002-07-22,,,
2002-07-23,,,
2002-07-24,,,
2002-07-25,,,
2002-07-26,,,
2002-07-27,,,
2002-07-28,,,
2002-07-29,,,
2002-07-30,,,
2002-07-31,,,
2002-08-01,,,
2002-08-02,,,58.2916042
2002-08-03,,,
2002-08-04,,,
2002-08-05,,,
2002-08-06,,,128.56047817
2002-08-07,,,
2002-08-08,,,
2002-08-09,,,
2002-08-10,,,
2002-08-11,,,
2002-08-12,,,49.96203014
2002-08-13,,,
2002-08-14,,,
2002-08-15,,,
2002-08-16,,,
2002-08-17,,,
2002-08-18,,,
2002-08-19,,,
2002-08-20,,,
2002-08-21,,,
2002-08-22,,,
2002-08-23,,,
2002-08-24,,,
2002-08-25,,,
2002-08-26,,,
2002-08-27,,,
2002-08-28,,,
2002-08-29,,,
2002-08-30,,,
2002-08-31,,,
2002-09-01,,,83.66009733
2002-09-02,,,
2002-09-03,,,
2002-09-04,,,92.33023243
2002-09-05,,,79.57776778
2002-09-06,,,
2002-09-07,,,
2002-09-08,,,
2002-09-09,,,
2002-09-10,,,
2002-09-11,,,
2002-09-12,,,
2002-09-13,,,
2002-09-14,,,
2002-09-15,,,
2002-09-16,,,
2002-09-17,,,
2002-09-18,,,
2002-09-19,,,
2002-09-20,,,
2002-09-21,,,
2002-09-22,,,
2002-09-23,,,
2002-09-24,,,
2002-09-25,,,
2002-09-26,,,
2002-09-27,,,
2002-09-28,,,
2002-09-29,,,
2002-09-30,,,
2002-10-01,,,
2002-10-02,,,
2002-10-03,,,103.8657147
2002-10-04,,,
2002-10-05,,,
2002-10-06,,,
2002-10-07,,,
2002-10-08,,,
2002-10-09,,,
2002-10-10,,,
2002-10-11,,,
2002-10-12,,,
2002-10-13,,,
2002-10-14,,,
2002-10-15,,,
2002-10-16,,,
2002-10-17,,,
2002-10-18,,,
2002-10-19,,,
2002-10-20,,,
2002-10-21,,,
2002-10-22,,,
2002-10-23,,,
2002-10-24,,,
2002-10-25,,,
2002-10-26,,,
2002-10-27,,,
2002-10-28,,,
2002-10-29,,,
2002-10-30,,,
2002-10-31,,,
2002-11-01,,,
2002-11-02,,,57.44699939
2002-11-03,,,
2002-11-04,,,
2002-11-05,,,
2002-11-06,,,329.36633256
2002-11-07,,,
2002-11-08,,,
2002-11-09,,,
2002-11-10,,,
2002-11-11,,,
2002-11-12,,,92.5027224
2002-11-13,,,
2002-11-14,,,
2002-11-15,,,
2002-11-16,,,
2002-11-17,,,
2002-11-18,,,
2002-11-19,,,
2002-11-20,,,
2002-11-21,,,
2002-11-22,,,
2002-11-23,,,
2002-11-24,,,
2002-11-25,,,
2002-11-26,,,
2002-11-27,,,
2002-11-28,,,
2002-11-29,,,
2002-11-30,,,
2002-12-01,,,62.00853683
2002-12-02,,,
2002-12-03,,,
2002-12-04,,,71.27951904
2002-12-05,,,54.42160029
2002-12-06,,,
2002-12-07,,,
2002-12-08,,,
2002-12-09,,,
2002-12-10,,,
2002-12-11,,,
2002-12-12,,,
2002-12-13,,,
2002-12-14,,,
2002-12-15,,,
2002-12-16,,,
2002-12-17,,,
2002-12-18,,,
2002-12-19,,,
2002-12-20,,,
2002-12-21,,,
2002-12-22,,,
2002-12-23,,,
2002-12-24,,,
2002-12-25,,,
2002-12-26,,,
2002-12-27,,,
2002-12-28,,,
2002-12-29,,,
2002-12-30,,,
2002-12-31,,,
2003-01-01,,,46.00573047
2003-01-02,,,
2003-01-03,,,
2003-01-04,,,
2003-01-05,,,
2003-01-06,,,54.31171019
2003-01-07,,,84.77948482
2003-01-08,,,
2003-01-09,,,
2003-01-10,,,
2003-01-11,,,84.3358641
2003-01-12,,,74.69483436
2003-01-13,,,
2003-01-14,,,
2003-01-15,,,
2003-01-16,,,
2003-01-17,,,
2003-01-18,,,
2003-01-19,,,
2003-01-20,,,
2003-01-21,,,
2003-01-22,,,
2003-01-23,,,
2003-01-24,,,
2003-01-25,,,
2003-01-26,,,
2003-01-27,,,
2003-01-28,,,
2003-01-29,,,
2003-01-30,,,
2003-01-31,,,
2003-02-01,,,
2003-02-02,,,
2003-02-03,,,80.64219957
2003-02-04,,,87.33387036
2003-02-05,,,87.41061498
2003-02-06,,,
2003-02-07,,,
2003-02-08,,,
2003-02-09,,,93.9456915
2003-02-10,,,130.22713303
2003-02-11,,,
2003-02-12,,,
2003-02-13,,,
2003-02-14,,,
2003-02-15,,,
2003-02-16,,,
2003-02-17,,,
2003-02-18,,,
2003-02-19,,,
2003-02-20,,,
2003-02-21,,,
2003-02-22,,,
2003-02-23,,,
2003-02-24,,,
2003-02-25,,,
2003-02-26,,,
2003-02-27,,,
2003-02-28,,,
2003-03-01,,,
2003-03-02,,,
2003-03-03,,,
2003-03-04,,,
2003-03-05,,,
2003-03-06,,,
2003-03-07,,,
2003-03-08,,,53.67517503
2003-03-09,,,
2003-03-10,,,
2003-03-11,,,
2003-03-12,,,
2003-03-13,,,
2003-03-14,,,
2003-03-15,,,
2003-03-16,,,
2003-03-17,,,
2003-03-18,,,
2003-03-19,,,
2003-03-20,,,
2003-03-21,,,
2003-03-22,,,
2003-03-23,,,
2003-03-24,,,
2003-03-25,,,
2003-03-26,,,
2003-03-27,,,
2003-03-28,,,
2003-03-29,,,
2003-03-30,,,
2003-03-31,,,
2003-04-01,,,81.78825482
2003-04-02,,,
2003-04-03,,,
2003-04-04,,,
2003-04-05,,,
2003-04-06,,,83.79418686
2003-04-07,,,61.75604986
2003-04-08,,,
2003-04-09,,,
2003-04-10,,,
2003-04-11,,,120.22108677
2003-04-12,,,63.00188628
2003-04-13,,,
2003-04-14,,,
2003-04-15,,,
2003-04-16,,,
2003-04-17,,,
2003-04-18,,,
2003-04-19,,,
2003-04-20,,,
2003-04-21,,,
2003-04-22,,,
2003-04-23,,,
2003-04-24,,,
2003-04-25,,,
2003-04-26,,,
2003-04-27,,,
2003-04-28,,,
2003-04-29,,,
2003-04-30,,,
2003-05-01,,,
2003-05-02,,,
2003-05-03,,,101.84751108
2003-05-04,,,93.03300128
2003-05-05,,,67.40856346
2003-05-06,,,
2003-05-07,,,
2003-05-08,,,
2003-05-09,,,72.49971165
2003-05-10,,,44.73888127
2003-05-11,,,
2003-05-12,,,
2003-05-13,,,
2003-05-14,,,
2003-05-15,,,
2003-05-16,,,
2003-05-17,,,
2003-05-18,,,
2003-05-19,,,
2003-05-20,,,
2003-05-21,,,
2003-05-22,,,
2003-05-23,,,
2003-05-24,,,
2003-05-25,,,
2003-05-26,,,
2003-05-27,,,
2003-05-28,,,
2003-05-29,,,
2003-05-30,,,
2003-05-31,,,
2003-06-01,,,
2003-06-02,,,
2003-06-03,,,
2003-06-04,,,
2003-06-05,,,
2003-06-06,,,
2003-06-07,,,
2003-06-08,,,90.10329872
2003-06-09,,,
2003-06-10,,,
2003-06-11,,,
2003-06-12,,,
2003-06-13,,,
2003-06-14,,,
2003-06-15,,,
2003-06-16,,,
2003-06-17,,,
2003-06-18,,,
2003-06-19,,,
2003-06-20,,,
2003-06-21,,,
2003-06-22,,,
2003-06-23,,,
2003-06-24,,,
2003-06-25,,,
2003-06-26,,,
2003-06-27,,,
2003-06-28,,,
2003-06-29,,,
2003-06-30,,,
2003-07-01,,,
2003-07-02,,,
2003-07-03,,,
2003-07-04,,,
2003-07-05,,,
2003-07-06,,,57.05097256
2003-07-07,,,48.38935165
2003-07-08,,,
2003-07-09,,,
2003-07-10,,,
2003-07-11,,,74.19797532
2003-07-12,,,63.3918857
2003-07-13,,,
2003-07-14,,,
2003-07-15,,,
2003-07-16,,,
2003-07-17,,,
2003-07-18,,,
2003-07-19,,,
2003-07-20,,,
2003-07-21,,,
2003-07-22,,,
2003-07-23,,,
2003-07-24,,,
2003-07-25,,,
2003-07-26,,,
2003-07-27,,,
2003-07-28,,,
2003-07-29,,,
2003-07-30,,,
2003-07-31,,,
2003-08-01,,,
2003-08-02,,,
2003-08-03,,,
2003-08-04,,,100.71858528
2003-08-05,,,56.18182335
2003-08-06,,,
2003-08-07,,,
2003-08-08,,,
2003-08-09,,,57.01978648
2003-08-10,,,114.47172453
2003-08-11,,,
2003-08-12,,,
2003-08-13,,,
2003-08-14,,,
2003-08-15,,,
2003-08-16,,,
2003-08-17,,,
2003-08-18,,,
2003-08-19,,,
2003-08-20,,,
2003-08-21,,,
2003-08-22,,,
2003-08-23,,,
2003-08-24,,,
2003-08-25,,,
2003-08-26,,,
2003-08-27,,,
2003-08-28,,,
2003-08-29,,,
2003-08-30,,,
2003-08-31,,,
2003-09-01,,,
2003-09-02,,,89.0044127
2003-09-03,,,
2003-09-04,,,
2003-09-05,,,
2003-09-06,,,
2003-09-07,,,
2003-09-08,,,65.14622771
2003-09-09,,,
2003-09-10,,,
2003-09-11,,,
2003-09-12,,,
2003-09-13,,,
2003-09-14,,,
2003-09-15,,,
2003-09-16,,,
2003-09-17,,,
2003-09-18,,,
2003-09-19,,,
2003-09-20,,,
2003-09-21,,,
2003-09-22,,,
2003-09-23,,,
2003-09-24,,,
2003-09-25,,,
2003-09-26,,,
2003-09-27,,,
2003-09-28,,,
2003-09-29,,,
2003-09-30,,,
2003-10-01,,,
2003-10-02,,,
2003-10-03,,,
2003-10-04,,,
2003-10-05,,,
2003-10-06,,,72.47306412
2003-10-07,,,63.06512331
2003-10-08,,,
2003-10-09,,,
2003-10-10,,,
2003-10-11,,,69.65337642
2003-10-12,,,93.49193624
2003-10-13,,,
2003-10-14,,,
2003-10-15,,,
2003-10-16,,,
2003-10-17,,,
2003-10-18,,,
2003-10-19,,,
2003-10-20,,,
2003-10-21,,,
2003-10-22,,,
2003-10-23,,,
2003-10-24,,,
2003-10-25,,,
2003-10-26,,,
2003-10-27,,,
2003-10-28,,,
2003-10-29,,,
2003-10-30,,,
2003-10-31,,,
2003-11-01,,,
2003-11-02,,,
2003-11-03,,,
2003-11-04,,,87.02106945
2003-11-05,,,51.82199725
2003-11-06,,,
2003-11-07,,,
2003-11-08,,,
2003-11-09,,,80.50830736
2003-11-10,,,108.46706149
2003-11-11,,,
2003-11-12,,,
2003-11-13,,,
2003-11-14,,,
2003-11-15,,,
2003-11-16,,,
2003-11-17,,,
2003-11-18,,,
2003-11-19,,,
2003-11-20,,,
2003-11-21,,,
2003-11-22,,,
2003-11-23,,,
2003-11-24,,,
2003-11-25,,,
2003-11-26,,,
2003-11-27,,,
2003-11-28,,,
2003-11-29,,,
2003-11-30,,,
2003-12-01,,,
2003-12-02,,,88.04812319
2003-12-03,,,
2003-12-04,,,
2003-12-05,,,
2003-12-06,,,
2003-12-07,,,
2003-12-08,,,101.88768991
2003-12-09,,,
2003-12-10,,,
2003-12-11,,,
2003-12-12,,,
2003-12-13,,,
2003-12-14,,,
2003-12-15,,,
2003-12-16,,,
2003-12-17,,,
2003-12-18,,,
2003-12-19,,,
2003-12-20,,,
2003-12-21,,,
2003-12-22,,,
2003-12-23,,,
2003-12-24,,,
2003-12-25,,,
2003-12-26,,,
2003-12-27,,,
2003-12-28,,,
2003-12-29,,,
2003-12-30,,,
2003-12-31,,,
2004-01-01,,,
2004-01-02,,,
2004-01-03,,,
2004-01-04,,,
2004-01-05,,,
2004-01-06,,,98.2819348
2004-01-07,,,78.50556912
2004-01-08,,,
2004-01-09,,,
2004-01-10,,,
2004-01-11,,,67.60747276
2004-01-12,,,100.12788226
2004-01-13,,,
2004-01-14,,,
2004-01-15,,,
2004-01-16,,,
2004-01-17,,,
2004-01-18,,,
2004-01-19,,,
2004-01-20,,,
2004-01-21,,,
2004-01-22,,,
2004-01-23,,,
2004-01-24,,,
2004-01-25,,,
2004-01-26,,,
2004-01-27,,,
2004-01-28,,,
2004-01-29,,,
2004-01-30,,,
2004-01-31,,,
2004-02-01,,,
2004-02-02,,,99.09939632
2004-02-03,,,
2004-02-04,,,109.53667063
2004-02-05,,,38.70043603
2004-02-06,,,
2004-02-07,,,
2004-02-08,,,
2004-02-09,,,78.43304461
2004-02-10,,,104.76500027
2004-02-11,,,
2004-02-12,,,
2004-02-13,,,
2004-02-14,,,
2004-02-15,,,
2004-02-16,,,
2004-02-17,,,
2004-02-18,,,
2004-02-19,,,
2004-02-20,,,
2004-02-21,,,
2004-02-22,,,
2004-02-23,,,
2004-02-24,,,
2004-02-25,,,
2004-02-26,,,
2004-02-27,,,
2004-02-28,,,
2004-02-29,,,
2004-03-01,,,
2004-03-02,,,
2004-03-03,,,62.61312938
2004-03-04,,,
2004-03-05,,,
2004-03-06,,,
2004-03-07,,,
2004-03-08,,,66.70408352
2004-03-09,,,
2004-03-10,,,
2004-03-11,,,
2004-03-12,,,
2004-03-13,,,
2004-03-14,,,
2004-03-15,,,
2004-03-16,,,
2004-03-17,,,
2004-03-18,,,
2004-03-19,,,
2004-03-20,,,
2004-03-21,,,
2004-03-22,,,
2004-03-23,,,
2004-03-24,,,
2004-03-25,,,
2004-03-26,,,
2004-03-27,,,
2004-03-28,,,
2004-03-29,,,
2004-03-30,,,
2004-03-31,,,
2004-04-01,,,
2004-04-02,,,
2004-04-03,,,
2004-04-04,,,
2004-04-05,,,
2004-04-06,,,87.6091684
2004-04-07,,,47.23810153
2004-04-08,,,
2004-04-09,,,
2004-04-10,,,
2004-04-11,,,108.969973
2004-04-12,,,62.55055265
2004-04-13,,,
2004-04-14,,,
2004-04-15,,,
2004-04-16,,,
2004-04-17,,,
2004-04-18,,,
2004-04-19,,,
2004-04-20,,,
2004-04-21,,,
2004-04-22,,,
2004-04-23,,,
2004-04-24,,,
2004-04-25,,,
2004-04-26,,,
2004-04-27,,,
2004-04-28,,,
2004-04-29,,,
2004-04-30,,,
2004-05-01,,,
2004-05-02,,,107.71608482
2004-05-03,,,
2004-05-04,,,68.97419786
2004-05-05,,,68.19074544
2004-05-06,,,
2004-05-07,,,
2004-05-08,,,
2004-05-09,,,39.62877827
2004-05-10,,,148.40075543
2004-05-11,,,
2004-05-12,,,
2004-05-13,,,
2004-05-14,,,
2004-05-15,,,
2004-05-16,,,
2004-05-17,,,
2004-05-18,,,
2004-05-19,,,
2004-05-20,,,
2004-05-21,,,
2004-05-22,,,
2004-05-23,,,
2004-05-24,,,
2004-05-25,,,
2004-05-26,,,
2004-05-27,,,
2004-05-28,,,
2004-05-29,,,
2004-05-30,,,
2004-05-31,,,
2004-06-01,,,
2004-06-02,,,
2004-06-03,,,82.14749124
2004-06-04,,,
2004-06-05,,,
2004-06-06,,,
2004-06-07,,,
2004-06-08,,,67.02032662
2004-06-09,,,
2004-06-10,,,
2004-06-11,,,
2004-06-12,,,
2004-06-13,,,
2004-06-14,,,
2004-06-15,,,
2004-06-16,,,
2004-06-17,,,
2004-06-18,,,
2004-06-19,,,
2004-06-20,,,
2004-06-21,,,
2004-06-22,,,
2004-06-23,,,
2004-06-24,,,
2004-06-25,,,
2004-06-26,,,
2004-06-27,,,
2004-06-28,,,
2004-06-29,,,
2004-06-30,,,
2004-07-01,,,
2004-07-02,,,
2004-07-03,,,
2004-07-04,,,
2004-07-05,,,
2004-07-06,,,84.85427349
2004-07-07,,,70.66866382
2004-07-08,,,
2004-07-09,,,
2004-07-10,,,
2004-07-11,,,65.75425754
2004-07-12,,,86.88150573
2004-07-13,,,
2004-07-14,,,
2004-07-15,,,
2004-07-16,,,
2004-07-17,,,
2004-07-18,,,
2004-07-19,,,
2004-07-20,,,
2004-07-21,,,
2004-07-22,,,
2004-07-23,,,
2004-07-24,,,
2004-07-25,,,
2004-07-26,,,
2004-07-27,,,
2004-07-28,,,
2004-07-29,,,
2004-07-30,,,
2004-07-31,,,
2004-08-01,,,
2004-08-02,,,73.65256972
2004-08-03,,,
2004-08-04,,,51.54711686
2004-08-05,,,72.72202287
2004-08-06,,,
2004-08-07,,,
2004-08-08,,,
2004-08-09,,,115.12938093
2004-08-10,,,132.0698891
2004-08-11,,,
2004-08-12,,,
2004-08-13,,,
2004-08-14,,,
2004-08-15,,,
2004-08-16,,,
2004-08-17,,,
2004-08-18,,,
2004-08-19,,,
2004-08-20,,,
2004-08-21,,,
2004-08-22,,,
2004-08-23,,,
2004-08-24,,,
2004-08-25,,,
2004-08-26,,,
2004-08-27,,,
2004-08-28,,,
2004-08-29,,,
2004-08-30,,,
2004-08-31,,,
2004-09-01,,,
2004-09-02,,,
2004-09-03,,,83.25065595
2004-09-04,,,
2004-09-05,,,
2004-09-06,,,
2004-09-07,,,
2004-09-08,,,100.16515734
2004-09-09,,,
2004-09-10,,,
2004-09-11,,,
2004-09-12,,,
2004-09-13,,,
2004-09-14,,,
2004-09-15,,,
2004-09-16,,,
2004-09-17,,,
2004-09-18,,,
2004-09-19,,,
2004-09-20,,,
2004-09-21,,,
2004-09-22,,,
2004-09-23,,,
2004-09-24,,,
2004-09-25,,,
2004-09-26,,,
2004-09-27,,,
2004-09-28,,,
2004-09-29,,,
2004-09-30,,,
2004-10-01,,,
2004-10-02,,,
2004-10-03,,,
2004-10-04,,,
2004-10-05,,,
2004-10-06,,,105.79988529
2004-10-07,,,66.72179044
2004-10-08,,,
2004-10-09,,,
2004-10-10,,,
2004-10-11,,,107.04078601
2004-10-12,,,70.61921951
2004-10-13,,,
2004-10-14,,,
2004-10-15,,,
2004-10-16,,,
2004-10-17,,,
2004-10-18,,,
2004-10-19,,,
2004-10-20,,,
2004-10-21,,,
2004-10-22,,,
2004-10-23,,,
2004-10-24,,,
2004-10-25,,,
2004-10-26,,,
2004-10-27,,,
2004-10-28,,,
2004-10-29,,,
2004-10-30,,,
2004-10-31,,,
2004-11-01,,,
2004-11-02,,,114.24262978
2004-11-03,,,
2004-11-04,,,
2004-11-05,,,69.02253755
2004-11-06,,,
2004-11-07,,,
2004-11-08,,,
2004-11-09,,,64.82884234
2004-11-10,,,127.06690989
2004-11-11,,,
2004-11-12,,,
2004-11-13,,,
2004-11-14,,,
2004-11-15,,,
2004-11-16,,,
2004-11-17,,,
2004-11-18,,,
2004-11-19,,,
2004-11-20,,,
2004-11-21,,,
2004-11-22,,,
2004-11-23,,,
2004-11-24,,,
2004-11-25,,,
2004-11-26,,,
2004-11-27,,,
2004-11-28,,,
2004-11-29,,,
2004-11-30,,,
2004-12-01,,,
2004-12-02,,,
2004-12-03,,,74.04171928
2004-12-04,,,
2004-12-05,,,
2004-12-06,,,
2004-12-07,,,
2004-12-08,,,133.26986949
2004-12-09,,,
2004-12-10,,,
2004-12-11,,,
2004-12-12,,,
2004-12-13,,,
2004-12-14,,,
2004-12-15,,,
2004-12-16,,,
2004-12-17,,,
2004-12-18,,,
2004-12-19,,,
2004-12-20,,,
2004-12-21,,,
2004-12-22,,,
2004-12-23,,,
2004-12-24,,,
2004-12-25,,,
2004-12-26,,,
2004-12-27,,,
2004-12-28,,,
2004-12-29,,,
2004-12-30,,,
2004-12-31,,,
2005-01-01,,,
2005-01-02,,,
2005-01-03,,,
2005-01-04,,,79.53453698
2005-01-05,,,52.2878474
2005-01-06,,,
2005-01-07,,,
2005-01-08,,,
2005-01-09,,,
2005-01-10,,,
2005-01-11,,,
2005-01-12,,,
2005-01-13,,,
2005-01-14,,,
2005-01-15,,,
2005-01-16,,,
2005-01-17,,,
2005-01-18,,,
2005-01-19,,,
2005-01-20,,,
2005-01-21,,,
2005-01-22,,,
2005-01-23,,,
2005-01-24,,,
2005-01-25,,,
2005-01-26,,,
2005-01-27,,,
2005-01-28,,,
2005-01-29,,,
2005-01-30,,,
2005-01-31,,,
2005-02-01,,,
2005-02-02,,,
2005-02-03,,,94.09079525
2005-02-04,,,
2005-02-05,,,
2005-02-06,,,
2005-02-07,,,
2005-02-08,,,
2005-02-09,,,
2005-02-10,,,
2005-02-11,,,
2005-02-12,,,
2005-02-13,,,
2005-02-14,,,
2005-02-15,,,
2005-02-16,,,
2005-02-17,,,
2005-02-18,,,
2005-02-19,,,
2005-02-20,,,
2005-02-21,,,
2005-02-22,,,
2005-02-23,,,
2005-02-24,,,
2005-02-25,,,
2005-02-26,,,
2005-02-27,,,
2005-02-28,,,
2005-03-01,,,
2005-03-02,,,79.92130514
2005-03-03,,,
2005-03-04,,,
2005-03-05,,,
2005-03-06,,,66.10521057
2005-03-07,,,34.80443037
2005-03-08,,,
2005-03-09,,,
2005-03-10,,,
2005-03-11,,,77.70206571
2005-03-12,,,64.26547502
2005-03-13,,,
2005-03-14,,,
2005-03-15,,,
2005-03-16,,,
2005-03-17,,,
2005-03-18,,,
2005-03-19,,,
2005-03-20,,,
2005-03-21,,,
2005-03-22,,,
2005-03-23,,,
2005-03-24,,,
2005-03-25,,,
2005-03-26,,,
2005-03-27,,,
2005-03-28,,,
2005-03-29,,,
2005-03-30,,,
2005-03-31,,,
2005-04-01,,,
2005-04-02,,,
2005-04-03,,,
2005-04-04,,,102.09375619
2005-04-05,,,62.52380617
2005-04-06,,,
2005-04-07,,,
2005-04-08,,,
2005-04-09,,,
2005-04-10,,,
2005-04-11,,,
2005-04-12,,,
2005-04-13,,,
2005-04-14,,,
2005-04-15,,,
2005-04-16,,,
2005-04-17,,,
2005-04-18,,,
2005-04-19,,,
2005-04-20,,,
2005-04-21,,,
2005-04-22,,,
2005-04-23,,,
2005-04-24,,,
2005-04-25,,,
2005-04-26,,,
2005-04-27,,,
2005-04-28,,,
2005-04-29,,,
2005-04-30,,,
2005-05-01,,,
2005-05-02,,,
2005-05-03,,,52.4166765
2005-05-04,,,
2005-05-05,,,
2005-05-06,,,
2005-05-07,,,
2005-05-08,,,
2005-05-09,,,
2005-05-10,,,
2005-05-11,,,
2005-05-12,,,
2005-05-13,,,
2005-05-14,,,
2005-05-15,,,
2005-05-16,,,
2005-05-17,,,
2005-05-18,,,
2005-05-19,,,
2005-05-20,,,
2005-05-21,,,
2005-05-22,,,
2005-05-23,,,
2005-05-24,,,
2005-05-25,,,
2005-05-26,,,
2005-05-27,,,
2005-05-28,,,
2005-05-29,,,
2005-05-30,,,
2005-05-31,,,
2005-06-01,,,
2005-06-02,,,46.33459218
2005-06-03,,,
2005-06-04,,,
2005-06-05,,,
2005-06-06,,,41.78184796
2005-06-07,,,64.69606991
2005-06-08,,,
2005-06-09,,,
2005-06-10,,,
2005-06-11,,,
2005-06-12,,,99.64722242
2005-06-13,,,
2005-06-14,,,
2005-06-15,,,
2005-06-16,,,
2005-06-17,,,
2005-06-18,,,
2005-06-19,,,
2005-06-20,,,
2005-06-21,,,
2005-06-22,,,
2005-06-23,,,
2005-06-24,,,
2005-06-25,,,
2005-06-26,,,
2005-06-27,,,
2005-06-28,,,
2005-06-29,,,
2005-06-30,,,
2005-07-01,,,
2005-07-02,,,
2005-07-03,,,
2005-07-04,,,75.23044515
2005-07-05,,,65.13776783
2005-07-06,,,
2005-07-07,,,
2005-07-08,,,
2005-07-09,,,
2005-07-10,,,
2005-07-11,,,
2005-07-12,,,
2005-07-13,,,
2005-07-14,,,
2005-07-15,,,
2005-07-16,,,
2005-07-17,,,
2005-07-18,,,
2005-07-19,,,
2005-07-20,,,
2005-07-21,,,
2005-07-22,,,
2005-07-23,,,
2005-07-24,,,
2005-07-25,,,
2005-07-26,,,
2005-07-27,,,
2005-07-28,,,
2005-07-29,,,
2005-07-30,,,
2005-07-31,,,
2005-08-01,,,
2005-08-02,,,
2005-08-03,,,99.16041585
2005-08-04,,,
2005-08-05,,,
2005-08-06,,,
2005-08-07,,,
2005-08-08,,,
2005-08-09,,,
2005-08-10,,,
2005-08-11,,,
2005-08-12,,,
2005-08-13,,,
2005-08-14,,,
2005-08-15,,,
2005-08-16,,,
2005-08-17,,,
2005-08-18,,,
2005-08-19,,,
2005-08-20,,,
2005-08-21,,,
2005-08-22,,,
2005-08-23,,,
2005-08-24,,,
2005-08-25,,,
2005-08-26,,,
2005-08-27,,,
2005-08-28,,,
2005-08-29,,,
2005-08-30,,,
2005-08-31,,,
2005-09-01,,,
2005-09-02,,,75.08822762
2005-09-03,,,
2005-09-04,,,
2005-09-05,,,
2005-09-06,,,92.44662143
2005-09-07,,,82.22028737
2005-09-08,,,
2005-09-09,,,
2005-09-10,,,
2005-09-11,,,76.73208839
2005-09-12,,,69.58884977
2005-09-13,,,
2005-09-14,,,
2005-09-15,,,
2005-09-16,,,
2005-09-17,,,
2005-09-18,,,
2005-09-19,,,
2005-09-20,,,
2005-09-21,,,
2005-09-22,,,
2005-09-23,,,
2005-09-24,,,
2005-09-25,,,
2005-09-26,,,
2005-09-27,,,
2005-09-28,,,
2005-09-29,,,
2005-09-30,,,
2005-10-01,,,
2005-10-02,,,
2005-10-03,,,
2005-10-04,,,47.41794002
2005-10-05,,,72.6993406
2005-10-06,,,
2005-10-07,,,
2005-10-08,,,
2005-10-09,,,
2005-10-10,,,
2005-10-11,,,
2005-10-12,,,
2005-10-13,,,
2005-10-14,,,
2005-10-15,,,
2005-10-16,,,
2005-10-17,,,
2005-10-18,,,
2005-10-19,,,
2005-10-20,,,
2005-10-21,,,
2005-10-22,,,
2005-10-23,,,
2005-10-24,,,
2005-10-25,,,
2005-10-26,,,
2005-10-27,,,
2005-10-28,,,
2005-10-29,,,
2005-10-30,,,
2005-10-31,,,
2005-11-01,,,
2005-11-02,,,
2005-11-03,,,119.44908621
2005-11-04,,,
2005-11-05,,,
2005-11-06,,,
2005-11-07,,,
2005-11-08,,,
2005-11-09,,,
2005-11-10,,,
2005-11-11,,,
2005-11-12,,,
2005-11-13,,,
2005-11-14,,,
2005-11-15,,,
2005-11-16,,,
2005-11-17,,,
2005-11-18,,,
2005-11-19,,,
2005-11-20,,,
2005-11-21,,,
2005-11-22,,,
2005-11-23,,,
2005-11-24,,,
2005-11-25,,,
2005-11-26,,,
2005-11-27,,,
2005-11-28,,,
2005-11-29,,,
2005-11-30,,,
2005-12-01,,,
2005-12-02,,,58.90561907
2005-12-03,,,
2005-12-04,,,
2005-12-05,,,
2005-12-06,,,44.3759549
2005-12-07,,,89.2619312
2005-12-08,,,
2005-12-09,,,
2005-12-10,,,
2005-12-11,,,94.24338583
2005-12-12,,,
2005-12-13,,,
2005-12-14,,,
2005-12-15,,,
2005-12-16,,,
2005-12-17,,,
2005-12-18,,,
2005-12-19,,,
2005-12-20,,,
2005-12-21,,,
2005-12-22,,,
2005-12-23,,,
2005-12-24,,,
2005-12-25,,,
2005-12-26,,,
2005-12-27,,,
2005-12-28,,,
2005-12-29,,,
2005-12-30,,,
2005-12-31,,,
2006-01-01,,,
2006-01-02,,,86.73445575
2006-01-03,,,
2006-01-04,,,
2006-01-05,,,
2006-01-06,,,92.73045876
2006-01-07,,,90.14193309
2006-01-08,,,
2006-01-09,,,
2006-01-10,,,
2006-01-11,,,
2006-01-12,,,
2006-01-13,,,
2006-01-14,,,
2006-01-15,,,
2006-01-16,,,
2006-01-17,,,
2006-01-18,,,
2006-01-19,,,
2006-01-20,,,
2006-01-21,,,
2006-01-22,,,
2006-01-23,,,
2006-01-24,,,
2006-01-25,,,
2006-01-26,,,
2006-01-27,,,
2006-01-28,,,
2006-01-29,,,
2006-01-30,,,
2006-01-31,,,
2006-02-01,,,
2006-02-02,,,
2006-02-03,,,
2006-02-04,,,74.52656495
2006-02-05,,,62.98153957
2006-02-06,,,
2006-02-07,,,
2006-02-08,,,
2006-02-09,,,87.73052947
2006-02-10,,,
2006-02-11,,,
2006-02-12,,,
2006-02-13,,,
2006-02-14,,,
2006-02-15,,,
2006-02-16,,,
2006-02-17,,,
2006-02-18,,,
2006-02-19,,,
2006-02-20,,,
2006-02-21,,,
2006-02-22,,,
2006-02-23,,,
2006-02-24,,,
2006-02-25,,,
2006-02-26,,,
2006-02-27,,,
2006-02-28,,,
2006-03-01,,,
2006-03-02,,,
2006-03-03,,,98.58149487
2006-03-04,,,
2006-03-05,,,
2006-03-06,,,
2006-03-07,,,
2006-03-08,,,45.11441543
2006-03-09,,,
2006-03-10,,,
2006-03-11,,,
2006-03-12,,,
2006-03-13,,,
2006-03-14,,,
2006-03-15,,,
2006-03-16,,,
2006-03-17,,,
2006-03-18,,,
2006-03-19,,,
2006-03-20,,,
2006-03-21,,,
2006-03-22,,,
2006-03-23,,,
2006-03-24,,,
2006-03-25,,,
2006-03-26,,,
2006-03-27,,,
2006-03-28,,,
2006-03-29,,,
2006-03-30,,,
2006-03-31,,,
2006-04-01,,,
2006-04-02,,,72.73387037
2006-04-03,,,
2006-04-04,,,
2006-04-05,,,
2006-04-06,,,53.587986
2006-04-07,,,75.19143162
2006-04-08,,,
2006-04-09,,,
2006-04-10,,,
2006-04-11,,,
2006-04-12,,,
2006-04-13,,,
2006-04-14,,,
2006-04-15,,,
2006-04-16,,,
2006-04-17,,,
2006-04-18,,,
2006-04-19,,,
2006-04-20,,,
2006-04-21,,,
2006-04-22,,,
2006-04-23,,,
2006-04-24,,,
2006-04-25,,,
2006-04-26,,,
2006-04-27,,,
2006-04-28,,,
2006-04-29,,,
2006-04-30,,,
2006-05-01,,,
2006-05-02,,,
2006-05-03,,,
2006-05-04,,,99.02221197
2006-05-05,,,75.10753406
2006-05-06,,,
2006-05-07,,,
2006-05-08,,,
2006-05-09,,,86.81937743
2006-05-10,,,
2006-05-11,,,
2006-05-12,,,
2006-05-13,,,
2006-05-14,,,
2006-05-15,,,
2006-05-16,,,
2006-05-17,,,
2006-05-18,,,
2006-05-19,,,
2006-05-20,,,
2006-05-21,,,
2006-05-22,,,
2006-05-23,,,
2006-05-24,,,
2006-05-25,,,
2006-05-26,,,
2006-05-27,,,
2006-05-28,,,
2006-05-29,,,
2006-05-30,,,
2006-05-31,,,
2006-06-01,,,
2006-06-02,,,
2006-06-03,,,67.90865581
2006-06-04,,,
2006-06-05,,,
2006-06-06,,,
2006-06-07,,,
2006-06-08,,,68.35770644
2006-06-09,,,
2006-06-10,,,
2006-06-11,,,
2006-06-12,,,
2006-06-13,,,
2006-06-14,,,
2006-06-15,,,
2006-06-16,,,
2006-06-17,,,
2006-06-18,,,
2006-06-19,,,
2006-06-20,,,
2006-06-21,,,
2006-06-22,,,
2006-06-23,,,
2006-06-24,,,
2006-06-25,,,
2006-06-26,,,
2006-06-27,,,
2006-06-28,,,
2006-06-29,,,
2006-06-30,,,
2006-07-01,,,
2006-07-02,,,86.4601268
2006-07-03,,,
2006-07-04,,,
2006-07-05,,,
2006-07-06,,,64.30321861
2006-07-07,,,102.75660151
2006-07-08,,,
2006-07-09,,,
2006-07-10,,,
2006-07-11,,,
2006-07-12,,,
2006-07-13,,,
2006-07-14,,,
2006-07-15,,,
2006-07-16,,,
2006-07-17,,,
2006-07-18,,,
2006-07-19,,,
2006-07-20,,,
2006-07-21,,,
2006-07-22,,,
2006-07-23,,,
2006-07-24,,,
2006-07-25,,,
2006-07-26,,,
2006-07-27,,,
2006-07-28,,,
2006-07-29,,,
2006-07-30,,,
2006-07-31,,,
2006-08-01,,,
2006-08-02,,,
2006-08-03,,,
2006-08-04,,,72.36630845
2006-08-05,,,92.24829848
2006-08-06,,,
2006-08-07,,,
2006-08-08,,,
2006-08-09,,,78.55207551
2006-08-10,,,
2006-08-11,,,
2006-08-12,,,
2006-08-13,,,
2006-08-14,,,
2006-08-15,,,
2006-08-16,,,
2006-08-17,,,
2006-08-18,,,
2006-08-19,,,
2006-08-20,,,
2006-08-21,,,
2006-08-22,,,
2006-08-23,,,
2006-08-24,,,
2006-08-25,,,
2006-08-26,,,
2006-08-27,,,
2006-08-28,,,
2006-08-29,,,
2006-08-30,,,
2006-08-31,,,
2006-09-01,,,
2006-09-02,,,
2006-09-03,,,66.46212335
2006-09-04,,,
2006-09-05,,,
2006-09-06,,,
2006-09-07,,,
2006-09-08,,,
2006-09-09,,,
2006-09-10,,,
2006-09-11,,,
2006-09-12,,,
2006-09-13,,,
2006-09-14,,,
2006-09-15,,,
2006-09-16,,,
2006-09-17,,,
2006-09-18,,,
2006-09-19,,,
2006-09-20,,,
2006-09-21,,,
2006-09-22,,,
2006-09-23,,,
2006-09-24,,,
2006-09-25,,,
2006-09-26,,,
2006-09-27,,,
2006-09-28,,,
2006-09-29,,,
2006-09-30,,,
2006-10-01,,,
2006-10-02,,,79.52097782
2006-10-03,,,
2006-10-04,,,
2006-10-05,,,
2006-10-06,,,78.1419309
2006-10-07,,,87.29907132
2006-10-08,,,
2006-10-09,,,
2006-10-10,,,
2006-10-11,,,
2006-10-12,,,
2006-10-13,,,
2006-10-14,,,
2006-10-15,,,
2006-10-16,,,
2006-10-17,,,
2006-10-18,,,
2006-10-19,,,
2006-10-20,,,
2006-10-21,,,
2006-10-22,,,
2006-10-23,,,
2006-10-24,,,
2006-10-25,,,
2006-10-26,,,
2006-10-27,,,
2006-10-28,,,
2006-10-29,,,
2006-10-30,,,
2006-10-31,,,
2006-11-01,,,90.12070375
2006-11-02,,,
2006-11-03,,,
2006-11-04,,,76.06575003
2006-11-05,,,100.47228776
2006-11-06,,,
2006-11-07,,,
2006-11-08,,,
2006-11-09,,,
2006-11-10,,,
2006-11-11,,,
2006-11-12,,,
2006-11-13,,,
2006-11-14,,,
2006-11-15,,,
2006-11-16,,,
2006-11-17,,,
2006-11-18,,,
2006-11-19,,,
2006-11-20,,,
2006-11-21,,,
2006-11-22,,,
2006-11-23,,,
2006-11-24,,,
2006-11-25,,,
2006-11-26,,,
2006-11-27,,,
2006-11-28,,,
2006-11-29,,,
2006-11-30,,,
2006-12-01,,,
2006-12-02,,,
2006-12-03,,,69.06481848
2006-12-04,,,
2006-12-05,,,
2006-12-06,,,
2006-12-07,,,
2006-12-08,,,86.40315497
2006-12-09,,,
2006-12-10,,,
2006-12-11,,,
2006-12-12,,,
2006-12-13,,,
2006-12-14,,,
2006-12-15,,,
2006-12-16,,,
2006-12-17,,,
2006-12-18,,,
2006-12-19,,,
2006-12-20,,,
2006-12-21,,,
2006-12-22,,,
2006-12-23,,,
2006-12-24,,,
2006-12-25,,,
2006-12-26,,,
2006-12-27,,,
2006-12-28,,,
2006-12-29,,,
2006-12-30,,,
2006-12-31,,,
2007-01-01,,,
2007-01-02,,,
2007-01-03,,,157.63803386
2007-01-04,,,
2007-01-05,,,
2007-01-06,,,
2007-01-07,,,
2007-01-08,,,109.03859364
2007-01-09,,,
2007-01-10,,,
2007-01-11,,,
2007-01-12,,,
2007-01-13,,,
2007-01-14,,,
2007-01-15,,,
2007-01-16,,,
2007-01-17,,,
2007-01-18,,,
2007-01-19,,,
2007-01-20,,,
2007-01-21,,,
2007-01-22,,,
2007-01-23,,,
2007-01-24,,,
2007-01-25,,,
2007-01-26,,,
2007-01-27,,,
2007-01-28,,,
2007-01-29,,,
2007-01-30,,,
2007-01-31,,,
2007-02-01,,,
2007-02-02,,,120.23962257
2007-02-03,,,
2007-02-04,,,
2007-02-05,,,
2007-02-06,,,77.07309351
2007-02-07,,,74.78874139
2007-02-08,,,
2007-02-09,,,
2007-02-10,,,
2007-02-11,,,128.72950957
2007-02-12,,,49.36275536
2007-02-13,,,
2007-02-14,,,
2007-02-15,,,
2007-02-16,,,
2007-02-17,,,
2007-02-18,,,
2007-02-19,,,
2007-02-20,,,
2007-02-21,,,
2007-02-22,,,
2007-02-23,,,
2007-02-24,,,
2007-02-25,,,
2007-02-26,,,
2007-02-27,,,
2007-02-28,,,
2007-03-01,,,
2007-03-02,,,
2007-03-03,,,
2007-03-04,,,97.40405958
2007-03-05,,,82.09834179
2007-03-06,,,
2007-03-07,,,
2007-03-08,,,
2007-03-09,,,73.46551377
2007-03-10,,,92.66672232
2007-03-11,,,
2007-03-12,,,
2007-03-13,,,
2007-03-14,,,
2007-03-15,,,
2007-03-16,,,
2007-03-17,,,
2007-03-18,,,
2007-03-19,,,
2007-03-20,,,
2007-03-21,,,
2007-03-22,,,
2007-03-23,,,
2007-03-24,,,
2007-03-25,,,
2007-03-26,,,
2007-03-27,,,
2007-03-28,,,
2007-03-29,,,
2007-03-30,,,
2007-03-31,,,
2007-04-01,,,
2007-04-02,,,
2007-04-03,,,87.53585128
2007-04-04,,,
2007-04-05,,,
2007-04-06,,,
2007-04-07,,,
2007-04-08,,,88.26036243
2007-04-09,,,
2007-04-10,,,
2007-04-11,,,
2007-04-12,,,
2007-04-13,,,
2007-04-14,,,
2007-04-15,,,
2007-04-16,,,
2007-04-17,,,
2007-04-18,,,
2007-04-19,,,
2007-04-20,,,
2007-04-21,,,
2007-04-22,,,
2007-04-23,,,
2007-04-24,,,
2007-04-25,,,
2007-04-26,,,
2007-04-27,,,
2007-04-28,,,
2007-04-29,,,
2007-04-30,,,
2007-05-01,,,
2007-05-02,,,124.75370095
2007-05-03,,,
2007-05-04,,,
2007-05-05,,,
2007-05-06,,,108.16426912
2007-05-07,,,140.37281384
2007-05-08,,,
2007-05-09,,,
2007-05-10,,,
2007-05-11,,,79.06384488
2007-05-12,,,96.82018912
2007-05-13,,,
2007-05-14,,,
2007-05-15,,,
2007-05-16,,,
2007-05-17,,,
2007-05-18,,,
2007-05-19,,,
2007-05-20,,,
2007-05-21,,,
2007-05-22,,,
2007-05-23,,,
2007-05-24,,,
2007-05-25,,,
2007-05-26,,,
2007-05-27,,,
2007-05-28,,,
2007-05-29,,,
2007-05-30,,,
2007-05-31,,,
2007-06-01,,,
2007-06-02,,,
2007-06-03,,,
2007-06-04,,,36.84261716
2007-06-05,,,42.26925221
2007-06-06,,,
2007-06-07,,,
2007-06-08,,,
2007-06-09,,,87.27331497
2007-06-10,,,86.64090118
2007-06-11,,,
2007-06-12,,,
2007-06-13,,,
2007-06-14,,,
2007-06-15,,,
2007-06-16,,,
2007-06-17,,,
2007-06-18,,,
2007-06-19,,,
2007-06-20,,,
2007-06-21,,,
2007-06-22,,,
2007-06-23,,,
2007-06-24,,,
2007-06-25,,,
2007-06-26,,,
2007-06-27,,,
2007-06-28,,,
2007-06-29,,,
2007-06-30,,,
2007-07-01,,,
2007-07-02,,,
2007-07-03,,,108.70013537
2007-07-04,,,
2007-07-05,,,
2007-07-06,,,
2007-07-07,,,
2007-07-08,,,46.84782996
2007-07-09,,,
2007-07-10,,,
2007-07-11,,,
2007-07-12,,,
2007-07-13,,,
2007-07-14,,,
2007-07-15,,,
2007-07-16,,,
2007-07-17,,,
2007-07-18,,,
2007-07-19,,,
2007-07-20,,,
2007-07-21,,,
2007-07-22,,,
2007-07-23,,,
2007-07-24,,,
2007-07-25,,,
2007-07-26,,,
2007-07-27,,,
2007-07-28,,,
2007-07-29,,,
2007-07-30,,,
2007-07-31,,,
2007-08-01,,,
2007-08-02,,,
2007-08-03,,,
2007-08-04,,,
2007-08-05,,,
2007-08-06,,,97.26178748
2007-08-07,,,52.55410256
2007-08-08,,,
2007-08-09,,,
2007-08-10,,,
2007-08-11,,,104.49494562
2007-08-12,,,100.78018562
2007-08-13,,,
2007-08-14,,,
2007-08-15,,,
2007-08-16,,,
2007-08-17,,,
2007-08-18,,,
2007-08-19,,,
2007-08-20,,,
2007-08-21,,,
2007-08-22,,,
2007-08-23,,,
2007-08-24,,,
2007-08-25,,,
2007-08-26,,,
2007-08-27,,,
2007-08-28,,,
2007-08-29,,,
2007-08-30,,,
2007-08-31,,,
2007-09-01,,,
2007-09-02,,,
2007-09-03,,,
2007-09-04,,,94.12976411
2007-09-05,,,118.04497979
2007-09-06,,,
2007-09-07,,,
2007-09-08,,,
2007-09-09,,,77.34023883
2007-09-10,,,79.16239414
2007-09-11,,,
2007-09-12,,,
2007-09-13,,,
2007-09-14,,,
2007-09-15,,,
2007-09-16,,,
2007-09-17,,,
2007-09-18,,,
2007-09-19,,,
2007-09-20,,,
2007-09-21,,,
2007-09-22,,,
2007-09-23,,,
2007-09-24,,,
2007-09-25,,,
2007-09-26,,,
2007-09-27,,,
2007-09-28,,,
2007-09-29,,,
2007-09-30,,,
2007-10-01,,,
2007-10-02,,,
2007-10-03,,,91.17049611
2007-10-04,,,
2007-10-05,,,
2007-10-06,,,
2007-10-07,,,
2007-10-08,,,91.09635422
2007-10-09,,,
2007-10-10,,,
2007-10-11,,,
2007-10-12,,,
2007-10-13,,,
2007-10-14,,,
2007-10-15,,,
2007-10-16,,,
2007-10-17,,,
2007-10-18,,,
2007-10-19,,,
2007-10-20,,,
2007-10-21,,,
2007-10-22,,,
2007-10-23,,,
2007-10-24,,,
2007-10-25,,,
2007-10-26,,,
2007-10-27,,,
2007-10-28,,,
2007-10-29,,,
2007-10-30,,,
2007-10-31,,,
2007-11-01,,,
2007-11-02,,,
2007-11-03,,,
2007-11-04,,,
2007-11-05,,,
2007-11-06,,,55.1011379
2007-11-07,,,102.68753581
2007-11-08,,,
2007-11-09,,,
2007-11-10,,,
2007-11-11,,,78.5477759
2007-11-12,,,84.45468831
2007-11-13,,,
2007-11-14,,,
2007-11-15,,,
2007-11-16,,,
2007-11-17,,,
2007-11-18,,,
2007-11-19,,,
2007-11-20,,,
2007-11-21,,,
2007-11-22,,,
2007-11-23,,,
2007-11-24,,,
2007-11-25,,,
2007-11-26,,,
2007-11-27,,,
2007-11-28,,,
2007-11-29,,,
2007-11-30,,,
2007-12-01,,,
2007-12-02,,,
2007-12-03,,,
2007-12-04,,,90.75579019
2007-12-05,,,87.28200395
2007-12-06,,,
2007-12-07,,,
2007-12-08,,,
2007-12-09,,,96.31109633
2007-12-10,,,107.47837752
2007-12-11,,,
2007-12-12,,,
2007-12-13,,,
2007-12-14,,,
2007-12-15,,,
2007-12-16,,,
2007-12-17,,,
2007-12-18,,,
2007-12-19,,,
2007-12-20,,,
2007-12-21,,,
2007-12-22,,,
2007-12-23,,,
2007-12-24,,,
2007-12-25,,,
2007-12-26,,,
2007-12-27,,,
2007-12-28,,,
2007-12-29,,,
2007-12-30,,,
2007-12-31,,,
2008-01-01,,,
2008-01-02,,,
2008-01-03,,,
2008-01-04,,,
2008-01-05,,,
2008-01-06,,,
2008-01-07,,,
2008-01-08,,,
2008-01-09,,,
2008-01-10,,,
2008-01-11,,,
2008-01-12,,,
2008-01-13,,,
2008-01-14,,,
2008-01-15,,,
2008-01-16,,,
2008-01-17,,,
2008-01-18,,,
2008-01-19,,,
2008-01-20,,,
2008-01-21,,,
2008-01-22,,,
2008-01-23,,,
2008-01-24,,,
2008-01-25,,,
2008-01-26,,,
2008-01-27,,,
2008-01-28,,,
2008-01-29,,,
2008-01-30,,,
2008-01-31,,,
2008-02-01,,,
2008-02-02,,,
2008-02-03,,,
2008-02-04,,,
2008-02-05,,,
2008-02-06,,,
2008-02-07,,,
2008-02-08,,,
2008-02-09,,,
2008-02-10,,,
2008-02-11,,,
2008-02-12,,,
2008-02-13,,,
2008-02-14,,,
2008-02-15,,,
2008-02-16,,,
2008-02-17,,,
2008-02-18,,,
2008-02-19,,,
2008-02-20,,,
2008-02-21,,,
2008-02-22,,,
2008-02-23,,,
2008-02-24,,,
2008-02-25,,,
2008-02-26,,,
2008-02-27,,,
2008-02-28,,,
2008-02-29,,,
2008-03-01,,,
2008-03-02,,,
2008-03-03,,,
2008-03-04,,,108.41162015
2008-03-05,,,
2008-03-06,,,
2008-03-07,,,
2008-03-08,,,
2008-03-09,,,
2008-03-10,,,
2008-03-11,,,
2008-03-12,,,
2008-03-13,,,
2008-03-14,,,
2008-03-15,,,
2008-03-16,,,
2008-03-17,,,
2008-03-18,,,
2008-03-19,,,
2008-03-20,,,
2008-03-21,,,
2008-03-22,,,
2008-03-23,,,
2008-03-24,,,
2008-03-25,,,
2008-03-26,,,
2008-03-27,,,
2008-03-28,,,
2008-03-29,,,
2008-03-30,,,
2008-03-31,,,
2008-04-01,,,
2008-04-02,,,
2008-04-03,,,
2008-04-04,,,
2008-04-05,,,
2008-04-06,,,
2008-04-07,,,
2008-04-08,,,
2008-04-09,,,
2008-04-10,,,
2008-04-11,,,
2008-04-12,,100.13111711,
2008-04-13,,,
2008-04-14,,,
2008-04-15,,43.67572746,
2008-04-16,,,
2008-04-17,,,
2008-04-18,,79.16622727,
2008-04-19,,,
2008-04-20,,,
2008-04-21,,71.61854764,
2008-04-22,,,
2008-04-23,,,
2008-04-24,,98.66486781,
2008-04-25,,,
2008-04-26,,,
2008-04-27,,48.10482281,
2008-04-28,,,
2008-04-29,,,
2008-04-30,,74.86681183,
2008-05-01,,,
2008-05-02,,,
2008-05-03,,41.35841395,
2008-05-04,,,
2008-05-05,,,
2008-05-06,,36.87489358,
2008-05-07,,,
2008-05-08,,,
2008-05-09,,58.43035418,
2008-05-10,,,
2008-05-11,,,
2008-05-12,,39.86744056,
2008-05-13,,,
2008-05-14,,,
2008-05-15,,55.77316713,
2008-05-16,,,
2008-05-17,,,
2008-05-18,,57.14110785,
2008-05-19,,,
2008-05-20,,,
2008-05-21,,58.88595301,
2008-05-22,,,
2008-05-23,,,
2008-05-24,,56.37525107,
2008-05-25,,,
2008-05-26,,,
2008-05-27,,52.69942908,
2008-05-28,,,
2008-05-29,,,
2008-05-30,,52.44279917,
2008-05-31,,,
2008-06-01,,,
2008-06-02,,29.98675667,
2008-06-03,,,
2008-06-04,,,81.72812422
2008-06-05,,59.50852226,
2008-06-06,,,
2008-06-07,,,
2008-06-08,,30.89037549,
2008-06-09,,,
2008-06-10,,,
2008-06-11,,79.3208796,
2008-06-12,,,
2008-06-13,,,
2008-06-14,,58.06283912,
2008-06-15,,,
2008-06-16,,,
2008-06-17,,67.46287334,
2008-06-18,,,
2008-06-19,,,
2008-06-20,,58.44312649,
2008-06-21,,,
2008-06-22,,,
2008-06-23,,39.57917569,
2008-06-24,,,
2008-06-25,,,
2008-06-26,,55.34802826,
2008-06-27,,,
2008-06-28,,,
2008-06-29,,41.9782518,
2008-06-30,,,
2008-07-01,,,
2008-07-02,,48.73528681,
2008-07-03,,,
2008-07-04,,,
2008-07-05,,,
2008-07-06,,,
2008-07-07,,,
2008-07-08,,62.58322899,
2008-07-09,,,
2008-07-10,,,
2008-07-11,,92.39138675,
2008-07-12,,,
2008-07-13,,,
2008-07-14,,36.26506696,
2008-07-15,,,
2008-07-16,,,
2008-07-17,,51.98557719,
2008-07-18,,,
2008-07-19,,,
2008-07-20,,33.12794508,
2008-07-21,,,
2008-07-22,,,
2008-07-23,,70.05493096,
2008-07-24,,,
2008-07-25,,,
2008-07-26,,44.191572,
2008-07-27,,,
2008-07-28,,,
2008-07-29,,42.51349049,
2008-07-30,,,
2008-07-31,,,
2008-08-01,,52.07993556,
2008-08-02,,,
2008-08-03,,,
2008-08-04,,52.25011145,
2008-08-05,,,
2008-08-06,,,
2008-08-07,,50.99474862,
2008-08-08,,,
2008-08-09,,,
2008-08-10,,36.74259607,
2008-08-11,,,
2008-08-12,,,
2008-08-13,,58.58584448,
2008-08-14,,,
2008-08-15,,,
2008-08-16,,58.11661496,
2008-08-17,,,
2008-08-18,,,
2008-08-19,,50.50194635,
2008-08-20,,,
2008-08-21,,,
2008-08-22,,70.01698138,
2008-08-23,,,
2008-08-24,,,
2008-08-25,,33.44920447,
2008-08-26,,,
2008-08-27,,,
2008-08-28,,82.24652959,
2008-08-29,,,
2008-08-30,,,
2008-08-31,,23.84540843,
2008-09-01,,,
2008-09-02,,,
2008-09-03,,48.50389646,
2008-09-04,,,115.59735359
2008-09-05,,,
2008-09-06,,45.07292703,
2008-09-07,,,
2008-09-08,,,
2008-09-09,,34.47082275,
2008-09-10,,,
2008-09-11,,,
2008-09-12,,67.71783791,
2008-09-13,,,
2008-09-14,,,
2008-09-15,,60.91678405,
2008-09-16,,,
2008-09-17,,,
2008-09-18,,77.27389293,
2008-09-19,,,
2008-09-20,,,
2008-09-21,,48.70109781,
2008-09-22,,,
2008-09-23,,,
2008-09-24,,71.38233198,
2008-09-25,,,
2008-09-26,,,
2008-09-27,,58.38766814,
2008-09-28,,,
2008-09-29,,,
2008-09-30,,75.88089189,
2008-10-01,,,
2008-10-02,,,
2008-10-03,,61.46851459,
2008-10-04,,,
2008-10-05,,,
2008-10-06,,,
2008-10-07,,,
2008-10-08,,,
2008-10-09,,,
2008-10-10,,,
2008-10-11,,,
2008-10-12,,27.83278705,
2008-10-13,,,
2008-10-14,,,
2008-10-15,,94.7973789,
2008-10-16,,,
2008-10-17,,,
2008-10-18,,63.97078252,
2008-10-19,,,
2008-10-20,,,
2008-10-21,,48.9030591,
2008-10-22,,,
2008-10-23,,,
2008-10-24,,44.25178482,
2008-10-25,,,
2008-10-26,,,
2008-10-27,,58.74829762,
2008-10-28,,,
2008-10-29,,,
2008-10-30,,46.04294749,
2008-10-31,,,
2008-11-01,,,
2008-11-02,,38.65134115,
2008-11-03,,,
2008-11-04,,,
2008-11-05,,51.95962004,
2008-11-06,,,
2008-11-07,,,
2008-11-08,,135.12039504,
2008-11-09,,,
2008-11-10,,,
2008-11-11,,69.13289067,
2008-11-12,,,
2008-11-13,,,
2008-11-14,,75.55520649,
2008-11-15,,,
2008-11-16,,,
2008-11-17,,,
2008-11-18,,,
2008-11-19,,,
2008-11-20,,60.9534539,
2008-11-21,,,
2008-11-22,,,
2008-11-23,,48.55254175,
2008-11-24,,,
2008-11-25,,,
2008-11-26,,70.18611601,
2008-11-27,,,
2008-11-28,,,
2008-11-29,,40.40002977,
2008-11-30,,,
2008-12-01,,,
2008-12-02,,59.58103103,
2008-12-03,,,
2008-12-04,,,
2008-12-05,,54.20280878,
2008-12-06,,,
2008-12-07,,,
2008-12-08,,30.52874417,
2008-12-09,,,
2008-12-10,,,
2008-12-11,,89.56362119,
2008-12-12,,,
2008-12-13,,,
2008-12-14,,26.76633322,
2008-12-15,,,
2008-12-16,,,
2008-12-17,,49.58694742,
2008-12-18,,,
2008-12-19,,,
2008-12-20,,39.05719222,
2008-12-21,,,
2008-12-22,,,
2008-12-23,,40.33714502,
2008-12-24,,,
2008-12-25,,,
2008-12-26,,42.159932,
2008-12-27,,,
2008-12-28,,,
2008-12-29,,48.54259481,
2008-12-30,,,
2008-12-31,,,
2009-01-01,,31.84676455,
2009-01-02,,,
2009-01-03,,,
2009-01-04,,25.71237302,
2009-01-05,,,
2009-01-06,,,
2009-01-07,,53.30519292,
2009-01-08,,,
2009-01-09,,,
2009-01-10,,32.15996395,
2009-01-11,,,
2009-01-12,,,
2009-01-13,,43.57734098,
2009-01-14,,,
2009-01-15,,,
2009-01-16,,57.77584382,
2009-01-17,,,
2009-01-18,,,
2009-01-19,,40.08393742,
2009-01-20,,,
2009-01-21,,,
2009-01-22,,37.51632508,
2009-01-23,,,
2009-01-24,,,
2009-01-25,,33.08071887,
2009-01-26,,,
2009-01-27,,,
2009-01-28,,50.32306686,
2009-01-29,,,
2009-01-30,,,
2009-01-31,,38.33125607,
2009-02-01,,,
2009-02-02,,,
2009-02-03,,36.82974415,
2009-02-04,,,
2009-02-05,,,
2009-02-06,,44.80373378,
2009-02-07,,,
2009-02-08,,,
2009-02-09,,33.58221145,
2009-02-10,,,
2009-02-11,,,
2009-02-12,,39.25351712,
2009-02-13,,,
2009-02-14,,,
2009-02-15,,45.37575904,
2009-02-16,,,
2009-02-17,,,
2009-02-18,,48.23535032,
2009-02-19,,,
2009-02-20,,,
2009-02-21,,49.41880449,
2009-02-22,,,
2009-02-23,,,
2009-02-24,,75.21668244,
2009-02-25,,,
2009-02-26,,,
2009-02-27,,84.39505007,
2009-02-28,,,
2009-03-01,,,
2009-03-02,,56.2097734,
2009-03-03,,,
2009-03-04,,,
2009-03-05,,47.03662535,
2009-03-06,,,
2009-03-07,,,
2009-03-08,,54.14875711,
2009-03-09,,,
2009-03-10,,,
2009-03-11,,68.95958536,
2009-03-12,,,
2009-03-13,,,
2009-03-14,,77.37279738,
2009-03-15,,,
2009-03-16,,,
2009-03-17,,58.42824194,
2009-03-18,,,
2009-03-19,,,
2009-03-20,,60.23766125,
2009-03-21,,,
2009-03-22,,,
2009-03-23,,,
2009-03-24,,,
2009-03-25,,,
2009-03-26,,46.69483022,
2009-03-27,,,
2009-03-28,,,
2009-03-29,,74.43205311,
2009-03-30,,,
2009-03-31,,,
2009-04-01,,39.99143871,
2009-04-02,,,
2009-04-03,,,
2009-04-04,,42.10282532,
2009-04-05,,,
2009-04-06,,,
2009-04-07,,56.98393653,
2009-04-08,,,
2009-04-09,,,
2009-04-10,,20.47215043,
2009-04-11,,,
2009-04-12,,,
2009-04-13,,60.18180792,
2009-04-14,,,
2009-04-15,,,
2009-04-16,,42.01111082,
2009-04-17,,,
2009-04-18,,,
2009-04-19,,51.13529432,
2009-04-20,,,
2009-04-21,,,
2009-04-22,,,
2009-04-23,,,
2009-04-24,,,
2009-04-25,,67.03299253,
2009-04-26,,,
2009-04-27,,,
2009-04-28,,90.57685215,
2009-04-29,,,
2009-04-30,,,
2009-05-01,,35.53130104,
2009-05-02,,,
2009-05-03,,,
2009-05-04,,37.82182218,
2009-05-05,,,
2009-05-06,,,
2009-05-07,,79.07380488,
2009-05-08,,,
2009-05-09,,,
2009-05-10,,37.85073507,
2009-05-11,,,
2009-05-12,,,
2009-05-13,,45.14731309,
2009-05-14,,,
2009-05-15,,,
2009-05-16,,53.44956817,
2009-05-17,,,
2009-05-18,,,
2009-05-19,,53.81691731,
2009-05-20,,,
2009-05-21,,,
2009-05-22,,46.18018636,
2009-05-23,,,
2009-05-24,,,
2009-05-25,,26.22347363,
2009-05-26,,,
2009-05-27,,,
2009-05-28,,43.28793718,
2009-05-29,,,
2009-05-30,,,
2009-05-31,,29.04823264,
2009-06-01,,,
2009-06-02,,,
2009-06-03,,55.90290486,
2009-06-04,,,
2009-06-05,,,
2009-06-06,,42.80447627,
2009-06-07,,,
2009-06-08,,,
2009-06-09,,55.30075495,
2009-06-10,,,
2009-06-11,,,
2009-06-12,,62.73888834,
2009-06-13,,,
2009-06-14,,,
2009-06-15,,32.50099715,
2009-06-16,,,
2009-06-17,,,
2009-06-18,,32.37412918,
2009-06-19,,,
2009-06-20,,,
2009-06-21,,24.46601423,
2009-06-22,,,
2009-06-23,,,
2009-06-24,,68.29597551,
2009-06-25,,,
2009-06-26,,,
2009-06-27,,37.99377296,
2009-06-28,,,
2009-06-29,,,
2009-06-30,,34.78424369,
2009-07-01,,,
2009-07-02,,,
2009-07-03,,33.08375283,
2009-07-04,,,
2009-07-05,,,
2009-07-06,,48.54882374,
2009-07-07,,,
2009-07-08,,,
2009-07-09,,58.76101094,
2009-07-10,,,
2009-07-11,,,
2009-07-12,,25.47789313,
2009-07-13,,,
2009-07-14,,,
2009-07-15,,43.50203491,
2009-07-16,,,
2009-07-17,,,
2009-07-18,,37.23621779,
2009-07-19,,,
2009-07-20,,,
2009-07-21,,40.35964638,
2009-07-22,,,
2009-07-23,,,
2009-07-24,,58.37472675,
2009-07-25,,,
2009-07-26,,,
2009-07-27,,60.03052831,
2009-07-28,,,
2009-07-29,,,
2009-07-30,,61.86450745,
2009-07-31,,,
2009-08-01,,,
2009-08-02,,64.42576538,
2009-08-03,,,
2009-08-04,,,
2009-08-05,,36.24267669,
2009-08-06,,,
2009-08-07,,,
2009-08-08,,24.8497697,
2009-08-09,,,
2009-08-10,,,
2009-08-11,,34.17537025,
2009-08-12,,,
2009-08-13,,,
2009-08-14,,46.17122574,
2009-08-15,,,
2009-08-16,,,
2009-08-17,,18.00949678,
2009-08-18,,,
2009-08-19,,,
2009-08-20,,53.13055995,
2009-08-21,,,
2009-08-22,,,
2009-08-23,,27.2592358,
2009-08-24,,,
2009-08-25,,,
2009-08-26,,35.29969911,
2009-08-27,,,
2009-08-28,,,
2009-08-29,,59.91666723,
2009-08-30,,,
2009-08-31,,,
2009-09-01,,37.4511366,
2009-09-02,,,
2009-09-03,,,
2009-09-04,,,
2009-09-05,,,
2009-09-06,,,
2009-09-07,,50.61879294,
2009-09-08,,,
2009-09-09,,,
2009-09-10,,35.51635124,
2009-09-11,,,
2009-09-12,,,
2009-09-13,,33.02054545,
2009-09-14,,,
2009-09-15,,,
2009-09-16,,61.17992751,
2009-09-17,,,
2009-09-18,,,
2009-09-19,,32.73645185,
2009-09-20,,,
2009-09-21,,,
2009-09-22,,44.54623294,
2009-09-23,,,
2009-09-24,,,
2009-09-25,,63.73657454,
2009-09-26,,,
2009-09-27,,,
2009-09-28,,45.61750606,
2009-09-29,,,
2009-09-30,,,
2009-10-01,,51.19582329,
2009-10-02,,,
2009-10-03,,,
2009-10-04,,37.58692652,
2009-10-05,,,
2009-10-06,,,
2009-10-07,,57.19277284,
2009-10-08,,,
2009-10-09,,,
2009-10-10,,53.77687245,
2009-10-11,,,
2009-10-12,,,
2009-10-13,,54.53095812,
2009-10-14,,,
2009-10-15,,,
2009-10-16,,59.32808379,
2009-10-17,,,
2009-10-18,,,
2009-10-19,,51.97628787,
2009-10-20,,,
2009-10-21,,,
2009-10-22,,46.8911178,
2009-10-23,,,
2009-10-24,,,
2009-10-25,,25.04440773,
2009-10-26,,,
2009-10-27,,,
2009-10-28,,54.81131797,
2009-10-29,,,
2009-10-30,,,
2009-10-31,,80.51840069,
2009-11-01,,,
2009-11-02,,,
2009-11-03,,46.98676179,
2009-11-04,,,
2009-11-05,,,
2009-11-06,,63.3041764,
2009-11-07,,,
2009-11-08,,,
2009-11-09,,41.05099134,
2009-11-10,,,
2009-11-11,,,
2009-11-12,,43.78862358,
2009-11-13,,,
2009-11-14,,,
2009-11-15,,40.41774705,
2009-11-16,,,
2009-11-17,,,
2009-11-18,,34.7762701,
2009-11-19,,,
2009-11-20,,,
2009-11-21,,,
2009-11-22,,,
2009-11-23,,,
2009-11-24,,57.10188284,
2009-11-25,,,
2009-11-26,,,
2009-11-27,,45.51963028,
2009-11-28,,,
2009-11-29,,,
2009-11-30,,58.15436941,
2009-12-01,,,
2009-12-02,,,
2009-12-03,,49.10780919,
2009-12-04,,,
2009-12-05,,,
2009-12-06,,36.25778512,
2009-12-07,,,
2009-12-08,,,
2009-12-09,,56.96003469,
2009-12-10,,,
2009-12-11,,,
2009-12-12,,38.45785991,
2009-12-13,,,
2009-12-14,,,
2009-12-15,,47.50550782,
2009-12-16,,,
2009-12-17,,,
2009-12-18,,77.66841631,
2009-12-19,,,
2009-12-20,,,
2009-12-21,,53.09068707,
2009-12-22,,,
2009-12-23,,,
2009-12-24,,,
2009-12-25,,,
2009-12-26,,,
2009-12-27,,28.16398923,
2009-12-28,,,
2009-12-29,,,
2009-12-30,,39.88818329,
2009-12-31,,,
2010-01-01,,,
2010-01-02,,,
2010-01-03,,,
2010-01-04,,,
2010-01-05,,46.03271519,
2010-01-06,,,
2010-01-07,,,
2010-01-08,,44.2751574,
2010-01-09,,,
2010-01-10,,,
2010-01-11,,39.09434663,
2010-01-12,,,
2010-01-13,,,
2010-01-14,,60.57990112,
2010-01-15,,,
2010-01-16,,,
2010-01-17,,66.55684816,
2010-01-18,,,
2010-01-19,,,
2010-01-20,,62.195499,
2010-01-21,,,
2010-01-22,,,
2010-01-23,,62.66149096,
2010-01-24,,,
2010-01-25,,,
2010-01-26,,50.26872019,
2010-01-27,,,
2010-01-28,,,
2010-01-29,,43.98182013,
2010-01-30,,,
2010-01-31,,,
2010-02-01,,52.5028247,
2010-02-02,,,
2010-02-03,,,
2010-02-04,,58.09901535,
2010-02-05,,,
2010-02-06,,,
2010-02-07,,46.47719528,
2010-02-08,,,
2010-02-09,,,
2010-02-10,,69.96062043,
2010-02-11,,,
2010-02-12,,,
2010-02-13,,64.20325115,
2010-02-14,,,
2010-02-15,,,
2010-02-16,,64.94207794,
2010-02-17,,,
2010-02-18,,,
2010-02-19,,80.3722889,
2010-02-20,,,
2010-02-21,,,
2010-02-22,,66.84591516,
2010-02-23,,,
2010-02-24,,,
2010-02-25,,41.00377871,
2010-02-26,,,
2010-02-27,,,
2010-02-28,,37.61591902,
2010-03-01,,,
2010-03-02,,,
2010-03-03,,37.85004458,
2010-03-04,,,
2010-03-05,,,
2010-03-06,,49.23500512,
2010-03-07,,,
2010-03-08,,,
2010-03-09,,41.34514754,
2010-03-10,,,
2010-03-11,,,
2010-03-12,,50.21259522,
2010-03-13,,,
2010-03-14,,,
2010-03-15,,54.13342028,
2010-03-16,,,
2010-03-17,,,
2010-03-18,,38.9305648,
2010-03-19,,,
2010-03-20,,,
2010-03-21,,37.1735964,
2010-03-22,,,
2010-03-23,,,
2010-03-24,,74.1576817,
2010-03-25,,,
2010-03-26,,,
2010-03-27,,65.90175926,
2010-03-28,,,
2010-03-29,,,
2010-03-30,,30.70191447,
2010-03-31,,,
2010-04-01,,,
2010-04-02,,37.45245813,
2010-04-03,,,
2010-04-04,,,
2010-04-05,,44.7483313,
2010-04-06,,,
2010-04-07,,,
2010-04-08,,57.0985804,
2010-04-09,,,
2010-04-10,,,
2010-04-11,,47.86658947,
2010-04-12,,,
2010-04-13,,,
2010-04-14,,46.41635398,
2010-04-15,,,
2010-04-16,,,
2010-04-17,,40.90744449,
2010-04-18,,,
2010-04-19,,,
2010-04-20,,45.3893789,
2010-04-21,,,
2010-04-22,,,
2010-04-23,,33.59397282,
2010-04-24,,,
2010-04-25,,,
2010-04-26,,38.252656,
2010-04-27,,,
2010-04-28,,,
2010-04-29,,45.75723938,
2010-04-30,,,
2010-05-01,,,
2010-05-02,,45.4477119,
2010-05-03,,,
2010-05-04,,,
2010-05-05,,47.63013903,
2010-05-06,,,
2010-05-07,,,
2010-05-08,,29.90013317,
2010-05-09,,,
2010-05-10,,,
2010-05-11,,25.95921736,
2010-05-12,,,
2010-05-13,,,
2010-05-14,,31.85391919,
2010-05-15,,,
2010-05-16,,,
2010-05-17,,24.78502646,
2010-05-18,,,
2010-05-19,,,
2010-05-20,,39.2345622,
2010-05-21,,,
2010-05-22,,,
2010-05-23,,47.6156028,
2010-05-24,,,
2010-05-25,,,
2010-05-26,,52.93431066,
2010-05-27,,,
2010-05-28,,,
2010-05-29,,46.38427128,
2010-05-30,,,
2010-05-31,,,
2010-06-01,,51.99823615,
2010-06-02,,,
2010-06-03,,,
2010-06-04,,33.14680044,
2010-06-05,,,
2010-06-06,,,
2010-06-07,,30.03652209,
2010-06-08,,,
2010-06-09,,,
2010-06-10,,56.69143958,
2010-06-11,,,
2010-06-12,,,
2010-06-13,,45.95150636,
2010-06-14,,,
2010-06-15,,,
2010-06-16,,27.43692232,
2010-06-17,,,
2010-06-18,,,
2010-06-19,,44.35495393,
2010-06-20,,,
2010-06-21,,,
2010-06-22,,39.07042118,
2010-06-23,,,
2010-06-24,,,
2010-06-25,,30.03274779,
2010-06-26,,,
2010-06-27,,,
2010-06-28,,30.40237258,
2010-06-29,,,
2010-06-30,,,
2010-07-01,,54.17173589,
2010-07-02,,,
2010-07-03,,,
2010-07-04,,30.44472446,
2010-07-05,,,
2010-07-06,,,
2010-07-07,,64.8939099,
2010-07-08,,,
2010-07-09,,,
2010-07-10,,41.84132787,
2010-07-11,,,
2010-07-12,,,
2010-07-13,,37.22593075,
2010-07-14,,,
2010-07-15,,,
2010-07-16,,,
2010-07-17,,,
2010-07-18,,,
2010-07-19,,,
2010-07-20,,,
2010-07-21,,,
2010-07-22,,,
2010-07-23,,,
2010-07-24,,,
2010-07-25,,,
2010-07-26,,,
2010-07-27,,,
2010-07-28,,,
2010-07-29,,,
2010-07-30,,,
2010-07-31,,,
2010-08-01,,,
2010-08-02,,,
2010-08-03,,,
2010-08-04,,,
2010-08-05,,,
2010-08-06,,,
2010-08-07,,,
2010-08-08,,,
2010-08-09,,,
2010-08-10,,,
2010-08-11,,,
2010-08-12,,,
2010-08-13,,,
2010-08-14,,,
2010-08-15,,,
2010-08-16,,,
2010-08-17,,,
2010-08-18,,,
2010-08-19,,,
2010-08-20,,,
2010-08-21,,,
2010-08-22,,,
2010-08-23,,,
2010-08-24,,,
2010-08-25,,,
2010-08-26,,,
2010-08-27,,,
2010-08-28,,,
2010-08-29,,,
2010-08-30,,,
2010-08-31,,,
2010-09-01,,,
2010-09-02,,,
2010-09-03,,,
2010-09-04,,,
2010-09-05,,,
2010-09-06,,,
2010-09-07,,,
2010-09-08,,,
2010-09-09,,,
2010-09-10,,,
2010-09-11,,,
2010-09-12,,,
2010-09-13,,,
2010-09-14,,,
2010-09-15,,,
2010-09-16,,,
2010-09-17,,,
2010-09-18,,,
2010-09-19,,,
2010-09-20,,,
2010-09-21,,,
2010-09-22,,,
2010-09-23,,,
2010-09-24,,,
2010-09-25,,,
2010-09-26,,,
2010-09-27,,,
2010-09-28,,,
2010-09-29,,,
2010-09-30,,,
2010-10-01,,,
2010-10-02,,,
2010-10-03,,,
2010-10-04,,,
2010-10-05,,,
2010-10-06,,,
2010-10-07,,,
2010-10-08,,,
2010-10-09,,,
2010-10-10,,,
2010-10-11,,,
2010-10-12,,,
2010-10-13,,,
2010-10-14,,,
2010-10-15,,,
2010-10-16,,,
2010-10-17,,,
2010-10-18,,,
2010-10-19,,,
2010-10-20,,,
2010-10-21,,,
2010-10-22,,,
2010-10-23,,,
2010-10-24,,,
2010-10-25,,,
2010-10-26,,,
2010-10-27,,,
2010-10-28,,,
2010-10-29,,,
2010-10-30,,,
2010-10-31,,,
2010-11-01,,,
2010-11-02,,,
2010-11-03,,,
2010-11-04,,,
2010-11-05,,,
2010-11-06,,,
2010-11-07,,,
2010-11-08,,,
2010-11-09,,,
2010-11-10,,,
2010-11-11,,,
2010-11-12,,,
2010-11-13,,,
2010-11-14,,,
2010-11-15,,,
2010-11-16,,,
2010-11-17,,,
2010-11-18,,,
2010-11-19,,,
2010-11-20,,,
2010-11-21,,,
2010-11-22,,,
2010-11-23,,,
2010-11-24,,,
2010-11-25,,,
2010-11-26,,,
2010-11-27,,,
2010-11-28,,,
2010-11-29,,,
2010-11-30,,,
2010-12-01,,,
2010-12-02,,,
2010-12-03,,,
2010-12-04,,,
2010-12-05,,,
2010-12-06,,,
2010-12-07,,,
2010-12-08,,,
2010-12-09,,,
2010-12-10,,,
2010-12-11,,,
2010-12-12,,,
2010-12-13,,,
2010-12-14,,,
2010-12-15,,,
2010-12-16,,,
2010-12-17,,,
2010-12-18,,,
2010-12-19,,,
2010-12-20,,,
2010-12-21,,,
2010-12-22,,,
2010-12-23,,,
2010-12-24,,,
2010-12-25,,,
2010-12-26,,,
2010-12-27,,,
2010-12-28,,,
2010-12-29,,,
2010-12-30,,,
2010-12-31,,,
2011-01-01,,,
2011-01-02,,,
2011-01-03,,,
2011-01-04,,,
2011-01-05,,,
2011-01-06,,,
2011-01-07,,,
2011-01-08,,,
2011-01-09,,,
2011-01-10,,,
2011-01-11,,,
2011-01-12,,,
2011-01-13,,,
2011-01-14,,,
2011-01-15,,,
2011-01-16,,,
2011-01-17,,,
2011-01-18,,,
2011-01-19,,,
2011-01-20,,,
2011-01-21,,,
2011-01-22,,,
2011-01-23,,,
2011-01-24,,,
2011-01-25,,,
2011-01-26,,,
2011-01-27,,,
2011-01-28,,,
2011-01-29,,,
2011-01-30,,,
2011-01-31,,,
2011-02-01,,,
2011-02-02,,,
2011-02-03,,,
2011-02-04,,,
2011-02-05,,,
2011-02-06,,,
2011-02-07,,,
2011-02-08,,,
2011-02-09,,,
2011-02-10,,,
2011-02-11,,,
2011-02-12,,,
2011-02-13,,,
2011-02-14,,,
2011-02-15,,,
2011-02-16,,,
2011-02-17,,,
2011-02-18,,,
2011-02-19,,,
2011-02-20,,,
2011-02-21,,,
2011-02-22,,,
2011-02-23,,,
2011-02-24,,,
2011-02-25,,,
2011-02-26,,,
2011-02-27,,,
2011-02-28,,,
2011-03-01,,,
2011-03-02,,,
2011-03-03,,,
2011-03-04,,,
2011-03-05,,,
2011-03-06,,,
2011-03-07,,,
2011-03-08,,,
2011-03-09,,,
2011-03-10,,,
2011-03-11,,,
2011-03-12,,,
2011-03-13,,,
2011-03-14,,,
2011-03-15,,,
2011-03-16,,,
2011-03-17,,,
2011-03-18,,,
2011-03-19,,,
2011-03-20,,,
2011-03-21,,,
2011-03-22,,,
2011-03-23,,,
2011-03-24,,,
2011-03-25,,,
2011-03-26,,,
2011-03-27,,,
2011-03-28,,,
2011-03-29,,,
2011-03-30,,,
2011-03-31,,,
2011-04-01,,,
2011-04-02,,,
2011-04-03,,,
2011-04-04,,,
2011-04-05,,,
2011-04-06,,,
2011-04-07,,,
2011-04-08,,,
2011-04-09,,,
2011-04-10,,,
2011-04-11,,,
2011-04-12,,,
2011-04-13,,,
2011-04-14,,,
2011-04-15,,,
2011-04-16,,,
2011-04-17,,,
2011-04-18,,,
2011-04-19,,,
2011-04-20,,,
2011-04-21,,,
2011-04-22,,,
2011-04-23,,,
2011-04-24,,,
2011-04-25,,,
2011-04-26,,,
2011-04-27,,,
2011-04-28,,,
2011-04-29,,,
2011-04-30,,,
2011-05-01,,,
2011-05-02,,,
2011-05-03,,,
2011-05-04,,,
2011-05-05,,,
2011-05-06,,,
2011-05-07,,,
2011-05-08,,,
2011-05-09,,,
2011-05-10,,,
2011-05-11,,,
2011-05-12,,,
2011-05-13,,,
2011-05-14,,,
2011-05-15,,,
2011-05-16,,,
2011-05-17,,,
2011-05-18,,,
2011-05-19,,,
2011-05-20,,,
2011-05-21,,,
2011-05-22,,,
2011-05-23,,,
2011-05-24,,,
2011-05-25,,,
2011-05-26,,,
2011-05-27,,,
2011-05-28,,,
2011-05-29,,,
2011-05-30,,,
2011-05-31,,,
2011-06-01,,,
2011-06-02,,,
2011-06-03,,,
2011-06-04,,,
2011-06-05,,,
2011-06-06,,,
2011-06-07,,,
2011-06-08,,,
2011-06-09,,,
2011-06-10,,,
2011-06-11,,,
2011-06-12,,,
2011-06-13,,,
2011-06-14,,,
2011-06-15,,,
2011-06-16,,,
2011-06-17,,,
2011-06-18,,,
2011-06-19,,,
2011-06-20,,,
2011-06-21,,,
2011-06-22,,,
2011-06-23,,,
2011-06-24,,,
2011-06-25,,,
2011-06-26,,,
2011-06-27,,,
2011-06-28,,,
2011-06-29,,,
2011-06-30,,,
2011-07-01,,,
2011-07-02,,,
2011-07-03,,,
2011-07-04,,,
2011-07-05,,,
2011-07-06,,,
2011-07-07,,,
2011-07-08,,,
2011-07-09,,,
2011-07-10,,,
2011-07-11,,,
2011-07-12,,,
2011-07-13,,,
2011-07-14,,,
2011-07-15,,,
2011-07-16,,,
2011-07-17,,,
2011-07-18,,,
2011-07-19,,,
2011-07-20,,,
2011-07-21,,,
2011-07-22,,,
2011-07-23,,,
2011-07-24,,,
2011-07-25,,,
2011-07-26,,,
2011-07-27,,,
2011-07-28,,,
2011-07-29,,,
2011-07-30,,,
2011-07-31,,,
2011-08-01,,,
2011-08-02,,,
2011-08-03,,,
2011-08-04,,,
2011-08-05,,,
2011-08-06,,,
2011-08-07,,,
2011-08-08,,,
2011-08-09,,,
2011-08-10,,,
2011-08-11,,,
2011-08-12,,,
2011-08-13,,,
2011-08-14,,,
2011-08-15,,,
2011-08-16,,,
2011-08-17,,,
2011-08-18,,,
2011-08-19,,,
2011-08-20,,,
2011-08-21,,,
2011-08-22,,,
2011-08-23,,,
2011-08-24,,,
2011-08-25,,,
2011-08-26,,,
2011-08-27,,,
2011-08-28,,,
2011-08-29,,,
2011-08-30,,,
2011-08-31,,,
2011-09-01,,,
2011-09-02,,,
2011-09-03,,,
2011-09-04,,,
2011-09-05,,,
2011-09-06,,,
2011-09-07,,,
2011-09-08,,,
2011-09-09,,,
2011-09-10,,,
2011-09-11,,,
2011-09-12,,,
2011-09-13,,,
2011-09-14,,,
2011-09-15,,,
2011-09-16,,,
2011-09-17,,,
2011-09-18,,,
2011-09-19,,,
2011-09-20,,,
2011-09-21,,,
2011-09-22,,,
2011-09-23,,,
2011-09-24,,,
2011-09-25,,,
2011-09-26,,,
2011-09-27,,,
2011-09-28,,,
2011-09-29,,,
2011-09-30,,,
2011-10-01,,,
2011-10-02,,,
2011-10-03,,,
2011-10-04,,,
2011-10-05,,,
2011-10-06,,,
2011-10-07,,,
2011-10-08,,,
2011-10-09,,,
2011-10-10,,,
2011-10-11,,,
2011-10-12,,,
2011-10-13,,,
2011-10-14,,,
2011-10-15,,,
2011-10-16,,,
2011-10-17,,,
2011-10-18,,,
2011-10-19,,,
2011-10-20,,,
2011-10-21,,,
2011-10-22,,,
2011-10-23,,,
2011-10-24,,,
2011-10-25,,,
2011-10-26,,,
2011-10-27,,,
2011-10-28,,,
2011-10-29,,,
2011-10-30,,,
2011-10-31,,,
2011-11-01,,,
2011-11-02,,,
2011-11-03,,,
2011-11-04,,,
2011-11-05,,,
2011-11-06,,,
2011-11-07,,,
2011-11-08,,,
2011-11-09,,,
2011-11-10,,,
2011-11-11,,,
2011-11-12,,,
2011-11-13,,,
2011-11-14,,,
2011-11-15,,,
2011-11-16,,,
2011-11-17,,,
2011-11-18,,,
2011-11-19,,,
2011-11-20,,,
2011-11-21,,,
2011-11-22,,,
2011-11-23,,,
2011-11-24,,,
2011-11-25,,,
2011-11-26,,,
2011-11-27,,,
2011-11-28,,,
2011-11-29,,,
2011-11-30,,,
2011-12-01,,,
2011-12-02,,,
2011-12-03,,,
2011-12-04,,,
2011-12-05,,,
2011-12-06,,,
2011-12-07,,,
2011-12-08,,,
2011-12-09,,,
2011-12-10,,,
2011-12-11,,,
2011-12-12,,,
2011-12-13,,,
2011-12-14,,,
2011-12-15,,,
2011-12-16,,,
2011-12-17,,,
2011-12-18,,,
2011-12-19,,,
2011-12-20,,,
2011-12-21,,,
2011-12-22,,,
2011-12-23,,,
2011-12-24,,,
2011-12-25,,,
2011-12-26,,,
2011-12-27,,,
2011-12-28,,,
2011-12-29,,,
2011-12-30,,,
2011-12-31,,,
2012-01-01,,,
2012-01-02,,,
2012-01-03,,,
2012-01-04,,,
2012-01-05,,,
2012-01-06,,,
2012-01-07,,,
2012-01-08,,,
2012-01-09,,,
2012-01-10,,,
2012-01-11,,,
2012-01-12,,,
2012-01-13,,,
2012-01-14,,,
2012-01-15,,,
2012-01-16,,,
2012-01-17,,,
2012-01-18,,,
2012-01-19,,,
2012-01-20,,,
2012-01-21,,,
2012-01-22,,,
2012-01-23,,,
2012-01-24,,,
2012-01-25,,,
2012-01-26,,,
2012-01-27,,,
2012-01-28,,,
2012-01-29,,,
2012-01-30,,,
2012-01-31,,,
2012-02-01,,,
2012-02-02,,,
2012-02-03,,,
2012-02-04,,,
2012-02-05,,,
2012-02-06,,,
2012-02-07,,,
2012-02-08,,,
2012-02-09,,,
2012-02-10,,,
2012-02-11,,,
2012-02-12,,,
2012-02-13,,,
2012-02-14,,,
2012-02-15,,,
2012-02-16,,,
2012-02-17,,,
2012-02-18,,,
2012-02-19,,,
2012-02-20,,,
2012-02-21,,,
2012-02-22,,,
2012-02-23,,,
2012-02-24,,,
2012-02-25,,,
2012-02-26,,,
2012-02-27,,,
2012-02-28,,,
2012-02-29,,,
2012-03-01,,,
2012-03-02,,,
2012-03-03,,,
2012-03-04,,,
2012-03-05,,,
2012-03-06,,,
2012-03-07,,,
2012-03-08,,,
2012-03-09,,,
2012-03-10,,,
2012-03-11,,,
2012-03-12,,,
2012-03-13,,,
2012-03-14,,,
2012-03-15,,,
2012-03-16,,,
2012-03-17,,,
2012-03-18,,,
2012-03-19,,,
2012-03-20,,,
2012-03-21,,,
2012-03-22,,,
2012-03-23,,,
2012-03-24,,,
2012-03-25,,,
2012-03-26,,,
2012-03-27,,,
2012-03-28,,,
2012-03-29,,,
2012-03-30,,,
2012-03-31,,,
2012-04-01,,,
2012-04-02,,,
2012-04-03,,,
2012-04-04,,,
2012-04-05,,,
2012-04-06,,,
2012-04-07,,,
2012-04-08,,,
2012-04-09,,,
2012-04-10,,,
2012-04-11,,,
2012-04-12,,,
2012-04-13,,,
2012-04-14,,,
2012-04-15,,,
2012-04-16,,,
2012-04-17,,,
2012-04-18,,,
2012-04-19,,,
2012-04-20,,,
2012-04-21,,,
2012-04-22,,,
2012-04-23,,,
2012-04-24,,,
2012-04-25,,,
2012-04-26,,,
2012-04-27,,,
2012-04-28,,,
2012-04-29,,,
2012-04-30,,,
2012-05-01,,,
2012-05-02,,,
2012-05-03,,,
2012-05-04,,,
2012-05-05,,,
2012-05-06,,,
2012-05-07,,,
2012-05-08,,,
2012-05-09,,,
2012-05-10,,,
2012-05-11,,,
2012-05-12,,,
2012-05-13,,,
2012-05-14,,,
2012-05-15,,,
2012-05-16,,,
2012-05-17,,,
2012-05-18,,,
2012-05-19,,,
2012-05-20,,,
2012-05-21,,,
2012-05-22,,,
2012-05-23,,,
2012-05-24,,,
2012-05-25,,,
2012-05-26,,,
2012-05-27,,,
2012-05-28,,,
2012-05-29,,,
2012-05-30,,,
2012-05-31,,,
2012-06-01,,,
2012-06-02,,,
2012-06-03,,,
2012-06-04,,,
2012-06-05,,,
2012-06-06,,,
2012-06-07,,,
2012-06-08,,,
2012-06-09,,,
2012-06-10,,,
2012-06-11,,,
2012-06-12,,,
2012-06-13,,,
2012-06-14,,,
2012-06-15,,,
2012-06-16,,,
2012-06-17,,,
2012-06-18,,,
2012-06-19,,,
2012-06-20,,,
2012-06-21,,,
2012-06-22,,,
2012-06-23,,,
2012-06-24,,,
2012-06-25,,,
2012-06-26,,,
2012-06-27,,,
2012-06-28,,,
2012-06-29,,,
2012-06-30,,,
2012-07-01,,,
2012-07-02,,,
2012-07-03,,,
2012-07-04,,,
2012-07-05,,,
2012-07-06,,,
2012-07-07,,,
2012-07-08,,,
2012-07-09,,,
2012-07-10,,,
2012-07-11,,,
2012-07-12,,,
2012-07-13,,,
2012-07-14,,,
2012-07-15,,,
2012-07-16,,,
2012-07-17,,,
2012-07-18,,,
2012-07-19,,,
2012-07-20,,,
2012-07-21,,,
2012-07-22,,,
2012-07-23,,,
2012-07-24,,,
2012-07-25,,,
2012-07-26,,,
2012-07-27,,,
2012-07-28,,,
2012-07-29,,,
2012-07-30,,,
2012-07-31,,,
2012-08-01,,,
2012-08-02,,,
2012-08-03,,,
2012-08-04,,,
2012-08-05,,,
2012-08-06,,,
2012-08-07,,,
2012-08-08,,,
2012-08-09,,,
2012-08-10,,,
2012-08-11,,,
2012-08-12,,,
2012-08-13,,,
2012-08-14,,,
2012-08-15,,,
2012-08-16,,,
2012-08-17,,,
2012-08-18,,,
2012-08-19,,,
2012-08-20,,,
2012-08-21,,,
2012-08-22,,,
2012-08-23,,,
2012-08-24,,,
2012-08-25,,,
2012-08-26,,,
2012-08-27,,,
2012-08-28,,,
2012-08-29,,,
2012-08-30,,,
2012-08-31,,,
2012-09-01,,,
2012-09-02,,,
2012-09-03,,,
2012-09-04,,,
2012-09-05,,,
2012-09-06,,,
2012-09-07,,,
2012-09-08,,,
2012-09-09,,,
2012-09-10,,,
2012-09-11,,,
2012-09-12,,,
2012-09-13,,,
2012-09-14,,,
2012-09-15,,,
2012-09-16,,,
2012-09-17,,,
2012-09-18,,,
2012-09-19,,,
2012-09-20,,,
2012-09-21,,,
2012-09-22,,,
2012-09-23,,,
2012-09-24,,,
2012-09-25,,,
2012-09-26,,,
2012-09-27,,,
2012-09-28,,,
2012-09-29,,,
2012-09-30,,,
2012-10-01,,,
2012-10-02,,,
2012-10-03,,,
2012-10-04,,,
2012-10-05,,,
2012-10-06,,,
2012-10-07,,,
2012-10-08,,,
2012-10-09,,,
2012-10-10,,,
2012-10-11,,,
2012-10-12,,,
2012-10-13,,,
2012-10-14,,,
2012-10-15,,,
2012-10-16,,,
2012-10-17,,,
2012-10-18,,,
2012-10-19,,,
2012-10-20,,,
2012-10-21,,,
2012-10-22,,,
2012-10-23,,,
2012-10-24,,,
2012-10-25,,,
2012-10-26,,,
2012-10-27,,,
2012-10-28,,,
2012-10-29,,,
2012-10-30,,,
2012-10-31,,,
2012-11-01,,,
2012-11-02,,,
2012-11-03,,,
2012-11-04,,,
2012-11-05,,,
2012-11-06,,,
2012-11-07,,,
2012-11-08,,,
2012-11-09,,,
2012-11-10,,,
2012-11-11,,,
2012-11-12,,,
2012-11-13,,,
2012-11-14,,,
2012-11-15,,,
2012-11-16,,,
2012-11-17,,,
2012-11-18,,,
2012-11-19,,,
2012-11-20,,,
2012-11-21,,,
2012-11-22,,,
2012-11-23,,,
2012-11-24,,,
2012-11-25,,,
2012-11-26,,,
2012-11-27,,,
2012-11-28,,,
2012-11-29,,,
2012-11-30,,,
2012-12-01,,,
2012-12-02,,,
2012-12-03,,,
2012-12-04,,,
2012-12-05,,,
2012-12-06,,,
2012-12-07,,,
2012-12-08,,,
2012-12-09,,,
2012-12-10,,,
2012-12-11,,,
2012-12-12,,,
2012-12-13,,,
2012-12-14,,,
2012-12-15,,,
2012-12-16,,,
2012-12-17,,,
2012-12-18,,,
2012-12-19,,,
2012-12-20,,,
2012-12-21,,,
2012-12-22,,,
2012-12-23,,,
2012-12-24,,,
2012-12-25,,,
2012-12-26,,,
2012-12-27,,,
2012-12-28,,,
2012-12-29,,,
2012-12-30,,,
2012-12-31,,,
2013-01-01,,,
2013-01-02,,,
2013-01-03,,,
2013-01-04,,,
2013-01-05,,,
2013-01-06,,,
2013-01-07,,,
2013-01-08,,,
2013-01-09,,,
2013-01-10,,,
2013-01-11,,,
2013-01-12,,,
2013-01-13,,,
2013-01-14,,,
2013-01-15,,,
2013-01-16,,,
2013-01-17,,,
2013-01-18,,,
2013-01-19,,,
2013-01-20,,,
2013-01-21,,,
2013-01-22,,,
2013-01-23,,,
2013-01-24,,,
2013-01-25,,,
2013-01-26,,,
2013-01-27,,,
2013-01-28,,,
2013-01-29,,,
2013-01-30,,,
2013-01-31,,,
2013-02-01,,,
2013-02-02,,,
2013-02-03,,,
2013-02-04,,,
2013-02-05,,,
2013-02-06,,,
2013-02-07,,,
2013-02-08,,,
2013-02-09,,,
2013-02-10,,,
2013-02-11,,,
2013-02-12,,,
2013-02-13,,,
2013-02-14,,,
2013-02-15,,,
2013-02-16,,,
2013-02-17,,,
2013-02-18,,,
2013-02-19,,,
2013-02-20,,,
2013-02-21,,,
2013-02-22,,,
2013-02-23,,,
2013-02-24,,,
2013-02-25,,,
2013-02-26,,,
2013-02-27,,,
2013-02-28,,,
2013-03-01,,,
2013-03-02,,,
2013-03-03,,,
2013-03-04,,,
2013-03-05,,,
2013-03-06,,,
2013-03-07,,,
2013-03-08,,,
2013-03-09,,,
2013-03-10,,,
2013-03-11,,,
2013-03-12,,,
2013-03-13,,,
2013-03-14,,,
2013-03-15,,,
2013-03-16,,,
2013-03-17,,,
2013-03-18,,,
2013-03-19,,,
2013-03-20,,,
2013-03-21,,,
2013-03-22,,,
2013-03-23,,,
2013-03-24,,,
2013-03-25,,,
2013-03-26,,,
2013-03-27,,,
2013-03-28,,,
2013-03-29,,,
2013-03-30,,,
2013-03-31,,,
2013-04-01,35.575,,
2013-04-02,44.58333333,,
2013-04-03,41.9,,
2013-04-04,40.25,,
2013-04-05,54.1,,
2013-04-06,55.71666667,,
2013-04-07,48.82608696,,
2013-04-08,50.0125,,
2013-04-09,49.60833333,,
2013-04-10,47.67916667,,
2013-04-11,53.77083333,,
2013-04-12,35.8375,,
2013-04-13,44.1375,,
2013-04-14,45.65833333,,
2013-04-15,37.6125,,
2013-04-16,39.16666667,,
2013-04-17,38.0375,,
2013-04-18,28.6,,
2013-04-19,20.09583333,,
2013-04-20,33.49583333,,
2013-04-21,31.62916667,,
2013-04-22,35.22916667,,
2013-04-23,43.87083333,,
2013-04-24,35.875,,
2013-04-25,30.7375,,
2013-04-26,38.02916667,,
2013-04-27,27.48333333,,
2013-04-28,40.52916667,,
2013-04-29,18.625,,
2013-04-30,37.20833333,,
2013-05-01,29.29166667,,
2013-05-02,13.95416667,,
2013-05-03,32.60833333,,
2013-05-04,41.77083333,,
2013-05-05,35.5625,,
2013-05-06,30.60416667,,
2013-05-07,26.58333333,,
2013-05-08,19.43333333,,
2013-05-09,26.90833333,,
2013-05-10,23.34166667,,
2013-05-11,25.15833333,,
2013-05-12,31.075,,
2013-05-13,31.85416667,,
2013-05-14,25.43333333,,
2013-05-15,20.2625,,
2013-05-16,22.87916667,,
2013-05-17,26.74583333,,
2013-05-18,27.95833333,,
2013-05-19,38.35416667,,
2013-05-20,20.58333333,,
2013-05-21,19.10416667,,
2013-05-22,24.9625,,
2013-05-23,20.1125,,
2013-05-24,30.13333333,,
2013-05-25,23.33333333,,
2013-05-26,22.95833333,,
2013-05-27,29.07083333,,
2013-05-28,17.3,,
2013-05-29,24.3375,,
2013-05-30,21.79047619,,
2013-05-31,17.75416667,,
2013-06-01,22.92083333,,
2013-06-02,33.72083333,,
2013-06-03,29.73333333,,
2013-06-04,25.45,,
2013-06-05,29.5375,,
2013-06-06,24.5625,,
2013-06-07,22.45,,
2013-06-08,23.84166667,,
2013-06-09,32.65,,
2013-06-10,37.22916667,,
2013-06-11,27.86666667,,
2013-06-12,33.7875,,
2013-06-13,34.78333333,,
2013-06-14,23.425,,
2013-06-15,19.94166667,,
2013-06-16,35.34166667,,
2013-06-17,33.4625,,
2013-06-18,33.17083333,,
2013-06-19,24.975,,
2013-06-20,28.52916667,,
2013-06-21,31.30416667,,
2013-06-22,26.88333333,,
2013-06-23,35.61666667,,
2013-06-24,43.47916667,,
2013-06-25,27.14545455,,
2013-06-26,35.59166667,,
2013-06-27,34.15,,
2013-06-28,27.20833333,,
2013-06-29,28.34166667,,
2013-06-30,32.34166667,,
2013-07-01,27.93333333,,
2013-07-02,30.33333333,,
2013-07-03,21.07391304,,
2013-07-04,32.01818182,,
2013-07-05,34.59583333,,
2013-07-06,33.92916667,,
2013-07-07,32.25416667,,
2013-07-08,34.1875,,
2013-07-09,34.59583333,,
2013-07-10,25.34166667,,
2013-07-11,30.21666667,,
2013-07-12,31.19583333,,
2013-07-13,29.39583333,,
2013-07-14,42.75833333,,
2013-07-15,23.8875,,
2013-07-16,28.59583333,,
2013-07-17,30.025,,
2013-07-18,28.90416667,,
2013-07-19,33.19166667,,
2013-07-20,35.81666667,,
2013-07-21,38.02916667,,
2013-07-22,25.6625,,
2013-07-23,39.35416667,,
2013-07-24,36.22916667,,
2013-07-25,44.58333333,,
2013-07-26,25.45,,
2013-07-27,33.29583333,,
2013-07-28,34.14166667,,
2013-07-29,31.63333333,,
2013-07-30,36.575,,
2013-07-31,38.80416667,,
2013-08-01,38.6625,,
2013-08-02,31.625,,
2013-08-03,39.30416667,,
2013-08-04,32.54166667,,
2013-08-05,28.0,,
2013-08-06,29.37916667,,
2013-08-07,31.30833333,,
2013-08-08,18.70416667,,
2013-08-09,36.29583333,,
2013-08-10,33.84166667,,
2013-08-11,22.3875,,
2013-08-12,28.20416667,,
2013-08-13,20.64583333,,
2013-08-14,29.8125,,
2013-08-15,28.7375,,
2013-08-16,40.0625,,
2013-08-17,34.53333333,,
2013-08-18,27.57916667,,
2013-08-19,30.33333333,,
2013-08-20,32.81666667,,
2013-08-21,32.86666667,,
2013-08-22,27.25,,
2013-08-23,30.13333333,,
2013-08-24,34.42608696,,
2013-08-25,32.59166667,,
2013-08-26,31.29583333,,
2013-08-27,27.47916667,,
2013-08-28,30.33333333,,
2013-08-29,30.55,,
2013-08-30,34.49166667,,
2013-08-31,42.1875,,
2013-09-01,43.50416667,,
2013-09-02,37.34166667,,
2013-09-03,36.45416667,,
2013-09-04,23.87916667,,
2013-09-05,36.3,,
2013-09-06,19.14166667,,
2013-09-07,23.90416667,,
2013-09-08,33.5625,,
2013-09-09,28.45,,
2013-09-10,35.17916667,,
2013-09-11,25.7625,,
2013-09-12,18.6,,
2013-09-13,26.52916667,,
2013-09-14,22.55833333,,
2013-09-15,31.24583333,,
2013-09-16,33.13333333,,
2013-09-17,26.0,,
2013-09-18,34.74166667,,
2013-09-19,31.04583333,,
2013-09-20,40.6125,,
2013-09-21,50.05833333,,
2013-09-22,42.95416667,,
2013-09-23,37.28333333,,
2013-09-24,53.29166667,,
2013-09-25,49.49166667,,
2013-09-26,29.48695652,,
2013-09-27,24.44583333,,
2013-09-28,33.07083333,,
2013-09-29,31.5375,,
2013-09-30,29.74583333,,
2013-10-01,22.89583333,,
2013-10-02,27.59583333,,
2013-10-03,24.8625,,
2013-10-04,31.10416667,,
2013-10-05,23.67083333,,
2013-10-06,34.425,,
2013-10-07,26.875,,
2013-10-08,30.97083333,,
2013-10-09,32.34583333,,
2013-10-10,53.2,,
2013-10-11,45.55416667,,
2013-10-12,28.26666667,,
2013-10-13,34.09166667,,
2013-10-14,12.76666667,,
2013-10-15,20.61666667,,
2013-10-16,15.57916667,,
2013-10-17,31.675,,
2013-10-18,27.3375,,
2013-10-19,46.09583333,,
2013-10-20,50.075,,
2013-10-21,19.94583333,,
2013-10-22,27.54583333,,
2013-10-23,12.85,,
2013-10-24,23.9625,,
2013-10-25,26.17083333,,
2013-10-26,29.89166667,,
2013-10-27,31.33043478,,
2013-10-28,23.92916667,,
2013-10-29,21.44347826,,
2013-10-30,27.3875,,
2013-10-31,19.50833333,,
2013-11-01,17.1625,,
2013-11-02,23.69583333,,
2013-11-03,22.6375,,
2013-11-04,21.79166667,,
2013-11-05,22.0625,,
2013-11-06,30.51666667,,
2013-11-07,17.56666667,,
2013-11-08,20.8875,,
2013-11-09,17.97083333,,
2013-11-10,18.21666667,,
2013-11-11,22.3125,,
2013-11-12,22.05833333,,
2013-11-13,26.7875,,
2013-11-14,32.00833333,,
2013-11-15,31.50833333,,
2013-11-16,21.28333333,,
2013-11-17,31.37916667,,
2013-11-18,21.25,,
2013-11-19,17.925,,
2013-11-20,21.87916667,,
2013-11-21,20.43333333,,
2013-11-22,26.54583333,,
2013-11-23,14.69583333,,
2013-11-24,12.59583333,,
2013-11-25,30.64583333,,
2013-11-26,27.625,,
2013-11-27,29.725,,
2013-11-28,16.5875,,
2013-11-29,28.20434783,,
2013-11-30,12.91428571,,
2013-12-01,25.80416667,,
2013-12-02,24.425,,
2013-12-03,11.45416667,,
2013-12-04,20.97916667,,
2013-12-05,22.2875,,
2013-12-06,24.43333333,,
2013-12-07,20.25833333,,
2013-12-08,22.15833333,,
2013-12-09,8.775,,
2013-12-10,15.02083333,,
2013-12-11,20.07916667,,
2013-12-12,23.60416667,,
2013-12-13,11.25416667,,
2013-12-14,18.175,,
2013-12-15,27.1625,,
2013-12-16,18.625,,
2013-12-17,12.64583333,,
2013-12-18,8.45416667,,
2013-12-19,29.68333333,,
2013-12-20,30.4625,,
2013-12-21,40.8875,,
2013-12-22,30.35,,
2013-12-23,19.6875,,
2013-12-24,16.85416667,,
2013-12-25,28.38333333,,
2013-12-26,23.4,,
2013-12-27,20.625,,
2013-12-28,26.09583333,,
2013-12-29,28.525,,
2013-12-30,26.13181818,,
2013-12-31,29.65833333,,
2014-01-01,26.94166667,,
2014-01-02,27.95,,
2014-01-03,3.625,,
2014-01-04,,,
2014-01-05,,,
2014-01-06,,,
2014-01-07,,,
2014-01-08,27.02307692,,
2014-01-09,28.62083333,,
2014-01-10,31.55833333,,
2014-01-11,35.11666667,,
2014-01-12,25.0,,
2014-01-13,34.70416667,,
2014-01-14,32.20833333,,
2014-01-15,28.05416667,,
2014-01-16,26.50833333,,
2014-01-17,26.27083333,,
2014-01-18,24.575,,
2014-01-19,28.7875,,
2014-01-20,19.62083333,,
2014-01-21,22.20416667,,
2014-01-22,17.4125,,
2014-01-23,28.77083333,,
2014-01-24,32.4,,
2014-01-25,37.08333333,,
2014-01-26,40.2125,,
2014-01-27,38.51666667,,
2014-01-28,23.66363636,,
2014-01-29,41.6125,,
2014-01-30,26.20833333,,
2014-01-31,28.6625,,
2014-02-01,31.90416667,,
2014-02-02,31.68333333,,
2014-02-03,23.2125,,
2014-02-04,35.81666667,,
2014-02-05,38.2625,,
2014-02-06,34.67083333,,
2014-02-07,34.47083333,,
2014-02-08,36.65833333,,
2014-02-09,42.89166667,,
2014-02-10,33.26666667,,
2014-02-11,32.25833333,,
2014-02-12,27.54166667,,
2014-02-13,30.6625,,
2014-02-14,23.1125,,
2014-02-15,28.7875,,
2014-02-16,43.37916667,,
2014-02-17,29.90416667,,
2014-02-18,29.8,,
2014-02-19,41.45833333,,
2014-02-20,27.58333333,,
2014-02-21,37.63333333,,
2014-02-22,29.5375,,
2014-02-23,43.71666667,,
2014-02-24,40.025,,
2014-02-25,24.25,,
2014-02-26,33.35833333,,
2014-02-27,24.025,,
2014-02-28,18.85833333,,
2014-03-01,30.975,,
2014-03-02,44.31666667,,
2014-03-03,24.7826087,,
2014-03-04,39.4,,
2014-03-05,40.7,,
2014-03-06,34.475,,
2014-03-07,24.12916667,,
2014-03-08,25.07083333,,
2014-03-09,29.3625,,
2014-03-10,30.10833333,,
2014-03-11,35.6375,,
2014-03-12,37.83043478,,
2014-03-13,22.02083333,,
2014-03-14,33.85909091,,
2014-03-15,44.7375,,
2014-03-16,36.75416667,,
2014-03-17,31.35833333,,
2014-03-18,30.51904762,,
2014-03-19,33.0625,,
2014-03-20,35.04166667,,
2014-03-21,34.24583333,,
2014-03-22,37.66666667,,
2014-03-23,40.1625,,
2014-03-24,34.0375,,
2014-03-25,34.4625,,
2014-03-26,36.69583333,,
2014-03-27,35.31666667,,
2014-03-28,44.7875,,
2014-03-29,63.75416667,,
2014-03-30,69.275,,
2014-03-31,54.85,,
2014-04-01,50.0875,,
2014-04-02,42.19166667,,
2014-04-03,43.28333333,,
2014-04-04,33.09166667,,
2014-04-05,34.575,,
2014-04-06,40.25217391,,
2014-04-07,31.4,,
2014-04-08,33.50833333,,
2014-04-09,32.20416667,,
2014-04-10,35.45416667,,
2014-04-11,43.65833333,,
2014-04-12,36.95,,
2014-04-13,38.19583333,,
2014-04-14,45.725,,
2014-04-15,32.0625,,
2014-04-16,24.925,,
2014-04-17,40.60833333,,
2014-04-18,39.09166667,,
2014-04-19,44.79583333,,
2014-04-20,36.875,,
2014-04-21,24.75416667,,
2014-04-22,37.8625,,
2014-04-23,20.59166667,,
2014-04-24,21.60416667,,
2014-04-25,24.9125,,
2014-04-26,13.79583333,,
2014-04-27,23.72916667,,
2014-04-28,31.44166667,,
2014-04-29,27.71304348,,
2014-04-30,27.40416667,,
2014-05-01,26.99583333,,
2014-05-02,21.2125,,
2014-05-03,32.775,,
2014-05-04,38.8875,,
2014-05-05,28.82916667,,
2014-05-06,33.91666667,,
2014-05-07,11.59166667,,
2014-05-08,27.61666667,,
2014-05-09,14.125,,
2014-05-10,17.40833333,,
2014-05-11,23.35416667,,
2014-05-12,23.5375,,
2014-05-13,34.45,,
2014-05-14,34.3625,,
2014-05-15,24.46666667,,
2014-05-16,39.24166667,,
2014-05-17,31.45416667,,
2014-05-18,25.725,,
2014-05-19,24.8,,
2014-05-20,29.35833333,,
2014-05-21,24.5375,,
2014-05-22,43.22916667,,
2014-05-23,26.49583333,,
2014-05-24,43.625,,
2014-05-25,35.57916667,,
2014-05-26,26.79565217,,
2014-05-27,21.3375,,
2014-05-28,26.5375,,
2014-05-29,11.86666667,,
2014-05-30,27.84166667,,
2014-05-31,30.875,,
2014-06-01,26.64583333,,
2014-06-02,24.87916667,,
2014-06-03,24.90833333,,
2014-06-04,27.85833333,,
2014-06-05,23.08333333,,
2014-06-06,25.1125,,
2014-06-07,24.3875,,
2014-06-08,24.49583333,,
2014-06-09,20.75833333,,
2014-06-10,23.58333333,,
2014-06-11,29.425,,
2014-06-12,18.6,,
2014-06-13,27.85,,
2014-06-14,36.75,,
2014-06-15,25.525,,
2014-06-16,26.525,,
2014-06-17,27.64583333,,
2014-06-18,24.33333333,,
2014-06-19,23.125,,
2014-06-20,23.4625,,
2014-06-21,27.275,,
2014-06-22,31.09583333,,
2014-06-23,29.7375,,
2014-06-24,25.77083333,,
2014-06-25,16.12272727,,
2014-06-26,19.9625,,
2014-06-27,25.93333333,,
2014-06-28,25.85833333,,
2014-06-29,36.51666667,,
2014-06-30,28.725,,
2014-07-01,23.48333333,,
2014-07-02,30.04166667,,
2014-07-03,26.65416667,,
2014-07-04,33.87916667,,
2014-07-05,33.59166667,,
2014-07-06,24.54583333,,
2014-07-07,23.2,,
2014-07-08,23.46666667,,
2014-07-09,24.1625,,
2014-07-10,28.74166667,,
2014-07-11,24.23333333,,
2014-07-12,27.35,,
2014-07-13,27.01666667,,
2014-07-14,25.2875,,
2014-07-15,28.52916667,,
2014-07-16,27.27083333,,
2014-07-17,32.44583333,,
2014-07-18,30.66666667,,
2014-07-19,32.62916667,,
2014-07-20,29.375,,
2014-07-21,33.99166667,,
2014-07-22,34.77916667,,
2014-07-23,35.65,,
2014-07-24,30.5125,,
2014-07-25,37.375,,
2014-07-26,43.9625,,
2014-07-27,37.25833333,,
2014-07-28,31.67916667,,
2014-07-29,33.93043478,,
2014-07-30,35.61666667,,
2014-07-31,30.07916667,,
2014-08-01,41.47916667,,
2014-08-02,30.74166667,,
2014-08-03,33.02916667,,
2014-08-04,31.45416667,,
2014-08-05,33.97083333,,
2014-08-06,25.94583333,,
2014-08-07,32.1375,,
2014-08-08,21.60416667,,
2014-08-09,31.5125,,
2014-08-10,41.64583333,,
2014-08-11,32.45416667,,
2014-08-12,22.98333333,,
2014-08-13,27.9,,
2014-08-14,24.6125,,
2014-08-15,27.2875,,
2014-08-16,35.97916667,,
2014-08-17,38.725,,
2014-08-18,43.18333333,,
2014-08-19,31.89583333,,
2014-08-20,45.58333333,,
2014-08-21,44.84583333,,
2014-08-22,44.225,,
2014-08-23,30.36666667,,
2014-08-24,39.25833333,,
2014-08-25,34.14583333,,
2014-08-26,28.17083333,,
2014-08-27,24.99583333,,
2014-08-28,21.79090909,,
2014-08-29,24.83333333,,
2014-08-30,41.97083333,,
2014-08-31,46.14166667,,
2014-09-01,46.24583333,,
2014-09-02,36.63333333,,
2014-09-03,35.98333333,,
2014-09-04,27.24166667,,
2014-09-05,27.75416667,,
2014-09-06,42.67916667,,
2014-09-07,35.85,,
2014-09-08,39.075,,
2014-09-09,44.35833333,,
2014-09-10,43.25,,
2014-09-11,25.50416667,,
2014-09-12,23.975,,
2014-09-13,35.9375,,
2014-09-14,38.14583333,,
2014-09-15,22.43333333,,
2014-09-16,30.21666667,,
2014-09-17,41.84583333,,
2014-09-18,30.02083333,,
2014-09-19,23.19583333,,
2014-09-20,33.02916667,,
2014-09-21,30.9,,
2014-09-22,23.35454545,,
2014-09-23,29.07083333,,
2014-09-24,41.39583333,,
2014-09-25,38.925,,
2014-09-26,35.69166667,,
2014-09-27,38.24583333,,
2014-09-28,34.29583333,,
2014-09-29,41.0375,,
2014-09-30,41.225,,
2014-10-01,30.11666667,,
2014-10-02,32.04166667,,
2014-10-03,36.07083333,,
2014-10-04,43.00833333,,
2014-10-05,36.14166667,,
2014-10-06,31.26666667,,
2014-10-07,31.225,,
2014-10-08,23.19583333,,
2014-10-09,10.29166667,,
2014-10-10,13.99583333,,
2014-10-11,19.6875,,
2014-10-12,27.26666667,,
2014-10-13,29.80833333,,
2014-10-14,19.3625,,
2014-10-15,19.41666667,,
2014-10-16,27.37083333,,
2014-10-17,24.69583333,,
2014-10-18,26.39583333,,
2014-10-19,31.06666667,,
2014-10-20,20.49583333,,
2014-10-21,33.8125,,
2014-10-22,29.96666667,,
2014-10-23,30.46956522,,
2014-10-24,35.06666667,,
2014-10-25,28.20833333,,
2014-10-26,22.5,,
2014-10-27,30.07272727,,
2014-10-28,22.91666667,,
2014-10-29,27.4,,
2014-10-30,33.35,,
2014-10-31,16.72916667,,
2014-11-01,29.0,,
2014-11-02,26.40416667,,
2014-11-03,24.6625,,
2014-11-04,25.57916667,,
2014-11-05,21.6125,,
2014-11-06,23.14166667,,
2014-11-07,33.15833333,,
2014-11-08,24.52916667,,
2014-11-09,31.97083333,,
2014-11-10,17.975,,
2014-11-11,21.24583333,,
2014-11-12,16.5875,,
2014-11-13,19.69166667,,
2014-11-14,26.39583333,,
2014-11-15,29.85,,
2014-11-16,29.40416667,,
2014-11-17,38.03333333,,
2014-11-18,35.15833333,,
2014-11-19,29.04583333,,
2014-11-20,39.48181818,,
2014-11-21,,,
2014-11-22,,,
2014-11-23,,,
2014-11-24,,,
2014-11-25,29.82,,
2014-11-26,13.85833333,,
2014-11-27,22.67083333,,
2014-11-28,24.0125,,
2014-11-29,27.77916667,,
2014-11-30,25.1125,,
2014-12-01,21.25833333,,
2014-12-02,24.40416667,,
2014-12-03,21.90416667,,
2014-12-04,31.4875,,
2014-12-05,24.35833333,,
2014-12-06,21.5625,,
2014-12-07,24.37083333,,
2014-12-08,30.3875,,
2014-12-09,17.12083333,,
2014-12-10,23.65,,
2014-12-11,28.32916667,,
2014-12-12,36.67083333,,
2014-12-13,15.39583333,,
2014-12-14,28.4125,,
2014-12-15,27.25833333,,
2014-12-16,31.2375,,
2014-12-17,34.65833333,,
2014-12-18,38.7625,,
2014-12-19,39.65833333,,
2014-12-20,38.11666667,,
2014-12-21,37.66666667,,
2014-12-22,37.2,,
2014-12-23,34.64782609,,
2014-12-24,35.64166667,,
2014-12-25,39.27916667,,
2014-12-26,38.30416667,,
2014-12-27,37.92083333,,
2014-12-28,39.70833333,,
2014-12-29,29.19545455,,
2014-12-30,24.73181818,,
2014-12-31,32.54583333,,
2015-01-01,33.94583333,,
2015-01-02,36.09166667,,
2015-01-03,32.11666667,,
2015-01-04,37.3625,,
2015-01-05,31.27083333,,
2015-01-06,34.40909091,,
2015-01-07,43.34347826,,
2015-01-08,42.82916667,,
2015-01-09,39.53333333,,
2015-01-10,36.675,,
2015-01-11,33.45833333,,
2015-01-12,35.23333333,,
2015-01-13,19.60434783,,
2015-01-14,18.82272727,,
2015-01-15,25.84166667,,
2015-01-16,22.8625,,
2015-01-17,22.2875,,
2015-01-18,30.25,,
2015-01-19,26.25416667,,
2015-01-20,31.9875,,
2015-01-21,14.23043478,,
2015-01-22,23.80952381,,
2015-01-23,21.775,,
2015-01-24,27.8375,,
2015-01-25,28.25416667,,
2015-01-26,27.625,,
2015-01-27,21.8625,,
2015-01-28,21.9875,,
2015-01-29,30.06666667,,
2015-01-30,21.62916667,,
2015-01-31,25.35416667,,
2015-02-01,,,
2015-02-02,30.31875,,
2015-02-03,21.85833333,,
2015-02-04,23.05833333,,
2015-02-05,29.95238095,,
2015-02-06,14.175,,
2015-02-07,23.34583333,,
2015-02-08,21.5,,
2015-02-09,21.47916667,,
2015-02-10,25.65833333,,
2015-02-11,13.4875,,
2015-02-12,24.16818182,,
2015-02-13,19.525,,
2015-02-14,27.22083333,,
2015-02-15,32.82916667,,
2015-02-16,25.4,,
2015-02-17,33.4375,,
2015-02-18,29.99583333,,
2015-02-19,35.64166667,,
2015-02-20,36.54583333,,
2015-02-21,37.97083333,,
2015-02-22,40.1625,,
2015-02-23,49.09166667,,
2015-02-24,36.05,,
2015-02-25,,,
2015-02-26,,,
2015-02-27,41.71428571,,
2015-02-28,26.65833333,,
2015-03-01,24.30416667,,
2015-03-02,28.9375,,
2015-03-03,31.44583333,,
2015-03-04,11.8625,,
2015-03-05,,,
2015-03-06,31.77777778,,
2015-03-07,36.425,,
2015-03-08,38.44583333,,
2015-03-09,33.49583333,,
2015-03-10,30.17916667,,
2015-03-11,33.13333333,,
2015-03-12,36.87083333,,
2015-03-13,29.32083333,,
2015-03-14,34.2,,
2015-03-15,45.0625,,
2015-03-16,35.00909091,,
2015-03-17,50.7625,,
2015-03-18,34.22916667,,
2015-03-19,4.23333333,,
2015-03-20,19.90416667,,
2015-03-21,16.30416667,,
2015-03-22,22.14166667,,
2015-03-23,29.44166667,,
2015-03-24,26.89583333,,
2015-03-25,35.3125,,
2015-03-26,42.675,,
2015-03-27,39.1125,,
2015-03-28,34.05,,
2015-03-29,18.0625,,
2015-03-30,22.17916667,,
2015-03-31,29.46666667,,
2015-04-01,32.42083333,,
2015-04-02,48.9875,,
2015-04-03,21.35833333,,
2015-04-04,16.09166667,,
2015-04-05,23.00869565,,
2015-04-06,18.575,,
2015-04-07,31.96666667,,
2015-04-08,37.78333333,,
2015-04-09,28.2125,,
2015-04-10,30.3,,
2015-04-11,28.97272727,,
2015-04-12,37.72857143,,
2015-04-13,39.42352941,,
2015-04-14,23.7,,
2015-04-15,,,
2015-04-16,8.62222222,,
2015-04-17,24.44583333,,
2015-04-18,30.4375,,
2015-04-19,22.03333333,,
2015-04-20,20.59583333,,
2015-04-21,29.52727273,,
2015-04-22,26.33333333,,
2015-04-23,29.3625,,
2015-04-24,30.175,,
2015-04-25,23.3,,
2015-04-26,21.11666667,,
2015-04-27,20.52608696,,
2015-04-28,24.70714286,,
2015-04-29,38.98181818,,
2015-04-30,25.19166667,,
2015-05-01,25.26666667,,
2015-05-02,32.0875,,
2015-05-03,35.9125,,
2015-05-04,29.925,,
2015-05-05,36.24166667,,
2015-05-06,33.82916667,,
2015-05-07,45.86666667,,
2015-05-08,31.93333333,,
2015-05-09,26.14166667,,
2015-05-10,30.05,,
2015-05-11,30.8,,
2015-05-12,34.85294118,,
2015-05-13,39.31538462,,
2015-05-14,33.2875,,
2015-05-15,22.675,,
2015-05-16,28.50416667,,
2015-05-17,25.69583333,,
2015-05-18,31.6,,
2015-05-19,16.15416667,,
2015-05-20,22.00833333,,
2015-05-21,29.24347826,,
2015-05-22,24.17916667,,
2015-05-23,30.10416667,,
2015-05-24,28.74583333,,
2015-05-25,22.65833333,,
2015-05-26,15.39583333,,
2015-05-27,21.18333333,,
2015-05-28,13.42380952,,
2015-05-29,22.48695652,,
2015-05-30,19.50416667,,
2015-05-31,20.9375,,
2015-06-01,14.04166667,,
2015-06-02,18.75833333,,
2015-06-03,20.675,,
2015-06-04,19.50833333,,
2015-06-05,11.875,,
2015-06-06,24.15416667,,
2015-06-07,24.13333333,,
2015-06-08,25.3875,,
2015-06-09,19.45833333,,
2015-06-10,23.125,,
2015-06-11,18.255,,
2015-06-12,17.55416667,,
2015-06-13,29.56666667,,
2015-06-14,23.975,,
2015-06-15,23.70416667,,
2015-06-16,19.725,,
2015-06-17,16.85,,
2015-06-18,21.82916667,,
2015-06-19,26.17916667,,
2015-06-20,27.68333333,,
2015-06-21,30.14583333,,
2015-06-22,16.92916667,,
2015-06-23,16.4,,
2015-06-24,21.49583333,,
2015-06-25,21.05,,
2015-06-26,20.38333333,,
2015-06-27,19.47083333,,
2015-06-28,20.04166667,,
2015-06-29,22.19166667,,
2015-06-30,28.8,,
2015-07-01,25.7875,,
2015-07-02,31.91666667,,
2015-07-03,35.9,,
2015-07-04,26.05833333,,
2015-07-05,35.35416667,,
2015-07-06,30.9625,,
2015-07-07,20.1,,
2015-07-08,24.79583333,,
2015-07-09,25.55416667,,
2015-07-10,24.21818182,,
2015-07-11,22.49166667,,
2015-07-12,27.2,,
2015-07-13,28.0,,
2015-07-14,28.42083333,,
2015-07-15,16.19583333,,
2015-07-16,16.9875,,
2015-07-17,28.54583333,,
2015-07-18,24.01666667,,
2015-07-19,24.24583333,,
2015-07-20,12.2,,
2015-07-21,16.0375,,
2015-07-22,17.81666667,,
2015-07-23,14.74583333,,
2015-07-24,22.84583333,,
2015-07-25,26.8875,,
2015-07-26,23.47083333,,
2015-07-27,25.31666667,,
2015-07-28,27.47083333,,
2015-07-29,20.975,,
2015-07-30,24.70833333,,
2015-07-31,22.51666667,,
2015-08-01,23.9875,,
2015-08-02,25.63333333,,
2015-08-03,22.29166667,,
2015-08-04,25.90416667,,
2015-08-05,27.78333333,,
2015-08-06,28.47083333,,
2015-08-07,36.0,,
2015-08-08,22.32083333,,
2015-08-09,16.7125,,
2015-08-10,15.375,,
2015-08-11,24.02916667,,
2015-08-12,21.20416667,,
2015-08-13,24.675,,
2015-08-14,18.375,,
2015-08-15,20.23333333,,
2015-08-16,18.19166667,,
2015-08-17,21.325,,
2015-08-18,22.44166667,,
2015-08-19,26.3125,,
2015-08-20,24.98333333,,
2015-08-21,29.94545455,,
2015-08-22,32.68333333,,
2015-08-23,30.88333333,,
2015-08-24,18.15833333,,
2015-08-25,23.125,,
2015-08-26,22.95416667,,
2015-08-27,25.44583333,,
2015-08-28,25.95416667,,
2015-08-29,34.4875,,
2015-08-30,39.12083333,,
2015-08-31,31.21666667,,
2015-09-01,29.7125,,
2015-09-02,28.925,,
2015-09-03,37.90416667,,
2015-09-04,34.1875,,
2015-09-05,36.20416667,,
2015-09-06,29.64166667,,
2015-09-07,22.82916667,,
2015-09-08,22.13333333,,
2015-09-09,21.22916667,,
2015-09-10,29.37916667,,
2015-09-11,7.04285714,,
2015-09-12,27.8875,,
2015-09-13,45.625,,
2015-09-14,34.325,,
2015-09-15,40.20416667,,
2015-09-16,42.58333333,,
2015-09-17,37.06666667,,
2015-09-18,23.0625,,
2015-09-19,27.0125,,
2015-09-20,13.60416667,,
2015-09-21,22.54166667,,
2015-09-22,23.57083333,,
2015-09-23,34.79583333,,
2015-09-24,43.15416667,,
2015-09-25,29.65714286,,
2015-09-26,31.57916667,,
2015-09-27,36.30833333,,
2015-09-28,40.825,,
2015-09-29,34.92083333,,
2015-09-30,34.94166667,,
2015-10-01,,,
2015-10-02,,,
2015-10-03,,,
2015-10-04,,,
2015-10-05,,,
2015-10-06,,,
2015-10-07,,,
2015-10-08,,,
2015-10-09,,,
2015-10-10,,,
2015-10-11,,,
2015-10-12,,,
2015-10-13,,,
2015-10-14,,,
2015-10-15,,,
2015-10-16,,,
2015-10-17,,,
2015-10-18,,,
2015-10-19,,,
2015-10-20,,,
2015-10-21,,,
2015-10-22,,,
2015-10-23,,,
2015-10-24,,,
2015-10-25,,,
2015-10-26,,,
2015-10-27,,,
2015-10-28,,,
2015-10-29,,,
2015-10-30,,,
2015-10-31,,,
2015-11-01,,,
2015-11-02,,,
2015-11-03,,,
2015-11-04,,,
2015-11-05,,,
2015-11-06,,,
2015-11-07,,,
2015-11-08,,,
2015-11-09,,,
2015-11-10,,,
2015-11-11,,,
2015-11-12,,,
2015-11-13,,,
2015-11-14,,,
2015-11-15,,,
2015-11-16,,,
2015-11-17,,,
2015-11-18,,,
2015-11-19,,,
2015-11-20,,,
2015-11-21,,,
2015-11-22,,,
2015-11-23,,,
2015-11-24,,,
2015-11-25,,,
2015-11-26,,,
2015-11-27,22.6,,
2015-11-28,20.91666667,,
2015-11-29,24.9,,
2015-11-30,24.775,,
2015-12-01,25.025,,
2015-12-02,19.2875,,
2015-12-03,21.45833333,,
2015-12-04,19.16666667,,
2015-12-05,23.8625,,
2015-12-06,25.875,,
2015-12-07,28.56666667,,
2015-12-08,22.0625,,
2015-12-09,21.75,,
2015-12-10,23.40833333,,
2015-12-11,30.1173913,,
2015-12-12,25.14583333,,
2015-12-13,34.89166667,,
2015-12-14,36.24166667,,
2015-12-15,21.725,,
2015-12-16,32.30416667,,
2015-12-17,20.90416667,,
2015-12-18,21.30833333,,
2015-12-19,10.39583333,,
2015-12-20,20.75833333,,
2015-12-21,22.97916667,,
2015-12-22,25.17083333,,
2015-12-23,24.8,,
2015-12-24,25.13333333,,
2015-12-25,28.525,,
2015-12-26,30.1875,,
2015-12-27,33.35416667,,
2015-12-28,36.125,,
2015-12-29,33.23333333,,
2015-12-30,27.95416667,,
2015-12-31,23.9826087,,
