Fecha,NO,NO2,O3,PM10,PM2.5
2019-01-01,,,,,25.2375
2019-01-02,,,,,15.88333333
2019-01-03,,,,,16.60833333
2019-01-04,,,,,16.80833333
2019-01-05,,,,,25.03478261
2019-01-06,,,,,24.39583333
2019-01-07,,,,,20.46666667
2019-01-08,,,,,21.27083333
2019-01-09,,,,,16.13333333
2019-01-10,,,,,21.4125
2019-01-11,,,,,17.325
2019-01-12,,,,,18.81666667
2019-01-13,,,,,17.08333333
2019-01-14,,,,,21.05238095
2019-01-15,,,,,25.25652174
2019-01-16,,,,,25.79166667
2019-01-17,,,,,25.48333333
2019-01-18,,,,,23.9375
2019-01-19,,,,,20.475
2019-01-20,,,,,20.32916667
2019-01-21,,,,,16.90833333
2019-01-22,,,,,22.18333333
2019-01-23,,,,,26.70416667
2019-01-24,,,,,24.425
2019-01-25,,,,,26.34166667
2019-01-26,,,,,26.20833333
2019-01-27,,,,,24.90416667
2019-01-28,,,,,26.79583333
2019-01-29,,,,,25.1
2019-01-30,,,,,24.57083333
2019-01-31,,,,,25.49166667
2019-02-01,,,,,28.7125
2019-02-02,,,,,24.92916667
2019-02-03,,,,,19.91666667
2019-02-04,,,,,26.12083333
2019-02-05,,,,,31.725
2019-02-06,,,,,30.61666667
2019-02-07,,,,,38.00416667
2019-02-08,,,,,38.75416667
2019-02-09,,,,,33.2375
2019-02-10,,,,,28.075
2019-02-11,,,,,29.10909091
2019-02-12,,,,,39.4
2019-02-13,,,,,33.70833333
2019-02-14,,,,,25.25
2019-02-15,,,,,29.46666667
2019-02-16,,,,,34.07916667
2019-02-17,,,,,30.81666667
2019-02-18,,,,,31.47083333
2019-02-19,,,,,34.045
2019-02-20,,,,,25.34782609
2019-02-21,,,,,26.225
2019-02-22,,,,,26.4875
2019-02-23,,,,,23.85
2019-02-24,,,,,34.55833333
2019-02-25,,,,,37.005
2019-02-26,,,,,48.4625
2019-02-27,,,,,39.6625
2019-02-28,,,,,29.85714286
2019-03-01,,,,,35.39583333
2019-03-02,,,,,31.32
2019-03-03,,,,,29.9875
2019-03-04,,,,,31.10833333
2019-03-05,,,,,43.85652174
2019-03-06,,,,,38.73333333
2019-03-07,,,,,36.40833333
2019-03-08,,,,,36.525
2019-03-09,,,,,30.68333333
2019-03-10,,,,,24.56818182
2019-03-11,,,,,25.24782609
2019-03-12,,,,,29.2826087
2019-03-13,,,,,30.78333333
2019-03-14,,,,,44.94090909
2019-03-15,,,,,48.33043478
2019-03-16,,,,,54.82727273
2019-03-17,,,,,51.50416667
2019-03-18,,,,,40.35833333
2019-03-19,,,,,25.35294118
2019-03-20,,,,,27.28571429
2019-03-21,,,,,27.64285714
2019-03-22,,,,,33.46666667
2019-03-23,,,,,26.87083333
2019-03-24,,,,,27.78695652
2019-03-25,,,,,25.31818182
2019-03-26,,,,,37.34166667
2019-03-27,,,,,44.44166667
2019-03-28,,,,,43.63333333
2019-03-29,,,,,25.14583333
2019-03-30,,,,,25.79583333
2019-03-31,,,,,28.17083333
2019-04-01,,,,,18.77083333
2019-04-02,,,,,18.62916667
2019-04-03,,,,,25.34347826
2019-04-04,,,,,24.82083333
2019-04-05,,,,,23.30416667
2019-04-06,,,,,24.88695652
2019-04-07,,,,,37.4625
2019-04-08,,,,,38.18181818
2019-04-09,,,,,40.16666667
2019-04-10,,,,,39.15833333
2019-04-11,,,,,25.7125
2019-04-12,,,,,26.88333333
2019-04-13,,,,,30.3875
2019-04-14,,,,,27.125
2019-04-15,,,,,21.35416667
2019-04-16,,,,,25.09583333
2019-04-17,,,,,28.70869565
2019-04-18,,,,,12.37391304
2019-04-19,,,,,14.54090909
2019-04-20,,,,,20.12
2019-04-21,,,,,20.91666667
2019-04-22,,,,,16.18695652
2019-04-23,,,,,21.35652174
2019-04-24,,,,,22.825
2019-04-25,,,,,24.40833333
2019-04-26,,,,,20.34347826
2019-04-27,,,,,21.07083333
2019-04-28,,,,,15.16666667
2019-04-29,,,,,20.31666667
2019-04-30,,,,,22.96190476
2019-05-01,,,,,21.325
2019-05-02,,,,,26.7375
2019-05-03,,,,,30.57083333
2019-05-04,,,,,31.2875
2019-05-05,,,,,22.95
2019-05-06,,,,,19.44166667
2019-05-07,,,,,21.85416667
2019-05-08,,,,,23.3375
2019-05-09,,,,,31.6375
2019-05-10,,,,,19.27826087
2019-05-11,,,,,14.58333333
2019-05-12,,,,,13.42608696
2019-05-13,,,,,18.49166667
2019-05-14,,,,,13.6
2019-05-15,,,,,24.56818182
2019-05-16,,,,,26.00416667
2019-05-17,,,,,23.0375
2019-05-18,,,,,27.98695652
2019-05-19,,,,,15.775
2019-05-20,,,,,19.46521739
2019-05-21,,,,,25.93333333
2019-05-22,,,,,21.86086957
2019-05-23,,,,,21.78333333
2019-05-24,,,,,23.00434783
2019-05-25,,,,,21.70833333
2019-05-26,,,,,17.54090909
2019-05-27,,,,,18.89166667
2019-05-28,,,,,20.45416667
2019-05-29,,,,,27.8826087
2019-05-30,,,,,20.8625
2019-05-31,,,,,31.40869565
2019-06-01,,,,,19.775
2019-06-02,,,,,17.4375
2019-06-03,,,,,11.09
2019-06-04,,,,,16.92608696
2019-06-05,,,,,22.28181818
2019-06-06,,,,,27.55217391
2019-06-07,,,,,22.68695652
2019-06-08,,,,,24.56521739
2019-06-09,,,,,13.77916667
2019-06-10,,,,,16.6952381
2019-06-11,,,,,14.46666667
2019-06-12,,,,,19.3
2019-06-13,,,,,15.26666667
2019-06-14,,,,,18.88333333
2019-06-15,,,,,18.46521739
2019-06-16,,,,,12.95217391
2019-06-17,,,,,17.09565217
2019-06-18,,,,,20.02916667
2019-06-19,,,,,21.87916667
2019-06-20,,,,,20.27916667
2019-06-21,,,,,20.875
2019-06-22,,,,,
2019-06-23,,,,,16.94166667
2019-06-24,,,,,14.85652174
2019-06-25,,,,,18.84583333
2019-06-26,,,,,19.30416667
2019-06-27,,,,,18.0125
2019-06-28,,,,,21.25
2019-06-29,,,,,21.28333333
2019-06-30,,,,,16.79090909
2019-07-01,,,,,12.56363636
2019-07-02,,,,,16.97826087
2019-07-03,,,,,19.55
2019-07-04,,,,,20.85
2019-07-05,,,,,19.8047619
2019-07-06,,,,,16.87222222
2019-07-07,,,,,15.44166667
2019-07-08,,,,,19.10833333
2019-07-09,,,,,14.74166667
2019-07-10,,,,,14.56666667
2019-07-11,,,,,16.61904762
2019-07-12,,,,,18.99166667
2019-07-13,,,,,18.43478261
2019-07-14,,,,,14.615
2019-07-15,,,,,17.44166667
2019-07-16,,,,,18.4625
2019-07-17,,,,,19.22083333
2019-07-18,,,,,17.33043478
2019-07-19,,,,,16.09565217
2019-07-20,,,,,16.42608696
2019-07-21,,,,,13.6
2019-07-22,,,,,20.77916667
2019-07-23,,,,,13.47083333
2019-07-24,,,,,17.76666667
2019-07-25,,,,,17.9125
2019-07-26,,,,,18.77272727
2019-07-27,,,,,16.89583333
2019-07-28,,,,,17.72916667
2019-07-29,,,,,18.85833333
2019-07-30,,,,,22.82083333
2019-07-31,,,,,19.1
2019-08-01,,,,,24.53333333
2019-08-02,,,,,22.37916667
2019-08-03,,,,,23.01428571
2019-08-04,,,,,18.71666667
2019-08-05,,,,,20.25
2019-08-06,,,,,34.55
2019-08-07,,,,,31.07916667
2019-08-08,,,,,21.72727273
2019-08-09,,,,,21.09166667
2019-08-10,,,,,19.175
2019-08-11,,,,,17.81304348
2019-08-12,,,,,17.1375
2019-08-13,,,,,19.3875
2019-08-14,,,,,21.625
2019-08-15,,,,,32.175
2019-08-16,,,,,44.6
2019-08-17,,,,,32.04347826
2019-08-18,,,,,23.36190476
2019-08-19,,,,,16.87272727
2019-08-20,,,,,17.125
2019-08-21,,,,,23.83809524
2019-08-22,,,,,27.05454545
2019-08-23,,,,,25.12
2019-08-24,,,,,20.9875
2019-08-25,,,,,15.48636364
2019-08-26,,,,,19.29583333
2019-08-27,,,,,21.36190476
2019-08-28,,,,,26.29473684
2019-08-29,,,,,27.99583333
2019-08-30,,,,,27.4625
2019-08-31,,,,,25.2625
2019-09-01,,,,,16.26666667
2019-09-02,,,,,17.12083333
2019-09-03,,,,,19.30416667
2019-09-04,,,,,20.02083333
2019-09-05,,,,,17.74583333
2019-09-06,,,,,24.17083333
2019-09-07,,,,,17.47083333
2019-09-08,,,,,16.30416667
2019-09-09,,,,,22.33333333
2019-09-10,,,,,21.44166667
2019-09-11,,,,,24.76666667
2019-09-12,,,,,20.535
2019-09-13,,,,,17.20833333
2019-09-14,,,,,18.18333333
2019-09-15,,,,,15.68333333
2019-09-16,,,,,15.00833333
2019-09-17,,,,,16.24090909
2019-09-18,,,,,21.42083333
2019-09-19,,,,,15.44782609
2019-09-20,,,,,26.35416667
2019-09-21,,,,,17.625
2019-09-22,,,,,17.55217391
2019-09-23,,,,,15.80833333
2019-09-24,,,,,22.32083333
2019-09-25,,,,,24.05
2019-09-26,,,,,20.85
2019-09-27,,,,,20.63333333
2019-09-28,,,,,16.725
2019-09-29,,,,,15.94583333
2019-09-30,,,,,16.6125
2019-10-01,,,,,14.60833333
2019-10-02,,,,,17.2375
2019-10-03,,,,,18.52916667
2019-10-04,,,,,22.35833333
2019-10-05,,,,,16.92916667
2019-10-06,,,,,22.09583333
2019-10-07,,,,,13.925
2019-10-08,,,,,19.725
2019-10-09,,,,,24.66086957
2019-10-10,,,,,24.57083333
2019-10-11,,,,,27.2
2019-10-12,,,,,25.24782609
2019-10-13,,,,,19.44166667
2019-10-14,,,,,10.57083333
2019-10-15,,,,,16.24166667
2019-10-16,,,,,22.00833333
2019-10-17,,,,,21.6125
2019-10-18,,,,,24.22727273
2019-10-19,,,,,22.725
2019-10-20,,,,,15.53333333
2019-10-21,,,,,22.17083333
2019-10-22,,,,,22.99583333
2019-10-23,,,,,18.12083333
2019-10-24,,,,,18.8625
2019-10-25,,,,,30.16666667
2019-10-26,,,,,17.15416667
2019-10-27,,,,,12.775
2019-10-28,,,,,21.40416667
2019-10-29,,,,,21.0375
2019-10-30,,,,,21.72083333
2019-10-31,,,,,20.5375
2019-11-01,,,,,27.45454545
2019-11-02,,,,,21.9875
2019-11-03,,,,,20.5
2019-11-04,,,,,20.99583333
2019-11-05,,,,,23.68333333
2019-11-06,,,,,21.07916667
2019-11-07,,,,,31.15833333
2019-11-08,,,,,26.97916667
2019-11-09,,,,,29.20416667
2019-11-10,,,,,26.4375
2019-11-11,,,,,10.77916667
2019-11-12,,,,,16.62916667
2019-11-13,,,,,22.59583333
2019-11-14,,,,,26.47083333
2019-11-15,,,,,23.2625
2019-11-16,,,,,22.3625
2019-11-17,,,,,13.7625
2019-11-18,,,,,16.35
2019-11-19,,,,,26.26956522
2019-11-20,,,,,24.97916667
2019-11-21,,,,,21.29583333
2019-11-22,,,,,20.75
2019-11-23,,,,,26.5625
2019-11-24,,,,,15.32083333
2019-11-25,,,,,21.60833333
2019-11-26,,,,,21.33333333
2019-11-27,,,,,20.2375
2019-11-28,,,,,21.325
2019-11-29,,,,,22.45
2019-11-30,,,,,27.00952381
2019-12-01,,,,,21.62916667
2019-12-02,,,,,21.5875
2019-12-03,,,,,27.41666667
2019-12-04,,,,,25.275
2019-12-05,,,,,24.14166667
2019-12-06,,,,,21.6
2019-12-07,,,,,26.00833333
2019-12-08,,,,,17.17083333
2019-12-09,,,,,16.9125
2019-12-10,,,,,22.32857143
2019-12-11,,,,,26.94166667
2019-12-12,,,,,22.73333333
2019-12-13,,,,,24.07727273
2019-12-14,,,,,17.40833333
2019-12-15,,,,,12.92916667
2019-12-16,,,,,24.6
2019-12-17,,,,,26.575
2019-12-18,,,,,23.25833333
2019-12-19,,,,,19.21363636
2019-12-20,,,,,21.8173913
2019-12-21,,,,,20.1
2019-12-22,,,,,20.20833333
2019-12-23,,,,,17.39130435
2019-12-24,,,,,19.74166667
2019-12-25,,,,,21.49583333
2019-12-26,,,,,12.59166667
2019-12-27,,,,,19.8375
2019-12-28,,,,,19.37083333
2019-12-29,,,,,15.80416667
2019-12-30,,,,,19.43333333
2019-12-31,,,,,16.60833333
2020-01-01,,,,,25.97916667
2020-01-02,,,,,13.525
2020-01-03,,,,,18.77083333
2020-01-04,,,,,19.50416667
2020-01-05,,,,,19.33157895
2020-01-06,,,,,15.34583333
2020-01-07,,,,,17.35416667
2020-01-08,,,,,18.26666667
2020-01-09,,,,,20.38333333
2020-01-10,,,,,25.26153846
2020-01-11,,,,,
2020-01-12,,,,,
2020-01-13,,,,,19.1
2020-01-14,,,,,22.875
2020-01-15,,,,,27.49166667
2020-01-16,,,,,22.04583333
2020-01-17,,,,,23.73
2020-01-18,,,,,16.41428571
2020-01-19,,,,,14.32608696
2020-01-20,,,,,29.58333333
2020-01-21,,,,,23.32608696
2020-01-22,,,,,15.55416667
2020-01-23,,,,,27.33809524
2020-01-24,,,,,18.56666667
2020-01-25,,,,,15.91666667
2020-01-26,,,,,14.33333333
2020-01-27,,,,,21.24166667
2020-01-28,,,,,17.74782609
2020-01-29,,,,,25.00434783
2020-01-30,,,,,27.525
2020-01-31,,,,,26.7875
2020-02-01,,,,,25.2125
2020-02-02,,,,,16.3875
2020-02-03,,,,,18.8625
2020-02-04,,,,,22.925
2020-02-05,,,,,25.5625
2020-02-06,,,,,26.37083333
2020-02-07,,,,,34.65454545
2020-02-08,,,,,32.98333333
2020-02-09,,,,,29.51666667
2020-02-10,,,,,30.62916667
2020-02-11,,,,,27.45
2020-02-12,,,,,26.84347826
2020-02-13,,,,,32.02083333
2020-02-14,,,,,37.50833333
2020-02-15,,,,,26.87083333
2020-02-16,,,,,19.14583333
2020-02-17,,,,,20.95
2020-02-18,,,,,17.2625
2020-02-19,,,,,23.15416667
2020-02-20,,,,,27.57142857
2020-02-21,,,,,30.525
2020-02-22,,,,,22.0125
2020-02-23,,,,,19.77916667
2020-02-24,,,,,25.1375
2020-02-25,,,,,28.72083333
2020-02-26,,,,,26.90416667
2020-02-27,,,,,35.55833333
2020-02-28,,,,,29.92916667
2020-02-29,,,,,36.85
2020-03-01,,,,,32.27083333
2020-03-02,,,,,30.35
2020-03-03,,,,,33.30833333
2020-03-04,,,,,34.67083333
2020-03-05,,,,,34.47083333
2020-03-06,,,,,48.55
2020-03-07,,,,,56.68333333
2020-03-08,,,,,43.45416667
2020-03-09,,,,,43.175
2020-03-10,,,,,40.32083333
2020-03-11,,,,,41.32916667
2020-03-12,,,,,43.59583333
2020-03-13,,,,,36.69166667
2020-03-14,,,,,42.70833333
2020-03-15,,,,,40.0
2020-03-16,,,,,45.23636364
2020-03-17,,,,,59.05416667
2020-03-18,,,,,58.35416667
2020-03-19,,,,,63.1625
2020-03-20,,,,,48.24166667
2020-03-21,,,,,29.62916667
2020-03-22,,,,,31.42857143
2020-03-23,,,,,42.7125
2020-03-24,,,,,51.89166667
2020-03-25,,,,,45.33181818
2020-03-26,,,,,49.54583333
2020-03-27,,,,,43.80416667
2020-03-28,,,,,41.52083333
2020-03-29,,,,,45.13157895
2020-03-30,,,,,42.98235294
2020-03-31,,,,,20.50416667
2020-04-01,,,,,7.19583333
2020-04-02,,,,,9.06086957
2020-04-03,,,,,14.30416667
2020-04-04,,,,,14.39583333
2020-04-05,,,,,12.25
2020-04-06,,,,,8.05909091
2020-04-07,,,,,6.7125
2020-04-08,,,,,9.06666667
2020-04-09,,,,,9.05416667
2020-04-10,,,,,9.3625
2020-04-11,,,,,8.06666667
2020-04-12,,,,,8.17083333
2020-04-13,,,,,8.32916667
2020-04-14,,,,,12.37916667
2020-04-15,,,,,18.43333333
2020-04-16,,,,,25.81818182
2020-04-17,,,,,33.39166667
2020-04-18,,,,,27.02916667
2020-04-19,,,,,15.37916667
2020-04-20,,,,,16.62916667
2020-04-21,,,,,9.0125
2020-04-22,,,,,13.41304348
2020-04-23,,,,,7.59166667
2020-04-24,,,,,10.33333333
2020-04-25,,,,,17.35416667
2020-04-26,,,,,15.54166667
2020-04-27,,,,,19.5
2020-04-28,,,,,14.85833333
2020-04-29,,,,,18.39583333
2020-04-30,,,,,15.99166667
2020-05-01,,,,,15.37916667
2020-05-02,,,,,10.09583333
2020-05-03,,,,,10.19166667
2020-05-04,,,,,10.6
2020-05-05,,,,,11.62916667
2020-05-06,,,,,11.10416667
2020-05-07,,,,,10.82608696
2020-05-08,,,,,11.2375
2020-05-09,,,,,8.56190476
2020-05-10,,,,,9.56086957
2020-05-11,,,,,12.96666667
2020-05-12,,,,,16.14166667
2020-05-13,,,,,14.95416667
2020-05-14,,,,,17.95909091
2020-05-15,,,,,15.50833333
2020-05-16,,,,,12.9173913
2020-05-17,,,,,9.11666667
2020-05-18,,,,,11.27916667
2020-05-19,,,,,18.22083333
2020-05-20,,,,,17.98333333
2020-05-21,,,,,15.7173913
2020-05-22,,,,,19.55454545
2020-05-23,,,,,17.8375
2020-05-24,,,,,12.68333333
2020-05-25,,,,,19.32083333
2020-05-26,,,,,11.62608696
2020-05-27,,,,,14.29583333
2020-05-28,,,,,13.27916667
2020-05-29,,,,,20.51666667
2020-05-30,,,,,16.01666667
2020-05-31,,,,,12.425
2020-06-01,,,,,14.03913043
2020-06-02,,,,,19.9125
2020-06-03,,,,,18.17916667
2020-06-04,,,,,15.82083333
2020-06-05,,,,,16.26666667
2020-06-06,,,,,17.6125
2020-06-07,,,,,10.87391304
2020-06-08,,,,,13.0
2020-06-09,,,,,18.99166667
2020-06-10,,,,,19.2625
2020-06-11,,,,,19.73333333
2020-06-12,,,,,18.1375
2020-06-13,,,,,14.85416667
2020-06-14,,,,,13.6
2020-06-15,,,,,11.98695652
2020-06-16,,,,,17.13913043
2020-06-17,,,,,19.99583333
2020-06-18,,,,,20.8375
2020-06-19,,,,,20.87727273
2020-06-20,,,,,11.88695652
2020-06-21,,,,,10.72916667
2020-06-22,,,,,8.06086957
2020-06-23,,,,,14.60416667
2020-06-24,,,,,28.17916667
2020-06-25,,,,,28.9625
2020-06-26,,,,,18.34090909
2020-06-27,,,,,19.35416667
2020-06-28,,,,,10.27916667
2020-06-29,,,,,12.3
2020-06-30,,,,,14.74782609
2020-07-01,,,,,14.31904762
2020-07-02,,,,,12.975
2020-07-03,,,,,15.95416667
2020-07-04,,,,,13.17083333
2020-07-05,,,,,13.49166667
2020-07-06,,,,,16.35833333
2020-07-07,,,,,18.175
2020-07-08,,,,,15.92173913
2020-07-09,,,,,15.30833333
2020-07-10,,,,,20.56666667
2020-07-11,,,,,18.0375
2020-07-12,,,,,13.35
2020-07-13,,,,,11.16666667
2020-07-14,,,,,10.97619048
2020-07-15,,,,,18.01052632
2020-07-16,,,,,15.75714286
2020-07-17,,,,,12.20434783
2020-07-18,,,,,9.65789474
2020-07-19,,,,,9.48695652
2020-07-20,,,,,14.37272727
2020-07-21,,,,,14.875
2020-07-22,,,,,11.93333333
2020-07-23,,,,,16.5875
2020-07-24,,,,,9.3
2020-07-25,,,,,11.5826087
2020-07-26,,,,,12.74583333
2020-07-27,,,,,13.80909091
2020-07-28,,,,,12.3375
2020-07-29,,,,,16.55833333
2020-07-30,,,,,19.95416667
2020-07-31,,,,,25.95416667
2020-08-01,,,,,19.45
2020-08-02,,,,,14.55416667
2020-08-03,,,,,22.09166667
2020-08-04,,,,,22.35416667
2020-08-05,,,,,23.90416667
2020-08-06,,,,,27.80833333
2020-08-07,,,,,21.64583333
2020-08-08,,,,,18.2375
2020-08-09,,,,,16.65
2020-08-10,,,,,21.94545455
2020-08-11,,,,,29.22083333
2020-08-12,,,,,13.66190476
2020-08-13,,,,,17.1125
2020-08-14,,,,,19.04761905
2020-08-15,,,,,15.43913043
2020-08-16,,,,,14.7125
2020-08-17,,,,,10.94166667
2020-08-18,,,,,15.06086957
2020-08-19,,,,,13.58095238
2020-08-20,,,,,13.86190476
2020-08-21,,,,,13.1625
2020-08-22,,,,,14.05833333
2020-08-23,,,,,15.175
2020-08-24,,,,,19.88333333
2020-08-25,,,,,17.38333333
2020-08-26,,,,,16.275
2020-08-27,,,,,14.125
2020-08-28,,,,,16.87083333
2020-08-29,,,,,21.30833333
2020-08-30,,,,,14.525
2020-08-31,,,,,20.42083333
2020-09-01,,,,,23.05
2020-09-02,,,,,15.23043478
2020-09-03,,,,,28.0625
2020-09-04,,,,,22.09166667
2020-09-05,,,,,13.08333333
2020-09-06,,,,,11.14782609
2020-09-07,,,,,15.1
2020-09-08,,,,,18.125
2020-09-09,,,,,27.4125
2020-09-10,,,,,20.47083333
2020-09-11,,,,,19.05
2020-09-12,,,,,15.79583333
2020-09-13,,,,,14.71666667
2020-09-14,,,,,16.53333333
2020-09-15,,,,,23.85833333
2020-09-16,,,,,16.7375
2020-09-17,,,,,20.49583333
2020-09-18,,,,,31.0875
2020-09-19,,,,,31.07916667
2020-09-20,,,,,17.66086957
2020-09-21,,,,,21.24166667
2020-09-22,,,,,18.09166667
2020-09-23,,,,,19.38333333
2020-09-24,,,,,15.29130435
2020-09-25,,,,,23.075
2020-09-26,,,,,15.83333333
2020-09-27,,,,,14.10833333
2020-09-28,,,,,15.025
2020-09-29,,,,,18.625
2020-09-30,,,,,19.95416667
2020-10-01,,,,,14.43333333
2020-10-02,,,,,14.23181818
2020-10-03,,,,,25.64583333
2020-10-04,,,,,13.97916667
2020-10-05,,,,,14.13333333
2020-10-06,,,,,20.1625
2020-10-07,,,,,18.25416667
2020-10-08,,,,,20.975
2020-10-09,,,,,21.37391304
2020-10-10,,,,,13.45833333
2020-10-11,,,,,16.16956522
2020-10-12,,,,,15.14761905
2020-10-13,,,,,12.95
2020-10-14,,,,,22.45833333
2020-10-15,,,,,15.72083333
2020-10-16,,,,,15.95833333
2020-10-17,,,,,21.70416667
2020-10-18,,,,,19.17826087
2020-10-19,,,,,15.09166667
2020-10-20,,,,,19.2
2020-10-21,,,,,20.025
2020-10-22,,,,,18.75833333
2020-10-23,,,,,19.35217391
2020-10-24,,,,,19.29166667
2020-10-25,,,,,19.87916667
2020-10-26,,,,,20.82916667
2020-10-27,,,,,18.87916667
2020-10-28,,,,,19.05416667
2020-10-29,,,,,15.8875
2020-10-30,,,,,22.4
2020-10-31,,,,,18.04166667
2020-11-01,,,,,11.99583333
2020-11-02,,,,,11.05909091
2020-11-03,,,,,14.99166667
2020-11-04,,,,,16.89166667
2020-11-05,,,,,17.79545455
2020-11-06,,,,,21.575
2020-11-07,,,,,24.52083333
2020-11-08,,,,,17.76666667
2020-11-09,,,,,22.76666667
2020-11-10,,,,,15.1375
2020-11-11,,,,,18.03684211
2020-11-12,,,,,21.36666667
2020-11-13,,,,,14.825
2020-11-14,,,,,8.59166667
2020-11-15,,,,,11.43333333
2020-11-16,,,,,13.06666667
2020-11-17,,,,,17.82083333
2020-11-18,,,,,12.13333333
2020-11-19,,,,,12.25
2020-11-20,,,,,19.79583333
2020-11-21,,,,,18.7875
2020-11-22,,,,,14.04583333
2020-11-23,,,,,17.56666667
2020-11-24,,,,,19.10833333
2020-11-25,,,,,19.625
2020-11-26,,,,,17.39166667
2020-11-27,,,,,21.75454545
2020-11-28,,,,,16.75652174
2020-11-29,,,,,17.8375
2020-11-30,,,,,19.12083333
2020-12-01,,,,,31.89583333
2020-12-02,,,,,21.49090909
2020-12-03,,,,,17.88695652
2020-12-04,,,,,19.40416667
2020-12-05,,,,,19.675
2020-12-06,,,,,16.7375
2020-12-07,,,,,24.55
2020-12-08,,,,,22.14166667
2020-12-09,,,,,22.41666667
2020-12-10,,,,,19.2125
2020-12-11,,,,,19.19047619
2020-12-12,,,,,20.41304348
2020-12-13,,,,,19.425
2020-12-14,,,,,21.27083333
2020-12-15,,,,,22.1
2020-12-16,,,,,21.92083333
2020-12-17,,,,,
2020-12-18,,,,,25.99545455
2020-12-19,,,,,22.2
2020-12-20,,,,,20.51666667
2020-12-21,,,,,19.19583333
2020-12-22,,,,,22.12916667
2020-12-23,,,,,21.5125
2020-12-24,,,,,29.20588235
2020-12-25,,,,,14.39166667
2020-12-26,,,,,18.26956522
2020-12-27,,,,,16.84583333
2020-12-28,,,,,14.71666667
2020-12-29,,,,,17.09583333
2020-12-30,,,,,22.11666667
2020-12-31,,,,,19.39166667
2021-01-01,,,,,25.85833333
2021-01-02,,,,,18.20416667
2021-01-03,,,,,14.11666667
2021-01-04,,,,,15.44090909
2021-01-05,,,,,15.00416667
2021-01-06,,,,,16.6826087
2021-01-07,,,,,23.4625
2021-01-08,,,,,16.12916667
2021-01-09,,,,,13.48333333
2021-01-10,,,,,10.14583333
2021-01-11,,,,,11.0
2021-01-12,,,,,16.87391304
2021-01-13,,,,,16.8625
2021-01-14,,,,,19.21666667
2021-01-15,,,,,19.7875
2021-01-16,,,,,19.50416667
2021-01-17,,,,,18.54166667
2021-01-18,,,,,20.08095238
2021-01-19,,,,,19.5375
2021-01-20,,,,,23.0
2021-01-21,,,,,22.74166667
2021-01-22,,,,,24.5375
2021-01-23,,,,,23.05652174
2021-01-24,,,,,15.10454545
2021-01-25,,,,,17.44583333
2021-01-26,,,,,21.83333333
2021-01-27,,,,,21.6375
2021-01-28,,,,,23.19583333
2021-01-29,,,,,20.21666667
2021-01-30,,,,,23.44166667
2021-01-31,,,,,23.10909091
2021-02-01,,,,,19.35416667
2021-02-02,,,,,17.17852917
2021-02-03,,,,,17.09450417
2021-02-04,,,,,19.90405217
2021-02-05,,,,,20.23417604
2021-02-06,,,,,21.54367188
2021-02-07,,,,,20.40015271
2021-02-08,,,,,21.67444146
2021-02-09,,,,,27.45208333
2021-02-10,,,,,19.34133938
2021-02-11,,,,,23.60538833
2021-02-12,,,,,26.02286042
2021-02-13,,,,,26.73641667
2021-02-14,,,,,22.85946667
2021-02-15,,,,,26.97674375
2021-02-16,,,,,25.36598792
2021-02-17,,,,,26.81704021
2021-02-18,,,,,23.54850455
2021-02-19,,,,,19.03360646
2021-02-20,,,,,19.66114021
2021-02-21,,,,,15.86719979
2021-02-22,,,,,20.43607083
2021-02-23,,,,,21.67051458
2021-02-24,,,,,21.36621583
2021-02-25,,,,,24.16596458
2021-02-26,,,,,21.49856854
2021-02-27,,,,,20.57470604
2021-02-28,,,,,21.48194267
2021-03-01,,,,,22.00416667
2021-03-02,,,,,26.575
2021-03-03,,,,,27.36666667
2021-03-04,,,,,33.25416667
2021-03-05,,,,,29.275
2021-03-06,,,,,37.40833333
2021-03-07,,,,,30.3375
2021-03-08,,,,,19.39583333
2021-03-09,,,,,21.67916667
2021-03-10,,,,,23.36818182
2021-03-11,,,,,27.20416667
2021-03-12,,,,,20.96190476
2021-03-13,,,,,23.1125
2021-03-14,,,,,23.4875
2021-03-15,,,,,23.075
2021-03-16,,,,,26.51666667
2021-03-17,,,,,22.67619048
2021-03-18,,,,,27.33684211
2021-03-19,,,,,23.0375
2021-03-20,,,,,18.93333333
2021-03-21,,,,,24.42916667
2021-03-22,,,,,15.375
2021-03-23,,,,,19.05
2021-03-24,,,,,21.59583333
2021-03-25,,,,,21.65416667
2021-03-26,,,,,19.63333333
2021-03-27,,,,,15.28333333
2021-03-28,,,,,19.08333333
2021-03-29,,,,,15.07083333
2021-03-30,,,,,14.275
2021-03-31,,,,,17.50833333
2021-04-01,,,,,17.91
2021-04-02,,,,,15.24285714
2021-04-03,,,,,15.33333333
2021-04-04,,,,,13.62083333
2021-04-05,,,,,14.26818182
2021-04-06,,,,,19.62916667
2021-04-07,,,,,15.47916667
2021-04-08,,,,,16.675
2021-04-09,,,,,13.25454545
2021-04-10,,,,,14.54166667
2021-04-11,,,,,12.09166667
2021-04-12,,,,,15.01666667
2021-04-13,,,,,17.04583333
2021-04-14,,,,,21.02083333
2021-04-15,,,,,19.62916667
2021-04-16,,,,,22.81666667
2021-04-17,,,,,20.28333333
2021-04-18,,,,,12.80416667
2021-04-19,,,,,15.63333333
2021-04-20,,,,,19.74166667
2021-04-21,,,,,27.44285714
2021-04-22,,,,,28.25416667
2021-04-23,,,,,22.125
2021-04-24,,,,,27.63333333
2021-04-25,,,,,21.75
2021-04-26,,,,,27.47391304
2021-04-27,,,,,
2021-04-28,,,,,
2021-04-29,,,,,
2021-04-30,,,,,22.0
2021-05-01,,,,,19.64166667
2021-05-02,,,,,13.98333333
2021-05-03,,,,,13.875
2021-05-04,,,,,19.425
2021-05-05,,,,,15.09166667
2021-05-06,,,,,18.79583333
2021-05-07,,,,,20.775
2021-05-08,,,,,17.45
2021-05-09,,,,,31.55652174
2021-05-10,,,,,16.24
2021-05-11,,,,,11.10416667
2021-05-12,,,,,15.57083333
2021-05-13,,,,,14.45
2021-05-14,,,,,15.725
2021-05-15,,,,,17.95
2021-05-16,,,,,14.56666667
2021-05-17,,,,,13.33913043
2021-05-18,,,,,12.525
2021-05-19,,,,,17.33333333
2021-05-20,,,,,14.90833333
2021-05-21,,,,,18.67083333
2021-05-22,,,,,15.35833333
2021-05-23,,,,,15.10833333
2021-05-24,,,,,16.36818182
2021-05-25,,,,,14.54782609
2021-05-26,,,,,15.83333333
2021-05-27,,,,,23.49166667
2021-05-28,,,,,18.2125
2021-05-29,,,,,21.15
2021-05-30,,,,,20.84782609
2021-05-31,,,,,18.5
2021-06-01,,,,,18.39583333
2021-06-02,,,,,16.16959667
2021-06-03,,,,,12.88976375
2021-06-04,,,,,18.06226917
2021-06-05,,,,,16.30069625
2021-06-06,,,,,8.18919083
2021-06-07,,,,,14.69253292
2021-06-08,,,,,15.83043652
2021-06-09,,,,,15.76632125
2021-06-10,,,,,19.83900875
2021-06-11,,,,,15.09529875
2021-06-12,,,,,18.75008792
2021-06-13,,,,,18.37540125
2021-06-14,,,,,17.57135167
2021-06-15,,,,,15.25947292
2021-06-16,,,,,13.85255375
2021-06-17,,,,,15.94592583
2021-06-18,,,,,10.91967739
2021-06-19,,,,,13.0669325
2021-06-20,,,,,13.05262522
2021-06-21,,,,,11.65877292
2021-06-22,,,,,16.61197
2021-06-23,,,,,16.99954917
2021-06-24,,,,,19.21431714
2021-06-25,,,,,18.6195925
2021-06-26,,,,,17.40528833
2021-06-27,,,,,14.1276775
2021-06-28,,,,,14.07039375
2021-06-29,,,,,13.17316042
2021-06-30,,,,,17.70813348
2021-07-01,,,,,16.57083333
2021-07-02,,,,,13.22913333
2021-07-03,,,,,16.05553208
2021-07-04,,,,,10.39993958
2021-07-05,,,,,11.1261475
2021-07-06,,,,,15.28736125
2021-07-07,,,,,14.57454609
2021-07-08,,,,,14.08237
2021-07-09,,,,,15.57362227
2021-07-10,,,,,17.53316696
2021-07-11,,,,,6.97101696
2021-07-12,,,,,15.17833762
2021-07-13,,,,,12.82157652
2021-07-14,,,,,17.24043792
2021-07-15,,,,,15.77565708
2021-07-16,,,,,13.12932958
2021-07-17,,,,,11.75507875
2021-07-18,,,,,10.2223013
2021-07-19,,,,,10.35305783
2021-07-20,,,,,11.95734091
2021-07-21,,,,,15.25219826
2021-07-22,,,,,16.3992625
2021-07-23,,,,,17.18195458
2021-07-24,,,,,22.20224792
2021-07-25,,,,,11.71062792
2021-07-26,,,,,14.28147542
2021-07-27,,,,,18.4740325
2021-07-28,,,,,26.6162625
2021-07-29,,,,,25.21286913
2021-07-30,,,,,16.68557955
2021-07-31,,,,,13.70377217
2021-08-01,,,,,12.225
2021-08-02,,,,,14.00210417
2021-08-03,,,,,23.8109325
2021-08-04,,,,,23.88640792
2021-08-05,,,,,23.43800708
2021-08-06,,,,,25.62444238
2021-08-07,,,,,27.58093083
2021-08-08,,,,,16.61619208
2021-08-09,,,,,21.19397583
2021-08-10,,,,,20.3611125
2021-08-11,,,,,22.79832583
2021-08-12,,,,,17.30132333
2021-08-13,,,,,22.97946583
2021-08-14,,,,,19.05132458
2021-08-15,,,,,13.01768458
2021-08-16,,,,,16.90514417
2021-08-17,,,,,15.2330205
2021-08-18,,,,,18.07800417
2021-08-19,,,,,15.53916083
2021-08-20,,,,,16.46689708
2021-08-21,,,,,19.18470952
2021-08-22,,,,,14.47278208
2021-08-23,,,,,17.50301333
2021-08-24,,,,,14.59318458
2021-08-25,,,,,22.14977917
2021-08-26,,,,,26.10316167
2021-08-27,,,,,12.61081542
2021-08-28,,,,,14.72629333
2021-08-29,,,,,14.4973725
2021-08-30,,,,,12.3415055
2021-08-31,,,,,17.11132391
2021-09-01,,,,,15.15416667
2021-09-02,,,,,15.8308625
2021-09-03,,,,,16.65313667
2021-09-04,,,,,19.97578875
2021-09-05,,,,,16.52868043
2021-09-06,,,,,22.53078917
2021-09-07,,,,,24.21712792
2021-09-08,,,,,21.42393917
2021-09-09,,,,,23.26852364
2021-09-10,,,,,16.15019125
2021-09-11,,,,,20.308595
2021-09-12,,,,,12.47268458
2021-09-13,,,,,16.76653542
2021-09-14,,,,,15.58901667
2021-09-15,,,,,14.67803208
2021-09-16,,,,,16.64642792
2021-09-17,,,,,18.21231208
2021-09-18,,,,,20.89396708
2021-09-19,,,,,14.25504435
2021-09-20,,,,,18.14263083
2021-09-21,,,,,17.73468542
2021-09-22,,,,,20.0919975
2021-09-23,,,,,10.96888267
2021-09-24,,,,,15.38667647
2021-09-25,,,,,19.83782565
2021-09-26,,,,,14.14874667
2021-09-27,,,,,14.39766125
2021-09-28,,,,,20.83369208
2021-09-29,,,,,29.81084583
2021-09-30,,,,,18.70392739
2021-10-01,,,,,20.78333333
2021-10-02,,,,,25.83100417
2021-10-03,,,,,14.79539333
2021-10-04,,,,,15.72552292
2021-10-05,,,,,15.94330125
2021-10-06,,,,,16.68864292
2021-10-07,,,,,16.09210542
2021-10-08,,,,,16.754135
2021-10-09,,,,,15.91935792
2021-10-10,,,,,17.73361083
2021-10-11,,,,,16.82261083
2021-10-12,,,,,21.6922825
2021-10-13,,,,,26.37823333
2021-10-14,,,,,17.40423625
2021-10-15,,,,,28.5932
2021-10-16,,,,,26.74702167
2021-10-17,,,,,18.4112025
2021-10-18,,,,,16.32396318
2021-10-19,,,,,12.49700286
2021-10-20,,,,,15.02957583
2021-10-21,,,,,22.75849667
2021-10-22,,,,,22.28114042
2021-10-23,,,,,27.77409167
2021-10-24,,,,,21.47710625
2021-10-25,,,,,19.53715458
2021-10-26,,,,,19.23842583
2021-10-27,,,,,18.12166292
2021-10-28,,,,,27.66660435
2021-10-29,,,,,22.90025773
2021-10-30,,,,,23.11537833
2021-10-31,,,,,11.28790304
2021-11-01,,,,,14.45833333
2021-11-02,,,,,16.82505417
2021-11-03,,,,,17.64647583
2021-11-04,,,,,17.63591542
2021-11-05,,,,,16.46285125
2021-11-06,,,,,15.8514113
2021-11-07,,,,,18.48163292
2021-11-08,,,,,20.11171875
2021-11-09,,,,,20.74626667
2021-11-10,,,,,19.14844208
2021-11-11,,,,,20.91862125
2021-11-12,,,,,20.69569958
2021-11-13,,,,,15.28912875
2021-11-14,,,,,20.39877792
2021-11-15,,,,,23.9682875
2021-11-16,,,,,23.50322833
2021-11-17,,,,,19.10034167
2021-11-18,,,,,19.40008458
2021-11-19,,,,,18.26124667
2021-11-20,,,,,19.88042348
2021-11-21,,,,,19.06113
2021-11-22,,,,,22.893675
2021-11-23,,,,,28.02984615
2021-11-24,,,,,25.49608625
2021-11-25,,,,,17.32266227
2021-11-26,,,,,19.99913958
2021-11-27,,,,,19.68171565
2021-11-28,,,,,13.47835958
2021-11-29,,,,,22.31620909
2021-11-30,,,,,21.96592375
2021-12-01,,,,,18.15416667
2021-12-02,,,,,18.95776818
2021-12-03,,,,,18.4201125
2021-12-04,,,,,19.34474292
2021-12-05,,,,,15.44933958
2021-12-06,,,,,16.06600417
2021-12-07,,,,,20.373035
2021-12-08,,,,,23.26030792
2021-12-09,,,,,20.6435
2021-12-10,,,,,18.19600083
2021-12-11,,,,,20.37725667
2021-12-12,,,,,16.00098125
2021-12-13,,,,,12.87419417
2021-12-14,,,,,20.65362583
2021-12-15,,,,,20.6026
2021-12-16,,,,,19.8684675
2021-12-17,,,,,21.0772675
2021-12-18,,,,,38.69570833
2021-12-19,,,,,29.37816708
2021-12-20,,,,,17.641425
2021-12-21,,,,,28.22753417
2021-12-22,,,,,21.04088667
2021-12-23,,,,,15.28155417
2021-12-24,,,,,19.12055667
2021-12-25,,,,,26.35375522
2021-12-26,,,,,12.94628208
2021-12-27,,,,,16.26655579
2021-12-28,,,,,18.26358667
2021-12-29,,,,,22.5472125
2021-12-30,,,,,23.37040917
2021-12-31,,,,,22.4586287
2022-01-01,,,,,26.1375
2022-01-02,,,,,12.65070417
2022-01-03,,,,,19.78266042
2022-01-04,,,,,16.55195625
2022-01-05,,,,,18.86069792
2022-01-06,,,,,25.0979
2022-01-07,,,,,19.07688167
2022-01-08,,,,,20.39532542
2022-01-09,,,,,20.41749045
2022-01-10,,,,,14.8423025
2022-01-11,,,,,18.89230125
2022-01-12,,,,,13.32828292
2022-01-13,,,,,14.18905955
2022-01-14,,,,,12.91512292
2022-01-15,,,,,14.82459143
2022-01-16,,,,,16.2824819
2022-01-17,,,,,21.31110682
2022-01-18,,,,,21.18136667
2022-01-19,,,,,17.47543444
2022-01-20,,,,,20.05132125
2022-01-21,,,,,25.47263714
2022-01-22,,,,,25.24380833
2022-01-23,,,,,19.06180833
2022-01-24,,,,,20.43405083
2022-01-25,,,,,23.745895
2022-01-26,,,,,23.97629167
2022-01-27,,,,,22.9183125
2022-01-28,,,,,25.06639
2022-01-29,,,,,24.49800167
2022-01-30,,,,,18.89809875
2022-01-31,,,,,19.58963087
2022-02-01,,,,,23.32083333
2022-02-02,,,,,23.76644583
2022-02-03,,,,,28.7083
2022-02-04,,,,,31.375125
2022-02-05,,,,,26.09797583
2022-02-06,,,,,18.30659708
2022-02-07,,,,,15.69613917
2022-02-08,,,,,20.87882958
2022-02-09,,,,,22.0595465
2022-02-10,,,,,26.51894708
2022-02-11,,,,,16.98206375
2022-02-12,,,,,22.308625
2022-02-13,,,,,20.38235792
2022-02-14,,,,,21.56266
2022-02-15,,,,,20.88474583
2022-02-16,,,,,23.73574458
2022-02-17,,,,,25.91159583
2022-02-18,,,,,23.36755
2022-02-19,,,,,20.03282667
2022-02-20,,,,,16.92494333
2022-02-21,,,,,21.28431667
2022-02-22,,,,,24.053545
2022-02-23,,,,,34.21576708
2022-02-24,,,,,38.9156625
2022-02-25,,,,,41.90229042
2022-02-26,,,,,33.27064167
2022-02-27,,,,,24.41379583
2022-02-28,,,,,19.18513684
2022-03-01,,,,,11.8375
2022-03-02,,,,,20.53750417
2022-03-03,,,,,16.09606652
2022-03-04,,,,,19.39591667
2022-03-05,,,,,21.24522619
2022-03-06,,,,,12.78017958
2022-03-07,,,,,17.47335375
2022-03-08,,,,,14.56630625
2022-03-09,,,,,18.58884625
2022-03-10,,,,,16.21304909
2022-03-11,,,,,19.76232292
2022-03-12,,,,,16.61688792
2022-03-13,,,,,16.03831292
2022-03-14,,,,,20.44037042
2022-03-15,,,,,27.2715875
2022-03-16,,,,,26.68697778
2022-03-17,,,,,25.91583958
2022-03-18,,,,,35.16680556
2022-03-19,,,,,31.60474167
2022-03-20,,,,,23.92848708
2022-03-21,,,,,25.88345095
2022-03-22,,,,,29.46901905
2022-03-23,,,,,32.18159167
2022-03-24,,,,,37.74371905
2022-03-25,,,,,37.804135
2022-03-26,,,,,32.1
2022-03-27,,,,,21.7743
2022-03-28,,,,,21.69075375
2022-03-29,,,,,17.19235625
2022-03-30,,,,,19.13128083
2022-03-31,,,,,23.79706957
2022-04-01,,,,,15.12083333
2022-04-02,,,,,20.81574167
2022-04-03,,,,,18.2799475
2022-04-04,,,,,15.44792167
2022-04-05,,,,,15.21177708
2022-04-06,,,,,15.57382714
2022-04-07,,,,,16.02486167
2022-04-08,,,,,15.44528208
2022-04-09,,,,,14.08820125
2022-04-10,,,,,15.06573417
2022-04-11,,,,,18.34247417
2022-04-12,,,,,16.98655875
2022-04-13,,,,,24.76596667
2022-04-14,,,,,23.9661125
2022-04-15,,,,,17.37062292
2022-04-16,,,,,15.46665917
2022-04-17,,,,,13.755355
2022-04-18,,,,,18.80460708
2022-04-19,,,,,9.82188458
2022-04-20,,,,,16.07289792
2022-04-21,,,,,11.17107583
2022-04-22,,,,,10.75146667
2022-04-23,,,,,11.32197826
2022-04-24,,,,,11.4863775
2022-04-25,,,,,12.39419625
2022-04-26,,,,,23.095045
2022-04-27,,,,,20.18069083
2022-04-28,,,,,14.2105119
2022-04-29,,,,,13.0407425
2022-04-30,,,,,16.8428687
2022-05-01,,,,,10.64166667
2022-05-02,,,,,13.03958708
2022-05-03,,,,,13.4003313
2022-05-04,,,,,20.49701958
2022-05-05,,,,,18.54867625
2022-05-06,,,,,16.46109917
2022-05-07,,,,,17.84901083
2022-05-08,,,,,16.31035261
2022-05-09,,,,,18.33775875
2022-05-10,,,,,16.650071
2022-05-11,,,,,
2022-05-12,,,,,
2022-05-13,,,,,17.427198
2022-05-14,,,,,17.74016895
2022-05-15,,,,,13.69377875
2022-05-16,,,,,18.57559833
2022-05-17,,,,,21.09439417
2022-05-18,,,,,19.2181075
2022-05-19,,,,,21.92856167
2022-05-20,,,,,21.21912375
2022-05-21,,,,,19.67084583
2022-05-22,,,,,22.27005292
2022-05-23,,,,,14.49897875
2022-05-24,,,,,19.75094375
2022-05-25,,,,,20.74763818
2022-05-26,,,,,19.91305917
2022-05-27,,,,,14.83208348
2022-05-28,,,,,19.58595583
2022-05-29,,,,,13.22762667
2022-05-30,,,,,12.4057
2022-05-31,,,,,20.603706
2022-06-01,,,,,25.77142857
2022-06-02,,,,,14.09166667
2022-06-03,,,,,16.96063458
2022-06-04,,,,,22.29668208
2022-06-05,,,,,23.1515625
2022-06-06,,,,,27.73515
2022-06-07,,,,,22.49975042
2022-06-08,,,,,24.02167417
2022-06-09,,,,,26.00068875
2022-06-10,,,,,20.32395833
2022-06-11,,,,,13.62299125
2022-06-12,,,,,12.16429542
2022-06-13,,,,,14.13856476
2022-06-14,,,,,17.35327333
2022-06-15,,,,,20.86548375
2022-06-16,,,,,17.0212675
2022-06-17,,,,,24.43280952
2022-06-18,,,,,23.91119042
2022-06-19,,,,,19.70658125
2022-06-20,,,,,12.64828417
2022-06-21,,,,,19.91615667
2022-06-22,,,,,20.411665
2022-06-23,,,,,18.78847667
2022-06-24,,,,,15.9913725
2022-06-25,,,,,17.49052708
2022-06-26,,,,,13.69080167
2022-06-27,,,,,16.58241045
2022-06-28,,,,,16.27378381
2022-06-29,,,,,12.14240708
2022-06-30,,,,,18.58853174
2022-07-01,,,,,27.31666667
2022-07-02,,,,,15.3955
2022-07-03,,,,,13.28626182
2022-07-04,,,,,12.37777708
2022-07-05,,,,,13.58620542
2022-07-06,,,,,14.54886458
2022-07-07,,,,,15.61063917
2022-07-08,,,,,15.28416348
2022-07-09,,,,,16.34172042
2022-07-10,,,,,11.28114261
2022-07-11,,,,,19.45611143
2022-07-12,,,,,20.68756542
2022-07-13,,,,,17.24091708
2022-07-14,,,,,17.32218167
2022-07-15,,,,,23.4162875
2022-07-16,,,,,21.02176208
2022-07-17,,,,,16.11572292
2022-07-18,,,,,12.04570043
2022-07-19,,,,,19.97793333
2022-07-20,,,,,20.27603042
2022-07-21,,,,,23.22732958
2022-07-22,,,,,18.4515225
2022-07-23,,,,,20.24663042
2022-07-24,,,,,17.19912917
2022-07-25,,,,,16.41975625
2022-07-26,,,,,12.42121083
2022-07-27,,,,,20.119965
2022-07-28,,,,,12.77211292
2022-07-29,,,,,15.99741167
2022-07-30,,,,,13.60831348
2022-07-31,,,,,14.47255864
2022-08-01,,,,,14.76956522
2022-08-02,,,,,17.96361739
2022-08-03,,,,,18.81889375
2022-08-04,,,,,16.31426167
2022-08-05,,,,,17.8533095
2022-08-06,,,,,19.39962227
2022-08-07,,,,,11.94034043
2022-08-08,,,,,14.8810087
2022-08-09,,,,,17.07058292
2022-08-10,,,,,17.3600687
2022-08-11,,,,,15.90048542
2022-08-12,,,,,23.06513
2022-08-13,,,,,17.77293583
2022-08-14,,,,,14.52931619
2022-08-15,,,,,12.41556913
2022-08-16,,,,,13.8846481
2022-08-17,,,,,17.31344087
2022-08-18,,,,,18.35779583
2022-08-19,,,,,20.51277458
2022-08-20,,,,,19.92775857
2022-08-21,,,,,15.29102318
2022-08-22,,,,,20.3913685
2022-08-23,,,,,22.95935708
2022-08-24,,,,,23.33435958
2022-08-25,,,,,26.78179474
2022-08-26,,,,,23.83975417
2022-08-27,,,,,29.42200833
2022-08-28,,,,,17.60722125
2022-08-29,,,,,17.9828425
2022-08-30,,,,,17.80715417
2022-08-31,,,,,15.7778313
2022-09-01,,,,,25.87727273
2022-09-02,,,,,17.65176667
2022-09-03,,,,,15.67467125
2022-09-04,,,,,19.16509875
2022-09-05,,,,,29.63247917
2022-09-06,,,,,24.26837958
2022-09-07,,,,,25.5458781
2022-09-08,,,,,20.46699458
2022-09-09,,,,,20.2396575
2022-09-10,,,,,16.04437542
2022-09-11,,,,,14.9593975
2022-09-12,,,,,16.8677013
2022-09-13,,,,,20.25992773
2022-09-14,,,,,23.20654583
2022-09-15,,,,,23.52357333
2022-09-16,,,,,17.46835208
2022-09-17,,,,,24.7963875
2022-09-18,,,,,15.26148739
2022-09-19,,,,,18.36744958
2022-09-20,,,,,19.27279625
2022-09-21,,,,,19.62402125
2022-09-22,,,,,20.26739583
2022-09-23,,,,,24.89483238
2022-09-24,,,,,27.02801042
2022-09-25,,,,,20.15408476
2022-09-26,,,,,19.66540708
2022-09-27,,,,,18.93782952
2022-09-28,,,,,15.92126571
2022-09-29,,,,,23.5472485
2022-09-30,,,,,22.06972208
2022-10-01,,,,,21.55264375
2022-10-02,,,,,14.30337476
2022-10-03,,,,,12.77289875
2022-10-04,,,,,15.5486075
2022-10-05,,,,,23.01175
2022-10-06,,,,,17.69560524
2022-10-07,,,,,21.31502083
2022-10-08,,,,,13.3204375
2022-10-09,,,,,19.663725
2022-10-10,,,,,15.81458042
2022-10-11,,,,,18.76757957
2022-10-12,,,,,22.79051095
2022-10-13,,,,,27.97869708
2022-10-14,,,,,25.12838458
2022-10-15,,,,,24.56560667
2022-10-16,,,,,17.09045708
2022-10-17,,,,,13.77788304
2022-10-18,,,,,21.28002083
2022-10-19,,,,,23.54278333
2022-10-20,,,,,21.27885
2022-10-21,,,,,26.84808083
2022-10-22,,,,,18.98632542
2022-10-23,,,,,18.21669957
2022-10-24,,,,,22.88286125
2022-10-25,,,,,21.84613208
2022-10-26,,,,,20.72526042
2022-10-27,,,,,17.60988792
2022-10-28,,,,,16.47247522
2022-10-29,,,,,11.73679333
2022-10-30,,,,,15.52519833
2022-10-31,,,,,16.045556
2022-11-01,,,,,19.82604417
2022-11-02,,,,,20.89056167
2022-11-03,,,,,22.209975
2022-11-04,,,,,16.94002042
2022-11-05,,,,,13.46811417
2022-11-06,,,,,11.42968667
2022-11-07,,,,,14.51129042
2022-11-08,,,,,16.16982583
2022-11-09,,,,,15.91133625
2022-11-10,,,,,17.99998083
2022-11-11,,,,,24.70598714
2022-11-12,,,,,15.27169174
2022-11-13,,,,,16.34660684
2022-11-14,,,,,11.69172083
2022-11-15,,,,,16.28180958
2022-11-16,,,,,22.73898696
2022-11-17,,,,,21.37975375
2022-11-18,,,,,19.88281273
2022-11-19,,,,,
2022-11-20,,,,,
2022-11-21,,,,,12.85117625
2022-11-22,,,,,15.67995435
2022-11-23,,,,,13.61732773
2022-11-24,,,,,18.08377917
2022-11-25,,,,,20.69370952
2022-11-26,,,,,19.154695
2022-11-27,,,,,19.339407
2022-11-28,,,,,20.98607792
2022-11-29,,,,,21.77796476
2022-11-30,,,,,20.23632313
2022-12-01,,,,,16.40869565
2022-12-02,,,,,16.73215917
2022-12-03,,,,,16.84253318
2022-12-04,,,,,17.61821333
2022-12-05,,,,,13.47956208
2022-12-06,,,,,18.02028333
2022-12-07,,,,,21.11256792
2022-12-08,,,,,17.73768167
2022-12-09,,,,,21.56090375
2022-12-10,,,,,20.97435417
2022-12-11,,,,,18.75165417
2022-12-12,,,,,20.91338333
2022-12-13,,,,,18.96839714
2022-12-14,,,,,17.80572571
2022-12-15,,,,,21.42899917
2022-12-16,,,,,22.1915325
2022-12-17,,,,,28.56564583
2022-12-18,,,,,27.68202727
2022-12-19,,,,,20.31567545
2022-12-20,,,,,25.16651826
2022-12-21,,,,,32.35418333
2022-12-22,,,,,23.34394762
2022-12-23,,,,,29.15520833
2022-12-24,,,,,33.10055857
2022-12-25,,,,,31.01413083
2022-12-26,,,,,22.22222083
2022-12-27,,,,,19.01726667
2022-12-28,,,,,22.12938696
2022-12-29,,,,,21.02568792
2022-12-30,,,,,22.46977455
2022-12-31,,,,,22.924905
2023-01-01,,,,,33.86666667
2023-01-02,,,,,16.6875
2023-01-03,,,,,17.01666667
2023-01-04,,,,,16.3625
2023-01-05,,,,,20.1625
2023-01-06,,,,,22.35217391
2023-01-07,,,,,18.05
2023-01-08,,,,,17.47083333
2023-01-09,,,,,22.325
2023-01-10,,,,,19.25909091
2023-01-11,,,,,19.28636364
2023-01-12,,,,,21.48095238
2023-01-13,,,,,22.78333333
2023-01-14,,,,,20.31666667
2023-01-15,,,,,16.46666667
2023-01-16,,,,,19.08333333
2023-01-17,,,,,18.2047619
2023-01-18,,,,,23.2125
2023-01-19,,,,,21.1875
2023-01-20,,,,,23.95217391
2023-01-21,,,,,25.37727273
2023-01-22,,,,,20.8875
2023-01-23,,,,,19.55909091
2023-01-24,,,,,18.5
2023-01-25,,,,,24.55416667
2023-01-26,,,,,24.27916667
2023-01-27,,,,,22.84166667
2023-01-28,,,,,24.325
2023-01-29,,,,,23.69411765
2023-01-30,,,,,26.10416667
2023-01-31,,,,,29.60869565
2023-02-01,,,,,31.08181818
2023-02-02,,,,,27.72174583
2023-02-03,,,,,35.36553
2023-02-04,,,,,32.04770833
2023-02-05,,,,,22.22448083
2023-02-06,,,,,26.95304
2023-02-07,,,,,23.04909333
2023-02-08,,,,,24.29351417
2023-02-09,,,,,20.484375
2023-02-10,,,,,24.85315455
2023-02-11,,,,,23.026
2023-02-12,,,,,25.14565652
2023-02-13,,,,,19.45810083
2023-02-14,,,,,23.5975875
2023-02-15,,,,,18.04630417
2023-02-16,,,,,23.39579583
2023-02-17,,,,,19.65568455
2023-02-18,,,,,17.82547652
2023-02-19,,,,,17.20826208
2023-02-20,,,,,22.88933333
2023-02-21,,,,,29.3647625
2023-02-22,,,,,29.137575
2023-02-23,,,,,26.578475
2023-02-24,,,,,40.00743333
2023-02-25,,,,,34.1943375
2023-02-26,,,,,37.8452913
2023-02-27,,,,,37.65084583
2023-02-28,,,,,27.90138696
2023-03-01,,,,,22.8
2023-03-02,,,,,29.50472174
2023-03-03,,,,,28.1629175
2023-03-04,,,,,18.47908167
2023-03-05,,,,,20.523235
2023-03-06,,,,,14.56227333
2023-03-07,,,,,20.996091
2023-03-08,,,,,22.8121925
2023-03-09,,,,,25.45199167
2023-03-10,,,,,24.00925333
2023-03-11,,,,,19.09696304
2023-03-12,,,,,16.19087417
2023-03-13,,,,,18.41135909
2023-03-14,,,,,28.1772375
2023-03-15,,,,,25.41037917
2023-03-16,,,,,21.31646375
2023-03-17,,,,,17.27167957
2023-03-18,,,,,16.98954583
2023-03-19,,,,,21.56482
2023-03-20,,,,,28.11431667
2023-03-21,,,,,31.323
2023-03-22,,,,,38.16797619
2023-03-23,,,,,42.04224583
2023-03-24,,,,,34.47940417
2023-03-25,,,,,29.65043333
2023-03-26,,,,,29.461675
2023-03-27,,,,,29.36390417
2023-03-28,,,,,22.91417043
2023-03-29,,,,,24.81868625
2023-03-30,,,,,24.28134045
2023-03-31,,,,,26.0905087
2023-04-01,,,,,26.85416667
2023-04-02,,,,,19.31629565
2023-04-03,,,,,16.15528556
2023-04-04,,,,,24.06723913
2023-04-05,,,,,25.04145833
2023-04-06,,,,,18.15293826
2023-04-07,,,,,9.57194375
2023-04-08,,,,,13.31641125
2023-04-09,,,,,13.76754476
2023-04-10,,,,,15.28457588
2023-04-11,,,,,18.95872792
2023-04-12,,,,,19.66017619
2023-04-13,,,,,22.06172083
2023-04-14,,,,,24.18727083
2023-04-15,,,,,29.7420625
2023-04-16,,,,,17.97629208
2023-04-17,,,,,14.41740435
2023-04-18,,,,,18.85452792
2023-04-19,,,,,16.92798727
2023-04-20,,20.81359884,,,20.83240833
2023-04-21,42.30879133,19.79638312,,,20.50855875
2023-04-22,32.86039896,18.98316338,,,13.64826542
2023-04-23,23.67632519,11.88034023,,,13.49992609
2023-04-24,27.16645198,17.55891626,,,13.81367565
2023-04-25,26.5635574,20.73779277,,,15.3655175
2023-04-26,27.31672464,22.85982524,,56.61904762,17.98933792
2023-04-27,24.98853576,24.49064453,,63.08333333,22.49196667
2023-04-28,17.40575043,23.11586817,,42.95833333,14.5518825
2023-04-29,19.01208782,24.11346326,,43.875,18.21213125
2023-04-30,19.79771551,15.43835679,,34.04347826,14.63089348
2023-05-01,16.53394311,13.25474834,,35.08333333,13.16521739
2023-05-02,17.08910264,18.02406992,,39.08333333,13.1873375
2023-05-03,15.88558756,22.12072546,,48.58333333,17.6441713
2023-05-04,13.60210634,19.13861204,,51.69565217,16.26088227
2023-05-05,17.61543697,22.54648785,,57.36363636,17.24459105
2023-05-06,20.78685467,21.03884046,,67.83333333,21.68166522
2023-05-07,16.98726002,15.71193465,,57.3125,15.57466545
2023-05-08,20.36158805,20.82390042,,,20.9812675
2023-05-09,23.70467187,20.54504954,,,21.79493043
2023-05-10,26.51552084,19.45838514,,,20.23649667
2023-05-11,24.04717253,17.01273992,,63.625,17.90018583
2023-05-12,25.37119804,20.29210147,,68.79166667,19.8822325
2023-05-13,21.49160719,18.12110752,,63.58333333,18.65121167
2023-05-14,16.67958076,13.47951359,,46.95833333,13.62069542
2023-05-15,27.7658358,17.33759061,,63.0,17.08679167
2023-05-16,26.86158847,24.549204,,62.86956522,23.67365565
2023-05-17,19.67598372,22.12045123,,50.2173913,17.08545739
2023-05-18,23.1523472,18.32913413,,51.47619048,17.21214167
2023-05-19,18.88529175,14.29584386,,69.75,18.69595864
2023-05-20,28.57503206,12.81367191,,50.08333333,17.46582708
2023-05-21,34.71585329,4.7361243,,50.375,16.411535
2023-05-22,19.58307266,11.4161512,,48.90909091,15.53154478
2023-05-23,30.96268918,15.31530825,,56.90909091,16.16511583
2023-05-24,,,,69.58333333,21.16260583
2023-05-25,,,,76.26666667,19.83058583
2023-05-26,28.93781283,31.7165687,,76.28571429,21.82226875
2023-05-27,33.09041742,19.87268123,,60.58333333,24.71481542
2023-05-28,19.53017232,12.83865659,,29.91666667,9.70738217
2023-05-29,25.5568389,19.99069337,,48.0,17.97202667
2023-05-30,25.53660733,16.86660764,,49.20833333,16.00705773
2023-05-31,24.88166974,31.67973986,,59.2173913,19.6750813
2023-06-01,27.80758672,20.19511088,,52.41666667,18.88333333
2023-06-02,21.6716983,10.12725435,,53.95833333,14.9533625
2023-06-03,25.28098641,19.20979338,,61.58333333,19.223545
2023-06-04,21.31553277,12.29487921,,51.66666667,15.14749625
2023-06-05,22.10681753,14.67756948,,51.70833333,14.35492833
2023-06-06,22.11116126,20.41798004,,50.375,14.98561667
2023-06-07,21.9012926,16.47513517,,58.29166667,17.77958409
2023-06-08,26.53144956,21.34027991,,43.73913043,18.32822348
2023-06-09,22.88823946,22.18856951,,48.5,16.10643958
2023-06-10,15.07740824,13.87872713,,40.83333333,11.59929708
2023-06-11,10.70363363,9.75314444,,24.66666667,8.98766571
2023-06-12,11.36773905,10.87462015,,43.625,11.87577227
2023-06-13,25.2262396,19.03079147,,44.0,14.50299684
2023-06-14,,,,51.8,13.89273091
2023-06-15,,,,63.54166667,16.28283364
2023-06-16,,,,55.45833333,14.44921
2023-06-17,,,,48.39130435,14.61647
2023-06-18,,,,31.25,9.2346235
2023-06-19,,,,32.58333333,9.34082273
2023-06-20,,,,59.45833333,13.55154208
2023-06-21,,,,60.04166667,14.92697435
2023-06-22,,,,59.08333333,16.85379417
2023-06-23,,,,44.95833333,14.91134217
2023-06-24,,,,47.54166667,15.86736261
2023-06-25,,,,36.66666667,13.65688667
2023-06-26,,,,46.58333333,15.03508542
2023-06-27,,,,48.33333333,12.90704083
2023-06-28,,,,49.625,16.82255087
2023-06-29,,,,52.58333333,11.74090609
2023-06-30,11.16891015,17.70334651,,62.13043478,13.34868045
2023-07-01,,,,49.26086957,14.08181818
2023-07-02,,,,40.70833333,12.97647917
2023-07-03,,,,34.80952381,9.5990065
2023-07-04,,,,50.69565217,13.95772565
2023-07-05,9.66692075,22.9512059,,51.79166667,14.70042208
2023-07-06,13.90789691,23.81315207,,43.76190476,14.9443705
2023-07-07,17.28270019,27.72726566,,49.125,17.41560042
2023-07-08,12.58703922,16.90163668,,42.54166667,15.06054261
2023-07-09,8.19826139,11.20611501,,35.83333333,9.8764955
2023-07-10,13.88171187,20.55911353,,46.54166667,12.01528435
2023-07-11,14.60080893,23.82952741,,49.83333333,14.24083478
2023-07-12,13.62663264,21.56548392,,53.54166667,13.12579458
2023-07-13,13.48284272,24.02516403,,61.66666667,17.82883095
2023-07-14,12.71586972,23.30277165,,50.65217391,15.94882625
2023-07-15,8.38904318,16.96175698,,53.25,15.89925824
2023-07-16,3.5288882,10.01714782,,52.29166667,11.28949958
2023-07-17,8.36915911,18.12803374,,53.16666667,13.59759958
2023-07-18,10.40422279,17.79462713,,53.66666667,12.012216
2023-07-19,10.28874597,17.83439021,,59.77272727,12.29282722
2023-07-20,4.89798632,12.15094076,,52.25,12.08108917
2023-07-21,10.52681311,18.23564872,,62.0,12.91669947
2023-07-22,9.75135997,18.96007337,,75.63636364,15.09947476
2023-07-23,3.29007497,13.34760984,,65.5,17.23763864
2023-07-24,6.34969199,16.5491376,,55.25,18.24109364
2023-07-25,6.57544848,19.75162124,,74.16666667,20.10941958
2023-07-26,14.18994816,30.53642775,,77.75,29.21079167
2023-07-27,15.22627107,17.89556476,,63.0625,22.24668545
2023-07-28,12.29286829,21.90147034,,,16.80805
2023-07-29,6.84219447,16.76396012,,,11.070134
2023-07-30,3.86614573,12.07042737,,,12.72884875
2023-07-31,6.46888909,15.96021301,,,13.14222273
2023-08-01,7.78878551,18.77228191,,,15.83478261
2023-08-02,6.05982647,17.78293615,,,17.4977381
2023-08-03,4.60219866,16.55586794,,,18.02551579
2023-08-04,4.89123565,17.46307743,,,22.759562
2023-08-05,3.59722787,16.80246959,,,22.72791083
2023-08-06,1.82862401,9.85441299,,,15.49372478
2023-08-07,2.78670805,12.46511223,,,17.26843167
2023-08-08,6.19540266,16.82798064,,,18.37543667
2023-08-09,6.83085988,22.21117375,,93.41666667,25.14742545
2023-08-10,7.63350989,20.44316986,,80.34782609,22.09040261
2023-08-11,9.36042846,23.040808,,68.125,19.82256364
2023-08-12,3.94198727,16.18137411,,76.04166667,18.12089957
2023-08-13,2.6569889,12.66688149,,60.5,14.5530819
2023-08-14,5.80665403,15.59787923,,51.85714286,16.56581789
2023-08-15,5.29396598,21.65381673,,64.45833333,17.59316875
2023-08-16,10.9701241,24.50665162,,67.66666667,20.08946583
2023-08-17,9.62769139,15.54572104,,64.16666667,16.72521652
2023-08-18,10.26807492,22.53247515,,60.58333333,19.42130435
2023-08-19,11.82297742,20.64915439,,61.79166667,19.9345
2023-08-20,5.42228314,18.07361665,,52.04166667,19.65168318
2023-08-21,3.94923964,11.22392689,,45.375,14.94931391
2023-08-22,9.79210417,16.883077,,51.36363636,14.36341
2023-08-23,,23.34703469,,,19.89574583
2023-08-24,7.32660738,18.39387837,,53.84615385,15.83450833
2023-08-25,6.25967455,18.43857756,,53.70833333,17.43766409
2023-08-26,6.51717094,19.03416198,,69.25,18.69409565
2023-08-27,1.38848138,10.64540287,,60.79166667,15.24265913
2023-08-28,3.86112403,18.11622365,,59.04166667,18.71701043
2023-08-29,6.17472882,19.44127045,,56.5,18.17042773
2023-08-30,5.27238019,16.49019421,,59.33333333,19.3515935
2023-08-31,7.81513407,26.84769054,,79.08695652,21.89533304
2023-09-01,5.95126962,22.03700752,,70.0,20.87916667
2023-09-02,5.82665053,25.3581066,,75.375,21.2909625
2023-09-03,5.69677296,22.85423098,,70.04166667,21.21231292
2023-09-04,4.6877855,20.36218636,,44.16666667,13.54648682
2023-09-05,6.34621701,19.09449218,,52.34782609,15.59191238
2023-09-06,6.6299342,20.45766477,,66.83333333,17.76505762
2023-09-07,5.4346671,23.78429543,,70.08333333,21.2660487
2023-09-08,5.65384157,20.07451317,,68.79166667,21.7067175
2023-09-09,4.38475658,16.34526854,,71.08333333,18.52910087
2023-09-10,2.927772,14.31587819,,47.41666667,15.4619325
2023-09-11,4.18003227,23.31591371,,34.58333333,12.16489429
2023-09-12,5.60251399,24.65849568,,63.14285714,15.986911
2023-09-13,7.16916362,27.95720492,,57.65217391,16.32133714
2023-09-14,7.00817332,29.46478179,,65.83333333,19.941985
2023-09-15,7.09258758,30.01906104,,63.0,19.44278409
2023-09-16,6.43208491,26.98673206,,67.08333333,19.02003957
2023-09-17,1.98516742,20.15575045,,49.20833333,17.36947042
2023-09-18,6.68229916,27.98695974,,70.65217391,22.53940909
2023-09-19,5.86921243,26.72641015,,67.45833333,21.32576696
2023-09-20,7.23566591,28.77407723,,72.33333333,22.12078783
2023-09-21,6.17941115,28.93656602,,71.20833333,22.09941391
2023-09-22,4.23912889,28.38828216,,79.69565217,21.54192273
2023-09-23,5.09758844,31.61289087,,70.95833333,23.8182087
2023-09-24,1.33519438,20.09163508,,47.43478261,15.63921
2023-09-25,6.40488982,29.83531147,,70.43478261,21.84546636
2023-09-26,8.66435909,29.63991317,,71.375,21.05161042
2023-09-27,8.29617398,24.6275406,,75.29166667,21.20355435
2023-09-28,8.49095316,25.86743237,,68.79166667,22.78926955
2023-09-29,6.00844846,29.22654161,,64.91666667,18.28259955
2023-09-30,3.93194048,22.64483035,,79.45454545,24.78535211
2023-10-01,0.98862141,19.09987943,,45.68181818,15.08947368
2023-10-02,4.92758569,23.30770526,,57.91666667,17.583575
2023-10-03,8.8393297,33.57540872,,75.875,22.72624217
2023-10-04,20.43693715,35.41719566,,72.79166667,21.40751917
2023-10-05,5.82457576,42.36428071,,87.54166667,29.64148
2023-10-06,13.00609911,30.47915063,,75.60869565,25.82405125
2023-10-07,8.49026745,33.8598852,,56.0952381,20.64362211
2023-10-08,3.9882868,18.79016586,,49.625,15.47484375
2023-10-09,13.25780897,32.41125527,,81.58333333,25.684255
2023-10-10,5.89004345,31.43359265,,69.83333333,17.63684136
2023-10-11,8.90622316,28.14816674,,78.79166667,20.87849458
2023-10-12,8.21369441,32.07917279,,88.0,27.1462035
2023-10-13,9.20459151,42.51561549,,84.375,26.00094091
2023-10-14,7.5148196,32.11941075,,65.5,24.5635775
2023-10-15,2.04330794,17.79966224,,55.26086957,19.7794687
2023-10-16,1.58984566,19.69545591,,39.70833333,14.28921909
2023-10-17,13.72318101,39.25964168,,73.95833333,23.29242667
2023-10-18,8.11204359,33.67752438,,78.0,21.70734238
2023-10-19,7.29108077,41.17613621,,98.79166667,26.48982792
2023-10-20,10.06864469,32.55317797,,71.625,20.3802575
2023-10-21,10.27377798,37.89077298,,78.95833333,23.92950208
2023-10-22,10.08984395,37.41799353,,78.125,28.01587542
2023-10-23,7.99846044,31.01885637,,57.08333333,18.499904
2023-10-24,13.07685934,33.34792805,,67.08333333,19.36084542
2023-10-25,15.35494712,40.72100363,,90.08333333,29.7045575
2023-10-26,17.3225001,40.87390542,,80.08333333,29.0581775
2023-10-27,7.61425876,19.48085618,,52.54166667,13.32823182
2023-10-28,0.87175792,10.81037763,,23.79166667,6.10736105
2023-10-29,3.27182265,20.01713318,,35.125,8.16737043
2023-10-30,10.95499445,29.81226664,,55.54166667,17.51259043
2023-10-31,8.78048259,28.9226391,,49.65217391,14.36001
2023-11-01,11.87763232,34.77191821,,56.35,16.11666667
2023-11-02,10.05062773,27.87894518,,50.25,13.16890083
2023-11-03,12.43167215,25.22404036,,59.08333333,16.68517125
2023-11-04,9.83374778,25.23158555,,54.20833333,16.82052125
2023-11-05,6.04532929,20.78148124,,53.0,15.33477375
2023-11-06,4.05151574,22.18001359,,43.29166667,13.45855217
2023-11-07,8.7346049,26.99856305,,54.33333333,14.05853
2023-11-08,13.10530823,28.24126328,,65.44444444,20.56714526
2023-11-09,10.91382423,29.41534379,,72.0,18.75837
2023-11-10,11.57404584,31.64732609,,71.40909091,23.72926545
2023-11-11,7.13826319,24.09024789,,51.79166667,18.97311095
2023-11-12,3.49393905,21.6728325,,52.75,14.21734158
2023-11-13,2.99583572,16.34278482,,54.625,14.96221783
2023-11-14,13.01758019,30.9940519,,71.0,20.27622455
2023-11-15,9.93433837,33.89005528,,51.95833333,20.29784762
2023-11-16,13.85021727,30.27609903,,72.47826087,23.40856458
2023-11-17,16.07594008,32.36727691,,76.45833333,26.14994583
2023-11-18,7.61832216,18.19036189,,47.08333333,13.86866857
2023-11-19,6.69113482,19.65916717,,38.83333333,11.5671313
2023-11-20,14.99914442,28.10991582,,59.45833333,16.79405261
2023-11-21,17.40358878,23.9656151,,57.91666667,17.91878
2023-11-22,14.83363293,24.37478704,,54.04166667,15.95847478
2023-11-23,14.31779184,22.02100043,,58.95833333,15.66248957
2023-11-24,10.45934218,22.87131148,,54.29166667,18.68671476
2023-11-25,7.51398573,23.30048641,,55.08333333,16.5099287
2023-11-26,4.21752293,16.31779088,,41.5,13.32785545
2023-11-27,7.08661878,21.14899741,,46.83333333,16.0386015
2023-11-28,9.062323,23.90762871,,54.17391304,18.92165
2023-11-29,8.84607015,24.63057925,,67.125,18.12413391
2023-11-30,7.44834429,23.31457391,,65.29166667,19.4122313
2023-12-01,11.64853828,27.64005327,,84.45833333,26.87776261
2023-12-02,8.54570369,27.89143432,,75.29166667,20.37886458
2023-12-03,4.88607939,21.92509892,,53.33333333,18.07885208
2023-12-04,6.42953488,24.80479249,,69.04166667,19.19060125
2023-12-05,6.33153519,26.52800317,,72.08333333,19.90224625
2023-12-06,7.29968136,28.77056284,,85.70833333,23.55670417
2023-12-07,10.84660883,29.50245433,,85.45833333,27.94432917
2023-12-08,3.18950481,19.76374996,,50.25,18.88798792
2023-12-09,5.70511804,23.1027679,,51.70833333,19.69020364
2023-12-10,3.7520078,19.34000475,,60.5,17.82411043
2023-12-11,7.57246347,23.61987162,,57.0952381,19.57469824
2023-12-12,5.63557745,24.35465869,,65.69565217,22.187495
2023-12-13,6.85062642,27.75367775,,75.33333333,22.92186417
2023-12-14,8.02539111,27.45522348,,82.08695652,24.42804522
2023-12-15,9.38700268,33.33081286,,81.38461538,26.90333913
2023-12-16,9.33073347,32.0496815,,66.04347826,22.3125
2023-12-17,3.36361178,16.40975917,,35.5,13.75445478
2023-12-18,6.23903416,20.5487242,,43.5,15.31841545
2023-12-19,9.27325313,23.01802356,,57.70833333,18.42724739
2023-12-20,8.30723284,22.98466174,,57.45833333,16.8970587
2023-12-21,7.99143846,26.33240797,,63.54166667,21.08840652
2023-12-22,7.38475717,22.87579315,,69.90909091,24.67112
2023-12-23,5.39723947,22.05420554,,58.41666667,
2023-12-24,2.50762587,16.41795468,,48.375,
2023-12-25,2.55275424,16.77369743,,55.54166667,
2023-12-26,4.04796921,21.64304871,,46.31578947,17.45023333
2023-12-27,9.21907402,21.27137029,,42.66666667,14.21087565
2023-12-28,9.12004717,25.55580944,,55.04166667,28.51982478
2023-12-29,7.7175432,22.76232537,,47.43478261,16.19890913
2023-12-30,7.64740472,18.61339411,,39.09090909,14.46460227
2023-12-31,4.6178649,11.36200411,,31.05,14.441159
2024-01-01,3.00348069,10.69967825,,,27.27826087
2024-01-02,5.20912013,12.79648956,,,12.53170435
2024-01-03,8.24710026,15.67866686,,,17.9585245
2024-01-04,10.64508435,18.73179698,,,19.81831522
2024-01-05,9.01749423,17.98337446,,,16.27257609
2024-01-06,6.36423583,17.57106065,,,20.30530389
2024-01-07,1.74888843,11.30267466,,,15.43304
2024-01-08,2.52309977,11.24495355,,,23.96865286
2024-01-09,5.36131937,21.19916209,,,25.28759524
2024-01-10,4.71275429,19.90707728,,,25.70170875
2024-01-11,6.88109386,20.15012179,,,28.6052913
2024-01-12,6.90507637,20.64171889,,,26.87113174
2024-01-13,7.08450313,21.27190307,,,24.9797
2024-01-14,2.66202763,14.26435463,,,19.31921
2024-01-15,8.87153975,23.37357214,,,24.44577818
2024-01-16,8.7467469,25.99603969,,,28.82075238
2024-01-17,16.01364416,25.28287667,,,31.836235
2024-01-18,7.61886385,23.10210975,,,31.55777647
2024-01-19,7.85226342,25.35939774,,,26.74989043
2024-01-20,5.34926423,21.09211125,,,26.49291435
2024-01-21,2.23626531,15.12895689,,,21.35383545
2024-01-22,5.09674831,23.34641415,,,22.73992381
2024-01-23,7.03436393,30.52728847,,,25.71971591
2024-01-24,4.79699912,29.92792633,,,27.80005583
2024-01-25,4.35822405,29.19177731,,,35.08627083
2024-01-26,6.49771191,26.78143293,,,38.2306125
2024-01-27,5.03943623,22.69813874,,,39.38313478
2024-01-28,2.54345492,16.84670685,,,33.55082083
2024-01-29,4.15830728,22.45009589,,,30.46737318
2024-01-30,4.15674646,20.0208428,,,24.4726025
2024-01-31,5.17277238,19.26318911,,,26.43407652
2024-02-01,8.64220095,16.97628324,,,25.44166667
2024-02-02,13.27704914,20.37989366,,,24.78076458
2024-02-03,5.70448747,18.87699007,,,19.24853625
2024-02-04,4.5044596,16.72168197,,,20.55593333
2024-02-05,17.47725336,16.71520591,,,23.3385387
2024-02-06,13.97009048,21.63323872,,,19.99351652
2024-02-07,11.29494322,17.6359352,,,19.1322025
2024-02-08,5.95393719,11.88154684,,,10.43106619
2024-02-09,8.57454095,15.32716118,,,15.56910727
2024-02-10,5.78733209,13.88381211,,,19.94232429
2024-02-11,2.80257916,10.11272026,,,16.073328
2024-02-12,6.9872291,18.33231806,,,24.5367
2024-02-13,6.36655078,16.85606944,,,29.35314391
2024-02-14,4.43644779,18.76349177,,,25.19163
2024-02-15,6.83830555,20.24960394,,,24.44816571
2024-02-16,7.88172092,20.52355005,,,26.55588632
2024-02-17,6.94447145,17.53060024,,,22.058779
2024-02-18,4.80795866,11.27065265,,,20.62197789
2024-02-19,8.24293028,15.33598349,,,22.30821652
2024-02-20,7.45765009,20.25771326,,,30.270706
2024-02-21,9.53196577,19.99405462,,,26.12430167
2024-02-22,7.25112574,17.8045318,,,17.01580696
2024-02-23,5.69203063,17.2581663,,,20.33822917
2024-02-24,6.84756536,17.26669088,,,23.75535208
2024-02-25,3.47760151,11.27434298,,,22.16717875
2024-02-26,6.53747916,20.30185616,,,30.03060826
2024-02-27,8.52291698,20.63317864,,,34.74691435
2024-02-28,7.45838732,21.02414472,,,39.40540909
2024-02-29,8.3378738,22.31868516,,,41.13433182
2024-03-01,5.89412145,23.55835492,,,39.32727273
2024-03-02,6.01220962,22.87120179,,,36.21134583
2024-03-03,3.38329801,17.52864706,,,30.78509583
2024-03-04,5.17199912,18.17118942,,,40.46168333
2024-03-05,5.18841842,21.62492876,,,44.2836
2024-03-06,6.93606506,24.25536459,,,44.829475
2024-03-07,7.10788263,21.75499126,,,42.41665417
2024-03-08,5.84246682,23.41448698,,,39.24376667
2024-03-09,6.25020521,23.41478472,,,32.17118333
2024-03-10,3.88963253,14.49538011,,,26.64955217
2024-03-11,6.80879965,22.2476362,,,35.02835083
2024-03-12,5.22234041,16.39611828,,,26.06058792
2024-03-13,7.29898125,22.55808806,,,33.1921925
2024-03-14,5.92092483,17.70811989,,,26.96867708
2024-03-15,6.75438977,17.87130916,,,32.8177
2024-03-16,5.17655748,16.57619217,,,35.02348583
2024-03-17,2.59624821,12.7265222,,,30.9723875
2024-03-18,6.5462024,17.79164979,,,30.81625045
2024-03-19,6.54829028,24.6297644,,,30.55909
2024-03-20,11.54132262,23.26083714,,,35.95495409
2024-03-21,9.90299819,18.04307206,,,31.78789625
2024-03-22,7.44516059,17.07443342,,,31.36322045
2024-03-23,5.55190697,16.07762184,,,37.89952174
2024-03-24,4.19557431,10.17297211,,,34.491245
2024-03-25,4.68971718,8.47536539,,,30.55763095
2024-03-26,7.33732363,12.51926838,,,29.71839091
2024-03-27,4.62033502,17.75806859,,,38.28548696
2024-03-28,2.8020031,7.58468123,,,29.65240174
2024-03-29,3.27311317,5.20635346,,,27.068115
2024-03-30,3.91835041,10.70150596,,,32.41933958
2024-03-31,3.59960322,13.14682353,,,35.81355591
2024-04-01,7.63250316,19.21172865,,64.625,31.15416667
2024-04-02,7.48500538,25.9164665,,61.125,28.83001667
2024-04-03,8.18338324,20.4215982,,74.18181818,27.80088458
2024-04-04,11.01599902,26.5266712,,59.7826087,26.0092
2024-04-05,9.312592,20.85762265,,56.04166667,18.95495292
2024-04-06,7.77410369,18.350613,,65.33333333,23.07501333
2024-04-07,3.29411719,11.10707163,,49.125,14.6295625
2024-04-08,5.64987088,19.01533426,,62.95833333,20.30986667
2024-04-09,5.70286951,20.94995136,,89.33333333,30.64464167
2024-04-10,5.92798211,20.91926915,,85.60869565,32.11945714
2024-04-11,7.98770796,23.10268171,,99.66666667,35.89632583
2024-04-12,4.65331671,18.24430649,,90.875,33.49704167
2024-04-13,3.29502171,17.913291,,106.72222222,40.34355833
2024-04-14,1.52871406,13.08861308,,103.20833333,42.2628725
2024-04-15,5.06461604,21.88481872,,90.25,39.4529625
2024-04-16,10.64498304,24.1061333,,94.375,38.45570682
2024-04-17,6.44329685,22.91456118,,87.58333333,31.90167083
2024-04-18,10.61999892,28.40302657,,73.91304348,27.96784652
2024-04-19,11.2594115,26.756114,,73.75,29.21632
2024-04-20,12.2458831,21.71806448,,63.83333333,22.44717174
2024-04-21,6.48149102,15.02315966,,49.70833333,16.6797525
2024-04-22,10.51222839,27.43836236,,54.20833333,20.25453667
2024-04-23,15.37048746,25.65678809,,70.91666667,23.86413609
2024-04-24,8.5626749,17.38868324,,65.91666667,22.2113875
2024-04-25,9.8658454,20.51384237,,69.58333333,21.92788652
2024-04-26,10.99508778,21.0051339,,60.95833333,19.45820208
2024-04-27,14.97850914,22.42056655,,68.04166667,22.05641417
2024-04-28,12.37929698,16.00252011,,44.66666667,13.36697333
2024-04-29,13.73831764,17.49672914,,43.66666667,11.70035042
2024-04-30,12.8493737,16.93252508,,52.2173913,16.9381813
2024-05-01,6.25409324,9.90737003,,49.54166667,14.90869565
2024-05-02,14.21344519,23.22476026,,62.41666667,21.216425
2024-05-03,18.33450244,24.75080633,,85.95238095,27.11955455
2024-05-04,7.03074307,18.20546794,,34.25,12.88154333
2024-05-05,4.94182735,11.04745442,,35.5,9.37610217
2024-05-06,13.58578624,15.23879703,,60.375,17.59508
2024-05-07,8.78835985,14.13110324,,52.41666667,16.60876261
2024-05-08,14.47699214,13.61256127,,45.0,16.99838636
2024-05-09,,,,,18.9068425
2024-05-10,31.12088276,34.65523309,,70.42857143,23.84189318
2024-05-11,17.56558441,29.4676822,,62.83333333,22.6185225
2024-05-12,9.17544763,18.04955747,,53.29166667,19.1012375
2024-05-13,4.47885063,10.41879024,,56.39130435,13.28992667
2024-05-14,11.18724601,14.6644863,,60.08333333,16.40367304
2024-05-15,8.17377808,17.12535629,,50.82608696,14.48675667
2024-05-16,14.63666771,21.11625116,,58.125,18.84526333
2024-05-17,14.97950053,21.71188259,,63.2173913,18.98867773
2024-05-18,8.93249507,15.30887408,,70.91666667,16.94606375
2024-05-19,4.91627599,14.51383959,,62.58333333,12.84853783
2024-05-20,14.02537788,19.37687455,,65.66666667,18.86315913
2024-05-21,13.21507176,20.13137242,,49.25,21.24798214
2024-05-22,17.9655092,25.01609705,,81.56521739,24.49813571
2024-05-23,15.84353513,27.13910107,,54.82608696,22.76088333
2024-05-24,12.0443493,19.24166653,,55.56521739,
2024-05-25,13.33648672,16.03540637,,58.20833333,
2024-05-26,6.45870432,13.82594213,,47.79166667,
2024-05-27,10.72589909,17.46529476,,56.08695652,
2024-05-28,11.60877628,18.52617264,,57.8,
2024-05-29,,,,,
2024-05-30,,,,,
2024-05-31,,,,,
2024-06-01,7.91298045,14.37302836,,52.26086957,19.63333333
2024-06-02,6.54459965,8.55045595,,48.95454545,16.09581875
2024-06-03,5.52631983,8.01753081,,44.08695652,17.34366
2024-06-04,18.68792282,21.78728751,,61.75,21.84792409
2024-06-05,18.19882889,16.22840033,,65.58333333,20.47199083
2024-06-06,16.02762757,14.71064923,,64.54166667,20.85076917
2024-06-07,13.15311482,15.672626,,59.04347826,19.24403043
2024-06-08,8.78982627,11.35195909,,51.41666667,18.27249048
2024-06-09,5.2296021,7.97314218,,36.56521739,12.54745591
2024-06-10,9.48006495,12.93649241,,52.70833333,20.81058957
2024-06-11,16.31733912,17.75912633,,49.3,17.40675789
2024-06-12,16.16396963,12.82024555,,55.29166667,16.88979609
2024-06-13,16.02870073,16.00967593,,63.125,23.34753333
2024-06-14,16.46870027,20.39072959,,55.66666667,19.74676042
2024-06-15,12.88664944,20.10458923,,36.375,14.64571565
2024-06-16,7.07376134,8.70299156,,29.70833333,10.49493875
2024-06-17,12.09037774,14.9140257,,55.79166667,17.38366182
2024-06-18,13.10418397,18.40064789,,56.70833333,21.13050087
2024-06-19,13.99320779,24.25240292,,66.5,25.08948
2024-06-20,10.18621858,16.71119862,,,20.326325
2024-06-21,10.31123116,13.6815179,,49.54545455,15.78935571
2024-06-22,11.04631315,12.7406332,,44.70833333,18.55164522
2024-06-23,6.48728607,9.42288753,,37.26086957,12.07904182
2024-06-24,14.38334743,13.78586094,,42.16666667,15.33141857
2024-06-25,10.62718396,13.4412,,44.70833333,18.03441391
2024-06-26,10.49882414,19.33164471,,45.08333333,17.73279792
2024-06-27,16.87117508,23.63473922,,55.83333333,21.50339917
2024-06-28,10.92353886,22.60912584,,48.41666667,18.3234
2024-06-29,12.14716286,17.69007568,,41.875,17.64572364
2024-06-30,7.17444693,9.91621618,,37.69565217,15.0997755
2024-07-01,5.16615985,11.73296524,,40.95454545,15.79090909
2024-07-02,11.80805543,25.46078546,,59.08333333,23.94629783
2024-07-03,11.99163173,18.44945267,,54.29166667,19.96202583
2024-07-04,10.03271622,12.39309991,,50.91666667,17.68157565
2024-07-05,22.61806959,8.44452759,,56.54166667,18.45876
2024-07-06,16.41242084,21.34444818,,54.66666667,20.43028333
2024-07-07,5.72974809,11.11579992,,51.54166667,16.17455217
2024-07-08,9.63812716,13.48660619,,54.13043478,18.1539915
2024-07-09,8.04174909,16.22280607,,52.7826087,14.86993652
2024-07-10,8.60180425,15.37776803,,52.83333333,18.83280455
2024-07-11,9.17630105,16.10767725,,74.58333333,21.19165542
2024-07-12,8.87357875,15.18475057,,64.91666667,20.70268708
2024-07-13,9.202297,17.78234954,,62.69565217,20.452518
2024-07-14,4.83194219,8.94634164,,41.91304348,15.38835389
2024-07-15,10.01357933,10.87401396,,54.39130435,15.64363
2024-07-16,10.54316509,11.2658603,,62.86956522,18.94707737
2024-07-17,11.19764122,14.41620405,,63.28571429,17.73238818
2024-07-18,9.96786906,11.10511733,,65.73913043,19.96662955
2024-07-19,10.55448281,12.37516456,,60.08695652,19.85152857
2024-07-20,8.08400958,8.72329004,,55.20833333,18.47093857
2024-07-21,5.41534516,4.41805096,,38.60869565,16.71394
2024-07-22,11.17146079,11.20622582,,46.54166667,16.32974174
2024-07-23,10.48523593,12.13702849,,63.2173913,19.21453409
2024-07-24,9.60663195,13.77684376,,62.39130435,22.10795955
2024-07-25,9.90039084,17.26978462,,69.85714286,26.3702625
2024-07-26,9.34967214,11.50389903,,67.125,24.62308708
2024-07-27,9.15733172,9.9491952,,45.125,18.04407217
2024-07-28,8.53840111,7.69942114,,37.125,16.0754
2024-07-29,10.12604512,12.66801435,,47.29166667,17.35952364
2024-07-30,11.28570385,11.35611782,,54.375,19.80365091
2024-07-31,10.50518199,12.28150471,,61.17391304,20.56996364
2024-08-01,11.13625394,14.37161702,,73.83333333,26.7826087
2024-08-02,8.20899296,12.74670622,,56.56521739,21.8493
2024-08-03,9.96061539,12.2508225,,50.95833333,21.86916591
2024-08-04,9.25633999,6.07537778,,49.95833333,18.25042826
2024-08-05,14.80673143,20.85955904,,39.61904762,19.35588526
2024-08-06,17.74058661,18.48618714,,38.08333333,22.46247409
2024-08-07,10.74640615,9.8234772,,40.0,20.69845727
2024-08-08,17.82499132,14.50593174,,51.375,22.96035
2024-08-09,16.93407027,11.73943553,,48.04347826,22.28258571
2024-08-10,14.74519967,11.19225473,,38.81818182,20.725892
2024-08-11,10.822071,7.09092426,,33.18181818,15.96662238
2024-08-12,15.04209115,11.92351942,,42.13333333,19.71675087
2024-08-13,14.5416035,12.15392705,,,16.99279217
2024-08-14,,8.07001809,,,21.83749364
2024-08-15,,,,,25.04779864
2024-08-16,8.55148851,14.39345864,,58.625,23.05311625
2024-08-17,7.35746213,11.59937182,,52.75,18.13264
2024-08-18,7.31286484,7.33467288,,40.04347826,19.32946682
2024-08-19,6.41899239,6.62315889,,42.13043478,17.72406286
2024-08-20,8.76416074,13.49192498,,49.08333333,20.9989175
2024-08-21,9.45459745,21.88672679,,68.13636364,22.67145833
2024-08-22,4.66836646,18.10211526,,50.70833333,21.08143227
2024-08-23,5.17904618,19.49691028,,47.375,17.11500375
2024-08-24,6.08709133,17.63033584,,48.16666667,19.0897787
2024-08-25,,,,47.79166667,20.69863625
2024-08-26,,,,55.75,22.42028565
2024-08-27,,,,55.375,23.45851636
2024-08-28,,,,52.5,20.25550818
2024-08-29,,,,51.0,22.58521739
2024-08-30,,,,68.83333333,28.10409261
2024-08-31,,,,73.43478261,31.92239304
2024-09-01,3.26006234,13.69332538,,39.04166667,19.05652174
2024-09-02,5.84727559,26.73699638,,62.875,30.92620435
2024-09-03,3.61330479,18.80348124,,47.43478261,25.16452
2024-09-04,4.04248739,20.74578641,,56.82352941,27.284595
2024-09-05,,,,,21.43761182
2024-09-06,2.72034095,26.16207832,,62.81818182,30.21050857
2024-09-07,6.11140511,23.17145814,,56.56521739,22.9286387
2024-09-08,4.28717594,15.49732368,,61.625,25.94542174
2024-09-09,6.14999278,20.49876766,,58.66666667,26.66091696
2024-09-10,7.20167656,23.05064888,,66.83333333,27.37050091
2024-09-11,6.94810486,20.05118027,,66.45833333,26.35884087
2024-09-12,7.17939578,19.22895801,,62.08333333,27.36981696
2024-09-13,7.39749654,22.34777361,,48.26086957,19.43039
2024-09-14,5.891413,26.82101206,,70.5,31.35262609
2024-09-15,3.59407995,14.51144205,,51.58333333,24.04257048
2024-09-16,7.61141174,21.96149496,,63.52173913,24.84838696
2024-09-17,6.75610171,21.34716695,,53.86363636,22.39815053
2024-09-18,5.60664309,23.12745627,,54.16666667,24.60065
2024-09-19,5.05723262,21.39544678,,63.08695652,29.0612381
2024-09-20,7.65959783,25.18971483,,63.25,28.8173913
2024-09-21,7.64669439,27.20942885,,63.13043478,25.22271913
2024-09-22,6.14691639,18.66863933,,42.69565217,18.85318217
2024-09-23,8.78699137,25.97923424,,50.17391304,19.28957652
2024-09-24,8.2927401,22.24683908,,49.65217391,20.48606818
2024-09-25,8.19946231,26.27851821,,51.2173913,22.45232826
2024-09-26,7.44544676,23.07193682,,44.26086957,19.86954318
2024-09-27,11.10614933,28.62924914,,52.20833333,26.96853391
2024-09-28,8.78447782,23.67144423,,48.83333333,23.34132542
2024-09-29,5.30549475,17.24639799,,35.75,16.7812787
2024-09-30,11.01583949,26.07459873,,53.86363636,24.42157095
2024-10-01,16.68400625,33.75299889,,61.91304348,26.59130435
2024-10-02,9.22860249,28.51748269,,49.45,22.08352
2024-10-03,,,,,18.62161091
2024-10-04,12.30762541,26.74851396,,57.44444444,19.33877952
2024-10-05,11.05997802,28.2917291,,44.47826087,24.97148
2024-10-06,10.4325848,25.2428054,,56.0,23.97548292
2024-10-07,13.39326403,28.11006693,,48.875,20.61007913
2024-10-08,13.2947358,22.54165788,,50.79166667,22.56106273
2024-10-09,12.25626206,23.85681703,,49.66666667,20.99229263
2024-10-10,15.08488968,24.3029471,,50.94117647,22.813962
2024-10-11,15.15379075,21.5028379,,62.73913043,22.65859087
2024-10-12,9.88055787,18.69169017,,54.11111111,18.39140526
2024-10-13,6.54843558,14.01740824,,37.17391304,14.49495773
2024-10-14,6.71222492,14.55759073,,38.16666667,13.69410333
2024-10-15,11.32110782,21.18879627,,52.83333333,17.34665643
2024-10-16,13.08090668,23.22378087,,58.86956522,25.94622857
2024-10-17,10.35042695,25.34610324,,61.31818182,25.26433684
2024-10-18,9.11854564,21.05570396,,57.36842105,23.399924
2024-10-19,6.48770511,20.12848911,,47.20833333,18.08554273
2024-10-20,6.1841345,16.62025672,,42.36363636,18.041925
2024-10-21,8.30864634,18.27010274,,45.86363636,20.14241684
2024-10-22,17.35675872,27.15604267,,59.04347826,25.07840727
2024-10-23,13.85862366,22.98807784,,53.73913043,20.233892
2024-10-24,11.89866566,23.21091565,,54.27272727,20.343015
2024-10-25,10.78569438,23.89584362,,54.65217391,22.856881
2024-10-26,10.40469293,20.34992444,,54.04166667,22.21781182
2024-10-27,9.07169889,16.46617966,,52.08695652,19.5118005
2024-10-28,13.39084979,24.33554107,,52.29166667,18.70710739
2024-10-29,9.85899252,27.55202602,,65.09090909,23.0141235
2024-10-30,10.98955847,22.19126165,,64.33333333,28.62668
2024-10-31,11.15499531,21.73017855,,50.33333333,19.226906
2024-11-01,16.37874926,18.25697583,,44.73913043,20.12857143
2024-11-02,13.80071917,13.88660923,,41.86956522,15.18705714
2024-11-03,8.80323074,9.89357277,,34.26086957,13.25622684
2024-11-04,11.40712391,11.19828775,,34.30434783,13.6881005
2024-11-05,12.32265267,17.89926477,,50.45833333,20.49994773
2024-11-06,16.14334411,19.22468005,,54.65217391,20.89612857
2024-11-07,21.57773572,22.03214976,,64.72727273,27.1315
2024-11-08,21.79326656,21.64587979,,40.08333333,18.93786792
2024-11-09,12.46429102,13.21214112,,40.58333333,17.87485773
2024-11-10,12.50508632,13.60000162,,36.35,14.47839889
2024-11-11,12.36873915,11.14275263,,32.82608696,14.341709
2024-11-12,22.6972921,16.52003181,,48.60869565,17.05271136
2024-11-13,14.63091865,14.41959128,,43.2173913,17.02015636
2024-11-14,14.54520406,13.42777849,,36.625,15.71826304
2024-11-15,23.65324209,27.64456628,,60.86363636,25.7084065
2024-11-16,18.71423561,22.96905424,,55.60869565,23.24376391
2024-11-17,14.49096363,15.92107673,,37.29166667,18.08779238
2024-11-18,17.38556997,23.99481648,,47.70833333,21.62804136
2024-11-19,16.50490655,26.49848838,,65.41666667,26.25794826
2024-11-20,12.05711987,30.19454357,,63.95652174,27.46669667
2024-11-21,11.59523236,28.86491572,,58.66666667,24.817335
2024-11-22,20.30754692,26.7631029,,70.0,25.87108318
2024-11-23,15.90771503,22.58949894,,48.41666667,24.42954
2024-11-24,8.22355724,17.5161445,,39.80952381,17.0310075
2024-11-25,21.49897913,19.71356285,,58.36363636,24.62019938
2024-11-26,43.48286614,12.44062757,,64.13043478,20.64770136
2024-11-27,40.19672097,16.14054545,,56.45833333,18.18238
2024-11-28,,12.60279044,,60.30434783,19.82119682
2024-11-29,,17.65381488,,59.33333333,25.06328773
2024-11-30,5.68063006,20.93386898,,51.95238095,22.82398824
2024-12-01,,,,,
2024-12-02,,,,,
2024-12-03,,,,,
2024-12-04,,,,,
2024-12-05,,,,,
2024-12-06,,,,,
2024-12-07,,,,,
2024-12-08,,,,,
2024-12-09,,,,,
2024-12-10,,,,,
2024-12-11,,,,,
2024-12-12,,,,,
2024-12-13,,,,,
2024-12-14,,,,,
2024-12-15,,,,,
2024-12-16,,,,,
2024-12-17,,,,,
2024-12-18,,,,,
2024-12-19,,,,,
2024-12-20,,,,,
2024-12-21,,,,,
2024-12-22,,,,,
2024-12-23,,,,,
2024-12-24,,,,,
2024-12-25,,,,,
2024-12-26,,,,,
2024-12-27,,,,,
2024-12-28,,,,,
2024-12-29,,,,,
2024-12-30,,,,,
2024-12-31,,,,,
2025-01-01,6.86516514,13.6329325,26.35543372,62.79166667,35.925
2025-01-02,9.62708837,16.82537156,23.55149024,45.73913043,18.89400238
2025-01-03,11.60244363,17.19452186,10.3492491,46.70833333,19.22174087
2025-01-04,14.11004394,18.93360643,22.4315478,47.04545455,21.186295
2025-01-05,8.60030183,17.55622099,23.37164547,33.76190476,16.07263316
2025-01-06,6.31883106,12.78690724,31.2194173,37.63636364,16.81421235
2025-01-07,13.50238749,19.58526752,29.51089197,53.86956522,23.23010476
2025-01-08,9.86367664,19.51293236,28.85691099,51.0,21.87318611
2025-01-09,6.33373883,19.21135358,33.72906933,49.47826087,19.362994
2025-01-10,6.84280259,19.58659073,39.99093726,56.17391304,19.34269087
2025-01-11,5.5712238,16.71721597,34.9716332,51.91666667,20.07046261
2025-01-12,3.83685876,13.35392492,36.56571185,41.95652174,17.95844857
2025-01-13,8.69453525,24.10305826,33.43150798,56.34782609,20.98608571
2025-01-14,9.32543412,19.76999453,35.46211894,65.54166667,23.58651167
2025-01-15,9.92154736,21.72064222,35.02068177,59.375,22.45681875
2025-01-16,8.39046251,20.10430048,44.58515369,57.95652174,24.56008318
2025-01-17,8.53787986,19.49171561,36.85182854,55.95652174,20.08944909
2025-01-18,8.11167805,20.52739708,42.21447262,51.08695652,23.17055238
2025-01-19,5.67281801,15.29226028,38.21701384,48.95652174,23.6725381
2025-01-20,9.49416508,19.70958598,37.89819811,55.85714286,25.09347739
2025-01-21,6.08848656,19.1000457,39.24703389,,27.51896087
2025-01-22,6.93334706,21.20386485,46.67789284,,27.47803261
2025-01-23,6.51433474,23.7527827,45.77049422,,27.05874
2025-01-24,7.67811234,26.53807126,28.59531859,68.0,28.3147625
2025-01-25,5.38769859,20.30015594,31.38291254,68.0,23.27803542
2025-01-26,3.13438031,16.95644479,33.99883649,51.25,22.86795273
2025-01-27,7.743161,22.89283448,26.01910064,64.25,27.44240435
2025-01-28,6.56487533,18.0000397,30.45098964,68.76190476,24.3472325
2025-01-29,7.58810001,19.67584808,34.22772983,69.0,24.2220381
2025-01-30,4.45587113,20.75978711,39.26828828,55.6875,24.06322313
2025-01-31,6.84955057,21.59447665,38.12993485,48.2173913,22.58293143
2025-02-01,4.91086843,18.49889448,33.65549647,59.33333333,21.52083333
2025-02-02,4.6911685,15.85471978,34.9062351,53.95833333,23.17130417
2025-02-03,7.35609365,20.50522378,30.12399915,65.65217391,25.80120708
2025-02-04,7.87620489,24.63032853,37.77557667,61.86363636,25.9407545
2025-02-05,11.96666294,29.00127492,9.98628965,64.29166667,29.88160417
2025-02-06,12.50730929,23.90594305,,63.34782609,28.32423182
2025-02-07,10.98588929,23.37919773,,57.5,30.78613913
2025-02-08,12.05784042,32.83616791,,58.86956522,32.3387
2025-02-09,9.83221981,20.52895626,,48.45833333,26.52076667
2025-02-10,14.32579452,27.17875447,49.53905965,48.43478261,27.51557619
2025-02-11,12.31425854,27.03675128,22.6277421,47.59090909,21.65961583
2025-02-12,12.03267744,25.2040217,36.27142041,53.70833333,21.03695522
2025-02-13,14.10471393,23.96512932,30.2629701,58.08333333,23.58996087
2025-02-14,15.33014186,28.59874713,35.80545896,65.29166667,25.88462083
2025-02-15,9.94943412,22.16567538,36.27142041,49.04166667,21.55247667
2025-02-16,6.02253237,17.83143638,34.75908938,31.58333333,15.95269909
2025-02-17,8.06824755,21.20481642,39.16528627,39.58333333,16.0669787
2025-02-18,9.09266633,24.4572357,36.05887659,49.54166667,21.38725167
2025-02-19,10.83742567,23.77824674,33.68819552,57.375,25.80740292
2025-02-20,8.06370793,20.18494094,34.67734176,50.0,22.4331675
2025-02-21,12.20053455,22.72788231,33.13231168,55.86956522,24.14332455
2025-02-22,9.60224223,20.43097845,26.39630753,47.47826087,22.02537636
2025-02-23,5.67748679,14.80369877,25.37446224,35.0,15.26956857
2025-02-24,12.94405626,28.97464242,18.5795998,49.17391304,23.28891818
2025-02-25,20.63787491,27.85842769,23.91117978,61.82608696,25.13016913
2025-02-26,17.02563306,21.16874627,30.47551393,53.45833333,20.53842652
2025-02-27,15.96732125,20.11308532,30.10764962,49.40909091,20.308455
2025-02-28,16.5803606,28.06008703,27.68045606,54.72727273,25.66186538
2025-03-01,23.74484883,26.55031751,38.1597905,70.5,31.67391304
2025-03-02,9.33784697,18.98635226,40.62856873,49.25,21.99879545
2025-03-03,9.19456516,21.04216254,31.08787794,52.04166667,24.59257273
2025-03-04,12.26534813,25.35754247,41.46239448,61.79166667,27.1887413
2025-03-05,20.54385101,27.32167436,32.60912689,71.41666667,31.4267375
2025-03-06,12.93897909,21.88633872,35.47846846,55.70833333,25.04755455
2025-03-07,12.81632745,22.1286389,27.12386137,59.58333333,22.21708
2025-03-08,9.65691192,18.83735234,49.56358394,54.16666667,23.76854818
2025-03-09,7.13389902,16.81126056,47.16837858,63.16666667,27.07163875
2025-03-10,11.84008763,21.77305585,45.02659085,65.25,27.27026238
2025-03-11,12.21180781,25.44466085,60.99026671,65.73333333,30.98210833
2025-03-12,11.55099852,23.16466512,,,25.76204792
2025-03-13,9.62530511,24.0143187,67.8178282,57.81818182,29.85448571
2025-03-14,9.51529606,22.47114206,26.53527849,68.0,29.59711478
2025-03-15,7.29051864,21.26068322,41.69128782,65.39130435,29.01688261
2025-03-16,3.68830314,14.65990135,43.9311727,47.91304348,21.979285
2025-03-17,9.32159119,19.48365331,31.93879638,65.65217391,28.90819696
2025-03-18,9.3198026,21.7180018,33.20588454,52.75,21.00285348
2025-03-19,7.20720588,18.9252934,37.17064426,42.08695652,19.26138211
2025-03-20,7.00197224,19.7248174,35.45394418,47.95833333,19.0222865
2025-03-21,8.18727942,19.77116979,30.36106725,43.95652174,16.83638286
2025-03-22,5.14800639,16.76381125,37.90637287,47.95833333,17.30615217
2025-03-23,4.67890385,15.5479462,40.21165584,51.43478261,20.07050818
2025-03-24,2.89470343,13.04047428,45.27183372,57.04166667,23.47343522
2025-03-25,12.71725756,26.09786906,33.08209528,76.04166667,29.74934875
2025-03-26,11.42248206,23.45320902,33.05873882,76.91666667,31.7544
2025-03-27,8.27319982,25.30640853,43.08917218,61.47826087,29.40958
2025-03-28,14.20194197,32.64865852,24.53246172,66.58333333,28.92737917
2025-03-29,15.00684293,27.58198571,38.06169335,67.91666667,28.97363043
2025-03-30,8.65710762,23.00306637,30.20574677,58.86363636,25.54739409
2025-03-31,10.95903281,25.1418196,26.24738468,59.59090909,23.07860409
2025-04-01,7.44565117,20.93324695,35.41307037,52.43478261,20.00833333
2025-04-02,9.92641234,28.761623,35.97712896,57.875,22.69508333
2025-04-03,11.42437108,31.57921565,28.23562905,56.54166667,24.62878417
2025-04-04,10.91433015,30.28860383,34.57924461,55.08333333,21.74169833
2025-04-05,8.62673305,21.50451976,35.59291514,55.08333333,20.61881727
2025-04-06,6.05093015,18.59707361,29.86240675,55.125,20.63499609
2025-04-07,7.27369971,16.79531302,30.45682875,54.56521739,21.033274
2025-04-08,6.70036398,18.53675909,34.26860364,51.16666667,17.026705
2025-04-09,10.15919035,20.766289,26.75599707,57.77272727,18.48457913
2025-04-10,10.4433317,28.98119358,22.84028592,42.69565217,17.14711958
2025-04-11,9.45964009,20.10867416,29.28199863,45.33333333,17.32351783
2025-04-12,6.8675312,17.96355168,33.03421453,42.47826087,15.78797273
2025-04-13,4.74002181,12.94259152,34.05605982,44.56521739,15.9157775
2025-04-14,5.44903208,17.00396462,36.75373139,53.66666667,18.08717882
2025-04-15,7.67282565,18.77503033,39.37783009,66.30434783,21.30962105
2025-04-16,6.25634265,18.53400897,40.76753968,67.75,25.47014043
2025-04-17,2.90621088,13.214198,34.25225412,54.41666667,22.82759667
2025-04-18,1.84366168,9.12337053,41.78004239,38.22222222,19.79970952
2025-04-19,3.62265732,11.62617325,43.24449267,38.56521739,14.252495
2025-04-20,4.41906044,13.11084764,31.9551459,39.66666667,16.34892045
2025-04-21,13.53362773,15.03952873,2.37885584,60.04166667,19.57991125
2025-04-22,13.86944567,10.15310845,,70.16666667,21.71884583
2025-04-23,12.04936759,10.15408954,,69.69565217,21.07884875
2025-04-24,9.75422065,9.35544472,,38.2173913,16.51249524
2025-04-25,11.3505624,16.24667489,,59.25,23.71013952
2025-04-26,7.19028723,9.12064555,,43.9047619,18.92238318
2025-04-27,7.18889723,8.52861714,,45.56521739,18.72846
2025-04-28,11.54554926,14.25208226,,51.45833333,19.02315167
2025-04-29,10.73493459,17.35255193,,53.125,20.30350208
2025-04-30,9.4911381,13.73279335,,45.13043478,15.97538
2025-05-01,9.27347017,10.63761234,,48.41666667,20.21666667
2025-05-02,12.65552763,16.62125178,,48.95652174,20.57822857
2025-05-03,14.81162165,8.43163955,,59.375,20.3413025
2025-05-04,8.16550625,7.32696942,,45.29166667,18.34137739
2025-05-05,10.21719875,12.66627035,,45.625,18.77100409
2025-05-06,10.24091604,21.94773517,,49.25,22.08543
2025-05-07,15.00543517,18.4835521,33.48885708,60.52380952,22.45355857
2025-05-08,15.05784612,25.57560872,16.06340796,49.75,22.68130043
2025-05-09,12.90033521,23.37397173,27.34457996,66.69565217,23.41906714
2025-05-10,8.1062305,19.2116738,24.385316,54.65217391,17.1031975
2025-05-11,8.44673304,20.07335357,18.92457477,56.54166667,18.4030987
2025-05-12,10.21642029,19.52822714,20.62492533,54.04545455,15.83535333
2025-05-13,11.65784409,26.16543435,27.73696855,75.875,22.13015261
2025-05-14,13.41972794,23.73995665,16.71738894,67.08333333,23.87773409
2025-05-15,11.12961059,21.69979305,15.80999032,44.41666667,23.031864
2025-05-16,17.88495176,31.43842826,20.24888626,58.95833333,22.12705923
2025-05-17,9.30265253,18.51194535,17.26509802,36.08333333,14.2413375
2025-05-18,6.63502404,14.26811547,17.74740899,39.56521739,14.28695261
2025-05-19,8.49633846,19.60789434,31.75895161,41.375,17.10264217
2025-05-20,9.93903471,24.13646709,33.5410498,58.70833333,19.75899542
2025-05-21,15.58438812,18.12452049,16.65867929,57.5,20.32108304
2025-05-22,16.17524289,17.5029267,15.924437,52.70833333,17.51243833
2025-05-23,12.50669095,17.964202,31.7834759,56.20833333,17.91010957
2025-05-24,9.43825315,10.90226848,19.61942957,51.82608696,16.088737
2025-05-25,6.0013345,8.99504884,30.99869871,51.29166667,15.47706909
2025-05-26,11.16156512,14.71528761,17.15065135,64.25,16.79503375
2025-05-27,11.03208615,16.3142024,8.74154584,33.22222222,17.01162833
2025-05-28,13.2436433,14.8528953,25.3552275,44.0,19.75784545
2025-05-29,12.75336756,17.18399729,23.33077166,51.56521739,21.5177355
2025-05-30,12.7708307,15.90512448,21.97376111,51.95238095,22.9079
2025-05-31,9.11677526,12.96359501,29.78741219,49.38095238,
2025-06-01,8.22699134,6.46424758,19.92189577,52.43478261,
2025-06-02,7.22931617,6.62579433,18.83465238,39.79166667,
2025-06-03,12.78306162,11.93438826,15.56474745,55.0,13.1671425
2025-06-04,12.93984068,14.16860199,28.59531859,47.28571429,17.38518733
2025-06-05,12.93095085,12.55815393,22.65617606,51.30434783,22.83740364
2025-06-06,11.81673632,6.45136893,16.63564132,46.83333333,
2025-06-07,12.32763213,15.34160909,21.04183821,40.16666667,
2025-06-08,7.22331856,11.27516566,21.41787728,42.875,
2025-06-09,15.84253454,19.14386893,17.20538671,49.58333333,14.622441
2025-06-10,8.6713244,10.78109738,26.48622991,39.83333333,15.696058
2025-06-11,16.16452665,25.17292423,21.16445964,57.95833333,24.64549167
2025-06-12,17.11721889,17.57064396,24.60958883,62.60869565,23.75804261
2025-06-13,16.57324213,14.0930341,15.17520226,33.69565217,12.65111091
2025-06-14,11.51516602,15.41530371,21.93111018,45.39130435,15.54394348
2025-06-15,11.94539775,8.10400424,22.26805256,41.79166667,14.67171
2025-06-16,18.07294172,22.17565281,25.09580947,51.375,18.63444957
2025-06-17,12.91650411,13.82784605,20.1145866,35.75,11.72182435
2025-06-18,18.76735996,11.54610937,25.84859845,33.95833333,11.82681619
2025-06-19,17.2030028,12.89323066,25.36628748,40.91666667,14.811461
2025-06-20,14.21685476,12.01111887,26.97671565,43.39130435,13.20289826
2025-06-21,16.41526288,7.89987573,29.47819292,42.84210526,14.65277818
2025-06-22,19.35902554,4.17458582,19.82379862,33.33333333,14.08383522
2025-06-23,13.12464448,4.41787232,23.34712118,24.0,12.939555
2025-06-24,21.97417205,10.83214399,13.92126481,42.39130435,10.71139667
2025-06-25,18.96165078,20.74965263,31.67720399,60.05555556,20.68884
2025-06-26,17.3301476,12.79271528,26.10201608,49.13043478,14.68295043
2025-06-27,15.92335247,14.52053859,31.21124253,49.33333333,18.38969917
2025-06-28,11.64817592,11.42808384,36.4676147,40.375,15.02502833
2025-06-29,10.84678768,7.01460003,30.20574677,36.41666667,14.16355292
2025-06-30,11.83255918,8.57627464,29.21588968,33.04545455,14.52865158
2025-07-01,15.58567591,16.74545886,,43.7826087,14.52608696
2025-07-02,9.21087715,20.52366758,,45.13043478,15.65863
2025-07-03,12.78171558,20.4002649,23.1962025,60.65217391,16.64967857
2025-07-04,9.95194326,17.27630454,20.92739154,56.54166667,13.26708208
2025-07-05,7.91087502,14.41369146,25.29271462,46.29166667,13.77551955
2025-07-06,5.36379785,11.62573112,18.1806714,50.375,11.51380958
2025-07-07,7.4676509,16.61025131,24.63055887,39.41666667,11.17753435
2025-07-08,8.16268368,17.14529398,23.78855835,49.95833333,14.69923167
2025-07-09,12.43331255,19.1446446,18.05804996,52.5,16.69792957
2025-07-10,8.84036709,20.22145246,27.01758946,60.875,15.09494583
2025-07-11,9.16904446,17.99324668,21.36811785,48.875,13.38211208
2025-07-12,7.41375285,17.13751374,26.86226898,46.83333333,14.29506292
2025-07-13,4.04048266,12.36295832,27.14838566,48.66666667,11.96655667
2025-07-14,7.38470096,12.22370525,18.89187572,42.66666667,10.62208609
2025-07-15,7.46952126,20.12171437,20.00328797,59.36363636,15.22711261
2025-07-16,6.17649465,19.71704499,25.57065653,55.79166667,16.66792174
2025-07-17,6.11888144,16.24968043,22.30075161,46.45833333,18.27682556
2025-07-18,7.60484126,15.10250562,19.46410908,64.70833333,15.37891261
2025-07-19,6.52553134,17.49641574,21.67946967,65.58333333,16.34413826
2025-07-20,3.74365206,14.51125571,22.31710113,59.625,14.16328727
2025-07-21,7.3395977,22.05129872,21.13993536,56.625,16.16326913
2025-07-22,6.13315954,18.70140568,23.57601453,61.08333333,18.11272042
2025-07-23,5.89337024,20.18152484,21.9328873,59.91666667,17.85500833
2025-07-24,6.44223391,20.73989258,25.64422939,61.375,16.12423708
2025-07-25,10.5036789,22.60400953,21.48327538,58.41666667,19.73179583
2025-07-26,8.14325442,23.61902203,18.77742905,45.43478261,16.99741955
2025-07-27,3.61982039,13.55104013,24.57333553,40.95833333,11.73646261
2025-07-28,7.18662681,19.75351733,26.27297524,37.69565217,14.56887619
2025-07-29,8.62747213,21.6288557,19.10219006,53.52380952,14.78488286
2025-07-30,7.98644061,20.63860052,22.26805256,47.45833333,14.61589455
2025-07-31,6.79792396,19.2564183,24.6266492,58.69565217,13.50615
2025-08-01,6.77292984,18.88324247,26.25733657,50.625,14.9
2025-08-02,6.56389416,19.03951335,23.07735403,57.75,19.5929913
2025-08-03,3.07234893,13.85943612,26.93584184,33.5,10.11246136
2025-08-04,7.86987019,19.74697503,21.26255679,46.83333333,13.03051773
2025-08-05,9.1951324,18.40309244,23.78855835,53.66666667,15.50702273
2025-08-06,5.27374463,17.59747274,28.90595956,44.25,14.34279542
2025-08-07,4.46525916,17.97512269,23.7558593,49.0,17.08577045
2025-08-08,7.12482496,23.48435862,26.0774918,44.04347826,16.46956652
2025-08-09,3.49194094,16.69598287,29.97685342,35.45833333,12.17478208
2025-08-10,5.02244189,21.9435819,23.55149024,42.7826087,16.74709125
2025-08-11,12.56714466,27.75904355,20.68214867,41.59539048,15.54030913
2025-08-12,13.29044041,20.11226806,14.52772046,31.903255,12.69833333
2025-08-13,10.99136312,24.71034047,23.99292741,41.29692143,15.83270583
2025-08-14,15.47594303,25.69224188,19.19434192,,23.09061217
2025-08-15,9.0632976,28.48416677,23.21632499,,20.29663625
2025-08-16,9.64441731,20.60003621,23.74768454,,14.58544913
2025-08-17,8.24698273,23.66741155,25.58700606,,18.77753208
2025-08-18,3.85492868,15.31369266,36.91722663,,9.27906409
2025-08-19,9.58239393,23.21510743,27.23013329,29.69324545,12.71117833
2025-08-20,10.46233169,20.27836656,25.57065653,47.40386522,13.59071917
2025-08-21,7.11184309,24.3878403,33.18953502,43.47786087,13.5117625
2025-08-22,8.08661217,29.39408719,26.08566656,73.86905238,17.7945513
2025-08-23,8.40300956,22.86516877,34.17868125,58.56127391,15.44169333
2025-08-24,5.50774399,13.65673551,24.49158791,49.381775,11.75279174
2025-08-25,10.74106433,26.40251322,17.87151675,52.64601818,17.284505
2025-08-26,8.58974401,27.27128689,16.45723915,48.93445826,15.46439182
2025-08-27,8.61016977,26.35568602,23.82359304,54.604125,16.22697227
2025-08-28,7.73358435,27.14496955,22.41965724,57.29166667,17.86743409
2025-08-29,6.23112635,25.50525607,28.24380381,58.0,17.06561636
2025-08-30,4.71939253,21.21595269,32.02871877,72.80952381,20.79474375
2025-08-31,4.80876786,20.95247698,31.97967019,55.13043478,19.73465217
2025-09-01,9.00135083,24.21340042,23.11005292,43.54166667,16.25
2025-09-02,7.29401375,28.707405,35.15147792,44.29166667,14.76212917
2025-09-03,5.9254475,25.89132458,25.92217083,42.58333333,13.82861458
2025-09-04,8.80293875,27.65336542,21.30343083,54.41666667,17.04719083
2025-09-05,8.24020292,24.7894125,19.88919667,39.83333333,12.44444375
2025-09-06,6.82428875,28.89094833,19.29243917,45.41666667,17.17598833
2025-09-07,2.57967,16.21881167,26.62520042,29.08333333,9.71759792
2025-09-08,7.60977292,25.05654958,22.02280917,36.54166667,10.83724042
2025-09-09,6.66667708,23.21589083,29.35557042,41.5,12.18729458
2025-09-10,5.81695625,22.44991708,22.72583958,44.41666667,13.91335042
2025-09-11,7.23476542,25.77946958,32.85437,51.125,18.5346725
2025-09-12,7.42968125,31.74017292,29.77248458,62.04166667,19.97632167
2025-09-13,4.85821292,25.30000833,34.57106958,59.29166667,16.97013417
2025-09-14,1.68900625,18.00586083,33.27128208,53.70833333,16.87851375
2025-09-15,4.7365475,24.58508125,31.472835,51.20833333,16.327085
2025-09-16,5.81119708,27.9735225,28.46452125,66.45833333,21.90768083
2025-09-17,9.01637958,29.3220825,26.07749167,57.08333333,19.67090417
2025-09-18,9.48967333,29.5744975,20.281585,36.41666667,15.86710125
2025-09-19,10.37698042,31.54912167,29.78883458,43.04166667,16.75170875
2025-09-20,4.62861958,25.39211083,40.416025,33.625,13.55817375
2025-09-21,4.16473458,21.99433792,30.254795,0.0,14.62050125
2025-09-22,6.36611625,23.93774667,30.12399958,27.66666667,14.07734375
2025-09-23,6.54569083,25.81922458,36.95810083,44.95833333,13.71650333
2025-09-24,6.364685,26.2137375,4.93755625,57.04166667,18.12930625
2025-09-25,5.20645833,30.32575042,2.72219583,49.16666667,19.52426458
2025-09-26,10.32207,31.74255417,29.31469833,66.54166667,24.54204042
2025-09-27,11.8357075,35.00221792,23.71498458,65.95833333,24.06330792
2025-09-28,3.8263675,22.93544958,38.21701292,46.41666667,15.94584333
2025-09-29,9.05873917,32.62330417,32.56825292,46.45833333,17.61480333
2025-09-30,12.90733043,33.56218435,17.17126565,56.04347826,18.05292826
2025-10-01,10.36768375,30.06068792,25.78320083,52.54166667,15.40833333
2025-10-02,13.38198792,33.54044917,30.22209583,61.75,19.01527917
2025-10-03,7.93707625,32.27155458,35.07790542,53.375,19.60484917
2025-10-04,4.97069083,28.09444958,28.4808725,47.625,17.83664667
2025-10-05,2.89195917,20.12367833,42.63956125,35.0,12.51276458
2025-10-06,5.5987425,29.44095625,32.9361175,47.0,15.65951583
2025-10-07,6.55635125,29.22836833,35.26592458,52.79166667,16.05129917
2025-10-08,8.58181792,34.87444417,12.31119208,61.125,20.09217208
2025-10-09,14.87301833,31.2579775,24.76953083,65.375,23.57513792
2025-10-10,8.04771875,22.72456042,17.66566125,43.29166667,14.34282792
2025-10-11,12.78752083,36.68365125,27.97403625,49.75,18.84411167
2025-10-12,4.09664917,24.81772,25.06382125,34.875,13.67300333
2025-10-13,6.83346708,19.14151792,16.74191292,36.91666667,11.84814583
2025-10-14,14.04115792,28.85757042,24.50793667,50.58333333,16.85039875
2025-10-15,13.26575042,32.62423625,24.09102417,59.125,23.41907208
2025-10-16,11.07535,30.11664792,26.51892958,51.58333333,17.16851833
2025-10-17,17.15635417,34.89142208,24.96572417,58.04166667,22.126435
2025-10-18,8.4237725,31.5212825,32.21673833,48.875,18.17818792
2025-10-19,3.92957958,21.39503958,26.87861917,42.41666667,14.7813325
2025-10-20,4.56605917,27.53138708,38.44590792,41.70833333,15.43147292
2025-10-21,9.82092167,28.52828625,28.17023083,54.5,17.573595
2025-10-22,16.1147875,31.27204875,19.07172042,62.375,25.09207792
2025-10-23,17.37107833,36.08567708,13.02239583,56.0,20.64014042
2025-10-24,12.49146708,29.1987425,17.75558375,36.25,20.07646458
2025-10-25,8.1322825,22.35341167,21.81844042,23.125,14.98468333
2025-10-26,3.77479417,19.72698042,26.05296708,35.58333333,12.09243708
2025-10-27,10.48426458,16.72505125,13.52923083,38.79166667,13.00571542
2025-10-28,15.63825542,29.38689458,17.37954417,62.33333333,18.91104958
2025-10-29,10.50308042,26.52378125,28.7833375,57.25,15.48144458
2025-10-30,6.29464375,26.61364042,28.9631825,57.33333333,16.01291958
2025-10-31,7.9318813,27.13603174,32.43177,52.13043478,13.5146113
