Fecha,CO
2005-02-25,3.24709667
2005-02-26,3.81901736
2005-02-27,2.04399785
2005-02-28,2.82837064
2005-03-01,3.3363925
2005-03-02,3.25715646
2005-03-03,3.46520646
2005-03-04,3.57878783
2005-03-05,3.85701042
2005-03-06,2.47833333
2005-03-07,3.25978229
2005-03-08,2.62884479
2005-03-09,2.84797188
2005-03-10,3.21431667
2005-03-11,3.240225
2005-03-12,3.521
2005-03-13,2.09904167
2005-03-14,3.65353333
2005-03-15,3.8606125
2005-03-16,3.33141667
2005-03-17,3.20138333
2005-03-18,2.98584167
2005-03-19,3.24475
2005-03-20,1.90816667
2005-03-21,1.6197375
2005-03-22,3.11070833
2005-03-23,2.73191667
2005-03-24,2.17308333
2005-03-25,1.4247
2005-03-26,2.77694583
2005-03-27,1.99222917
2005-03-28,4.02533333
2005-03-29,4.11079167
2005-03-30,3.83783333
2005-03-31,3.36466667
2005-04-01,3.76087917
2005-04-02,3.274875
2005-04-03,2.76758333
2005-04-04,3.48891667
2005-04-05,3.0334875
2005-04-06,3.882875
2005-04-07,3.493625
2005-04-08,3.6174
2005-04-09,3.322125
2005-04-10,2.3266
2005-04-11,
2005-04-12,
2005-04-13,
2005-04-14,
2005-04-15,
2005-04-16,
2005-04-17,
2005-04-18,
2005-04-19,
2005-04-20,
2005-04-21,
2005-04-22,
2005-04-23,
2005-04-24,
2005-04-25,
2005-04-26,
2005-04-27,
2005-04-28,
2005-04-29,
2005-04-30,
2005-05-01,
2005-05-02,
2005-05-03,
2005-05-04,
2005-05-05,
2005-05-06,
2005-05-07,
2005-05-08,
2005-05-09,
2005-05-10,
2005-05-11,
2005-05-12,
2005-05-13,
2005-05-14,
2005-05-15,
2005-05-16,
2005-05-17,
2005-05-18,
2005-05-19,
2005-05-20,
2005-05-21,
2005-05-22,
2005-05-23,
2005-05-24,
2005-05-25,
2005-05-26,
2005-05-27,
2005-05-28,
2005-05-29,
2005-05-30,
2005-05-31,
2005-06-01,
2005-06-02,
2005-06-03,
2005-06-04,
2005-06-05,
2005-06-06,
2005-06-07,
2005-06-08,
2005-06-09,
2005-06-10,
2005-06-11,
2005-06-12,
2005-06-13,
2005-06-14,
2005-06-15,
2005-06-16,
2005-06-17,
2005-06-18,
2005-06-19,
2005-06-20,
2005-06-21,
2005-06-22,
2005-06-23,
2005-06-24,
2005-06-25,
2005-06-26,
2005-06-27,
2005-06-28,
2005-06-29,
2005-06-30,5.32626667
2005-07-01,6.82883333
2005-07-02,5.90570833
2005-07-03,2.96366667
2005-07-04,2.49691667
2005-07-05,4.24205
2005-07-06,3.37508333
2005-07-07,4.93245833
2005-07-08,4.72941667
2005-07-09,4.674625
2005-07-10,2.538375
2005-07-11,3.93260833
2005-07-12,3.32854583
2005-07-13,4.70291667
2005-07-14,4.2005
2005-07-15,5.039875
2005-07-16,4.81258333
2005-07-17,2.60786979
2005-07-18,4.11615594
2005-07-19,4.53761771
2005-07-20,2.28289583
2005-07-21,3.9188
2005-07-22,3.42510336
2005-07-23,4.06497917
2005-07-24,1.7519375
2005-07-25,1.405205
2005-07-26,
2005-07-27,
2005-07-28,
2005-07-29,
2005-07-30,
2005-07-31,
2005-08-01,
2005-08-02,
2005-08-03,
2005-08-04,
2005-08-05,
2005-08-06,
2005-08-07,
2005-08-08,
2005-08-09,
2005-08-10,
2005-08-11,
2005-08-12,
2005-08-13,
2005-08-14,
2005-08-15,
2005-08-16,
2005-08-17,
2005-08-18,
2005-08-19,
2005-08-20,
2005-08-21,
2005-08-22,
2005-08-23,
2005-08-24,
2005-08-25,
2005-08-26,
2005-08-27,
2005-08-28,
2005-08-29,
2005-08-30,
2005-08-31,
2005-09-01,
2005-09-02,
2005-09-03,
2005-09-04,
2005-09-05,
2005-09-06,
2005-09-07,
2005-09-08,
2005-09-09,
2005-09-10,
2005-09-11,
2005-09-12,
2005-09-13,
2005-09-14,
2005-09-15,
2005-09-16,
2005-09-17,
2005-09-18,
2005-09-19,
2005-09-20,
2005-09-21,
2005-09-22,
2005-09-23,
2005-09-24,
2005-09-25,
2005-09-26,
2005-09-27,
2005-09-28,
2005-09-29,
2005-09-30,
2005-10-01,
2005-10-02,
2005-10-03,
2005-10-04,
2005-10-05,
2005-10-06,
2005-10-07,
2005-10-08,
2005-10-09,
2005-10-10,
2005-10-11,
2005-10-12,
2005-10-13,
2005-10-14,
2005-10-15,
2005-10-16,
2005-10-17,
2005-10-18,
2005-10-19,
2005-10-20,
2005-10-21,
2005-10-22,
2005-10-23,
2005-10-24,
2005-10-25,
2005-10-26,
2005-10-27,
2005-10-28,
2005-10-29,
2005-10-30,
2005-10-31,
2005-11-01,
2005-11-02,
2005-11-03,
2005-11-04,
2005-11-05,
2005-11-06,
2005-11-07,
2005-11-08,
2005-11-09,4.27725556
2005-11-10,3.38057708
2005-11-11,3.72590313
2005-11-12,3.55501042
2005-11-13,2.92453125
2005-11-14,1.86048646
2005-11-15,2.25940729
2005-11-16,2.9547625
2005-11-17,3.45819688
2005-11-18,3.42842813
2005-11-19,3.51773958
2005-11-20,2.00810104
2005-11-21,3.64771979
2005-11-22,1.89248125
2005-11-23,2.65619271
2005-11-24,2.33225729
2005-11-25,3.50390729
2005-11-26,2.68594792
2005-11-27,2.09627083
2005-11-28,3.89005313
2005-11-29,3.05955417
2005-11-30,3.18215208
2005-12-01,2.9752875
2005-12-02,3.27993575
2005-12-03,3.28456875
2005-12-04,2.26656979
2005-12-05,2.63970521
2005-12-06,3.67792188
2005-12-07,3.34242396
2005-12-08,2.45959375
2005-12-09,3.22309375
2005-12-10,2.46379271
2005-12-11,1.79441979
2005-12-12,3.17052083
2005-12-13,3.0970125
2005-12-14,3.10107292
2005-12-15,2.63529063
2005-12-16,2.63828333
2005-12-17,2.76520625
2005-12-18,1.80538438
2005-12-19,2.86822083
2005-12-20,2.99662292
2005-12-21,3.41928542
2005-12-22,3.29928646
2005-12-23,3.11117813
2005-12-24,2.42714688
2005-12-25,1.51375
2005-12-26,2.68755729
2005-12-27,2.51516354
2005-12-28,2.49534375
2005-12-29,2.18627292
2005-12-30,2.40127083
2005-12-31,1.90634375
2006-01-01,0.71735802
2006-01-02,1.32525542
2006-01-03,1.49310789
2006-01-04,1.59015911
2006-01-05,2.05911531
2006-01-06,2.14115625
2006-01-07,1.69021458
2006-01-08,1.0770825
2006-01-09,0.81988613
2006-01-10,2.03703875
2006-01-11,2.04161771
2006-01-12,2.24236926
2006-01-13,2.4124375
2006-01-14,2.24539896
2006-01-15,1.42618958
2006-01-16,2.560675
2006-01-17,2.30218542
2006-01-18,2.15421979
2006-01-19,1.39637609
2006-01-20,1.27589583
2006-01-21,1.54110417
2006-01-22,0.79173333
2006-01-23,1.00692083
2006-01-24,1.19682083
2006-01-25,0.88325
2006-01-26,1.0469875
2006-01-27,1.78805417
2006-01-28,1.95002917
2006-01-29,0.54435
2006-01-30,0.97733667
2006-01-31,1.03462958
2006-02-01,1.69955417
2006-02-02,1.39370833
2006-02-03,1.28427083
2006-02-04,1.51624583
2006-02-05,1.21803333
2006-02-06,0.96987083
2006-02-07,0.94047625
2006-02-08,0.46573125
2006-02-09,0.32577708
2006-02-10,1.15363213
2006-02-11,1.95253333
2006-02-12,0.7138125
2006-02-13,1.67560133
2006-02-14,1.98734025
2006-02-15,1.80418292
2006-02-16,1.61954208
2006-02-17,1.82650458
2006-02-18,2.066775
2006-02-19,0.73888333
2006-02-20,1.6874575
2006-02-21,1.96165167
2006-02-22,1.76974583
2006-02-23,1.77322083
2006-02-24,2.68131667
2006-02-25,2.39081667
2006-02-26,1.111275
2006-02-27,2.02300125
2006-02-28,1.93420833
2006-03-01,2.10488375
2006-03-02,2.41590435
2006-03-03,3.10790417
2006-03-04,2.99908333
2006-03-05,1.6214125
2006-03-06,2.89970417
2006-03-07,2.690925
2006-03-08,2.99253333
2006-03-09,2.89375833
2006-03-10,2.97472083
2006-03-11,2.721425
2006-03-12,1.18984167
2006-03-13,2.2774125
2006-03-14,2.42104167
2006-03-15,2.46271667
2006-03-16,2.47881667
2006-03-17,2.44582917
2006-03-18,2.2131625
2006-03-19,1.22732917
2006-03-20,1.009675
2006-03-21,2.55811667
2006-03-22,2.195375
2006-03-23,2.02199167
2006-03-24,1.53099542
2006-03-25,1.965225
2006-03-26,1.16159583
2006-03-27,1.81630292
2006-03-28,1.50304167
2006-03-29,1.5420175
2006-03-30,2.27879583
2006-03-31,2.63611667
2006-04-01,2.56510833
2006-04-02,1.284875
2006-04-03,2.19437083
2006-04-04,2.93545217
2006-04-05,2.70754167
2006-04-06,2.5156375
2006-04-07,2.52127917
2006-04-08,2.674175
2006-04-09,1.6768
2006-04-10,3.02058333
2006-04-11,2.92495833
2006-04-12,2.70570833
2006-04-13,1.505475
2006-04-14,1.08145
2006-04-15,1.67885833
2006-04-16,1.18951667
2006-04-17,2.12805833
2006-04-18,3.29532917
2006-04-19,2.36105833
2006-04-20,2.21254583
2006-04-21,2.0764875
2006-04-22,1.74962083
2006-04-23,1.47377917
2006-04-24,2.13160833
2006-04-25,1.87834583
2006-04-26,1.37385417
2006-04-27,2.10511667
2006-04-28,2.49525417
2006-04-29,2.46147917
2006-04-30,1.34010833
2006-05-01,1.06677083
2006-05-02,2.29325833
2006-05-03,2.29431667
2006-05-04,2.26724583
2006-05-05,2.1358875
2006-05-06,2.6397
2006-05-07,2.0977625
2006-05-08,2.554375
2006-05-09,2.10159167
2006-05-10,2.41586667
2006-05-11,1.98671667
2006-05-12,2.58206667
2006-05-13,2.73684583
2006-05-14,1.3243625
2006-05-15,1.39738333
2006-05-16,1.95213958
2006-05-17,1.628725
2006-05-18,2.20331042
2006-05-19,1.74532083
2006-05-20,2.61841667
2006-05-21,1.12184583
2006-05-22,1.66518333
2006-05-23,1.29688917
2006-05-24,1.81172458
2006-05-25,1.57865833
2006-05-26,2.08192917
2006-05-27,1.83232083
2006-05-28,0.7764875
2006-05-29,1.13980583
2006-05-30,2.45505417
2006-05-31,2.40854583
2006-06-01,2.58112917
2006-06-02,1.79455833
2006-06-03,2.77210833
2006-06-04,1.00746667
2006-06-05,1.70158917
2006-06-06,2.22418333
2006-06-07,2.21043708
2006-06-08,2.15247083
2006-06-09,2.11453333
2006-06-10,2.58661667
2006-06-11,1.15301917
2006-06-12,2.38508333
2006-06-13,1.92565417
2006-06-14,2.0099625
2006-06-15,1.88987958
2006-06-16,2.6188125
2006-06-17,1.9357
2006-06-18,0.91076025
2006-06-19,0.51922546
2006-06-20,1.86571542
2006-06-21,3.24968167
2006-06-22,1.74274375
2006-06-23,1.96465917
2006-06-24,2.86688
2006-06-25,1.0915525
2006-06-26,0.67645333
2006-06-27,1.56040833
2006-06-28,1.65090417
2006-06-29,1.54929583
2006-06-30,1.954175
2006-07-01,1.9616
2006-07-02,1.39194583
2006-07-03,0.66639167
2006-07-04,1.63576667
2006-07-05,1.601925
2006-07-06,1.79906667
2006-07-07,1.89869167
2006-07-08,1.72702083
2006-07-09,1.07846667
2006-07-10,1.6695625
2006-07-11,1.68375417
2006-07-12,1.73924167
2006-07-13,1.7455375
2006-07-14,1.77984167
2006-07-15,1.3860125
2006-07-16,0.86905417
2006-07-17,1.67952083
2006-07-18,1.47595
2006-07-19,1.5407
2006-07-20,0.807475
2006-07-21,1.8401125
2006-07-22,1.5137625
2006-07-23,1.1347875
2006-07-24,1.46365
2006-07-25,1.6704
2006-07-26,1.63601667
2006-07-27,1.6220875
2006-07-28,2.67133333
2006-07-29,2.71245833
2006-07-30,1.84597917
2006-07-31,1.0277375
2006-08-01,1.576425
2006-08-02,1.57712083
2006-08-03,1.72999583
2006-08-04,1.78180833
2006-08-05,1.62894583
2006-08-06,1.260025
2006-08-07,1.155475
2006-08-08,1.84516208
2006-08-09,2.3267875
2006-08-10,1.5699
2006-08-11,1.911375
2006-08-12,1.61518333
2006-08-13,0.99879583
2006-08-14,1.527575
2006-08-15,1.93560833
2006-08-16,1.55370833
2006-08-17,1.53011667
2006-08-18,3.01051667
2006-08-19,2.16945833
2006-08-20,1.25016667
2006-08-21,0.5564375
2006-08-22,1.11159167
2006-08-23,1.44034167
2006-08-24,2.48574583
2006-08-25,2.68910417
2006-08-26,2.47539583
2006-08-27,1.24415833
2006-08-28,0.87187083
2006-08-29,0.91531667
2006-08-30,2.1757
2006-08-31,1.53646667
2006-09-01,1.576425
2006-09-02,1.57712083
2006-09-03,1.72999583
2006-09-04,1.78180833
2006-09-05,1.62894583
2006-09-06,1.260025
2006-09-07,1.155475
2006-09-08,1.84516208
2006-09-09,2.3267875
2006-09-10,1.5699
2006-09-11,0.955
2006-09-12,
2006-09-13,
2006-09-14,
2006-09-15,
2006-09-16,
2006-09-17,
2006-09-18,
2006-09-19,
2006-09-20,
2006-09-21,
2006-09-22,
2006-09-23,
2006-09-24,
2006-09-25,
2006-09-26,
2006-09-27,
2006-09-28,
2006-09-29,
2006-09-30,
2006-10-01,
2006-10-02,
2006-10-03,
2006-10-04,
2006-10-05,
2006-10-06,
2006-10-07,
2006-10-08,
2006-10-09,
2006-10-10,
2006-10-11,
2006-10-12,
2006-10-13,
2006-10-14,
2006-10-15,
2006-10-16,
2006-10-17,
2006-10-18,
2006-10-19,
2006-10-20,
2006-10-21,
2006-10-22,
2006-10-23,
2006-10-24,
2006-10-25,
2006-10-26,
2006-10-27,
2006-10-28,
2006-10-29,
2006-10-30,
2006-10-31,
2006-11-01,
2006-11-02,
2006-11-03,
2006-11-04,
2006-11-05,
2006-11-06,
2006-11-07,
2006-11-08,
2006-11-09,
2006-11-10,
2006-11-11,
2006-11-12,
2006-11-13,
2006-11-14,
2006-11-15,
2006-11-16,
2006-11-17,
2006-11-18,
2006-11-19,
2006-11-20,
2006-11-21,
2006-11-22,
2006-11-23,
2006-11-24,
2006-11-25,
2006-11-26,
2006-11-27,
2006-11-28,
2006-11-29,
2006-11-30,
2006-12-01,
2006-12-02,
2006-12-03,
2006-12-04,
2006-12-05,
2006-12-06,
2006-12-07,
2006-12-08,
2006-12-09,
2006-12-10,
2006-12-11,
2006-12-12,
2006-12-13,
2006-12-14,
2006-12-15,
2006-12-16,
2006-12-17,
2006-12-18,
2006-12-19,
2006-12-20,
2006-12-21,2.96923077
2006-12-22,2.28325417
2006-12-23,2.5308875
2006-12-24,1.3966125
2006-12-25,0.72127958
2006-12-26,2.06805792
2006-12-27,1.66109
2006-12-28,1.772875
2006-12-29,1.53843083
2006-12-30,1.910925
2006-12-31,1.18707917
2007-01-01,0.50001304
2007-01-02,1.41535
2007-01-03,1.30773417
2007-01-04,1.86152833
2007-01-05,1.759075
2007-01-06,1.85237625
2007-01-07,0.72385375
2007-01-08,0.47450833
2007-01-09,2.64471435
2007-01-10,2.82767917
2007-01-11,2.79735417
2007-01-12,2.46075833
2007-01-13,3.00386667
2007-01-14,1.68758333
2007-01-15,2.09500417
2007-01-16,2.04265833
2007-01-17,2.427575
2007-01-18,2.04180417
2007-01-19,2.31852083
2007-01-20,2.04100833
2007-01-21,1.364
2007-01-22,2.14968261
2007-01-23,2.68979167
2007-01-24,2.7219375
2007-01-25,2.79720417
2007-01-26,2.9714375
2007-01-27,3.13206364
2007-01-28,1.5399875
2007-01-29,2.48962083
2007-01-30,2.29844583
2007-01-31,2.84757917
2007-02-01,3.0903913
2007-02-02,2.678375
2007-02-03,2.52858333
2007-02-04,1.55788333
2007-02-05,2.353025
2007-02-06,2.58326667
2007-02-07,2.47899583
2007-02-08,2.44609167
2007-02-09,2.63807391
2007-02-10,2.7263375
2007-02-11,1.58250833
2007-02-12,2.46382083
2007-02-13,2.41302917
2007-02-14,2.53925417
2007-02-15,2.81195833
2007-02-16,2.69523333
2007-02-17,2.80808333
2007-02-18,1.33147083
2007-02-19,2.29509167
2007-02-20,2.52688333
2007-02-21,2.38866087
2007-02-22,1.96992917
2007-02-23,1.81674167
2007-02-24,1.8940625
2007-02-25,1.40143333
2007-02-26,1.389
2007-02-27,1.54360833
2007-02-28,1.69898333
2007-03-01,2.11200833
2007-03-02,1.9884375
2007-03-03,1.97747083
2007-03-04,1.35835417
2007-03-05,2.4446625
2007-03-06,2.36374167
2007-03-07,2.111175
2007-03-08,2.674925
2007-03-09,2.84837391
2007-03-10,2.26512917
2007-03-11,1.45540417
2007-03-12,2.1753875
2007-03-13,2.000425
2007-03-14,2.3500375
2007-03-15,2.98574167
2007-03-16,2.90129167
2007-03-17,3.30029167
2007-03-18,1.4025125
2007-03-19,1.04609583
2007-03-20,2.29451304
2007-03-21,2.69735833
2007-03-22,2.55124167
2007-03-23,2.896875
2007-03-24,3.05933333
2007-03-25,2.08861667
2007-03-26,2.70055833
2007-03-27,3.00231667
2007-03-28,2.91579167
2007-03-29,2.97870833
2007-03-30,3.1477375
2007-03-31,3.24733333
2007-04-01,1.5614875
2007-04-02,2.99329583
2007-04-03,3.0901625
2007-04-04,4.34552083
2007-04-05,1.66657083
2007-04-06,1.19881667
2007-04-07,2.36740833
2007-04-08,2.05097917
2007-04-09,3.78291364
2007-04-10,3.43916667
2007-04-11,3.77270833
2007-04-12,3.33233333
2007-04-13,3.49829167
2007-04-14,3.60575
2007-04-15,2.41708333
2007-04-16,3.54308333
2007-04-17,3.32482609
2007-04-18,3.023975
2007-04-19,3.04325417
2007-04-20,3.74204167
2007-04-21,3.29141667
2007-04-22,2.63308333
2007-04-23,3.66704167
2007-04-24,3.08512083
2007-04-25,2.9235
2007-04-26,3.91
2007-04-27,4.04375
2007-04-28,3.62991667
2007-04-29,2.60780417
2007-04-30,3.73475
2007-05-01,2.96975
2007-05-02,3.61595833
2007-05-03,3.91395833
2007-05-04,3.85666667
2007-05-05,3.913625
2007-05-06,2.949875
2007-05-07,3.89441667
2007-05-08,4.344875
2007-05-09,4.52729167
2007-05-10,4.25454167
2007-05-11,4.02675
2007-05-12,4.27370833
2007-05-13,3.279375
2007-05-14,4.23029167
2007-05-15,3.40577273
2007-05-16,2.23584167
2007-05-17,1.51999167
2007-05-18,1.99344167
2007-05-19,2.39408333
2007-05-20,1.38605417
2007-05-21,0.99132083
2007-05-22,2.794175
2007-05-23,2.54058333
2007-05-24,3.09258333
2007-05-25,2.803175
2007-05-26,3.27336957
2007-05-27,1.68359583
2007-05-28,2.5511
2007-05-29,3.05988261
2007-05-30,3.08795833
2007-05-31,3.23321667
2007-06-01,3.61375
2007-06-02,3.51983333
2007-06-03,2.53398333
2007-06-04,2.72791667
2007-06-05,3.0209
2007-06-06,2.61391667
2007-06-07,2.23985
2007-06-08,2.27666667
2007-06-09,2.60414583
2007-06-10,1.382575
2007-06-11,1.02110417
2007-06-12,1.7563875
2007-06-13,1.95705417
2007-06-14,1.952675
2007-06-15,2.02915909
2007-06-16,2.29308333
2007-06-17,1.30045
2007-06-18,1.2107375
2007-06-19,2.00351667
2007-06-20,1.84374167
2007-06-21,1.82837917
2007-06-22,2.47732083
2007-06-23,2.645
2007-06-24,1.45294583
2007-06-25,1.5361125
2007-06-26,1.93845417
2007-06-27,1.91575417
2007-06-28,1.68731667
2007-06-29,2.09044167
2007-06-30,2.40216667
2007-07-01,1.32535833
2007-07-02,0.89495
2007-07-03,1.7647125
2007-07-04,1.74206667
2007-07-05,1.4966375
2007-07-06,1.793375
2007-07-07,1.64696667
2007-07-08,1.15775
2007-07-09,1.964475
2007-07-10,1.5297
2007-07-11,1.0831375
2007-07-12,0.9645625
2007-07-13,1.0904375
2007-07-14,1.03337273
2007-07-15,
2007-07-16,
2007-07-17,1.13387273
2007-07-18,1.05666667
2007-07-19,1.37968333
2007-07-20,1.18430417
2007-07-21,1.3117125
2007-07-22,1.06800417
2007-07-23,1.556975
2007-07-24,1.38864348
2007-07-25,1.70125417
2007-07-26,1.2748
2007-07-27,1.15771667
2007-07-28,1.34576667
2007-07-29,1.0274125
2007-07-30,1.15945833
2007-07-31,0.97659167
2007-08-01,1.79447083
2007-08-02,2.05063333
2007-08-03,2.21987083
2007-08-04,2.06895833
2007-08-05,1.51225417
2007-08-06,2.50551667
2007-08-07,1.5494625
2007-08-08,2.289075
2007-08-09,2.6778875
2007-08-10,2.40997083
2007-08-11,2.42954167
2007-08-12,1.41709167
2007-08-13,1.85996667
2007-08-14,2.20572917
2007-08-15,2.38736667
2007-08-16,2.338425
2007-08-17,2.24983333
2007-08-18,2.48433333
2007-08-19,1.89881667
2007-08-20,1.1953125
2007-08-21,2.58547083
2007-08-22,2.23570833
2007-08-23,2.43717917
2007-08-24,3.263625
2007-08-25,2.46989167
2007-08-26,1.61188333
2007-08-27,2.154175
2007-08-28,2.23325417
2007-08-29,2.90729167
2007-08-30,3.12758333
2007-08-31,3.691625
2007-09-01,3.63579167
2007-09-02,2.148
2007-09-03,3.111
2007-09-04,2.98933333
2007-09-05,2.487375
2007-09-06,2.41670833
2007-09-07,2.652375
2007-09-08,2.6685
2007-09-09,2.64045833
2007-09-10,2.72470833
2007-09-11,2.44605417
2007-09-12,2.47158333
2007-09-13,3.05741667
2007-09-14,2.80258333
2007-09-15,2.60608333
2007-09-16,2.046375
2007-09-17,2.622125
2007-09-18,2.76825
2007-09-19,2.70958333
2007-09-20,2.82670833
2007-09-21,2.983875
2007-09-22,3.02333333
2007-09-23,1.94445833
2007-09-24,2.98095833
2007-09-25,2.76666667
2007-09-26,2.75945833
2007-09-27,2.89404167
2007-09-28,2.52466667
2007-09-29,2.96033333
2007-09-30,2.54904167
2007-10-01,2.7475
2007-10-02,3.358875
2007-10-03,3.4955
2007-10-04,3.65420833
2007-10-05,4.15116667
2007-10-06,4.46858333
2007-10-07,3.779125
2007-10-08,4.388125
2007-10-09,3.67222727
2007-10-10,2.54377917
2007-10-11,2.43557917
2007-10-12,3.1185125
2007-10-13,2.58120833
2007-10-14,1.56102917
2007-10-15,1.90736667
2007-10-16,2.6129375
2007-10-17,2.27600833
2007-10-18,1.74090417
2007-10-19,2.60289167
2007-10-20,3.706875
2007-10-21,2.39454167
2007-10-22,2.72372917
2007-10-23,2.09629167
2007-10-24,2.41042917
2007-10-25,2.77716667
2007-10-26,2.4706375
2007-10-27,2.02104583
2007-10-28,1.602125
2007-10-29,2.1969
2007-10-30,2.773
2007-10-31,3.046
2007-11-01,3.11629167
2007-11-02,3.06479167
2007-11-03,2.2156875
2007-11-04,1.36966667
2007-11-05,1.3311375
2007-11-06,2.53007083
2007-11-07,2.53160417
2007-11-08,2.05495833
2007-11-09,1.90799167
2007-11-10,2.659
2007-11-11,1.67568333
2007-11-12,1.29651667
2007-11-13,2.18194167
2007-11-14,2.6535
2007-11-15,2.09904583
2007-11-16,2.52592917
2007-11-17,3.1511375
2007-11-18,1.46296667
2007-11-19,1.94599167
2007-11-20,2.49945833
2007-11-21,3.5052875
2007-11-22,2.7275375
2007-11-23,3.23570417
2007-11-24,3.773125
2007-11-25,1.89577917
2007-11-26,2.0833625
2007-11-27,2.4800125
2007-11-28,2.09010435
2007-11-29,1.36002917
2007-11-30,1.21514583
2007-12-01,1.8876625
2007-12-02,1.09312917
2007-12-03,1.46615417
2007-12-04,1.71082917
2007-12-05,2.15641667
2007-12-06,2.22233333
2007-12-07,2.27777083
2007-12-08,1.72245833
2007-12-09,1.094975
2007-12-10,1.5200625
2007-12-11,1.96519583
2007-12-12,2.37512083
2007-12-13,2.45162917
2007-12-14,2.1308875
2007-12-15,2.312
2007-12-16,2.553875
2007-12-17,2.17442917
2007-12-18,2.34930417
2007-12-19,2.39584348
2007-12-20,2.33745833
2007-12-21,2.95220833
2007-12-22,2.85204167
2007-12-23,2.006
2007-12-24,2.5446
2007-12-25,1.05692917
2007-12-26,2.01796667
2007-12-27,2.3997375
2007-12-28,2.15116667
2007-12-29,2.304025
2007-12-30,1.71217083
2007-12-31,1.78030417
2008-01-01,
2008-01-02,
2008-01-03,
2008-01-04,
2008-01-05,
2008-01-06,
2008-01-07,
2008-01-08,
2008-01-09,
2008-01-10,
2008-01-11,
2008-01-12,
2008-01-13,
2008-01-14,
2008-01-15,
2008-01-16,
2008-01-17,
2008-01-18,
2008-01-19,
2008-01-20,
2008-01-21,
2008-01-22,
2008-01-23,
2008-01-24,
2008-01-25,
2008-01-26,
2008-01-27,
2008-01-28,
2008-01-29,
2008-01-30,
2008-01-31,
2008-02-01,
2008-02-02,
2008-02-03,
2008-02-04,
2008-02-05,
2008-02-06,
2008-02-07,
2008-02-08,
2008-02-09,
2008-02-10,
2008-02-11,
2008-02-12,
2008-02-13,
2008-02-14,
2008-02-15,
2008-02-16,
2008-02-17,
2008-02-18,
2008-02-19,
2008-02-20,
2008-02-21,
2008-02-22,
2008-02-23,
2008-02-24,
2008-02-25,
2008-02-26,
2008-02-27,
2008-02-28,
2008-02-29,
2008-03-01,
2008-03-02,
2008-03-03,
2008-03-04,
2008-03-05,
2008-03-06,
2008-03-07,
2008-03-08,
2008-03-09,
2008-03-10,
2008-03-11,
2008-03-12,
2008-03-13,
2008-03-14,
2008-03-15,
2008-03-16,
2008-03-17,
2008-03-18,
2008-03-19,
2008-03-20,
2008-03-21,
2008-03-22,
2008-03-23,
2008-03-24,
2008-03-25,
2008-03-26,
2008-03-27,
2008-03-28,
2008-03-29,3.073125
2008-03-30,1.898
2008-03-31,2.6395375
2008-04-01,1.96582174
2008-04-02,1.68963333
2008-04-03,2.13755417
2008-04-04,2.35688333
2008-04-05,2.490875
2008-04-06,2.15306667
2008-04-07,3.0705625
2008-04-08,2.19332083
2008-04-09,2.1190625
2008-04-10,2.157375
2008-04-11,2.52590833
2008-04-12,2.79609583
2008-04-13,2.323315
2008-04-14,2.10762083
2008-04-15,2.48215
2008-04-16,1.67283333
2008-04-17,1.57359583
2008-04-18,1.85224583
2008-04-19,1.95395833
2008-04-20,1.41116667
2008-04-21,2.2274625
2008-04-22,2.60710833
2008-04-23,2.50788333
2008-04-24,2.98058333
2008-04-25,2.93865833
2008-04-26,3.69845833
2008-04-27,2.75241667
2008-04-28,3.13941667
2008-04-29,2.505875
2008-04-30,2.46520833
2008-05-01,1.670225
2008-05-02,2.58027917
2008-05-03,2.95791667
2008-05-04,1.84754167
2008-05-05,1.947625
2008-05-06,2.64829167
2008-05-07,2.25785417
2008-05-08,2.73615417
2008-05-09,2.34113043
2008-05-10,2.71929167
2008-05-11,1.67321667
2008-05-12,2.22149167
2008-05-13,1.8932375
2008-05-14,2.25590417
2008-05-15,2.20313333
2008-05-16,2.3585875
2008-05-17,2.85325
2008-05-18,1.52093333
2008-05-19,2.40809167
2008-05-20,2.4409
2008-05-21,2.7105375
2008-05-22,3.22441667
2008-05-23,2.826
2008-05-24,2.694625
2008-05-25,1.29540833
2008-05-26,1.7074
2008-05-27,2.30476667
2008-05-28,2.08726667
2008-05-29,2.94500833
2008-05-30,2.86841667
2008-05-31,3.02313333
2008-06-01,1.61445417
2008-06-02,0.99477083
2008-06-03,2.50486667
2008-06-04,1.8585125
2008-06-05,1.78625833
2008-06-06,2.29214167
2008-06-07,2.0381
2008-06-08,1.28311667
2008-06-09,1.89916522
2008-06-10,1.93492083
2008-06-11,2.87294167
2008-06-12,2.18179167
2008-06-13,2.23909583
2008-06-14,2.37695833
2008-06-15,1.6419
2008-06-16,2.07105
2008-06-17,2.25935417
2008-06-18,2.25511667
2008-06-19,2.3764125
2008-06-20,2.34893043
2008-06-21,2.67776667
2008-06-22,1.45297917
2008-06-23,2.1827625
2008-06-24,2.03206667
2008-06-25,1.99652083
2008-06-26,2.638125
2008-06-27,2.865875
2008-06-28,2.10216667
2008-06-29,1.49587917
2008-06-30,1.1494
2008-07-01,2.13565833
2008-07-02,2.17384583
2008-07-03,1.92865
2008-07-04,2.10060417
2008-07-05,2.53595833
2008-07-06,1.7456875
2008-07-07,2.13271667
2008-07-08,2.31595
2008-07-09,2.0618913
2008-07-10,2.6218
2008-07-11,2.574
2008-07-12,2.05845833
2008-07-13,1.58045833
2008-07-14,2.67989167
2008-07-15,2.58534167
2008-07-16,2.3529125
2008-07-17,2.19252083
2008-07-18,2.63558333
2008-07-19,2.48775
2008-07-20,1.34414783
2008-07-21,1.98223333
2008-07-22,2.18970833
2008-07-23,2.1953875
2008-07-24,2.05554167
2008-07-25,2.4543875
2008-07-26,2.681375
2008-07-27,1.53117917
2008-07-28,2.17940417
2008-07-29,2.6828875
2008-07-30,2.50455833
2008-07-31,2.5350375
2008-08-01,2.49104167
2008-08-02,2.51241667
2008-08-03,1.73225
2008-08-04,2.35324583
2008-08-05,2.41376667
2008-08-06,2.75447083
2008-08-07,1.98740417
2008-08-08,2.35966667
2008-08-09,2.49021739
2008-08-10,1.59790833
2008-08-11,2.22910833
2008-08-12,2.652375
2008-08-13,2.797625
2008-08-14,2.40788333
2008-08-15,2.64691667
2008-08-16,2.6805
2008-08-17,2.62195833
2008-08-18,1.68179167
2008-08-19,3.10979167
2008-08-20,2.15664348
2008-08-21,2.10091667
2008-08-22,2.58475
2008-08-23,2.41820417
2008-08-24,1.669225
2008-08-25,2.48850833
2008-08-26,2.56991667
2008-08-27,2.98620833
2008-08-28,2.632325
2008-08-29,2.49972917
2008-08-30,2.64623333
2008-08-31,1.3982875
2008-09-01,2.17559167
2008-09-02,2.21905417
2008-09-03,1.73007917
2008-09-04,2.33245
2008-09-05,2.52954167
2008-09-06,1.96915833
2008-09-07,0.8993625
2008-09-08,1.61763043
2008-09-09,1.47925417
2008-09-10,1.5752375
2008-09-11,1.63999167
2008-09-12,1.7692625
2008-09-13,1.69666667
2008-09-14,1.02344167
2008-09-15,1.46680417
2008-09-16,1.8942375
2008-09-17,1.87359583
2008-09-18,1.9434625
2008-09-19,2.11151667
2008-09-20,2.21191667
2008-09-21,1.32871667
2008-09-22,1.709975
2008-09-23,2.14225417
2008-09-24,2.1396375
2008-09-25,2.04937083
2008-09-26,1.70410417
2008-09-27,2.21541667
2008-09-28,1.5971375
2008-09-29,2.42875
2008-09-30,2.35121739
2008-10-01,2.526375
2008-10-02,2.47333333
2008-10-03,2.292625
2008-10-04,2.12254545
2008-10-05,
2008-10-06,
2008-10-07,
2008-10-08,
2008-10-09,2.08921111
2008-10-10,2.0455125
2008-10-11,1.7759
2008-10-12,1.03285833
2008-10-13,0.86123333
2008-10-14,1.51581875
2008-10-15,1.6745125
2008-10-16,1.80133333
2008-10-17,1.6731125
2008-10-18,1.81266667
2008-10-19,1.03395417
2008-10-20,1.55147391
2008-10-21,1.48857917
2008-10-22,1.5333375
2008-10-23,1.394425
2008-10-24,1.23747917
2008-10-25,1.3761
2008-10-26,1.17952083
2008-10-27,1.45548333
2008-10-28,1.31285833
2008-10-29,1.36007083
2008-10-30,1.43757083
2008-10-31,1.67791667
2008-11-01,1.87179167
2008-11-02,0.79182083
2008-11-03,0.83835
2008-11-04,1.86057083
2008-11-05,1.29202917
2008-11-06,1.32528333
2008-11-07,1.16795417
2008-11-08,1.43066522
2008-11-09,1.15810417
2008-11-10,0.92730833
2008-11-11,1.26271667
2008-11-12,1.61375833
2008-11-13,1.72697083
2008-11-14,1.68034583
2008-11-15,2.07865417
2008-11-16,1.49225417
2008-11-17,1.1819125
2008-11-18,1.61335417
2008-11-19,1.39605833
2008-11-20,1.5575
2008-11-21,1.48125833
2008-11-22,1.69825
2008-11-23,1.38731667
2008-11-24,2.062625
2008-11-25,2.58716667
2008-11-26,1.86777917
2008-11-27,1.47124583
2008-11-28,1.89317917
2008-11-29,1.92
2008-11-30,1.1929625
2008-12-01,1.67757917
2008-12-02,1.7295625
2008-12-03,1.77145417
2008-12-04,1.79108333
2008-12-05,1.41952917
2008-12-06,1.33481667
2008-12-07,1.16804167
2008-12-08,0.83025833
2008-12-09,1.16512917
2008-12-10,1.24055417
2008-12-11,1.71200417
2008-12-12,1.83916667
2008-12-13,1.51823333
2008-12-14,0.85109167
2008-12-15,1.45023333
2008-12-16,1.24656667
2008-12-17,1.55754167
2008-12-18,1.3142875
2008-12-19,1.20704167
2008-12-20,1.43272917
2008-12-21,1.1909875
2008-12-22,0.97116667
2008-12-23,1.50174867
2008-12-24,1.30661905
2008-12-25,0.75655833
2008-12-26,0.9871625
2008-12-27,0.90551667
2008-12-28,0.59125833
2008-12-29,1.0251625
2008-12-30,1.14217083
2008-12-31,0.9657
2009-01-01,0.66465417
2009-01-02,0.81310417
2009-01-03,1.34533458
2009-01-04,1.14185583
2009-01-05,0.97145417
2009-01-06,1.19389167
2009-01-07,1.28085833
2009-01-08,1.01821667
2009-01-09,1.27040417
2009-01-10,0.93799167
2009-01-11,0.49269583
2009-01-12,0.48264167
2009-01-13,0.81143333
2009-01-14,1.06805417
2009-01-15,1.51189167
2009-01-16,1.50135417
2009-01-17,1.77848333
2009-01-18,0.90549167
2009-01-19,1.41077083
2009-01-20,1.48622917
2009-01-21,1.27420417
2009-01-22,1.48948333
2009-01-23,1.5820375
2009-01-24,1.3697625
2009-01-25,0.81339167
2009-01-26,1.07349583
2009-01-27,0.9813375
2009-01-28,1.01670417
2009-01-29,1.587925
2009-01-30,2.1195
2009-01-31,1.85220833
2009-02-01,1.7665
2009-02-02,1.67006667
2009-02-03,1.74375417
2009-02-04,1.59023333
2009-02-05,1.2891875
2009-02-06,1.45989167
2009-02-07,1.35546667
2009-02-08,0.89278333
2009-02-09,1.479875
2009-02-10,1.1908
2009-02-11,1.44402917
2009-02-12,1.49205833
2009-02-13,1.9141375
2009-02-14,1.72191667
2009-02-15,1.22801667
2009-02-16,0.97120417
2009-02-17,1.01087083
2009-02-18,1.02527917
2009-02-19,1.20558333
2009-02-20,1.68762917
2009-02-21,1.59810833
2009-02-22,1.11601667
2009-02-23,1.631675
2009-02-24,1.826
2009-02-25,1.41571667
2009-02-26,1.70611667
2009-02-27,2.16990833
2009-02-28,1.55359583
2009-03-01,1.19793333
2009-03-02,1.82924583
2009-03-03,1.42750417
2009-03-04,1.37479167
2009-03-05,1.2509875
2009-03-06,1.25903333
2009-03-07,1.44855417
2009-03-08,0.9623125
2009-03-09,1.34557917
2009-03-10,1.48740417
2009-03-11,1.56906667
2009-03-12,1.46797083
2009-03-13,1.3888625
2009-03-14,1.1028375
2009-03-15,0.5980125
2009-03-16,1.30670417
2009-03-17,1.56679167
2009-03-18,1.3821
2009-03-19,1.2029125
2009-03-20,1.38280417
2009-03-21,0.96696667
2009-03-22,0.63702917
2009-03-23,0.60035
2009-03-24,1.33562083
2009-03-25,0.9639375
2009-03-26,0.81426667
2009-03-27,1.03559167
2009-03-28,0.9844
2009-03-29,0.99262917
2009-03-30,1.23125417
2009-03-31,1.0679325
2009-04-01,2.66821958
2009-04-02,2.233075
2009-04-03,2.08482708
2009-04-04,1.51608417
2009-04-05,1.36735417
2009-04-06,1.28516609
2009-04-07,1.52160833
2009-04-08,1.31221
2009-04-09,1.09835375
2009-04-10,0.98689083
2009-04-11,1.49962833
2009-04-12,1.54830208
2009-04-13,1.52449625
2009-04-14,1.73927333
2009-04-15,1.79857417
2009-04-16,1.47279478
2009-04-17,1.46331167
2009-04-18,1.24605913
2009-04-19,0.95929292
2009-04-20,1.22941043
2009-04-21,1.36006667
2009-04-22,1.11360125
2009-04-23,1.27021565
2009-04-24,1.49293542
2009-04-25,1.84790958
2009-04-26,1.10136375
2009-04-27,1.30079375
2009-04-28,1.73172167
2009-04-29,1.91910125
2009-04-30,1.72230771
2009-05-01,1.32247083
2009-05-02,2.08351792
2009-05-03,1.19655333
2009-05-04,1.833175
2009-05-05,1.30691111
2009-05-06,
2009-05-07,
2009-05-08,
2009-05-09,
2009-05-10,
2009-05-11,
2009-05-12,1.33331056
2009-05-13,1.55902417
2009-05-14,1.37677583
2009-05-15,1.59169792
2009-05-16,1.65024333
2009-05-17,1.03636792
2009-05-18,1.36689196
2009-05-19,1.65226917
2009-05-20,1.47726542
2009-05-21,1.44538125
2009-05-22,1.54621208
2009-05-23,1.58452963
2009-05-24,1.15315542
2009-05-25,0.93874292
2009-05-26,0.77314286
2009-05-27,
2009-05-28,
2009-05-29,
2009-05-30,
2009-05-31,
2009-06-01,
2009-06-02,
2009-06-03,
2009-06-04,
2009-06-05,
2009-06-06,
2009-06-07,
2009-06-08,
2009-06-09,
2009-06-10,
2009-06-11,
2009-06-12,
2009-06-13,
2009-06-14,
2009-06-15,
2009-06-16,
2009-06-17,
2009-06-18,
2009-06-19,
2009-06-20,
2009-06-21,
2009-06-22,
2009-06-23,2.29624375
2009-06-24,2.06235417
2009-06-25,1.32526192
2009-06-26,1.54917816
2009-06-27,1.2103325
2009-06-28,0.63673917
2009-06-29,0.3812
2009-06-30,0.89280833
2009-07-01,1.067125
2009-07-02,0.88624167
2009-07-03,0.78247917
2009-07-04,0.9845125
2009-07-05,0.54830667
2009-07-06,1.0691375
2009-07-07,0.8399
2009-07-08,0.802265
2009-07-09,0.7048375
2009-07-10,0.82988333
2009-07-11,0.84109167
2009-07-12,0.34143375
2009-07-13,0.81784583
2009-07-14,0.66844167
2009-07-15,0.67278708
2009-07-16,0.93825958
2009-07-17,1.03400417
2009-07-18,0.92903333
2009-07-19,0.53910833
2009-07-20,0.628275
2009-07-21,1.10970833
2009-07-22,0.9877875
2009-07-23,1.0545625
2009-07-24,1.16117083
2009-07-25,1.15210833
2009-07-26,0.75775
2009-07-27,0.96985833
2009-07-28,1.07379583
2009-07-29,1.06835833
2009-07-30,1.15629167
2009-07-31,1.06506667
2009-08-01,1.29520833
2009-08-02,0.78065833
2009-08-03,1.16384167
2009-08-04,1.2405375
2009-08-05,0.912625
2009-08-06,1.06734167
2009-08-07,1.24929167
2009-08-08,1.337625
2009-08-09,1.34991667
2009-08-10,1.33175
2009-08-11,
2009-08-12,
2009-08-13,
2009-08-14,
2009-08-15,
2009-08-16,
2009-08-17,
2009-08-18,
2009-08-19,
2009-08-20,
2009-08-21,
2009-08-22,
2009-08-23,
2009-08-24,
2009-08-25,
2009-08-26,
2009-08-27,
2009-08-28,
2009-08-29,
2009-08-30,
2009-08-31,
2009-09-01,
2009-09-02,
2009-09-03,
2009-09-04,
2009-09-05,
2009-09-06,
2009-09-07,
2009-09-08,1.5453125
2009-09-09,1.285325
2009-09-10,1.13900417
2009-09-11,1.2086875
2009-09-12,1.19089583
2009-09-13,0.95156667
2009-09-14,1.15924167
2009-09-15,1.38092083
2009-09-16,1.2204125
2009-09-17,1.753275
2009-09-18,1.73122083
2009-09-19,1.02076667
2009-09-20,0.64102083
2009-09-21,0.84119167
2009-09-22,1.29912083
2009-09-23,0.98454583
2009-09-24,0.94787083
2009-09-25,1.20607083
2009-09-26,0.95325833
2009-09-27,0.66798333
2009-09-28,0.9665375
2009-09-29,0.8820625
2009-09-30,1.02882083
2009-10-01,1.0964375
2009-10-02,1.55815417
2009-10-03,1.5431625
2009-10-04,1.31659583
2009-10-05,1.39773333
2009-10-06,1.25355
2009-10-07,1.33282917
2009-10-08,1.32015833
2009-10-09,1.54600417
2009-10-10,1.61454167
2009-10-11,1.26470417
2009-10-12,0.96659167
2009-10-13,1.86445
2009-10-14,2.16570833
2009-10-15,1.69880833
2009-10-16,1.71458333
2009-10-17,2.26475
2009-10-18,1.70990909
2009-10-19,2.319
2009-10-20,2.10720833
2009-10-21,1.70870833
2009-10-22,1.48129167
2009-10-23,1.86279167
2009-10-24,1.98295833
2009-10-25,1.40983333
2009-10-26,1.95082917
2009-10-27,1.5798375
2009-10-28,2.012
2009-10-29,2.40945833
2009-10-30,2.00604167
2009-10-31,2.521375
2009-11-01,1.82683333
2009-11-02,1.469375
2009-11-03,2.033875
2009-11-04,1.803125
2009-11-05,1.91857083
2009-11-06,2.531625
2009-11-07,2.29704167
2009-11-08,1.64620833
2009-11-09,2.21829167
2009-11-10,1.84379167
2009-11-11,1.89008333
2009-11-12,2.14329167
2009-11-13,2.04683333
2009-11-14,1.93358333
2009-11-15,1.3297375
2009-11-16,1.31667917
2009-11-17,2.35945833
2009-11-18,1.73740909
2009-11-19,1.62429167
2009-11-20,1.91825
2009-11-21,1.733875
2009-11-22,1.32257083
2009-11-23,1.69761667
2009-11-24,1.844
2009-11-25,1.96325
2009-11-26,1.82829167
2009-11-27,1.979875
2009-11-28,2.342125
2009-11-29,2.04316667
2009-11-30,2.23508333
2009-12-01,2.2465
2009-12-02,2.560125
2009-12-03,2.74654167
2009-12-04,2.65158333
2009-12-05,2.66791667
2009-12-06,2.32708333
2009-12-07,2.69033333
2009-12-08,2.40495833
2009-12-09,2.85145833
2009-12-10,2.747625
2009-12-11,2.68954167
2009-12-12,2.63366667
2009-12-13,2.32125
2009-12-14,2.51795833
2009-12-15,2.55775
2009-12-16,2.53525
2009-12-17,3.007375
2009-12-18,3.62533333
2009-12-19,3.58445833
2009-12-20,2.78520833
2009-12-21,3.04379167
2009-12-22,3.22883333
2009-12-23,3.07504167
2009-12-24,2.765375
2009-12-25,2.25525
2009-12-26,2.49016667
2009-12-27,2.31933333
2009-12-28,2.754625
2009-12-29,2.986625
2009-12-30,2.620875
2009-12-31,2.54366667
2010-01-01,2.16133333
2010-01-02,2.24833333
2010-01-03,2.161875
2010-01-04,2.40720833
2010-01-05,2.43670833
2010-01-06,2.44641667
2010-01-07,2.579125
2010-01-08,2.54725
2010-01-09,2.37432917
2010-01-10,2.16912917
2010-01-11,2.12304167
2010-01-12,2.65341667
2010-01-13,2.492
2010-01-14,2.71766667
2010-01-15,2.56229167
2010-01-16,2.42016667
2010-01-17,2.24995833
2010-01-18,2.37470833
2010-01-19,2.32081818
2010-01-20,
2010-01-21,
2010-01-22,
2010-01-23,
2010-01-24,
2010-01-25,
2010-01-26,
2010-01-27,
2010-01-28,
2010-01-29,
2010-01-30,
2010-01-31,
2010-02-01,
2010-02-02,
2010-02-03,
2010-02-04,
2010-02-05,
2010-02-06,
2010-02-07,
2010-02-08,
2010-02-09,
2010-02-10,
2010-02-11,
2010-02-12,
2010-02-13,
2010-02-14,
2010-02-15,
2010-02-16,
2010-02-17,
2010-02-18,
2010-02-19,
2010-02-20,
2010-02-21,
2010-02-22,
2010-02-23,
2010-02-24,
2010-02-25,
2010-02-26,
2010-02-27,
2010-02-28,
2010-03-01,
2010-03-02,
2010-03-03,
2010-03-04,
2010-03-05,
2010-03-06,
2010-03-07,
2010-03-08,
2010-03-09,
2010-03-10,
2010-03-11,
2010-03-12,
2010-03-13,
2010-03-14,
2010-03-15,
2010-03-16,
2010-03-17,
2010-03-18,
2010-03-19,
2010-03-20,
2010-03-21,
2010-03-22,
2010-03-23,
2010-03-24,
2010-03-25,
2010-03-26,
2010-03-27,
2010-03-28,
2010-03-29,
2010-03-30,
2010-03-31,
2010-04-01,
2010-04-02,
2010-04-03,
2010-04-04,
2010-04-05,
2010-04-06,
2010-04-07,
2010-04-08,
2010-04-09,
2010-04-10,
2010-04-11,
2010-04-12,
2010-04-13,
2010-04-14,
2010-04-15,
2010-04-16,
2010-04-17,
2010-04-18,
2010-04-19,
2010-04-20,
2010-04-21,
2010-04-22,
2010-04-23,
2010-04-24,
2010-04-25,
2010-04-26,
2010-04-27,
2010-04-28,
2010-04-29,
2010-04-30,
2010-05-01,
2010-05-02,
2010-05-03,
2010-05-04,
2010-05-05,
2010-05-06,
2010-05-07,
2010-05-08,
2010-05-09,
2010-05-10,
2010-05-11,
2010-05-12,
2010-05-13,
2010-05-14,
2010-05-15,1.7462
2010-05-16,1.059
2010-05-17,0.65184167
2010-05-18,0.92672917
2010-05-19,0.8597875
2010-05-20,0.99852917
2010-05-21,1.43257083
2010-05-22,2.08344583
2010-05-23,0.89352917
2010-05-24,1.316425
2010-05-25,1.44009167
2010-05-26,1.22127083
2010-05-27,1.7300375
2010-05-28,1.55774167
2010-05-29,1.25494167
2010-05-30,0.92560833
2010-05-31,1.36181667
2010-06-01,2.21558333
2010-06-02,2.16455417
2010-06-03,1.92865
2010-06-04,2.10060417
2010-06-05,2.53595833
2010-06-06,1.401275
2010-06-07,1.02632083
2010-06-08,1.64087917
2010-06-09,1.892075
2010-06-10,2.23883333
2010-06-11,1.87420833
2010-06-12,2.07204167
2010-06-13,1.7746875
2010-06-14,1.59145833
2010-06-15,1.73545833
2010-06-16,2.13745833
2010-06-17,2.21158333
2010-06-18,2.229625
2010-06-19,1.83483333
2010-06-20,1.73257083
2010-06-21,2.76633333
2010-06-22,1.943875
2010-06-23,1.95084583
2010-06-24,2.08491667
2010-06-25,2.4485
2010-06-26,2.580625
2010-06-27,2.08025
2010-06-28,2.42641667
2010-06-29,2.531375
2010-06-30,2.78904167
2010-07-01,3.005125
2010-07-02,3.24895833
2010-07-03,2.70445833
2010-07-04,2.31191667
2010-07-05,2.20425
2010-07-06,2.76195833
2010-07-07,2.94345833
2010-07-08,2.77475
2010-07-09,2.900625
2010-07-10,2.59320833
2010-07-11,2.30541667
2010-07-12,2.663375
2010-07-13,2.45158333
2010-07-14,3.03033333
2010-07-15,3.65029167
2010-07-16,3.64083333
2010-07-17,3.741375
2010-07-18,3.661
2010-07-19,3.31295833
2010-07-20,2.81941667
2010-07-21,3.68208333
2010-07-22,3.808
2010-07-23,3.35458333
2010-07-24,2.790875
2010-07-25,2.64379167
2010-07-26,2.68708333
2010-07-27,2.65516667
2010-07-28,3.22154167
2010-07-29,2.71645833
2010-07-30,3.01041667
2010-07-31,3.21666667
2010-08-01,2.824625
2010-08-02,2.76570833
2010-08-03,2.60120833
2010-08-04,2.865125
2010-08-05,2.71983333
2010-08-06,2.60570833
2010-08-07,2.47370833
2010-08-08,2.29725
2010-08-09,2.55016667
2010-08-10,2.43566667
2010-08-11,2.46516667
2010-08-12,2.6105
2010-08-13,2.69041667
2010-08-14,2.48429167
2010-08-15,2.246875
2010-08-16,2.270375
2010-08-17,2.47920833
2010-08-18,2.37616667
2010-08-19,2.85441667
2010-08-20,2.885625
2010-08-21,2.63908333
2010-08-22,2.33025
2010-08-23,2.38045833
2010-08-24,2.44308333
2010-08-25,2.49445833
2010-08-26,2.9645
2010-08-27,3.10229167
2010-08-28,2.42183333
2010-08-29,2.06775
2010-08-30,2.13041667
2010-08-31,2.26291667
2010-09-01,2.66408333
2010-09-02,2.56770833
2010-09-03,2.27029167
2010-09-04,2.33995833
2010-09-05,2.04675
2010-09-06,2.505625
2010-09-07,2.54145833
2010-09-08,2.52566667
2010-09-09,2.48779167
2010-09-10,2.75416667
2010-09-11,2.64608333
2010-09-12,2.21095833
2010-09-13,2.53279167
2010-09-14,2.391875
2010-09-15,2.12795833
2010-09-16,2.56491667
2010-09-17,2.890625
2010-09-18,3.06825
2010-09-19,2.537375
2010-09-20,2.68341667
2010-09-21,2.646375
2010-09-22,2.68258333
2010-09-23,2.873125
2010-09-24,3.21658333
2010-09-25,2.71733333
2010-09-26,2.76379167
2010-09-27,2.547
2010-09-28,2.84620833
2010-09-29,2.66795833
2010-09-30,2.664875
2010-10-01,2.74633333
2010-10-02,2.89470833
2010-10-03,2.55508333
2010-10-04,2.17979167
2010-10-05,2.58691667
2010-10-06,2.487375
2010-10-07,2.58047826
2010-10-08,2.433125
2010-10-09,2.231125
2010-10-10,2.0505
2010-10-11,2.02141667
2010-10-12,2.284875
2010-10-13,2.26566667
2010-10-14,2.37734783
2010-10-15,2.5795
2010-10-16,3.31508333
2010-10-17,2.90370833
2010-10-18,2.44766667
2010-10-19,2.79275
2010-10-20,2.77591667
2010-10-21,2.95091667
2010-10-22,3.614375
2010-10-23,3.5525
2010-10-24,3.15020833
2010-10-25,3.07629167
2010-10-26,3.05733333
2010-10-27,2.98208333
2010-10-28,3.075375
2010-10-29,3.07570833
2010-10-30,3.074875
2010-10-31,2.36141667
2010-11-01,2.27308333
2010-11-02,2.82770833
2010-11-03,2.79875
2010-11-04,2.57170833
2010-11-05,2.97695833
2010-11-06,3.001875
2010-11-07,2.5605
2010-11-08,2.79770833
2010-11-09,2.80854167
2010-11-10,2.97170833
2010-11-11,2.87091667
2010-11-12,3.15591667
2010-11-13,3.15016667
2010-11-14,2.388625
2010-11-15,2.46708333
2010-11-16,2.88595833
2010-11-17,3.09233333
2010-11-18,2.85254167
2010-11-19,3.076625
2010-11-20,3.066125
2010-11-21,2.701875
2010-11-22,3.25433333
2010-11-23,3.51725
2010-11-24,3.58016667
2010-11-25,3.1695
2010-11-26,3.10095833
2010-11-27,3.39525
2010-11-28,2.81404167
2010-11-29,2.91408696
2010-11-30,3.52041667
2010-12-01,3.76258333
2010-12-02,3.3425
2010-12-03,3.751875
2010-12-04,4.22679167
2010-12-05,3.03504167
2010-12-06,3.29375
2010-12-07,3.368
2010-12-08,3.13025
2010-12-09,3.39641667
2010-12-10,3.61208333
2010-12-11,3.723375
2010-12-12,3.08725
2010-12-13,3.62325
2010-12-14,4.16775
2010-12-15,3.63233333
2010-12-16,3.36570833
2010-12-17,3.47341667
2010-12-18,3.71229167
2010-12-19,4.24541667
2010-12-20,3.310625
2010-12-21,3.72783333
2010-12-22,3.53329167
2010-12-23,3.684
2010-12-24,3.752875
2010-12-25,3.18904167
2010-12-26,3.206875
2010-12-27,3.497625
2010-12-28,3.55970833
2010-12-29,3.54016667
2010-12-30,3.65375
2010-12-31,3.74425
