Fecha,NO2,PM10,PST,SO2
2003-06-22,,,123.16171745,
2003-06-23,,,,
2003-06-24,,,,
2003-06-25,,43.44624595,126.22293303,
2003-06-26,,,,
2003-06-27,,,,
2003-06-28,,36.71852534,88.41692574,
2003-06-29,,,,
2003-06-30,,,,
2003-07-01,,39.25511757,86.81344995,
2003-07-02,,,,
2003-07-03,,,,
2003-07-04,,54.51698034,102.44099364,
2003-07-05,,,,
2003-07-06,,,,
2003-07-07,,39.42399167,77.20786161,
2003-07-08,,,,
2003-07-09,,,,
2003-07-10,,48.09622057,91.05018743,
2003-07-11,,,,
2003-07-12,,,,
2003-07-13,,40.97528258,69.23491707,
2003-07-14,,,,
2003-07-15,,,,
2003-07-16,,61.88797481,113.57106156,
2003-07-17,,,,
2003-07-18,,,,
2003-07-19,45.66641471,39.0132473,84.19085827,
2003-07-20,,,,
2003-07-21,,,,
2003-07-22,39.76127488,47.5521798,101.43662812,
2003-07-23,,,,
2003-07-24,,,,
2003-07-25,4.09423028,51.22375363,82.20087975,
2003-07-26,,,,
2003-07-27,,,,
2003-07-28,37.08427816,47.26995599,79.84645638,
2003-07-29,,,,
2003-07-30,,,,
2003-07-31,72.53565677,,113.69461169,
2003-08-01,,,,
2003-08-02,,,,
2003-08-03,54.63538072,41.21250925,77.00452707,
2003-08-04,,,,
2003-08-05,,,,
2003-08-06,71.74488153,76.10428941,129.32100078,
2003-08-07,,,,
2003-08-08,,,,
2003-08-09,59.09247757,52.1963807,88.13320552,41.28846622
2003-08-10,,,,
2003-08-11,,,,
2003-08-12,76.99275362,70.98263344,125.36607461,5.55897646
2003-08-13,,,,
2003-08-14,,,,
2003-08-15,59.88325282,62.65384832,103.63370839,8.74232196
2003-08-16,,,,
2003-08-17,,,,
2003-08-18,56.14504256,35.94488164,67.92647548,10.3102384
2003-08-19,,,,
2003-08-20,,,,
2003-08-21,79.94018864,77.61460805,126.41944894,8.74232196
2003-08-22,,,,
2003-08-23,,,,
2003-08-24,47.94973545,28.92924084,59.49847427,9.55003649
2003-08-25,,,,
2003-08-26,,,,
2003-08-27,85.11617207,95.09571618,151.61614657,2.37563097
2003-08-28,,,,
2003-08-29,,,,
2003-08-30,27.605245,74.76519049,137.57872814,15.10901295
2003-08-31,,,,
2003-09-01,,,,
2003-09-02,43.4926386,68.20245607,112.57844676,14.30129842
2003-09-03,,,,
2003-09-04,,,,
2003-09-05,45.72118703,63.76114686,99.18066425,7.93460743
2003-09-06,,,,
2003-09-07,,,,
2003-09-08,64.34034967,52.40542333,95.75180848,19.86027489
2003-09-09,,,,
2003-09-10,,,,
2003-09-11,9.31429608,95.28667627,153.43239778,
2003-09-12,,,,
2003-09-13,,,,
2003-09-14,2.41971176,35.18963119,65.48754927,
2003-09-15,,,,
2003-09-16,,,,
2003-09-17,36.62423477,57.86232788,101.03137882,
2003-09-18,,,,
2003-09-19,,,,
2003-09-20,97.20427257,81.98888498,123.4833889,
2003-09-21,,,,
2003-09-22,,,,
2003-09-23,50.59889585,60.22728691,103.45800288,
2003-09-24,,,,
2003-09-25,,,,
2003-09-26,48.83143307,100.496474,153.98161103,
2003-09-27,,,,
2003-09-28,,,,
2003-09-29,26.93572556,97.57976336,123.4851814,
2003-09-30,,,,
2003-10-01,,,,
2003-10-02,34.79111552,117.90172696,191.22216336,
2003-10-03,,,,
2003-10-04,,,,
2003-10-05,49.0141632,39.07628866,71.93037633,
2003-10-06,,,,
2003-10-07,,,,
2003-10-08,46.92472775,105.03435602,159.91031217,
2003-10-09,,,,
2003-10-10,,,,
2003-10-11,70.97048293,,139.81246028,
2003-10-12,,,,
2003-10-13,,,,
2003-10-14,98.75184282,82.47603068,120.61510638,
2003-10-15,,,,
2003-10-16,,,,
2003-10-17,73.42463838,55.4725011,135.50157624,
2003-10-18,,,,
2003-10-19,,,,
2003-10-20,82.08362891,106.61080924,185.72014707,
2003-10-21,,,,
2003-10-22,,,,
2003-10-23,70.69556999,77.046191,128.81593556,
2003-10-24,,,,
2003-10-25,,,,
2003-10-26,50.71192162,44.19209539,77.53238373,
2003-10-27,,,,
2003-10-28,,,,
2003-10-29,69.60552271,66.33451517,109.25816796,
2003-10-30,,,,
2003-10-31,,,,
2003-11-01,61.99250514,75.85471756,130.3659657,
2003-11-02,,,,
2003-11-03,,,,
2003-11-04,54.3797766,84.12897855,74.42846545,
2003-11-05,,,,
2003-11-06,,,,
2003-11-07,93.93983931,77.71051246,116.01755502,
2003-11-08,,,,
2003-11-09,,,,
2003-11-10,59.19720426,72.67302378,118.31894297,
2003-11-11,,,,
2003-11-12,,,,
2003-11-13,62.23043245,64.46727374,104.85128976,
2003-11-14,,,,
2003-11-15,,,,
2003-11-16,73.85269923,37.6356718,67.41611087,
2003-11-17,,,,
2003-11-18,,,,
2003-11-19,70.37419104,69.83061681,121.54406908,
2003-11-20,,,,
2003-11-21,,,,
2003-11-22,40.13358224,59.82161674,108.16610132,
2003-11-23,,,,
2003-11-24,,,,
2003-11-25,60.39206011,84.21355089,129.82264227,
2003-11-26,,,,
2003-11-27,,,,
2003-11-28,41.90381258,59.81281516,101.81661136,
2003-11-29,,,,
2003-11-30,,,,
2003-12-01,52.87748979,57.56949369,126.15955473,
2003-12-02,,,,
2003-12-03,,,,
2003-12-04,48.79482657,72.64888046,124.27132705,
2003-12-05,,,,
2003-12-06,,,,
2003-12-07,12.39733457,64.62073399,76.10970251,
2003-12-08,,,,
2003-12-09,,,,
2003-12-10,28.24282468,61.7501265,104.42786334,
2003-12-11,,,,
2003-12-12,,,,
2003-12-13,30.43758415,73.71961002,133.22488801,
2003-12-14,,,,
2003-12-15,,,,
2003-12-16,42.37744274,57.29226157,102.67473849,
2003-12-17,,,,
2003-12-18,,,,
2003-12-19,13.96609276,59.51330045,107.14468768,
2003-12-20,,,,
2003-12-21,,,,
2003-12-22,31.90807351,83.61402382,129.92409739,
2003-12-23,,,,
2003-12-24,,,,
2003-12-25,4.36527104,35.91327764,63.68443587,
2003-12-26,,,,
2003-12-27,,,,
2003-12-28,2.88519584,33.61440853,65.03389098,
2003-12-29,,,,
2003-12-30,,,,
2003-12-31,0.67580501,45.66002577,76.72206797,
2004-01-01,,,,
2004-01-02,,,,
2004-01-03,,37.86506161,81.07817863,
2004-01-04,,,,
2004-01-05,,,,
2004-01-06,,57.34798072,91.21597745,
2004-01-07,,,,
2004-01-08,,,,
2004-01-09,,61.40833354,94.77600836,
2004-01-10,,,,
2004-01-11,,,,
2004-01-12,,36.25517044,67.32183765,
2004-01-13,,,,
2004-01-14,,,,
2004-01-15,,48.3436448,84.50000914,
2004-01-16,,,,
2004-01-17,,,,
2004-01-18,,,86.17854846,
2004-01-19,,,,
2004-01-20,,,,
2004-01-21,,,,
2004-01-22,,,,
2004-01-23,,,,
2004-01-24,40.81979491,45.96240579,95.34955992,7.31147916
2004-01-25,,,,
2004-01-26,,,,
2004-01-27,46.92809664,66.77947277,113.14314782,12.33711605
2004-01-28,,,,
2004-01-29,,,,
2004-01-30,32.55810308,64.00806225,106.8940538,18.78369125
2004-01-31,,,,
2004-02-01,,,,
2004-02-02,43.73884847,43.25638589,109.04796157,14.23309274
2004-02-03,,,,
2004-02-04,,,,
2004-02-05,40.10190084,58.63408864,109.45278601,11.47836913
2004-02-06,,,,
2004-02-07,,,,
2004-02-08,52.14831576,50.93985114,96.89199492,7.36111161
2004-02-09,,,,
2004-02-10,,,,
2004-02-11,40.01048051,85.83546997,141.07197278,11.26027537
2004-02-12,,,,
2004-02-13,,,,
2004-02-14,46.0528207,67.2100797,109.78785304,34.27635374
2004-02-15,,,,
2004-02-16,,,,
2004-02-17,43.51307938,73.60379799,115.15638846,41.08309991
2004-02-18,,,,
2004-02-19,,,,
2004-02-20,53.32218845,95.63139616,149.95108697,54.47096656
2004-02-21,,,,
2004-02-22,,,,
2004-02-23,55.43370029,,103.9748922,14.67862949
2004-02-24,,,,
2004-02-25,,,,
2004-02-26,51.73130482,82.70968121,138.18953929,45.89415265
2004-02-27,,,,
2004-02-28,,,,
2004-02-29,32.24582769,62.56879826,58.26214081,58.90789269
2004-03-01,,,,
2004-03-02,,,,
2004-03-03,38.29325715,51.55831278,81.91364678,1.03399672
2004-03-04,,,,
2004-03-05,,,,
2004-03-06,67.93773106,84.42331071,129.46099191,29.10601228
2004-03-07,,,,
2004-03-08,,,,
2004-03-09,39.5523316,71.16229305,108.3959897,
2004-03-10,,,,
2004-03-11,,,,
2004-03-12,49.71719066,66.96611537,98.65898388,4.17480481
2004-03-13,,,,
2004-03-14,,,,
2004-03-15,27.15744845,75.15869883,116.15130266,
2004-03-16,,,,
2004-03-17,,,,
2004-03-18,52.26057031,119.26529598,143.19268184,24.95918869
2004-03-19,,,,
2004-03-20,,,,
2004-03-21,50.76405535,88.83194343,121.45105859,
2004-03-22,,,,
2004-03-23,,,,
2004-03-24,46.56379214,55.77341004,82.99039482,
2004-03-25,,,,
2004-03-26,,,,
2004-03-27,61.69327269,74.8764002,,
2004-03-28,,,,
2004-03-29,,,,
2004-03-30,59.29998566,82.60253542,123.68034217,21.66961706
2004-03-31,,,,
2004-04-01,,,,
2004-04-02,74.52255685,95.5532474,140.72355577,9.41165965
2004-04-03,,,,
2004-04-04,,,,
2004-04-05,85.29741863,47.77952018,83.51630873,2.08564533
2004-04-06,,,,
2004-04-07,,,,
2004-04-08,61.10474292,26.29035189,69.66062792,2.05536844
2004-04-09,,,,
2004-04-10,,,,
2004-04-11,,,,
2004-04-12,,,,
2004-04-13,,,,
2004-04-14,51.92795468,74.88990121,107.60428969,1.84436873
2004-04-15,,,,
2004-04-16,,,,
2004-04-17,52.5029254,45.54709457,83.42242528,53.28479527
2004-04-18,,,,
2004-04-19,,,,
2004-04-20,50.95919579,68.1465857,100.96875166,
2004-04-21,,,,
2004-04-22,,,,
2004-04-23,50.52870331,,120.26763214,
2004-04-24,,,,
2004-04-25,,,,
2004-04-26,61.11584579,77.22287268,149.80623949,9.30364689
2004-04-27,,,,
2004-04-28,,,,
2004-04-29,36.37506883,49.23066177,87.45476248,
2004-04-30,,,,
2004-05-01,,,,
2004-05-02,29.40912225,33.02799428,60.00755476,4.60545976
2004-05-03,,,,
2004-05-04,,,,
2004-05-05,44.10467891,63.45214091,105.971216,5.54232804
2004-05-06,,,,
2004-05-07,,,,
2004-05-08,51.99952608,44.67730951,89.89869978,19.73365617
2004-05-09,,,,
2004-05-10,,,,
2004-05-11,28.7697935,48.58279333,84.74131209,13.81198474
2004-05-12,,,,
2004-05-13,,,,
2004-05-14,31.48859569,46.83682421,88.38189239,16.73599326
2004-05-15,,,,
2004-05-16,,,,
2004-05-17,44.84031822,65.89842355,115.53870416,19.70860287
2004-05-18,,,,
2004-05-19,,,,
2004-05-20,34.5149581,72.83372571,109.94808208,3.74007797
2004-05-21,,,,
2004-05-22,,,,
2004-05-23,36.41113464,92.26976388,146.63605922,
2004-05-24,,,,
2004-05-25,,,,
2004-05-26,47.45958095,70.1008729,116.18550392,14.09307198
2004-05-27,,,,
2004-05-28,,,,
2004-05-29,96.90771566,64.10548809,119.85704633,8.06685205
2004-05-30,,,,
2004-05-31,,,,
2004-06-01,2.78435633,76.58640095,125.27193621,
2004-06-02,,,,
2004-06-03,,,,
2004-06-04,45.10777974,51.43341645,104.26769568,
2004-06-05,,,,
2004-06-06,,,,
2004-06-07,41.71337122,54.15625955,130.03739466,1.47266314
2004-06-08,,,,
2004-06-09,,,,
2004-06-10,33.57796068,47.53178793,93.20875863,9.57671958
2004-06-11,,,,
2004-06-12,,,,
2004-06-13,,38.56399236,78.1663947,
2004-06-14,,,,
2004-06-15,,,,
2004-06-16,,50.70055664,96.15409714,
2004-06-17,,,,
2004-06-18,,,,
2004-06-19,,54.66043542,116.99759851,
2004-06-20,,,,
2004-06-21,,,,
2004-06-22,,,86.86618354,
2004-06-23,,,,
2004-06-24,,,,
2004-06-25,,50.25519813,98.72523966,
2004-06-26,,,,
2004-06-27,,,,
2004-06-28,,45.26161746,87.0548074,
2004-06-29,,,,
2004-06-30,,,,
2004-07-01,,56.90190748,110.87396392,
2004-07-02,,,,
2004-07-03,,,,
2004-07-04,,37.65578319,60.24824851,
2004-07-05,,,,
2004-07-06,,,,
2004-07-07,,47.68018646,78.44786936,
2004-07-08,,,,
2004-07-09,,,,
2004-07-10,,60.17192199,106.76589385,
2004-07-11,,,,
2004-07-12,,,,
2004-07-13,39.78753743,47.35639948,75.884901,
2004-07-14,,,,
2004-07-15,,,,
2004-07-16,,46.17572891,104.32674789,
2004-07-17,,,,
2004-07-18,,,,
2004-07-19,39.53775109,,80.69477267,
2004-07-20,,,,
2004-07-21,,,,
2004-07-22,,58.8348133,93.31404171,
2004-07-23,,,,
2004-07-24,,,,
2004-07-25,39.48793452,53.83942986,106.96773127,
2004-07-26,,,,
2004-07-27,,,,
2004-07-28,,55.32188805,96.02930851,
2004-07-29,,,,
2004-07-30,,,,
2004-07-31,85.82724106,56.73586032,104.02524263,
2004-08-01,,,,
2004-08-02,,,,
2004-08-03,,75.11865454,125.38127197,
2004-08-04,,,,
2004-08-05,,,,
2004-08-06,50.64942191,64.39295807,105.5808362,
2004-08-07,,,,
2004-08-08,,,,
2004-08-09,,57.44766228,102.93427435,
2004-08-10,,,,
2004-08-11,,,,
2004-08-12,93.71665446,61.53278001,112.9568307,0.62457061
2004-08-13,,,,
2004-08-14,,,,
2004-08-15,,39.64839244,77.27754236,
2004-08-16,,,,
2004-08-17,,,,
2004-08-18,37.33875809,39.56416775,80.59924974,0.73817701
2004-08-19,,,,
2004-08-20,,,,
2004-08-21,,49.2558985,98.2195656,
2004-08-22,,,,
2004-08-23,,,,
2004-08-24,91.03530397,66.08096326,124.92949023,0.61523317
2004-08-25,,,,
2004-08-26,,,,
2004-08-27,,42.78045696,77.87597424,
2004-08-28,,,,
2004-08-29,,,,
2004-08-30,85.02376468,42.42840678,78.35195399,
2004-08-31,,,,
2004-09-01,,,,
2004-09-02,,54.79626349,90.2493524,
2004-09-03,,,,
2004-09-04,,,,
2004-09-05,86.40172972,33.17246228,56.4318045,1.35814266
2004-09-06,,,,
2004-09-07,,,,
2004-09-08,,86.55542597,136.8370936,
2004-09-09,,,,
2004-09-10,,,,
2004-09-11,80.90210147,78.85371206,121.65073325,1.85129955
2004-09-12,,,,
2004-09-13,,,,
2004-09-14,,72.72734587,108.12357301,
2004-09-15,,,,
2004-09-16,,,,
2004-09-17,82.29166589,71.84390991,114.23553057,0.62325683
2004-09-18,,,,
2004-09-19,,,,
2004-09-20,,49.20194001,78.48853111,
2004-09-21,,,,
2004-09-22,,,,
2004-09-23,49.97162341,80.581342,116.56788917,
2004-09-24,,,,
2004-09-25,,,,
2004-09-26,,64.82782874,108.0,
2004-09-27,,,,
2004-09-28,,,,
2004-09-29,66.36929543,111.21925273,191.19944616,1.47584244
2004-09-30,,,,
2004-10-01,,,,
2004-10-02,,90.33303101,168.07143578,
2004-10-03,,,,
2004-10-04,,,,
2004-10-05,71.20776396,153.00217929,223.15585533,3.16887364
2004-10-06,,,,
2004-10-07,,,,
2004-10-08,,85.33907596,134.45980883,
2004-10-09,,,,
2004-10-10,,,,
2004-10-11,61.23057811,123.6109329,211.78697661,2.44828008
2004-10-12,,,,
2004-10-13,,,,
2004-10-14,,52.49550602,87.4918534,
2004-10-15,,,,
2004-10-16,,,,
2004-10-17,36.10659603,38.56969331,68.66292764,2.2742627
2004-10-18,,,,
2004-10-19,,,,
2004-10-20,,,122.70339233,
2004-10-21,,,,
2004-10-22,,,,
2004-10-23,40.26234846,66.44688077,91.8588628,2.26852686
2004-10-24,,,,
2004-10-25,,,,
2004-10-26,,87.16223862,134.08862052,
2004-10-27,,,,
2004-10-28,,,,
2004-10-29,51.93223572,81.66481211,107.92628847,2.68244788
2004-10-30,,,,
2004-10-31,,,,
2004-11-01,,50.0,82.96085284,
2004-11-02,,,,
2004-11-03,,,,
2004-11-04,43.59926367,101.17372599,170.58085902,2.66664886
2004-11-05,,,,
2004-11-06,,,,
2004-11-07,,,,
2004-11-08,,,,
2004-11-09,,,,
2004-11-10,28.16068816,80.11727413,126.6648506,0.52800053
2004-11-11,,,,
2004-11-12,,,,
2004-11-13,,52.47433783,94.07686268,
2004-11-14,,,,
2004-11-15,,,,
2004-11-16,42.35930736,79.25299041,125.16247443,8.91162709
2004-11-17,,,,
2004-11-18,,,,
2004-11-19,,83.90899018,121.73559818,
2004-11-20,,,,
2004-11-21,,,,
2004-11-22,31.48494916,63.18427636,103.39828487,3.61980827
2004-11-23,,,,
2004-11-24,,,,
2004-11-25,,90.14513192,139.60362381,
2004-11-26,,,,
2004-11-27,,,,
2004-11-28,33.17502152,53.86450943,91.00607985,1.28146695
2004-11-29,,,,
2004-11-30,,,,
2004-12-01,,73.26025421,114.4777835,
2004-12-02,,,,
2004-12-03,,,,
2004-12-04,29.71278358,59.21364753,106.66766052,
2004-12-05,,,,
2004-12-06,,,,
2004-12-07,,64.60681171,104.53080045,
2004-12-08,,,,
2004-12-09,,,,
2004-12-10,36.15750197,76.0,121.8182695,2.15823176
2004-12-11,,,,
2004-12-12,,,,
2004-12-13,,55.65771232,96.35563193,
2004-12-14,,,,
2004-12-15,,,,
2004-12-16,,78.22062041,131.46541409,
2004-12-17,,,,
2004-12-18,,,,
2004-12-19,,,,
2004-12-20,,,,
2004-12-21,,,,
2004-12-22,,,,
2004-12-23,,,,
2004-12-24,,,,
2004-12-25,,,,
2004-12-26,,,,
2004-12-27,,,,
2004-12-28,,,,
2004-12-29,,,,
2004-12-30,,,,
2004-12-31,,,,
2005-01-01,,,,
2005-01-02,,,,
2005-01-03,,,,
2005-01-04,,,,
2005-01-05,,,,
2005-01-06,,,,
2005-01-07,,,,
2005-01-08,,,,
2005-01-09,,,,
2005-01-10,,,,
2005-01-11,,,,
2005-01-12,,,,
2005-01-13,,60.08382508,108.84525115,
2005-01-14,,,,
2005-01-15,,,,
2005-01-16,,36.64766962,67.65156944,
2005-01-17,,,,
2005-01-18,,,,
2005-01-19,,55.3977056,104.00066407,
2005-01-20,,,,
2005-01-21,,,,
2005-01-22,,45.47021557,87.50711087,
2005-01-23,,,,
2005-01-24,,,,
2005-01-25,38.40737883,57.03425157,114.1720636,3.35001748
2005-01-26,,,,
2005-01-27,,,,
2005-01-28,,66.17737468,120.34848126,
2005-01-29,,,,
2005-01-30,,,,
2005-01-31,29.05669567,57.48524955,105.89699687,7.52252551
2005-02-01,,,,
2005-02-02,,,,
2005-02-03,,62.32251477,110.12169574,
2005-02-04,,,,
2005-02-05,,,,
2005-02-06,19.73839543,38.13303669,75.12295472,6.45354237
2005-02-07,,,,
2005-02-08,,,,
2005-02-09,,56.73798245,106.88673268,
2005-02-10,,,,
2005-02-11,,,,
2005-02-12,35.93077007,49.04355088,,11.43818461
2005-02-13,,,,
2005-02-14,,,,
2005-02-15,,61.73679297,,
2005-02-16,,,,
2005-02-17,,,,
2005-02-18,29.58905098,69.22357927,125.80163871,
2005-02-19,,,,
2005-02-20,,,,
2005-02-21,,62.56892078,120.41601226,
2005-02-22,,,,
2005-02-23,,,,
2005-02-24,25.83254194,66.83164587,119.62956917,17.51910641
2005-02-25,,,,
2005-02-26,,,,
2005-02-27,,53.70672273,93.9102269,
2005-02-28,,,,
2005-03-01,,,,
2005-03-02,25.37705632,70.37917493,123.41329461,17.07248811
2005-03-03,,,,
2005-03-04,,,,
2005-03-05,,59.61562264,107.54697655,
2005-03-06,,,,
2005-03-07,,,,
2005-03-08,26.03209847,66.18375674,114.29090366,
2005-03-09,,,,
2005-03-10,,,,
2005-03-11,,85.5514548,166.29753602,
2005-03-12,,,,
2005-03-13,,,,
2005-03-14,28.16081988,102.2624006,170.05970747,23.38268641
2005-03-15,,,,
2005-03-16,,,,
2005-03-17,,108.06431008,168.92150197,
2005-03-18,,,,
2005-03-19,,,,
2005-03-20,26.92335944,43.91857999,70.00570567,23.41219758
2005-03-21,,,,
2005-03-22,,,,
2005-03-23,,63.64920612,97.03974387,
2005-03-24,,,,
2005-03-25,,,,
2005-03-26,,,,
2005-03-27,,,,
2005-03-28,,,,
2005-03-29,,87.44623222,135.16359272,
2005-03-30,,,,
2005-03-31,,,,
2005-04-01,28.06684407,81.62493303,125.96728754,0.73102348
2005-04-02,,,,
2005-04-03,,,,
2005-04-04,,70.64743227,116.46202723,
2005-04-05,,,,
2005-04-06,,,,
2005-04-07,17.34403163,61.31860233,103.90058507,0.73349524
2005-04-08,,,,
2005-04-09,,,,
2005-04-10,,33.57101956,60.35470232,
2005-04-11,,,,
2005-04-12,,,,
2005-04-13,59.67407407,68.08830392,116.19136103,1.32776385
2005-04-14,,,,
2005-04-15,,,,
2005-04-16,,41.44571427,86.73707485,
2005-04-17,,,,
2005-04-18,,,,
2005-04-19,17.06277706,73.24496904,115.55135445,2.91280291
2005-04-20,,,,
2005-04-21,,,,
2005-04-22,,79.77723112,121.06436174,
2005-04-23,,,,
2005-04-24,,,,
2005-04-25,36.6786141,69.16259178,102.02576041,
2005-04-26,,,,
2005-04-27,,,,
2005-04-28,,91.82408728,134.28450766,
2005-04-29,,,,
2005-04-30,,,,
2005-05-01,23.41479802,52.05120089,91.06721808,
2005-05-02,,,,
2005-05-03,,,,
2005-05-04,,62.34362296,95.51499212,
2005-05-05,,,,
2005-05-06,,,,
2005-05-07,51.79626197,70.01113461,116.76401666,
2005-05-08,,,,
2005-05-09,,,,
2005-05-10,,,83.8612738,
2005-05-11,,,,
2005-05-12,,,,
2005-05-13,44.67161502,55.75264273,92.46661009,
2005-05-14,,,,
2005-05-15,,,,
2005-05-16,,70.85107734,119.86814,
2005-05-17,,,,
2005-05-18,,,,
2005-05-19,44.53392632,66.68079316,101.52608789,
2005-05-20,,,,
2005-05-21,,,,
2005-05-22,,45.02354512,70.46886909,
2005-05-23,,,,
2005-05-24,,,,
2005-05-25,37.76113884,43.69262354,74.78595671,
2005-05-26,,,,
2005-05-27,,,,
2005-05-28,,42.91248675,78.62340246,
2005-05-29,,,,
2005-05-30,,,,
2005-05-31,46.19264338,72.5449148,108.48452009,
2005-06-01,,,,
2005-06-02,,,,
2005-06-03,,53.44854941,87.52442528,
2005-06-04,,,,
2005-06-05,,,,
2005-06-06,35.71084134,37.68408218,64.30408231,
2005-06-07,,,,
2005-06-08,,,,
2005-06-09,,82.79586466,125.42758166,
2005-06-10,,,,
2005-06-11,,,,
2005-06-12,9.29260593,56.267231,,
2005-06-13,,,,
2005-06-14,,,,
2005-06-15,,48.23285162,79.39221686,
2005-06-16,,,,
2005-06-17,,,,
2005-06-18,13.99772286,45.23269359,86.63124335,
2005-06-19,,,,
2005-06-20,,,,
2005-06-21,,66.79258292,123.88887372,
2005-06-22,,,,
2005-06-23,,,,
2005-06-24,2.95301596,46.54350603,89.88978825,
2005-06-25,,,,
2005-06-26,,,,
2005-06-27,,51.73085967,94.50884989,
2005-06-28,,,,
2005-06-29,,,,
2005-06-30,,77.58527973,124.35062587,
2005-07-01,,,,
2005-07-02,,,,
2005-07-03,,31.17203005,56.7487795,
2005-07-04,,,,
2005-07-05,,,,
2005-07-06,,50.73821902,82.8024487,
2005-07-07,,,,
2005-07-08,,,,
2005-07-09,,66.50974854,114.48707086,
2005-07-10,,,,
2005-07-11,,,,
2005-07-12,,65.19419529,106.2593216,
2005-07-13,,,,
2005-07-14,,,,
2005-07-15,,60.3753982,104.62562971,
2005-07-16,,,,
2005-07-17,,,,
2005-07-18,,,103.61433103,
2005-07-19,,,,
2005-07-20,,,,
2005-07-21,,50.34726122,94.76537228,
2005-07-22,,,,
2005-07-23,,,,
2005-07-24,,33.92652738,65.24605628,
2005-07-25,,,,
2005-07-26,,,,
2005-07-27,,,,
2005-07-28,,,,
2005-07-29,,,,
2005-07-30,,,,
2005-07-31,,,,
2005-08-01,,,,
2005-08-02,,,,
2005-08-03,,,,
2005-08-04,,,,
2005-08-05,,,,
2005-08-06,,,,
2005-08-07,,,,
2005-08-08,,,,
2005-08-09,,,,
2005-08-10,,,,
2005-08-11,,,,
2005-08-12,,,,
2005-08-13,,,,
2005-08-14,,,,
2005-08-15,,,,
2005-08-16,,,,
2005-08-17,,,,
2005-08-18,,,,
2005-08-19,,,,
2005-08-20,,,,
2005-08-21,,,,
2005-08-22,,,,
2005-08-23,,,,
2005-08-24,,,,
2005-08-25,,,,
2005-08-26,,,,
2005-08-27,,,,
2005-08-28,,,,
2005-08-29,,,,
2005-08-30,,,,
2005-08-31,,,,
2005-09-01,,,,
2005-09-02,,,,
2005-09-03,,,,
2005-09-04,,,,
2005-09-05,,,,
2005-09-06,,,,
2005-09-07,,,,
2005-09-08,,,,
2005-09-09,,,,
2005-09-10,,,,
2005-09-11,,,,
2005-09-12,,,,
2005-09-13,,,,
2005-09-14,,,,
2005-09-15,,,,
2005-09-16,,,,
2005-09-17,,,,
2005-09-18,,,,
2005-09-19,,,,
2005-09-20,,,,
2005-09-21,,,,
2005-09-22,,,,
2005-09-23,,,,
2005-09-24,,,,
2005-09-25,,,,
2005-09-26,,,,
2005-09-27,,,,
2005-09-28,,,,
2005-09-29,,,,
2005-09-30,,,,
2005-10-01,,,,
2005-10-02,,,,
2005-10-03,,,,
2005-10-04,,,,
2005-10-05,,,,
2005-10-06,,,,
2005-10-07,,,,
2005-10-08,,,,
2005-10-09,,,,
2005-10-10,,,,
2005-10-11,,,,
2005-10-12,,,,
2005-10-13,,,,
2005-10-14,,,,
2005-10-15,,,,
2005-10-16,,,,
2005-10-17,,,,
2005-10-18,,,,
2005-10-19,,,,
2005-10-20,,,,
2005-10-21,,,,
2005-10-22,,,,
2005-10-23,,,,
2005-10-24,,,,
2005-10-25,,,,
2005-10-26,,,,
2005-10-27,,,,
2005-10-28,,,,
2005-10-29,,,,
2005-10-30,,,,
2005-10-31,,,,
2005-11-01,,,,
2005-11-02,,,,
2005-11-03,,,,
2005-11-04,,,,
2005-11-05,,,,
2005-11-06,,,,
2005-11-07,,,,
2005-11-08,,,,
2005-11-09,,67.75644347,106.82610028,
2005-11-10,,,,
2005-11-11,,,,
2005-11-12,,82.94946677,142.3053975,
2005-11-13,,,,
2005-11-14,,,,
2005-11-15,,49.96324819,81.70720707,
2005-11-16,,,,
2005-11-17,,,,
2005-11-18,,50.56817413,96.92826954,
2005-11-19,,,,
2005-11-20,,,,
2005-11-21,,74.32573312,135.78234308,
2005-11-22,,,,
2005-11-23,,,,
2005-11-24,,44.60090919,85.72926418,
2005-11-25,,,,
2005-11-26,,,,
2005-11-27,,40.22070694,81.91989661,
2005-11-28,,,,
2005-11-29,,,,
2005-11-30,,54.58594411,102.50791609,
2005-12-01,,,,
2005-12-02,,,,
2005-12-03,,53.77061866,97.77358551,
2005-12-04,,,,
2005-12-05,,,,
2005-12-06,,,116.42201257,
2005-12-07,,,,
2005-12-08,,,,
2005-12-09,,67.07776708,121.91232675,
2005-12-10,,,,
2005-12-11,,,,
2005-12-12,,53.28055211,100.12418947,
2005-12-13,,,,
2005-12-14,,,,
2005-12-15,,82.91195205,134.46793374,
2005-12-16,,,,
2005-12-17,,,,
2005-12-18,21.31757365,42.24708239,71.04374834,
2005-12-19,,,,
2005-12-20,,,,
2005-12-21,,97.12790382,153.52660193,
2005-12-22,,,,
2005-12-23,,,,
2005-12-24,29.99434295,53.50052765,91.8836979,
2005-12-25,,,,
2005-12-26,,,,
2005-12-27,,74.82554888,122.77084658,
2005-12-28,,,,
2005-12-29,,,,
2005-12-30,19.49423622,56.04057637,100.66521622,
2005-12-31,,,,
2006-01-01,,,,
2006-01-02,,61.71919148,,
2006-01-03,,,100.72070537,
2006-01-04,,,,
2006-01-05,24.77460317,66.10796516,102.70862001,
2006-01-06,,,,
2006-01-07,,,,
2006-01-08,,37.28469248,69.19811951,
2006-01-09,,,,
2006-01-10,,,,
2006-01-11,12.40704621,72.63081388,116.39011703,
2006-01-12,,,,
2006-01-13,,,,
2006-01-14,,78.42358312,,
2006-01-15,,,,
2006-01-16,,,,
2006-01-17,10.57231041,64.84664367,113.50036203,
2006-01-18,,,,
2006-01-19,,,,
2006-01-20,,61.49906074,110.86432377,
2006-01-21,,,,
2006-01-22,,,,
2006-01-23,17.40472675,58.62502705,99.33947027,
2006-01-24,,,,
2006-01-25,,,,
2006-01-26,,58.90104021,101.72125699,
2006-01-27,,,,
2006-01-28,,,,
2006-01-29,28.12114915,32.9666565,60.25905821,
2006-01-30,,,,
2006-01-31,,,,
2006-02-01,,68.96645657,113.43017764,
2006-02-02,,,,
2006-02-03,,,,
2006-02-04,37.61421747,73.32775586,117.75908182,0.56720995
2006-02-05,,,,
2006-02-06,,,,
2006-02-07,,65.45465332,117.00039822,
2006-02-08,,,,
2006-02-09,,,,
2006-02-10,20.47550506,59.65654794,104.36978784,
2006-02-11,,,,
2006-02-12,,,,
2006-02-13,,56.95120394,100.67523571,
2006-02-14,,,,
2006-02-15,,,,
2006-02-16,28.78941089,64.8883881,109.59641162,
2006-02-17,,,,
2006-02-18,,,,
2006-02-19,,43.70741153,78.87723187,
2006-02-20,,,,
2006-02-21,,,,
2006-02-22,31.13132196,70.73089771,114.45531709,
2006-02-23,,,,
2006-02-24,,,,
2006-02-25,,76.03257632,123.93515248,
2006-02-26,,,,
2006-02-27,,,,
2006-02-28,29.63889661,60.42141976,107.6980491,
2006-03-01,,,,
2006-03-02,,,,
2006-03-03,,75.60278239,131.07246752,
2006-03-04,,,,
2006-03-05,,,,
2006-03-06,28.99600439,52.3668299,93.11758498,
2006-03-07,,,,
2006-03-08,,,,
2006-03-09,,40.66033532,94.11683731,
2006-03-10,,,,
2006-03-11,,,,
2006-03-12,11.09068423,42.82216026,72.03641259,
2006-03-13,,,,
2006-03-14,,,,
2006-03-15,,90.3356209,143.53436924,
2006-03-16,,,,
2006-03-17,,,,
2006-03-18,1.63554246,59.75878008,109.45923352,
2006-03-19,,,,
2006-03-20,,,,
2006-03-21,,75.41658389,120.53182675,
2006-03-22,,,,
2006-03-23,,,,
2006-03-24,8.18055556,52.48514919,81.18546911,
2006-03-25,,,,
2006-03-26,,,,
2006-03-27,,51.78795511,91.12114079,
2006-03-28,,,,
2006-03-29,,,,
2006-03-30,1.6500346,77.56085193,124.28206741,1.19215056
2006-03-31,,,,
2006-04-01,,,,
2006-04-02,,54.50947086,85.74027296,
2006-04-03,,,,
2006-04-04,,,,
2006-04-05,2.4637421,79.65934714,123.84262422,3.91006843
2006-04-06,,,,
2006-04-07,,,,
2006-04-08,,56.40437875,94.38325558,
2006-04-09,,,,
2006-04-10,,,,
2006-04-11,33.27471514,65.98372953,99.12715112,
2006-04-12,,,,
2006-04-13,,,,
2006-04-14,,,,
2006-04-15,,,,
2006-04-16,,,,
2006-04-17,35.61537728,61.42616853,95.82364103,0.62169312
2006-04-18,,,,
2006-04-19,,,,
2006-04-20,,58.29334913,111.33333599,
2006-04-21,,,,
2006-04-22,,,,
2006-04-23,30.69115518,54.6590142,92.31838729,1.89307197
2006-04-24,,,,
2006-04-25,,,,
2006-04-26,,53.53175796,91.57860395,
2006-04-27,,,,
2006-04-28,,,,
2006-04-29,28.46017981,52.14486231,89.04509479,
2006-04-30,,,,
2006-05-01,,,,
2006-05-02,,56.37902908,99.33910004,
2006-05-03,,,,
2006-05-04,,,,
2006-05-05,30.95914447,57.69956546,104.69575832,
2006-05-06,,,,
2006-05-07,,,,
2006-05-08,,74.5550191,129.09073911,
2006-05-09,,,,
2006-05-10,,,,
2006-05-11,23.66436427,48.7355188,130.46326835,
2006-05-12,,,,
2006-05-13,,,,
2006-05-14,,45.64791461,83.94957622,
2006-05-15,,,,
2006-05-16,,,,
2006-05-17,24.99959351,52.84076637,93.92521565,
2006-05-18,,,,
2006-05-19,,,,
2006-05-20,,66.8290698,136.21255083,
2006-05-21,,,,
2006-05-22,,,,
2006-05-23,29.44015444,48.66548503,98.82031645,0.87893344
2006-05-24,,,,
2006-05-25,,,,
2006-05-26,,50.34381108,108.62654658,
2006-05-27,,,,
2006-05-28,,,,
2006-05-29,12.75149241,46.72931838,88.27133717,2.11640212
2006-05-30,,,,
2006-05-31,,,,
2006-06-01,,75.53402587,131.93738113,
2006-06-02,,,,
2006-06-03,,,,
2006-06-04,19.53605634,39.33648429,68.65972856,
2006-06-05,,,,
2006-06-06,,,,
2006-06-07,,67.81522215,103.53963664,
2006-06-08,,,,
2006-06-09,,,,
2006-06-10,29.53025175,70.77400875,121.86117197,
2006-06-11,,,,
2006-06-12,,,,
2006-06-13,,90.91553296,151.00052021,
2006-06-14,,,,
2006-06-15,,,,
2006-06-16,17.08609488,50.62993803,94.42325103,1.64909022
2006-06-17,,,,
2006-06-18,,,,
2006-06-19,,23.67422436,44.26901915,
2006-06-20,,,,
2006-06-21,,,,
2006-06-22,18.21300171,56.18212431,107.93726568,2.27368681
2006-06-23,,,,
2006-06-24,,,,
2006-06-25,,36.7206743,82.81903672,
2006-06-26,,,,
2006-06-27,,,,
2006-06-28,18.49952642,48.63198771,105.01775207,2.74430864
2006-06-29,,,,
2006-06-30,,,,
2006-07-01,,48.36969689,111.80986907,
2006-07-02,,,,
2006-07-03,,,,
2006-07-04,19.71982553,44.18048144,90.35285023,2.85665643
2006-07-05,,,,
2006-07-06,,,,
2006-07-07,,52.56078373,114.9531278,
2006-07-08,,,,
2006-07-09,,,,
2006-07-10,16.85013224,59.38358125,122.07148256,3.64560177
2006-07-11,,,,
2006-07-12,,,,
2006-07-13,,45.28052623,93.00302545,
2006-07-14,,,,
2006-07-15,,,,
2006-07-16,9.1556356,26.48901815,61.02789753,1.40948017
2006-07-17,,,,
2006-07-18,,,,
2006-07-19,,42.52588777,88.68211574,
2006-07-20,,,,
2006-07-21,,,,
2006-07-22,,42.35495328,83.05782341,
2006-07-23,,,,
2006-07-24,,,,
2006-07-25,,50.1021624,85.40336327,
2006-07-26,,,,
2006-07-27,,,,
2006-07-28,,94.00890494,168.27100363,
2006-07-29,,,,
2006-07-30,,,,
2006-07-31,,38.53749596,83.44378564,
2006-08-01,,,,
2006-08-02,,,,
2006-08-03,,,120.61630755,
2006-08-04,,,,
2006-08-05,,,,
2006-08-06,,38.78147216,77.00642596,
2006-08-07,,,,
2006-08-08,,,,
2006-08-09,,,,
2006-08-10,,,,
2006-08-11,,,,
2006-08-12,,47.03129613,93.74104042,
2006-08-13,,,,
2006-08-14,,,,
2006-08-15,,64.36809358,120.84075634,
2006-08-16,,,,
2006-08-17,,,,
2006-08-18,,116.17407026,174.43026899,
2006-08-19,,,,
2006-08-20,,,,
2006-08-21,2.21797632,30.1459457,47.83929027,2.26208039
2006-08-22,,,,
2006-08-23,,,,
2006-08-24,,72.59917833,137.33349796,
2006-08-25,,,,
2006-08-26,,,,
2006-08-27,7.20216766,48.74284755,89.30120782,
2006-08-28,,,,
2006-08-29,,,,
2006-08-30,,91.07092059,167.19413758,
2006-08-31,,,,
2006-09-01,,,,
2006-09-02,36.80243713,46.30611088,105.83202933,
2006-09-03,,,,
2006-09-04,,,,
2006-09-05,,47.25133235,92.00246414,
2006-09-06,,,,
2006-09-07,,,,
2006-09-08,45.28054712,62.41769229,,1.15848987
2006-09-09,,,,
2006-09-10,,,,
2006-09-11,,,,
2006-09-12,,,,
2006-09-13,,,,
2006-09-14,,,,
2006-09-15,,,,
2006-09-16,,,,
2006-09-17,,,,
2006-09-18,,,,
2006-09-19,,,,
2006-09-20,,,,
2006-09-21,,,,
2006-09-22,,,,
2006-09-23,,,,
2006-09-24,,,,
2006-09-25,,,,
2006-09-26,,,,
2006-09-27,,,,
2006-09-28,,,,
2006-09-29,,,,
2006-09-30,,,,
2006-10-01,,,,
2006-10-02,,,,
2006-10-03,,,,
2006-10-04,,,,
2006-10-05,,,,
2006-10-06,,,,
2006-10-07,,,,
2006-10-08,,,,
2006-10-09,,,,
2006-10-10,,,,
2006-10-11,,,,
2006-10-12,,,,
2006-10-13,,,,
2006-10-14,,,,
2006-10-15,,,,
2006-10-16,,,,
2006-10-17,,,,
2006-10-18,,,,
2006-10-19,,,,
2006-10-20,,,,
2006-10-21,,,,
2006-10-22,,,,
2006-10-23,,,,
2006-10-24,,,,
2006-10-25,,,,
2006-10-26,,,,
2006-10-27,,,,
2006-10-28,,,,
2006-10-29,,,,
2006-10-30,,,,
2006-10-31,,,,
2006-11-01,,,,
2006-11-02,,,,
2006-11-03,,,,
2006-11-04,,,,
2006-11-05,,,,
2006-11-06,,,,
2006-11-07,,,,
2006-11-08,,,,
2006-11-09,,,,
2006-11-10,,,,
2006-11-11,,,,
2006-11-12,,,,
2006-11-13,,,,
2006-11-14,,,,
2006-11-15,,,,
2006-11-16,,,,
2006-11-17,,,,
2006-11-18,,,,
2006-11-19,,,,
2006-11-20,,,,
2006-11-21,,,,
2006-11-22,,,,
2006-11-23,,,,
2006-11-24,,,,
2006-11-25,,,,
2006-11-26,,,,
2006-11-27,,,,
2006-11-28,,,,
2006-11-29,,,,
2006-11-30,,,,
2006-12-01,,,,
2006-12-02,,,,
2006-12-03,,,,
2006-12-04,,,,
2006-12-05,,,,
2006-12-06,,,,
2006-12-07,,,,
2006-12-08,,,,
2006-12-09,,,,
2006-12-10,,,,
2006-12-11,,,,
2006-12-12,,,,
2006-12-13,,,,
2006-12-14,,,,
2006-12-15,,,,
2006-12-16,,,,
2006-12-17,,,,
2006-12-18,,,,
2006-12-19,,61.91954609,124.76695972,
2006-12-20,,,,
2006-12-21,,,,
2006-12-22,,71.16848636,134.02114158,
2006-12-23,,,,
2006-12-24,,,,
2006-12-25,,44.28906761,90.6395574,
2006-12-26,,,,
2006-12-27,,,,
2006-12-28,,52.91527057,107.06647512,
2006-12-29,,,,
2006-12-30,,,,
2006-12-31,,36.24482081,70.66676931,
2007-01-01,,,,
2007-01-02,,,,
2007-01-03,,54.90069673,111.26255447,
2007-01-04,,,,
2007-01-05,,,,
2007-01-06,7.88731231,45.35970636,87.18967552,
2007-01-07,,,,
2007-01-08,,,,
2007-01-09,,56.91655284,98.9641925,
2007-01-10,,,,
2007-01-11,,,,
2007-01-12,11.47065611,63.76470081,103.11198051,1.08843079
2007-01-13,,,,
2007-01-14,,,,
2007-01-15,,56.50088633,52.29222191,
2007-01-16,,,,
2007-01-17,,,,
2007-01-18,51.61354503,53.18003833,,
2007-01-19,,,,
2007-01-20,,,,
2007-01-21,,41.24715047,,
2007-01-22,,,,
2007-01-23,,,,
2007-01-24,36.12844979,16.18058319,,
2007-01-25,,,,
2007-01-26,,,,
2007-01-27,,47.27527667,57.17500902,
2007-01-28,,,,
2007-01-29,,,,
2007-01-30,48.03564484,81.44139636,120.85531656,3.34717724
2007-01-31,,,,
2007-02-01,,,,
2007-02-02,,62.47107304,146.86959576,
2007-02-03,,,,
2007-02-04,,,,
2007-02-05,52.99546116,61.22103478,100.77462434,2.2055045
2007-02-06,,,,
2007-02-07,,,,
2007-02-08,,61.47224793,126.30456805,
2007-02-09,,,,
2007-02-10,,,,
2007-02-11,2.18679818,58.61833738,86.2420516,1.83200231
2007-02-12,,,,
2007-02-13,,,,
2007-02-14,,87.5857873,121.26868558,
2007-02-15,,,,
2007-02-16,,,,
2007-02-17,48.08576886,67.46186388,129.56044998,2.63834979
2007-02-18,,,,
2007-02-19,,,,
2007-02-20,,46.25659938,96.82536763,
2007-02-21,,,,
2007-02-22,,,,
2007-02-23,85.30493042,57.65706454,147.56341993,2.12773396
2007-02-24,,,,
2007-02-25,,,,
2007-02-26,,51.82644196,86.61628181,
2007-02-27,,,,
2007-02-28,,,,
2007-03-01,82.35210238,102.12215787,162.77433021,3.13433897
2007-03-02,,,,
2007-03-03,,,,
2007-03-04,,65.07722251,158.88084157,
2007-03-05,,,,
2007-03-06,,,,
2007-03-07,27.76195607,97.54515376,115.50485171,1.92429102
2007-03-08,,,,
2007-03-09,,,,
2007-03-10,,89.07222714,110.79423847,
2007-03-11,,,,
2007-03-12,,,,
2007-03-13,22.20755613,77.13480125,123.02064547,
2007-03-14,,,,
2007-03-15,,,,
2007-03-16,,91.01856667,179.54963427,
2007-03-17,,,,
2007-03-18,,,,
2007-03-19,23.359902,25.08351381,34.37920448,0.89701005
2007-03-20,,,,
2007-03-21,,,,
2007-03-22,,109.81853499,169.98933396,
2007-03-23,,,,
2007-03-24,,,,
2007-03-25,175.6365747,32.20102186,73.72363505,
2007-03-26,,,,
2007-03-27,,,,
2007-03-28,,66.58266877,169.62579805,
2007-03-29,,,,
2007-03-30,,,,
2007-03-31,85.81729889,63.85443635,,0.54016249
2007-04-01,,,,
2007-04-02,,,,
2007-04-03,,69.60154104,81.97669694,
2007-04-04,,,,
2007-04-05,,,,
2007-04-06,37.06014754,76.27221765,95.07696111,
2007-04-07,,,,
2007-04-08,,,,
2007-04-09,,81.61351094,88.77704313,
2007-04-10,,,,
2007-04-11,,,,
2007-04-12,5.50558611,93.42007928,104.91481998,
2007-04-13,,,,
2007-04-14,,,,
2007-04-15,,72.71948668,81.27984772,
2007-04-16,,,,
2007-04-17,,,,
2007-04-18,62.93194766,91.91954318,118.33128167,0.98067604
2007-04-19,,,,
2007-04-20,,,,
2007-04-21,,86.4076728,141.33657,
2007-04-22,,,,
2007-04-23,,,,
2007-04-24,6.06809509,89.0240542,116.26844413,
2007-04-25,,,,
2007-04-26,,,,
2007-04-27,,80.10409558,119.90261027,
2007-04-28,,,,
2007-04-29,,,,
2007-04-30,64.78743686,71.77123341,97.57376305,5.66716325
2007-05-01,,,,
2007-05-02,,,,
2007-05-03,,145.9610314,198.85208067,
2007-05-04,,,,
2007-05-05,,,,
2007-05-06,,84.95497684,90.94728247,
2007-05-07,,,,
2007-05-08,,,,
2007-05-09,,,,
2007-05-10,,,,
2007-05-11,,,,
2007-05-12,,,,
2007-05-13,,,,
2007-05-14,,,,
2007-05-15,,,,
2007-05-16,,,,
2007-05-17,,,,
2007-05-18,,114.03437323,169.01124137,
2007-05-19,,,,
2007-05-20,,,,
2007-05-21,,80.60600094,91.56135326,
2007-05-22,,,,
2007-05-23,,,,
2007-05-24,,83.84029764,107.6228953,
2007-05-25,,,,
2007-05-26,,,,
2007-05-27,,,,
2007-05-28,,,,
2007-05-29,,,,
2007-05-30,,96.42594892,151.03390408,
2007-05-31,,,,
2007-06-01,,,,
2007-06-02,,,,
2007-06-03,,,,
2007-06-04,,,,
2007-06-05,,,,
2007-06-06,,,,
2007-06-07,,,,
2007-06-08,,,,
2007-06-09,,,,
2007-06-10,,,,
2007-06-11,,,,
2007-06-12,,,,
2007-06-13,,,,
2007-06-14,,,,
2007-06-15,,,,
2007-06-16,,,,
2007-06-17,96.69727781,,163.48744934,3.7936916
2007-06-18,,,,
2007-06-19,,,,
2007-06-20,,55.45075027,147.10313058,
2007-06-21,,,,
2007-06-22,,,,
2007-06-23,19.8014842,51.17855763,152.96362627,1.09541266
2007-06-24,,,,
2007-06-25,,,,
2007-06-26,,79.3906369,147.38858788,
2007-06-27,,,,
2007-06-28,,,,
2007-06-29,39.07977481,84.24189386,170.61754055,1.47647714
2007-06-30,,,,
2007-07-01,,,,
2007-07-02,,38.03755516,152.47190167,
2007-07-03,,,,
2007-07-04,,,,
2007-07-05,43.59716102,95.60521053,300.43507226,6.07561044
2007-07-06,,,,
2007-07-07,,,,
2007-07-08,,41.04405292,91.80705866,
2007-07-09,,,,
2007-07-10,,,,
2007-07-11,28.81838833,73.05142499,161.11766082,3.2820411
2007-07-12,,,,
2007-07-13,,,,
2007-07-14,,66.19170063,137.09796463,
2007-07-15,,,,
2007-07-16,,,,
2007-07-17,33.22776015,72.87408418,150.26837345,3.00871409
2007-07-18,,,,
2007-07-19,,,,
2007-07-20,,74.8257501,141.87581514,
2007-07-21,,,,
2007-07-22,,,,
2007-07-23,59.8368828,75.31458206,127.6353282,2.18903957
2007-07-24,,,,
2007-07-25,,,,
2007-07-26,,129.23850997,13.06625037,
2007-07-27,,,,
2007-07-28,,,,
2007-07-29,34.64221362,66.71851593,100.04672246,
2007-07-30,,,,
2007-07-31,,,,
2007-08-01,,87.00400548,213.54636805,
2007-08-02,,,,
2007-08-03,,,,
2007-08-04,53.4838081,17.28198631,214.30177003,2.9708151
2007-08-05,,,,
2007-08-06,,,,
2007-08-07,,40.49154374,79.4921678,
2007-08-08,,,,
2007-08-09,,,,
2007-08-10,40.14906088,76.61653484,158.75529549,5.60969196
2007-08-11,,,,
2007-08-12,,,,
2007-08-13,,69.5133907,164.29002213,
2007-08-14,,,,
2007-08-15,,,,
2007-08-16,42.74609756,65.34259736,150.8439957,
2007-08-17,,,,
2007-08-18,,,,
2007-08-19,,58.49058584,105.33335459,
2007-08-20,,,,
2007-08-21,,,,
2007-08-22,67.29498201,99.30103939,202.7678349,2.8020418
2007-08-23,,,,
2007-08-24,,,,
2007-08-25,,71.49843117,112.63487097,
2007-08-26,,,,
2007-08-27,,,,
2007-08-28,39.07563197,80.09859894,133.46679162,
2007-08-29,,,,
2007-08-30,,,,
2007-08-31,,121.57269878,248.65613733,
2007-09-01,,,,
2007-09-02,,,,
2007-09-03,33.27908448,98.05566075,173.49909327,1.71438446
2007-09-04,,,,
2007-09-05,,,,
2007-09-06,,79.55716918,177.71363969,
2007-09-07,,,,
2007-09-08,,,,
2007-09-09,10.33697355,63.68622557,118.15513594,
2007-09-10,,,,
2007-09-11,,,,
2007-09-12,,75.36704842,171.45455816,
2007-09-13,,,,
2007-09-14,,,,
2007-09-15,11.80086138,,134.54352652,1.55848807
2007-09-16,,,,
2007-09-17,,,,
2007-09-18,,19.03230053,159.27470336,
2007-09-19,,,,
2007-09-20,,,,
2007-09-21,10.5546408,79.66451431,174.28066278,
2007-09-22,,,,
2007-09-23,,,,
2007-09-24,,88.6754316,169.19169978,
2007-09-25,,,,
2007-09-26,,,,
2007-09-27,14.72202525,108.3613904,256.71765632,2.31634937
2007-09-28,,,,
2007-09-29,,,,
2007-09-30,,78.93789601,110.1907313,
2007-10-01,,,,
2007-10-02,,,,
2007-10-03,32.33246677,84.61964261,164.42169061,0.61750216
2007-10-04,,,,
2007-10-05,,,,
2007-10-06,,73.72076014,178.59467861,
2007-10-07,,,,
2007-10-08,,,,
2007-10-09,17.64358238,85.92308882,145.7372161,1.99624458
2007-10-10,,,,
2007-10-11,,,,
2007-10-12,,84.73028104,171.7499574,
2007-10-13,,,,
2007-10-14,,,,
2007-10-15,9.96330558,67.80489819,128.24579394,
2007-10-16,,,,
2007-10-17,,,,
2007-10-18,,54.72666939,96.41998177,
2007-10-19,,,,
2007-10-20,,,,
2007-10-21,14.99737216,70.82355995,96.40487533,
2007-10-22,,,,
2007-10-23,,,,
2007-10-24,,101.55160754,170.70243844,
2007-10-25,,,,
2007-10-26,,,,
2007-10-27,12.46281765,81.27580322,136.02779789,7.50404729
2007-10-28,,,,
2007-10-29,,,,
2007-10-30,,84.92288715,136.13384998,
2007-10-31,,,,
2007-11-01,,,,
2007-11-02,33.27049618,85.24805909,63.47458031,8.43458828
2007-11-03,,,,
2007-11-04,,,,
2007-11-05,,56.97461211,92.87665024,
2007-11-06,,,,
2007-11-07,,,,
2007-11-08,46.02196424,75.79016674,119.8810196,12.88295099
2007-11-09,,,,
2007-11-10,,,,
2007-11-11,,59.22549267,94.74363021,
2007-11-12,,,,
2007-11-13,,,,
2007-11-14,44.95789624,30.30868433,154.49731533,14.62967269
2007-11-15,,,,
2007-11-16,,,,
2007-11-17,,25.9548448,142.97130824,
2007-11-18,,,,
2007-11-19,,,,
2007-11-20,59.08665851,93.59272246,164.6422283,
2007-11-21,,,,
2007-11-22,,,,
2007-11-23,,100.29475592,187.04169404,
2007-11-24,,,,
2007-11-25,,,,
2007-11-26,43.25038201,66.66500222,118.92550585,0.68130596
2007-11-27,,,,
2007-11-28,,,,
2007-11-29,,76.79280698,138.61736356,
2007-11-30,,,,
2007-12-01,,,,
2007-12-02,1.0,39.47559069,68.64117372,
2007-12-03,,,,
2007-12-04,,,,
2007-12-05,,80.6674573,151.73577892,
2007-12-06,,,,
2007-12-07,,,,
2007-12-08,125.66185443,64.05313785,97.74104323,10.16630134
2007-12-09,,,,
2007-12-10,,,,
2007-12-11,,80.77379383,131.20269963,
2007-12-12,,,,
2007-12-13,,,,
2007-12-14,111.1383066,74.25800551,119.3442337,11.25522919
2007-12-15,,,,
2007-12-16,,,,
2007-12-17,,76.32072789,58.60917382,
2007-12-18,,,,
2007-12-19,,,,
2007-12-20,56.811624,83.74563515,134.23836838,2.52439779
2007-12-21,,,,
2007-12-22,,,,
2007-12-23,,43.03847986,55.38908196,
2007-12-24,,,,
2007-12-25,,,,
2007-12-26,53.54447341,60.40345259,95.38795981,1.57817493
2007-12-27,,,,
2007-12-28,,,,
2007-12-29,,54.00764488,89.89522398,
2007-12-30,,,,
2007-12-31,,,,
2008-01-01,,,,
2008-01-02,,,,
2008-01-03,,,,
2008-01-04,,,,
2008-01-05,,,,
2008-01-06,,,,
2008-01-07,,,,
2008-01-08,,,,
2008-01-09,,,,
2008-01-10,,,,
2008-01-11,,,,
2008-01-12,,,,
2008-01-13,,,,
2008-01-14,,,,
2008-01-15,,,,
2008-01-16,,,,
2008-01-17,,,,
2008-01-18,,,,
2008-01-19,,,,
2008-01-20,,,,
2008-01-21,,,,
2008-01-22,,,,
2008-01-23,,,,
2008-01-24,,,,
2008-01-25,,,,
2008-01-26,,,,
2008-01-27,,,,
2008-01-28,,,,
2008-01-29,,,,
2008-01-30,,,,
2008-01-31,,,,
2008-02-01,,,,
2008-02-02,,,,
2008-02-03,,,,
2008-02-04,,,,
2008-02-05,,,,
2008-02-06,,,,
2008-02-07,,,,
2008-02-08,,,,
2008-02-09,,,,
2008-02-10,,,,
2008-02-11,,,,
2008-02-12,,,,
2008-02-13,,,,
2008-02-14,,,,
2008-02-15,,,,
2008-02-16,,,,
2008-02-17,,,,
2008-02-18,,,,
2008-02-19,,,,
2008-02-20,,,,
2008-02-21,,,,
2008-02-22,,,,
2008-02-23,,,,
2008-02-24,,,,
2008-02-25,,,,
2008-02-26,,,,
2008-02-27,,,,
2008-02-28,,,,
2008-02-29,,,,
2008-03-01,,,,
2008-03-02,,,,
2008-03-03,,,,
2008-03-04,,,,
2008-03-05,,,,
2008-03-06,,,,
2008-03-07,,,,
2008-03-08,,,,
2008-03-09,,,,
2008-03-10,,,,
2008-03-11,,,,
2008-03-12,,,,
2008-03-13,,,,
2008-03-14,,,,
2008-03-15,,,,
2008-03-16,,,,
2008-03-17,,,,
2008-03-18,,,,
2008-03-19,,,,
2008-03-20,,,,
2008-03-21,,,,
2008-03-22,,,,
2008-03-23,,,,
2008-03-24,,,,
2008-03-25,,,,
2008-03-26,,,,
2008-03-27,,,,
2008-03-28,,,153.22112115,
2008-03-29,,,,
2008-03-30,,,,
2008-03-31,46.06129925,56.46916165,69.64605017,0.53912036
2008-04-01,,,,
2008-04-02,,,,
2008-04-03,,,146.89924243,
2008-04-04,,,,
2008-04-05,,,,
2008-04-06,63.33177629,69.66468819,126.68423247,0.74715051
2008-04-07,,,,
2008-04-08,,,,
2008-04-09,,85.43818667,,
2008-04-10,,,,
2008-04-11,,,,
2008-04-12,,100.76018622,179.66422029,
2008-04-13,,,,
2008-04-14,,,,
2008-04-15,,,108.73623353,
2008-04-16,,,,
2008-04-17,,,,
2008-04-18,,,,
2008-04-19,,,,
2008-04-20,,,,
2008-04-21,,,,
2008-04-22,,,,
2008-04-23,,,,
2008-04-24,51.70584268,,,
2008-04-25,,,,
2008-04-26,,,,
2008-04-27,,,,
2008-04-28,,,,
2008-04-29,,,,
2008-04-30,52.45336354,,,
2008-05-01,,,,
2008-05-02,,,,
2008-05-03,,62.12510033,,
2008-05-04,,,,
2008-05-05,,,,
2008-05-06,,52.60690504,90.42487361,
2008-05-07,,,,
2008-05-08,,,,
2008-05-09,,70.58173491,,
2008-05-10,,,,
2008-05-11,,,,
2008-05-12,52.40155102,79.71834011,,0.76018824
2008-05-13,,,,
2008-05-14,,,,
2008-05-15,,63.15410669,94.76515281,
2008-05-16,,,,
2008-05-17,,,,
2008-05-18,50.34176783,57.98591229,83.36658991,
2008-05-19,,,,
2008-05-20,,,,
2008-05-21,,83.34728968,114.74345671,
2008-05-22,,,,
2008-05-23,,,,
2008-05-24,,69.58428856,135.7475916,2.27252786
2008-05-25,,,,
2008-05-26,,,,
2008-05-27,,236.75140564,131.01405764,
2008-05-28,,,,
2008-05-29,,,,
2008-05-30,,88.21310771,115.05471891,
2008-05-31,,,,
2008-06-01,,,,
2008-06-02,,37.52371629,48.63200825,
2008-06-03,,,,
2008-06-04,,,,
2008-06-05,,58.36038254,94.33899444,
2008-06-06,,,,
2008-06-07,,,,
2008-06-08,,19.50375141,54.59158652,
2008-06-09,,,,
2008-06-10,,,,
2008-06-11,,,165.58695497,
2008-06-12,,,,
2008-06-13,,,,
2008-06-14,,65.87838885,145.08996417,
2008-06-15,,,,
2008-06-16,,,,
2008-06-17,,191.6518407,,
2008-06-18,,,,
2008-06-19,,,,
2008-06-20,,79.77203565,192.41563314,
2008-06-21,,,,
2008-06-22,,,,
2008-06-23,,65.51565462,101.01340714,
2008-06-24,,,,
2008-06-25,,,,
2008-06-26,,94.91183863,120.63227543,
2008-06-27,,,,
2008-06-28,,,,
2008-06-29,,59.99402132,93.51410822,
2008-06-30,,,,
2008-07-01,,,,
2008-07-02,,50.72399057,105.27566493,
2008-07-03,,,,
2008-07-04,,,,
2008-07-05,,38.48173138,93.70337397,
2008-07-06,,,,
2008-07-07,,,,
2008-07-08,,75.36911836,,
2008-07-09,,,,
2008-07-10,,,,
2008-07-11,,92.11964042,128.38370205,
2008-07-12,,,,
2008-07-13,,,,
2008-07-14,,58.90985836,82.78115917,
2008-07-15,,,,
2008-07-16,,,,
2008-07-17,,62.91236276,85.28672302,
2008-07-18,,,,
2008-07-19,,,,
2008-07-20,,39.7024762,63.57552397,
2008-07-21,,,,
2008-07-22,,,,
2008-07-23,,42.16881278,101.05993313,
2008-07-24,,,,
2008-07-25,,,,
2008-07-26,,59.11013548,87.4966869,
2008-07-27,,,,
2008-07-28,,,,
2008-07-29,,59.45508256,83.22829169,
2008-07-30,,,,
2008-07-31,,,,
2008-08-01,,69.15241178,105.3332946,
2008-08-02,,,,
2008-08-03,,,,
2008-08-04,,55.15626381,80.47753046,
2008-08-05,,,,
2008-08-06,,,,
2008-08-07,,59.69032558,77.33748523,
2008-08-08,,,,
2008-08-09,,,,
2008-08-10,,45.43089868,71.8818891,
2008-08-11,,,,
2008-08-12,,,,
2008-08-13,,34.7159614,116.81918105,
2008-08-14,,,,
2008-08-15,,,,
2008-08-16,,72.80425851,,
2008-08-17,,,,
2008-08-18,,,,
2008-08-19,,32.96856122,121.90223702,
2008-08-20,,,,
2008-08-21,,,,
2008-08-22,,70.27162449,104.26128298,
2008-08-23,,,,
2008-08-24,,,,
2008-08-25,,100.51891342,151.76611756,
2008-08-26,,,,
2008-08-27,,,,
2008-08-28,,98.41789368,152.93668418,
2008-08-29,,,,
2008-08-30,,,,
2008-08-31,,,57.03285172,
2008-09-01,,,,
2008-09-02,,,,
2008-09-03,,60.7206516,92.84031006,
2008-09-04,,,,
2008-09-05,,,,
2008-09-06,,65.76688895,115.59383104,
2008-09-07,,,,
2008-09-08,,,,
2008-09-09,,55.83649988,78.49344188,
2008-09-10,,,,
2008-09-11,,,,
2008-09-12,,78.08194527,119.23024016,
2008-09-13,,,,
2008-09-14,,,,
2008-09-15,,65.84699847,129.91446347,
2008-09-16,,,,
2008-09-17,,,,
2008-09-18,,78.93541197,136.55660064,
2008-09-19,,,,
2008-09-20,,,,
2008-09-21,,49.52719413,72.98997819,
2008-09-22,,,,
2008-09-23,,,,
2008-09-24,,92.1262287,148.86351843,
2008-09-25,,,,
2008-09-26,,,,
2008-09-27,,78.98064528,117.95484321,
2008-09-28,,,,
2008-09-29,,,,
2008-09-30,,77.26575776,123.13256813,
2008-10-01,,,,
2008-10-02,,,,
2008-10-03,,86.43945446,131.89611752,
2008-10-04,,,,
2008-10-05,,,,
2008-10-06,,,,
2008-10-07,,,,
2008-10-08,,,,
2008-10-09,,,,
2008-10-10,,,,
2008-10-11,,,,
2008-10-12,,45.30979701,95.34187043,
2008-10-13,,,,
2008-10-14,,,,
2008-10-15,,88.6307549,144.69281185,
2008-10-16,,,,
2008-10-17,,,,
2008-10-18,,78.52326311,126.91519696,
2008-10-19,,,,
2008-10-20,,,,
2008-10-21,,75.55406128,163.14300933,
2008-10-22,,,,
2008-10-23,,,,
2008-10-24,,61.46000992,123.52061205,
2008-10-25,,,,
2008-10-26,,,,
2008-10-27,,68.91751401,124.47354141,
2008-10-28,,,,
2008-10-29,,,,
2008-10-30,,88.99440562,90.00172308,
2008-10-31,,,,
2008-11-01,,,,
2008-11-02,63.00390189,42.79537122,71.89990302,2.05173321
2008-11-03,,,,
2008-11-04,,,,
2008-11-05,,64.91144629,120.12102358,
2008-11-06,,,,
2008-11-07,,,,
2008-11-08,62.76694613,72.27724978,123.68993873,2.04401671
2008-11-09,,,,
2008-11-10,,,,
2008-11-11,,78.23508036,177.14778963,
2008-11-12,,,,
2008-11-13,,,,
2008-11-14,60.14876105,95.27608171,94.96899561,
2008-11-15,,,,
2008-11-16,,,,
2008-11-17,,63.70569592,91.53281743,
2008-11-18,,,,
2008-11-19,,,,
2008-11-20,52.49376904,36.44039466,125.16522203,1.10003805
2008-11-21,,,,
2008-11-22,,,,
2008-11-23,,58.60065282,94.63824649,
2008-11-24,,,,
2008-11-25,,,,
2008-11-26,13.07948047,86.60454107,124.32218231,
2008-11-27,,,,
2008-11-28,,,,
2008-11-29,,56.15480853,99.19075227,
2008-11-30,,,,
2008-12-01,,,,
2008-12-02,64.7324187,28.64962144,169.72033503,2.50211279
2008-12-03,,,,
2008-12-04,,,,
2008-12-05,,36.68866238,122.0773815,
2008-12-06,,,,
2008-12-07,,,,
2008-12-08,39.0027153,41.28217223,73.21285968,3.86501674
2008-12-09,,,,
2008-12-10,,,,
2008-12-11,,,203.34382409,
2008-12-12,,,,
2008-12-13,,,,
2008-12-14,47.80452893,46.50649173,94.82862602,
2008-12-15,,,,
2008-12-16,,,,
2008-12-17,,81.8964171,152.35718083,
2008-12-18,,,,
2008-12-19,,,,
2008-12-20,73.56707157,71.55416793,117.64135319,
2008-12-21,,,,
2008-12-22,,,,
2008-12-23,,63.50628062,125.08506318,
2008-12-24,,,,
2008-12-25,,,,
2008-12-26,41.34099975,59.78442436,115.30006074,
2008-12-27,,,,
2008-12-28,,,,
2008-12-29,,55.85577004,100.97818405,
2008-12-30,,,,
2008-12-31,,,,
2009-01-01,29.62632634,35.99282885,62.65589394,1.67606469
2009-01-02,,,,
2009-01-03,,,,
2009-01-04,,32.60453179,47.97207878,
2009-01-05,,,,
2009-01-06,,,,
2009-01-07,65.02884116,77.05295917,137.16496208,2.69054126
2009-01-08,,,,
2009-01-09,,,,
2009-01-10,,90.50451649,98.25896397,
2009-01-11,,,,
2009-01-12,,,,
2009-01-13,56.07669207,59.86699009,83.76571158,
2009-01-14,,,,
2009-01-15,,,,
2009-01-16,,79.17276511,114.38229915,
2009-01-17,,,,
2009-01-18,,,,
2009-01-19,55.44631156,71.25321849,102.99412902,
2009-01-20,,,,
2009-01-21,,,,
2009-01-22,,60.97853372,100.60228229,
2009-01-23,,,,
2009-01-24,,,,
2009-01-25,22.66330442,50.00331059,85.20541404,1.73008603
2009-01-26,,,,
2009-01-27,,,,
2009-01-28,,62.01766779,104.54608157,
2009-01-29,,,,
2009-01-30,,,,
2009-01-31,,56.78921171,97.23377286,1.53541812
2009-02-01,,,,
2009-02-02,,,,
2009-02-03,,53.0897133,86.4680508,
2009-02-04,,,,
2009-02-05,,,,
2009-02-06,63.74167235,59.01375067,107.83803835,
2009-02-07,,,,
2009-02-08,,,,
2009-02-09,,51.5070156,86.75018857,
2009-02-10,,,,
2009-02-11,,,,
2009-02-12,64.87592919,52.69283287,85.59030163,1.7185761
2009-02-13,,,,
2009-02-14,,,,
2009-02-15,,48.79793198,91.74949084,
2009-02-16,,,,
2009-02-17,,,,
2009-02-18,45.43063057,63.65858584,111.49144973,0.93672469
2009-02-19,,,,
2009-02-20,,,,
2009-02-21,,63.78081252,95.52746271,
2009-02-22,,,,
2009-02-23,,,,
2009-02-24,58.50449152,79.96372154,,1.37246653
2009-02-25,,,,
2009-02-26,,,,
2009-02-27,,93.76139037,171.97625119,
2009-02-28,,,,
2009-03-01,,,,
2009-03-02,82.94168871,69.09239578,117.48189718,0.78793423
2009-03-03,,,,
2009-03-04,,,,
2009-03-05,,56.51553678,107.58250005,
2009-03-06,,,,
2009-03-07,,,,
2009-03-08,35.23321274,68.47517571,111.5359306,1.5110759
2009-03-09,,,,
2009-03-10,,,,
2009-03-11,,72.37230217,152.54032098,
2009-03-12,,,,
2009-03-13,,,,
2009-03-14,40.13722947,87.81884805,138.28889925,
2009-03-15,,,,
2009-03-16,,,,
2009-03-17,,79.83745469,134.31330091,
2009-03-18,,,,
2009-03-19,,,,
2009-03-20,68.11929511,74.76941467,132.25462144,1.38821615
2009-03-21,,,,
2009-03-22,,,,
2009-03-23,,48.4590354,64.93152971,
2009-03-24,,,,
2009-03-25,,,,
2009-03-26,52.82530864,64.81489853,103.98644521,0.94737377
2009-03-27,,,,
2009-03-28,,,,
2009-03-29,,67.415808,107.73033412,
2009-03-30,,,,
2009-03-31,,,,
2009-04-01,63.75260485,72.83243526,112.02209386,2.05604539
2009-04-02,,,,
2009-04-03,,,,
2009-04-04,,65.55302507,107.28478082,
2009-04-05,,,,
2009-04-06,,,,
2009-04-07,50.39226953,81.82705908,121.65671926,1.69949651
2009-04-08,,,,
2009-04-09,,,,
2009-04-10,,29.82935982,47.55422235,
2009-04-11,,,,
2009-04-12,,,,
2009-04-13,46.68233554,69.85232577,88.10332212,
2009-04-14,,,,
2009-04-15,,,,
2009-04-16,,63.41154503,108.14884939,
2009-04-17,,,,
2009-04-18,,,,
2009-04-19,39.99446267,52.74962388,71.2335323,
2009-04-20,,,,
2009-04-21,,,,
2009-04-22,,50.49789827,77.99803398,
2009-04-23,,,,
2009-04-24,,,,
2009-04-25,55.70598593,76.75293988,109.71671974,0.70430281
2009-04-26,,,,
2009-04-27,,,,
2009-04-28,,95.09999101,132.69138393,
2009-04-29,,,,
2009-04-30,,,,
2009-05-01,65.86541266,48.30682279,59.59536621,1.26393663
2009-05-02,,,,
2009-05-03,,,,
2009-05-04,,70.22647483,77.37481954,
2009-05-05,,,,
2009-05-06,,,,
2009-05-07,56.03339307,103.21688781,154.17023021,1.89431308
2009-05-08,,,,
2009-05-09,,,,
2009-05-10,,44.36858787,70.21315887,
2009-05-11,,,,
2009-05-12,,,,
2009-05-13,55.72924521,60.00973323,91.9563436,1.88403079
2009-05-14,,,,
2009-05-15,,,,
2009-05-16,,64.31345386,104.87313106,
2009-05-17,,,,
2009-05-18,,,,
2009-05-19,46.36357775,79.43085091,99.25774215,1.07091281
2009-05-20,,,,
2009-05-21,,,,
2009-05-22,,53.46526228,96.98489663,
2009-05-23,,,,
2009-05-24,,,,
2009-05-25,29.03607691,30.68561313,46.0929498,
2009-05-26,,,,
2009-05-27,,,,
2009-05-28,,47.77185354,88.6310038,
2009-05-29,,,,
2009-05-30,,,,
2009-05-31,41.10387564,29.66826958,57.42347783,
2009-06-01,,,,
2009-06-02,,,,
2009-06-03,,62.79053461,,
2009-06-04,,,,
2009-06-05,,,,
2009-06-06,56.19410558,,109.32082717,1.25970233
2009-06-07,,,,
2009-06-08,,,,
2009-06-09,,,104.64552328,
2009-06-10,,,,
2009-06-11,,,,
2009-06-12,106.51816067,91.64516021,122.86932158,
2009-06-13,,,,
2009-06-14,,,,
2009-06-15,,37.63081226,59.0961705,
2009-06-16,,,,
2009-06-17,,,,
2009-06-18,57.22484274,69.50500966,110.37924522,
2009-06-19,,,,
2009-06-20,,,,
2009-06-21,,32.75294356,49.79898716,
2009-06-22,,,,
2009-06-23,,,,
2009-06-24,68.12889927,93.11434709,143.18313835,0.62748627
2009-06-25,,,,
2009-06-26,,,,
2009-06-27,,54.01148091,89.83962488,
2009-06-28,,,,
2009-06-29,,,,
2009-06-30,53.84963725,48.01879142,71.46453786,
2009-07-01,,,,
2009-07-02,,,,
2009-07-03,,49.06380192,79.05600728,
2009-07-04,,,,
2009-07-05,,,,
2009-07-06,29.77358274,71.58768723,108.77534634,
2009-07-07,,,,
2009-07-08,,,,
2009-07-09,,51.90204955,71.14787226,
2009-07-10,,,,
2009-07-11,,,,
2009-07-12,23.68150385,38.13995061,47.45144322,0.78171972
2009-07-13,,,,
2009-07-14,,,,
2009-07-15,,52.57702948,71.52236806,
2009-07-16,,,,
2009-07-17,,,,
2009-07-18,32.52027471,55.09043491,73.24695371,5.76749875
2009-07-19,,,,
2009-07-20,,,,
2009-07-21,,45.82717723,66.42241553,
2009-07-22,,,,
2009-07-23,,,,
2009-07-24,49.50978955,54.57686449,72.67978528,
2009-07-25,,,,
2009-07-26,,,,
2009-07-27,,67.3473997,95.74971468,
2009-07-28,,,,
2009-07-29,,,,
2009-07-30,43.9528094,73.06652908,113.09860553,0.62906089
2009-07-31,,,,
2009-08-01,,,,
2009-08-02,,7.7136261,,
2009-08-03,,,,
2009-08-04,,,,
2009-08-05,38.46873284,47.98583904,,
2009-08-06,,,,
2009-08-07,,,,
2009-08-08,,40.47655097,,
2009-08-09,,,,
2009-08-10,,,,
2009-08-11,36.58373277,43.63777,,
2009-08-12,,,,
2009-08-13,,,,
2009-08-14,,76.76596856,,
2009-08-15,,,,
2009-08-16,,,,
2009-08-17,39.53494484,29.68140565,,
2009-08-18,,,,
2009-08-19,,,,
2009-08-20,,,,
2009-08-21,,,,
2009-08-22,,,,
2009-08-23,43.01578349,37.60095364,,
2009-08-24,,,,
2009-08-25,,,,
2009-08-26,,43.33985761,,
2009-08-27,,,,
2009-08-28,,,,
2009-08-29,7.40234569,73.34109797,,
2009-08-30,,,,
2009-08-31,,,,
2009-09-01,,47.88147118,,
2009-09-02,,,,
2009-09-03,,,,
2009-09-04,7.03172714,44.15983469,,
2009-09-05,,,,
2009-09-06,,,,
2009-09-07,,66.34865816,,
2009-09-08,,,,
2009-09-09,,,,
2009-09-10,14.0493562,45.10391699,,1.25183902
2009-09-11,,,,
2009-09-12,,,,
2009-09-13,,40.16558755,,
2009-09-14,,,,
2009-09-15,,,,
2009-09-16,,65.41520006,,
2009-09-17,,,,
2009-09-18,,,,
2009-09-19,,12.20123768,,
2009-09-20,,,,
2009-09-21,,,,
2009-09-22,,56.36933077,,
2009-09-23,,,,
2009-09-24,,,,
2009-09-25,,59.58203547,,
2009-09-26,,,,
2009-09-27,,,,
2009-09-28,62.16941312,50.77884491,,2.33330302
2009-09-29,,,,
2009-09-30,,,,
2009-10-01,,54.19974126,,
2009-10-02,,,,
2009-10-03,,,,
2009-10-04,41.87896629,56.84807692,,2.21686148
2009-10-05,,,,
2009-10-06,,,,
2009-10-07,,55.95457253,,
2009-10-08,,,,
2009-10-09,,,,
2009-10-10,45.24393623,67.44004571,,2.52046013
2009-10-11,,,,
2009-10-12,,,,
2009-10-13,,74.81756958,,
2009-10-14,,,,
2009-10-15,,,,
2009-10-16,47.30780689,60.37311369,,
2009-10-17,,,,
2009-10-18,,,,
2009-10-19,,65.45092547,,
2009-10-20,,,,
2009-10-21,,,,
2009-10-22,41.29516766,46.13802018,,
2009-10-23,,,,
2009-10-24,,,,
2009-10-25,,47.18591103,,
2009-10-26,,,,
2009-10-27,,,,
2009-10-28,64.04036018,84.67870893,,1.88718267
2009-10-29,,,,
2009-10-30,,,,
2009-10-31,,97.05341587,,
2009-11-01,,,,
2009-11-02,,,,
2009-11-03,58.36466516,74.35948077,,3.76177887
2009-11-04,,,,
2009-11-05,,,,
2009-11-06,,91.38581364,,
2009-11-07,,,,
2009-11-08,,,,
2009-11-09,55.16054738,71.11468413,,2.00300245
2009-11-10,,,,
2009-11-11,,,,
2009-11-12,,69.60443469,,
2009-11-13,,,,
2009-11-14,,,,
2009-11-15,38.52072773,38.43572487,,
2009-11-16,,,,
2009-11-17,,,,
2009-11-18,,51.9708861,,
2009-11-19,,,,
2009-11-20,,,,
2009-11-21,,48.41266436,,
2009-11-22,,,,
2009-11-23,,,,
2009-11-24,,46.37597452,,
2009-11-25,,,,
2009-11-26,,,,
2009-11-27,43.05603379,61.95662016,,1.42741146
2009-11-28,,,,
2009-11-29,,,,
2009-11-30,,64.83563905,,
2009-12-01,,,,
2009-12-02,,,,
2009-12-03,45.24610584,59.20528172,,1.7895117
2009-12-04,,,,
2009-12-05,,,,
2009-12-06,,50.19940548,,
2009-12-07,,,,
2009-12-08,,,,
2009-12-09,67.42280918,64.25522426,,
2009-12-10,,,,
2009-12-11,,,,
2009-12-12,,48.17772114,,
2009-12-13,,,,
2009-12-14,,,,
2009-12-15,,57.18798484,,0.60844846
2009-12-16,,,,
2009-12-17,,,,
2009-12-18,,94.69604275,,
2009-12-19,,,,
2009-12-20,,,,
2009-12-21,70.3244404,63.51661625,,1.09317711
2009-12-22,,,,
2009-12-23,,,,
2009-12-24,,46.84565646,,
2009-12-25,,,,
2009-12-26,,,,
2009-12-27,35.31018589,37.45238876,,0.93789609
2009-12-28,,,,
2009-12-29,,,,
2009-12-30,,41.74976731,,
2009-12-31,,,,
2010-01-01,,,,
2010-01-02,,,,
2010-01-03,,,,
2010-01-04,,,,
2010-01-05,69.13938439,48.85308634,,0.62565914
2010-01-06,,,,
2010-01-07,,,,
2010-01-08,,38.6905171,,
2010-01-09,,,,
2010-01-10,,,,
2010-01-11,31.0717392,33.61347748,,0.90289435
2010-01-12,,,,
2010-01-13,,,,
2010-01-14,,,,
2010-01-15,,,,
2010-01-16,,,,
2010-01-17,45.88467766,59.55545322,,1.13225277
2010-01-18,,,,
2010-01-19,,,,
2010-01-20,,55.08200568,,
2010-01-21,,,,
2010-01-22,,,,
2010-01-23,59.27892961,62.39957982,,
2010-01-24,,,,
2010-01-25,,,,
2010-01-26,,,,
2010-01-27,,,,
2010-01-28,,,,
2010-01-29,,,,
2010-01-30,,,,
2010-01-31,,,,
2010-02-01,,36.20856576,,
2010-02-02,,,,
2010-02-03,,,,
2010-02-04,,70.32010126,,
2010-02-05,,,,
2010-02-06,,,,
2010-02-07,,55.18638659,,
2010-02-08,,,,
2010-02-09,,,,
2010-02-10,60.59083479,89.47459198,,2.18453755
2010-02-11,,,,
2010-02-12,,,,
2010-02-13,,83.35623488,,
2010-02-14,,,,
2010-02-15,,,,
2010-02-16,48.63203269,77.25353814,,
2010-02-17,,,,
2010-02-18,,,,
2010-02-19,,84.02320872,,
2010-02-20,,,,
2010-02-21,,,,
2010-02-22,67.37376574,70.20556225,,0.76334123
2010-02-23,,,,
2010-02-24,,,,
2010-02-25,,64.55997069,,
2010-02-26,,,,
2010-02-27,,,,
2010-02-28,42.76723996,44.84092519,,0.62075303
2010-03-01,,,,
2010-03-02,,,,
2010-03-03,,50.74982524,,
2010-03-04,,,,
2010-03-05,,,,
2010-03-06,18.84282911,54.35319247,,
2010-03-07,,,,
2010-03-08,,,,
2010-03-09,,51.04035064,,
2010-03-10,,,,
2010-03-11,,,,
2010-03-12,,45.42330702,,
2010-03-13,,,,
2010-03-14,,,,
2010-03-15,,58.0286488,,
2010-03-16,,,,
2010-03-17,,,,
2010-03-18,51.55425511,56.1412235,,1.11923837
2010-03-19,,,,
2010-03-20,,,,
2010-03-21,,39.6026583,,
2010-03-22,,,,
2010-03-23,,,,
2010-03-24,47.84686079,65.58564667,,0.83667521
2010-03-25,,,,
2010-03-26,,,,
2010-03-27,,85.93594903,,
2010-03-28,,,,
2010-03-29,,,,
2010-03-30,35.42853216,53.00152212,,0.61845583
2010-03-31,,,,
2010-04-01,,,,
2010-04-02,,44.13462957,,
2010-04-03,,,,
2010-04-04,,,,
2010-04-05,70.92862096,64.24677585,,
2010-04-06,,,,
2010-04-07,,,,
2010-04-08,,76.46104637,,
2010-04-09,,,,
2010-04-10,,,,
2010-04-11,41.49910521,45.73762264,,0.78727542
2010-04-12,,,,
2010-04-13,,,,
2010-04-14,,59.62128093,,
2010-04-15,,,,
2010-04-16,,,,
2010-04-17,39.16200841,62.14933596,,
2010-04-18,,,,
2010-04-19,,,,
2010-04-20,,40.88481874,,
2010-04-21,,,,
2010-04-22,,,,
2010-04-23,31.29973355,46.51864285,,0.63170289
2010-04-24,,,,
2010-04-25,,,,
2010-04-26,,42.19123623,,
2010-04-27,,,,
2010-04-28,,,,
2010-04-29,46.34141001,55.28098929,,1.79694014
2010-04-30,,,,
2010-05-01,,,,
2010-05-02,,47.63118021,,
2010-05-03,,,,
2010-05-04,,,,
2010-05-05,34.38546761,53.14695521,,3.00182627
2010-05-06,,,,
2010-05-07,,,,
2010-05-08,,45.89466022,,
2010-05-09,,,,
2010-05-10,,,,
2010-05-11,18.80381704,37.77724431,,3.73685611
2010-05-12,,,,
2010-05-13,,,,
2010-05-14,,42.1947409,,
2010-05-15,,,,
2010-05-16,,,,
2010-05-17,32.91872331,25.20839325,,
2010-05-18,,,,
2010-05-19,,,,
2010-05-20,,59.58110621,,
2010-05-21,,,,
2010-05-22,,,,
2010-05-23,35.56012803,38.98599705,,
2010-05-24,,,,
2010-05-25,,,,
2010-05-26,,38.92121438,,
2010-05-27,,,,
2010-05-28,,,,
2010-05-29,40.79028814,29.84639595,,2.2261566
2010-05-30,,,,
2010-05-31,,,,
2010-06-01,,48.22206633,,
2010-06-02,,,,
2010-06-03,,,,
2010-06-04,21.33966087,28.83109218,,
2010-06-05,,,,
2010-06-06,,,,
2010-06-07,,20.91093288,,
2010-06-08,,,,
2010-06-09,,,,
2010-06-10,56.36453073,34.672712,,
2010-06-11,,,,
2010-06-12,,,,
2010-06-13,,25.18291453,,
2010-06-14,,,,
2010-06-15,,,,
2010-06-16,34.47860362,24.62659913,,1.83574197
2010-06-17,,,,
2010-06-18,,,,
2010-06-19,,22.93400695,,
2010-06-20,,,,
2010-06-21,,,,
2010-06-22,30.0,30.29584881,,3.0
2010-06-23,,,,
2010-06-24,,,,
2010-06-25,,23.11059686,,
2010-06-26,,,,
2010-06-27,,,,
2010-06-28,34.0,22.29645523,,1.0
2010-06-29,,,,
2010-06-30,,,,
2010-07-01,,25.52862349,,
2010-07-02,,,,
2010-07-03,,,,
2010-07-04,60.0,17.47221046,,3.0
2010-07-05,,,,
2010-07-06,,,,
2010-07-07,,58.00526863,,
2010-07-08,,,,
2010-07-09,,,,
2010-07-10,59.0,36.30070627,,2.0
2010-07-11,,,,
2010-07-12,,,,
2010-07-13,,22.7599996,,
2010-07-14,,,,
2010-07-15,,,,
2010-07-16,63.0,22.36824383,,2.0
2010-07-17,,,,
2010-07-18,,,,
2010-07-19,,26.70693738,,
2010-07-20,,,,
2010-07-21,,,,
2010-07-22,56.0,31.78620821,,2.0
2010-07-23,,,,
2010-07-24,,,,
2010-07-25,,21.81364104,,
2010-07-26,,,,
2010-07-27,,,,
2010-07-28,,,,
2010-07-29,,,,
2010-07-30,,,,
2010-07-31,,,,
2010-08-01,,,,
2010-08-02,,,,
2010-08-03,,,,
2010-08-04,,,,
2010-08-05,,,,
2010-08-06,,,,
2010-08-07,,,,
2010-08-08,,,,
2010-08-09,,,,
2010-08-10,,,,
2010-08-11,,,,
2010-08-12,,,,
2010-08-13,,,,
2010-08-14,,,,
2010-08-15,,,,
2010-08-16,,,,
2010-08-17,,,,
2010-08-18,,,,
2010-08-19,,,,
2010-08-20,,,,
2010-08-21,,,,
2010-08-22,,,,
2010-08-23,,,,
2010-08-24,,,,
2010-08-25,,,,
2010-08-26,,,,
2010-08-27,,,,
2010-08-28,,,,
2010-08-29,,,,
2010-08-30,,,,
2010-08-31,,,,
2010-09-01,,,,
2010-09-02,,,,
2010-09-03,,,,
2010-09-04,,,,
2010-09-05,,,,
2010-09-06,,,,
2010-09-07,,,,
2010-09-08,,,,
2010-09-09,,,,
2010-09-10,,,,
2010-09-11,,,,
2010-09-12,,,,
2010-09-13,,,,
2010-09-14,,,,
2010-09-15,,,,
2010-09-16,,,,
2010-09-17,,38.7641884,,
2010-09-18,,,,
2010-09-19,,,,
2010-09-20,23.2587705,23.5025506,,
2010-09-21,,,,
2010-09-22,,,,
2010-09-23,,43.01542743,,
2010-09-24,,,,
2010-09-25,,,,
2010-09-26,22.44656206,31.22051934,,
2010-09-27,,,,
2010-09-28,,,,
2010-09-29,,60.51292771,,
2010-09-30,,,,
2010-10-01,,,,
2010-10-02,29.32526901,76.37975995,,
2010-10-03,,,,
2010-10-04,,,,
2010-10-05,,34.55325528,,
2010-10-06,,,,
2010-10-07,,,,
2010-10-08,33.86250872,47.99007244,,
2010-10-09,,,,
2010-10-10,,,,
2010-10-11,,39.72051836,,
2010-10-12,,,,
2010-10-13,,,,
2010-10-14,21.2746454,46.3449195,,
2010-10-15,,,,
2010-10-16,,,,
2010-10-17,,50.24400048,,
2010-10-18,,,,
2010-10-19,,,,
2010-10-20,39.0,45.63324689,,
2010-10-21,,,,
2010-10-22,,,,
2010-10-23,,,,
2010-10-24,,,,
2010-10-25,,,,
2010-10-26,,39.83418496,,
2010-10-27,,,,
2010-10-28,,,,
2010-10-29,,,,
2010-10-30,,,,
2010-10-31,,,,
2010-11-01,,31.42774438,,
2010-11-02,,,,
2010-11-03,,,,
2010-11-04,,21.29351233,,
2010-11-05,,,,
2010-11-06,,,,
2010-11-07,,18.86736969,,
2010-11-08,,,,
2010-11-09,,,,
2010-11-10,,31.17826833,,
2010-11-11,,,,
2010-11-12,,,,
2010-11-13,,21.66225504,,
2010-11-14,,,,
2010-11-15,,,,
2010-11-16,,22.46137134,,
2010-11-17,,,,
2010-11-18,,,,
2010-11-19,,26.18269845,,
2010-11-20,,,,
2010-11-21,,,,
2010-11-22,,50.16988916,,
2010-11-23,,,,
2010-11-24,,,,
2010-11-25,,16.93768782,,
2010-11-26,,,,
2010-11-27,,,,
2010-11-28,,,,
2010-11-29,,,,
2010-11-30,,,,
2010-12-01,,19.92087077,,
2010-12-02,,,,
2010-12-03,,,,
2010-12-04,,50.7584862,,
2010-12-05,,,,
2010-12-06,,,,
2010-12-07,,40.06439535,,
2010-12-08,,,,
2010-12-09,,,,
2010-12-10,,51.65899422,,
2010-12-11,,,,
2010-12-12,,,,
2010-12-13,,49.89157034,,
2010-12-14,,,,
2010-12-15,,,,
2010-12-16,,32.33999698,,
2010-12-17,,,,
2010-12-18,,,,
2010-12-19,,63.92541752,,
2010-12-20,,,,
2010-12-21,,,,
2010-12-22,,46.52820706,,
2010-12-23,,,,
2010-12-24,,,,
2010-12-25,,23.42999814,,
2010-12-26,,,,
2010-12-27,,,,
2010-12-28,,36.11219424,,
2010-12-29,,,,
2010-12-30,,,,
2010-12-31,,,,
2011-01-01,,,,
2011-01-02,,,,
2011-01-03,,,,
2011-01-04,,,,
2011-01-05,,,,
2011-01-06,,,,
2011-01-07,,,,
2011-01-08,,,,
2011-01-09,,,,
2011-01-10,,,,
2011-01-11,,,,
2011-01-12,,,,
2011-01-13,,,,
2011-01-14,,,,
2011-01-15,,,,
2011-01-16,,,,
2011-01-17,,,,
2011-01-18,,,,
2011-01-19,,,,
2011-01-20,,,,
2011-01-21,,,,
2011-01-22,,,,
2011-01-23,,,,
2011-01-24,,,,
2011-01-25,,,,
2011-01-26,,,,
2011-01-27,,,,
2011-01-28,,,,
2011-01-29,,,,
2011-01-30,,,,
2011-01-31,,,,
2011-02-01,,,,
2011-02-02,,,,
2011-02-03,,,,
2011-02-04,,,,
2011-02-05,,,,
2011-02-06,,,,
2011-02-07,,,,
2011-02-08,,,,
2011-02-09,,,,
2011-02-10,,,,
2011-02-11,,,,
2011-02-12,,,,
2011-02-13,,,,
2011-02-14,,,,
2011-02-15,,,,
2011-02-16,,,,
2011-02-17,,,,
2011-02-18,,,,
2011-02-19,,,,
2011-02-20,,,,
2011-02-21,,,,
2011-02-22,,,,
2011-02-23,,,,
2011-02-24,,,,
2011-02-25,,,,
2011-02-26,,,,
2011-02-27,,,,
2011-02-28,,,,
2011-03-01,,,,
2011-03-02,,,,
2011-03-03,,,,
2011-03-04,,,,
2011-03-05,,,,
2011-03-06,,,,
2011-03-07,,,,
2011-03-08,,,,
2011-03-09,,,,
2011-03-10,,,,
2011-03-11,,,,
2011-03-12,,,,
2011-03-13,,,,
2011-03-14,,,,
2011-03-15,,,,
2011-03-16,,,,
2011-03-17,,,,
2011-03-18,,,,
2011-03-19,,,,
2011-03-20,,,,
2011-03-21,,,,
2011-03-22,,,,
2011-03-23,,,,
2011-03-24,,,,
2011-03-25,,,,
2011-03-26,,,,
2011-03-27,,,,
2011-03-28,,,,
2011-03-29,,,,
2011-03-30,,,,
2011-03-31,,,,
2011-04-01,,,,
2011-04-02,,,,
2011-04-03,,,,
2011-04-04,,,,
2011-04-05,,,,
2011-04-06,,,,
2011-04-07,,,,
2011-04-08,,,,
2011-04-09,,59.78811438,,
2011-04-10,,,,
2011-04-11,,,,
2011-04-12,,,,
2011-04-13,,36.22940953,,
2011-04-14,,,,
2011-04-15,,35.28244309,,
2011-04-16,,,,
2011-04-17,,,,
2011-04-18,,43.2463466,,
2011-04-19,,,,
2011-04-20,,36.03130817,,
2011-04-21,,,,
2011-04-22,,,,
2011-04-23,,,,
2011-04-24,,23.26931567,,
2011-04-25,,,,
2011-04-26,,,,
2011-04-27,,36.71445463,,
2011-04-28,,,,
2011-04-29,,,,
2011-04-30,,12.53792275,,
2011-05-01,,,,
2011-05-02,,,,
2011-05-03,,,,
2011-05-04,,45.47274041,,
2011-05-05,,,,
2011-05-06,,43.28108571,,
2011-05-07,,,,
2011-05-08,,,,
2011-05-09,,15.51352313,,
2011-05-10,,,,
2011-05-11,,,,
2011-05-12,,119.76480974,,
2011-05-13,,,,
2011-05-14,,,,
2011-05-15,,12.26986701,,
2011-05-16,,,,
2011-05-17,,,,
2011-05-18,,34.51984821,,
2011-05-19,,,,
2011-05-20,,,,
2011-05-21,,49.25993119,,
2011-05-22,,,,
2011-05-23,,,,
2011-05-24,,47.4886569,,
2011-05-25,,,,
2011-05-26,,,,
2011-05-27,,47.25474668,,
2011-05-28,,,,
2011-05-29,,,,
2011-05-30,,52.34348983,,
2011-05-31,,,,
2011-06-01,,,,
2011-06-02,,86.11014773,,
2011-06-03,,,,
2011-06-04,,,,
2011-06-05,,35.86443141,,
2011-06-06,,,,
2011-06-07,,,,
2011-06-08,,29.66010298,,
2011-06-09,,,,
2011-06-10,,,,
2011-06-11,,13.11535819,,
2011-06-12,,,,
2011-06-13,,,,
2011-06-14,,32.44516345,,
2011-06-15,,,,
2011-06-16,,,,
2011-06-17,,24.81976701,,
2011-06-18,,,,
2011-06-19,,,,
2011-06-20,,19.27103213,,
2011-06-21,,,,
2011-06-22,,,,
2011-06-23,,31.45716913,,
2011-06-24,,,,
2011-06-25,,,,
2011-06-26,,30.75196842,,
2011-06-27,,,,
2011-06-28,,,,
2011-06-29,,52.94461443,,
2011-06-30,,,,
2011-07-01,,,,
2011-07-02,,34.38454752,,
2011-07-03,,,,
2011-07-04,,,,
2011-07-05,,24.86037059,,
2011-07-06,,,,
2011-07-07,,,,
2011-07-08,,32.7818842,,
2011-07-09,,,,
2011-07-10,,,,
2011-07-11,,26.46950643,,
2011-07-12,,,,
2011-07-13,,,,
2011-07-14,,30.46982432,,
2011-07-15,,,,
2011-07-16,,,,
2011-07-17,,10.05938574,,
2011-07-18,,,,
2011-07-19,,,,
2011-07-20,,18.66646972,,
2011-07-21,,,,
2011-07-22,,,,
2011-07-23,,26.69208886,,
2011-07-24,,,,
2011-07-25,,,,
2011-07-26,,25.51585667,,
2011-07-27,,,,
2011-07-28,,,,
2011-07-29,,32.35422296,,
2011-07-30,,,,
2011-07-31,,,,
2011-08-01,,41.68226567,,
2011-08-02,,,,
2011-08-03,,,,
2011-08-04,,41.0365173,,
2011-08-05,,,,
2011-08-06,,,,
2011-08-07,,18.10362145,,
2011-08-08,,,,
2011-08-09,,,,
2011-08-10,,46.31411084,,
2011-08-11,,,,
2011-08-12,,,,
2011-08-13,,40.04007473,,
2011-08-14,,,,
2011-08-15,,,,
2011-08-16,,32.75271108,,
2011-08-17,,,,
2011-08-18,,,,
2011-08-19,,34.74906168,,
2011-08-20,,,,
2011-08-21,,,,
2011-08-22,,60.8786228,,
2011-08-23,,,,
2011-08-24,,,,
2011-08-25,,63.48659556,,
2011-08-26,,,,
2011-08-27,,,,
2011-08-28,,41.37762342,,
2011-08-29,,,,
2011-08-30,,,,
2011-08-31,,50.47827416,,
2011-09-01,,,,
2011-09-02,,,,
2011-09-03,,52.03836124,,
2011-09-04,,,,
2011-09-05,,,,
2011-09-06,,51.16723391,,
2011-09-07,,,,
2011-09-08,,,,
2011-09-09,,85.58206177,,
2011-09-10,,,,
2011-09-11,,,,
2011-09-12,,80.81535533,,
2011-09-13,,,,
2011-09-14,,,,
2011-09-15,,48.48897192,,
2011-09-16,,,,
2011-09-17,,,,
2011-09-18,,31.23696325,,
2011-09-19,,,,
2011-09-20,,,,
2011-09-21,,44.83313177,,
2011-09-22,,,,
2011-09-23,,,,
2011-09-24,,59.76221184,,
2011-09-25,,,,
2011-09-26,,,,
2011-09-27,,47.0476406,,
2011-09-28,,,,
2011-09-29,,,,
2011-09-30,,43.50611417,,
2011-10-01,,,,
2011-10-02,,,,
2011-10-03,,46.25783547,,
2011-10-04,,,,
2011-10-05,,,,
2011-10-06,,54.72370274,,
2011-10-07,,,,
2011-10-08,,,,
2011-10-09,,49.46734638,,
2011-10-10,,,,
2011-10-11,,,,
2011-10-12,,56.42783881,,
2011-10-13,,,,
2011-10-14,,,,
2011-10-15,,48.48964375,,
2011-10-16,,,,
2011-10-17,,,,
2011-10-18,,32.96321471,,
2011-10-19,,,,
2011-10-20,,,,
2011-10-21,,45.81554106,,
2011-10-22,,,,
2011-10-23,,,,
2011-10-24,,44.96574984,,
2011-10-25,,,,
2011-10-26,,,,
2011-10-27,,49.17657392,,
2011-10-28,,,,
2011-10-29,,,,
2011-10-30,,42.16653989,,
2011-10-31,,,,
2011-11-01,,,,
2011-11-02,,47.67819486,,
2011-11-03,,,,
2011-11-04,,,,
2011-11-05,,48.9610916,,
2011-11-06,,,,
2011-11-07,,,,
2011-11-08,,53.34613191,,
2011-11-09,,,,
2011-11-10,,,,
2011-11-11,,77.13204908,,
2011-11-12,,,,
2011-11-13,,,,
2011-11-14,,34.79797234,,
2011-11-15,,,,
2011-11-16,,,,
2011-11-17,,47.74014106,,
2011-11-18,,,,
2011-11-19,,,,
2011-11-20,,32.32659559,,
2011-11-21,,,,
2011-11-22,,,,
2011-11-23,,61.10389717,,
2011-11-24,,,,
2011-11-25,,,,
2011-11-26,,59.73846112,,
2011-11-27,,,,
2011-11-28,,,,
2011-11-29,,56.37729962,,
2011-11-30,,,,
2011-12-01,,,,
2011-12-02,,44.66211339,,
2011-12-03,,,,
2011-12-04,,,,
2011-12-05,,41.68864304,,
2011-12-06,,,,
2011-12-07,,,,
2011-12-08,,45.54751571,,
2011-12-09,,,,
2011-12-10,,,,
2011-12-11,,42.50957826,,
2011-12-12,,,,
2011-12-13,,,,
2011-12-14,,50.271094,,
2011-12-15,,,,
2011-12-16,,,,
2011-12-17,,60.09564487,,
2011-12-18,,,,
2011-12-19,,,,
2011-12-20,,57.62653142,,
2011-12-21,,,,
2011-12-22,,,,
2011-12-23,,47.90333307,,
2011-12-24,,,,
2011-12-25,,,,
2011-12-26,,50.52304662,,
2011-12-27,,,,
2011-12-28,,,,
2011-12-29,,54.46557303,,
2011-12-30,,,,
2011-12-31,,,,
2012-01-01,,35.29573883,,
2012-01-02,,,,
2012-01-03,,,,
2012-01-04,,43.77959682,,
2012-01-05,,,,
2012-01-06,,,,
2012-01-07,,44.90892833,,
2012-01-08,,,,
2012-01-09,,,,
2012-01-10,,38.55028823,,
2012-01-11,,,,
2012-01-12,,,,
2012-01-13,,37.84181953,,
2012-01-14,,,,
2012-01-15,,,,
2012-01-16,,60.05755443,,
2012-01-17,,,,
2012-01-18,,,,
2012-01-19,,57.53656235,,
2012-01-20,,,,
2012-01-21,,,,
2012-01-22,,34.45459813,,
2012-01-23,,,,
2012-01-24,,,,
2012-01-25,,48.4906683,,
2012-01-26,,,,
2012-01-27,,,,
2012-01-28,,66.61602972,,
2012-01-29,,,,
2012-01-30,,,,
2012-01-31,,43.85359247,,
2012-02-01,,,,
2012-02-02,,,,
2012-02-03,,62.38130313,,
2012-02-04,,,,
2012-02-05,,,,
2012-02-06,,98.77695146,,
2012-02-07,,,,
2012-02-08,,,,
2012-02-09,,74.59537926,,
2012-02-10,,,,
2012-02-11,,,,
2012-02-12,,23.98496687,,
2012-02-13,,,,
2012-02-14,,,,
2012-02-15,,112.71778679,,
2012-02-16,,,,
2012-02-17,,,,
2012-02-18,,64.73272407,,
2012-02-19,,,,
2012-02-20,,,,
2012-02-21,,46.64909457,,
2012-02-22,,,,
2012-02-23,,,,
2012-02-24,,107.00062297,,
2012-02-25,,,,
2012-02-26,,,,
2012-02-27,,69.3560543,,
2012-02-28,,,,
2012-02-29,,,,
2012-03-01,,48.66895712,,
2012-03-02,,,,
2012-03-03,,,,
2012-03-04,,28.5362726,,
2012-03-05,,,,
2012-03-06,,,,
2012-03-07,,45.11118647,,
2012-03-08,,,,
2012-03-09,,,,
2012-03-10,,119.15255775,,
2012-03-11,,,,
2012-03-12,,,,
2012-03-13,,34.29048598,,
2012-03-14,,,,
2012-03-15,,,,
2012-03-16,,87.58556282,,
2012-03-17,,,,
2012-03-18,,,,
2012-03-19,,26.90168044,,
2012-03-20,,,,
2012-03-21,,,,
2012-03-22,,44.50820653,,
2012-03-23,,,,
2012-03-24,,,,
2012-03-25,,43.57573023,,
2012-03-26,,,,
2012-03-27,,,,
2012-03-28,,48.04588945,,
2012-03-29,,,,
2012-03-30,,,,
2012-03-31,,44.01515568,,
2012-04-01,,,,
2012-04-02,,,,
2012-04-03,,16.39086991,,
2012-04-04,,,,
2012-04-05,,,,
2012-04-06,,32.79436595,,
2012-04-07,,,,
2012-04-08,,,,
2012-04-09,,90.96415675,,
2012-04-10,,,,
2012-04-11,,,,
2012-04-12,,44.05659688,,
2012-04-13,,,,
2012-04-14,,,,
2012-04-15,,27.79619189,,
2012-04-16,,,,
2012-04-17,,,,
2012-04-18,,55.30859677,,
2012-04-19,,,,
2012-04-20,,,,
2012-04-21,,46.62357223,,
2012-04-22,,,,
2012-04-23,,,,
2012-04-24,,58.29383005,,
2012-04-25,,,,
2012-04-26,,,,
2012-04-27,,51.26836576,,
2012-04-28,,,,
2012-04-29,,,,
2012-04-30,,45.95856123,,
2012-05-01,,,,
2012-05-02,,,,
2012-05-03,,57.62511718,,
2012-05-04,,,,
2012-05-05,,,,
2012-05-06,,32.02062218,,
2012-05-07,,,,
2012-05-08,,,,
2012-05-09,,,,
2012-05-10,,,,
2012-05-11,,,,
2012-05-12,,,,
2012-05-13,,,,
2012-05-14,,,,
2012-05-15,,,,
2012-05-16,,,,
2012-05-17,,,,
2012-05-18,,,,
2012-05-19,,,,
2012-05-20,,,,
2012-05-21,,,,
2012-05-22,,,,
2012-05-23,,,,
2012-05-24,,,,
2012-05-25,,,,
2012-05-26,,,,
2012-05-27,,,,
2012-05-28,,,,
2012-05-29,,,,
2012-05-30,,,,
2012-05-31,,,,
2012-06-01,,,,
2012-06-02,,33.67357046,,
2012-06-03,,,,
2012-06-04,,,,
2012-06-05,,41.82622184,,
2012-06-06,,,,
2012-06-07,,,,
2012-06-08,,43.03780437,,
2012-06-09,,,,
2012-06-10,,,,
2012-06-11,,37.78555605,,
2012-06-12,,,,
2012-06-13,,,,
2012-06-14,,41.50247431,,
2012-06-15,,,,
2012-06-16,,,,
2012-06-17,,46.38489861,,
2012-06-18,,,,
2012-06-19,,,,
2012-06-20,,38.89978958,,
2012-06-21,,,,
2012-06-22,,,,
2012-06-23,,50.23256274,,
2012-06-24,,,,
2012-06-25,,,,
2012-06-26,,47.79197475,,
2012-06-27,,,,
2012-06-28,,,,
2012-06-29,,57.55680425,,
2012-06-30,,,,
2012-07-01,,,,
2012-07-02,,48.16073213,,
2012-07-03,,,,
2012-07-04,,,,
2012-07-05,,45.14603782,,
2012-07-06,,,,
2012-07-07,,,,
2012-07-08,,30.80719738,,
2012-07-09,,,,
2012-07-10,,,,
2012-07-11,,34.31537616,,
2012-07-12,,,,
2012-07-13,,,,
2012-07-14,,53.45753172,,
2012-07-15,,,,
2012-07-16,,,,
2012-07-17,,51.42532977,,
2012-07-18,,,,
2012-07-19,,,,
2012-07-20,,38.9497415,,
2012-07-21,,,,
2012-07-22,,,,
2012-07-23,,14.11955879,,
2012-07-24,,,,
2012-07-25,,,,
2012-07-26,,,,
2012-07-27,,,,
2012-07-28,,,,
2012-07-29,,,,
2012-07-30,,,,
2012-07-31,,,,
2012-08-01,,48.76495965,,
2012-08-02,,,,
2012-08-03,,,,
2012-08-04,,48.05626532,,
2012-08-05,,,,
2012-08-06,,,,
2012-08-07,,23.42964286,,
2012-08-08,,,,
2012-08-09,,,,
2012-08-10,,38.90492854,,
2012-08-11,,,,
2012-08-12,,,,
2012-08-13,,41.20122639,,
2012-08-14,,,,
2012-08-15,,,,
2012-08-16,,43.60760059,,
2012-08-17,,,,
2012-08-18,,,,
2012-08-19,,25.64750296,,
2012-08-20,,,,
2012-08-21,,,,
2012-08-22,,56.16481422,,
2012-08-23,,,,
2012-08-24,,,,
2012-08-25,,52.71586004,,
2012-08-26,,,,
2012-08-27,,,,
2012-08-28,,47.04494811,,
2012-08-29,,,,
2012-08-30,,,,
2012-08-31,,55.92743501,,
2012-09-01,,,,
2012-09-02,,,,
2012-09-03,,39.50064214,,
2012-09-04,,,,
2012-09-05,,,,
2012-09-06,,45.01231734,,
2012-09-07,,,,
2012-09-08,,,,
2012-09-09,,32.26289599,,
2012-09-10,,,,
2012-09-11,,,,
2012-09-12,,46.60528018,,
2012-09-13,,,,
2012-09-14,,,,
2012-09-15,,65.58567334,,
2012-09-16,,,,
2012-09-17,,,,
2012-09-18,,53.84584384,,
2012-09-19,,,,
2012-09-20,,,,
2012-09-21,,39.29665322,,
2012-09-22,,,,
2012-09-23,,,,
2012-09-24,,43.48302474,,
2012-09-25,,,,
2012-09-26,,,,
2012-09-27,,56.8464115,,
2012-09-28,,,,
2012-09-29,,,,
2012-09-30,,28.38295395,,
2012-10-01,,,,
2012-10-02,,,,
2012-10-03,,36.62480467,,
2012-10-04,,,,
2012-10-05,,,,
2012-10-06,,62.6496033,,
2012-10-07,,,,
2012-10-08,,,,
2012-10-09,,48.49385352,,
2012-10-10,,,,
2012-10-11,,,,
2012-10-12,,59.30621305,,
2012-10-13,,,,
2012-10-14,,,,
2012-10-15,,39.42402067,,
2012-10-16,,,,
2012-10-17,,,,
2012-10-18,,49.60013764,,
2012-10-19,,,,
2012-10-20,,,,
2012-10-21,,25.9892899,,
2012-10-22,,,,
2012-10-23,,,,
2012-10-24,,33.76951477,,
2012-10-25,,,,
2012-10-26,,,,
2012-10-27,,36.96440943,,
2012-10-28,,,,
2012-10-29,,,,
2012-10-30,,43.34425791,,
2012-10-31,,,,
2012-11-01,,,,
2012-11-02,,12.38519517,,
2012-11-03,,,,
2012-11-04,,,,
2012-11-05,,23.89784892,,
2012-11-06,,,,
2012-11-07,,,,
2012-11-08,,36.94656584,,
2012-11-09,,,,
2012-11-10,,,,
2012-11-11,,32.76401401,,
2012-11-12,,,,
2012-11-13,,,,
2012-11-14,,50.02581857,,
2012-11-15,,,,
2012-11-16,,,,
2012-11-17,,39.80076447,,
2012-11-18,,,,
2012-11-19,,,,
2012-11-20,,32.27778929,,
2012-11-21,,,,
2012-11-22,,,,
2012-11-23,,42.82261298,,
2012-11-24,,,,
2012-11-25,,,,
2012-11-26,,,,
2012-11-27,,,,
2012-11-28,,,,
2012-11-29,,12.06420146,,
2012-11-30,,,,
2012-12-01,,,,
2012-12-02,,71.6624875,,
2012-12-03,,,,
2012-12-04,,,,
2012-12-05,,32.15512554,,
2012-12-06,,,,
2012-12-07,,,,
2012-12-08,,21.13277881,,
2012-12-09,,,,
2012-12-10,,,,
2012-12-11,,44.64993068,,
2012-12-12,,,,
2012-12-13,,,,
2012-12-14,,42.11581646,,
2012-12-15,,,,
2012-12-16,,,,
2012-12-17,,36.21178329,,
2012-12-18,,,,
2012-12-19,,,,
2012-12-20,,28.07728116,,
2012-12-21,,,,
2012-12-22,,,,
2012-12-23,,22.50605458,,
2012-12-24,,,,
2012-12-25,,,,
2012-12-26,,24.74970563,,
