Fecha,CO,DViento,HAire10,NO,NO2,NOx,O3,P,PLiquida,PM2.5,RGlobal,TAire10,VViento
2014-08-14,16520.55238095,161.68571429,53.8,54.67445652,30.09891304,84.77336957,10.36956522,,0.0,,10.83142857,20.75714286,0.02857143
2014-08-15,13130.95052632,210.6625,49.70416667,55.92391304,26.46902174,82.39293478,13.28521739,,0.0,,193.83583333,22.71666667,0.22916667
2014-08-16,14258.02588235,218.625,50.37083333,34.6326087,21.23858696,55.87119565,17.21391304,,0.0,,121.31041667,23.04583333,0.1625
2014-08-17,23225.79,226.40833333,51.86666667,26.34347826,18.01902174,44.3625,16.55913043,,0.0,,141.68041667,22.92083333,0.25
2014-08-18,10811.87478261,192.2125,54.7375,24.0951087,16.35271739,40.44782609,17.51652174,,0.0,,110.17875,22.37916667,0.17083333
2014-08-19,16962.394,173.92916667,63.17083333,61.7576087,31.44565217,93.20326087,9.75130435,,0.0,,85.04291667,20.9125,0.09583333
2014-08-20,19837.968,172.41666667,48.08333333,34.29728261,27.26521739,61.5625,19.64695652,,0.0,,147.2875,22.77083333,0.13333333
2014-08-21,19331.541,200.07916667,49.13333333,42.58695652,27.89456522,70.48152174,18.64608696,,0.0,,155.8625,22.43333333,0.2125
2014-08-22,8615.08,138.46666667,63.4125,55.66467391,36.0451087,91.70978261,17.13217391,,0.0,,75.84791667,20.99166667,0.05
2014-08-23,,137.15833333,75.74615385,49.38641304,33.51086957,80.85549517,11.00173913,,0.0,,66.65291667,18.79166667,0.04166667
2014-08-24,,124.45714286,,41.21666667,23.13958333,64.35625,0.69333333,,0.0,,7.83714286,17.04285714,0.05714286
2014-08-25,,,,,,,,,,,,,
2014-08-26,,,,,,,,,,,,,
2014-08-27,14850.01777778,,,48.93916667,40.1475,89.08666667,18.576,,,,,,
2014-08-28,5604.79142857,,,63.28369565,33.75108696,97.03478261,9.76571429,,,,,,
2014-08-29,7455.94173913,,,40.71576087,19.82771739,60.54347826,22.81478261,,,,,,
2014-08-30,6033.59304348,,,34.80271739,23.00706522,57.80978261,37.89565217,,,,,,
2014-08-31,4833.96086957,,,30.20108696,23.25,53.45108696,39.21565217,,,,,,
2014-09-01,,,,38.92045455,37.94181818,76.86227273,39.36363636,,0.0,,,,
2014-09-02,,,,44.88095238,70.99238095,115.87333333,17.2,,0.0,,,,
2014-09-03,,,,14.61956522,81.24869565,95.86826087,26.0,,0.0,,,,
2014-09-04,392.57142857,,,17.1875,75.28952381,93.4215,21.52380952,,0.0,,,,
2014-09-05,522.7173913,,,21.79347826,80.34956522,102.14304348,22.86956522,,0.0,,,,
2014-09-06,84.63043478,,,16.30434783,78.22434783,94.52869565,30.34782609,,0.0,,,,
2014-09-07,89.60869565,,,7.66304348,64.9826087,72.64565217,27.47826087,,0.0,,,,
2014-09-08,318.60869565,,,15.43478261,71.68521739,87.12,32.43478261,,0.0,,,,
2014-09-09,383.32608696,,,22.7173913,76.0173913,98.73478261,31.30434783,,0.0,,,,
2014-09-10,624.54545455,,,28.01136364,93.14545455,121.15681818,28.36363636,,0.0,,,,
2014-09-11,179.92857143,104.71818182,85.70909091,22.11956522,97.35130435,119.47086957,17.2173913,,0.0,,29.59090909,18.94363636,0.45454545
2014-09-12,1130.06521739,132.56666667,84.35,36.68478261,101.84695652,138.53173913,19.2173913,,,,63.01166667,18.94958333,0.22083333
2014-09-13,492.84782609,139.1,74.2125,30.92391304,89.83130435,120.75521739,19.82608696,,,,114.405,20.39791667,0.29583333
2014-09-14,219.04347826,119.875,72.9375,9.51086957,74.46434783,83.97521739,25.30434783,,,,81.79,20.22083333,0.6125
2014-09-15,286.25,128.01363636,79.22272727,27.38636364,84.51454545,111.90090909,15.81818182,,,,67.42909091,19.56545455,0.39545455
2014-09-16,751.7173913,126.60416667,56.93333333,14.94565217,70.86782609,85.81347826,22.60869565,,,,133.84416667,22.39791667,0.95
2014-09-17,761.425,112.52083333,68.65416667,17.20238095,66.33714286,83.53952381,32.2,,,,107.91916667,21.05166667,0.6875
2014-09-18,139.39130435,126.05,79.56666667,23.64130435,25.09391304,48.73521739,30.52173913,,,,57.75208333,18.3675,0.58333333
2014-09-19,283.76086957,109.06666667,81.57083333,25.32608696,23.21391304,48.54,17.47826087,,0.07083333,,75.18291667,18.24291667,0.4875
2014-09-20,199.13043478,118.32083333,78.87083333,19.45652174,18.55478261,38.01130435,29.30434783,,0.0,,91.53458333,19.12291667,0.6
2014-09-21,84.63043478,92.86666667,81.09166667,15.92391304,15.53043478,31.45434783,26.7826087,,0.0,,105.62791667,19.39041667,0.41666667
2014-09-22,49.7826087,101.39583333,77.84166667,20.97826087,16.1026087,37.08086957,23.47826087,,0.0,,110.75708333,19.31833333,0.94166667
2014-09-23,1815.64285714,79.85833333,67.975,22.66304348,22.56,45.22304348,28.17391304,,2.78,,138.87208333,21.10291667,0.85
2014-09-24,1573.13043478,79.36666667,60.1375,21.57608696,18.22782609,39.80391304,35.73913043,,0.0,,129.15083333,22.32208333,0.825
2014-09-25,2427.4,82.15,81.4,21.98928257,52.75811723,74.74739981,31.26891117,,0.03333333,,11.995,18.62833333,0.46666667
2014-09-26,,,,28.23784924,68.99648816,97.2343374,30.42147265,,,,,,
2014-09-27,,,,22.50025517,51.48376503,73.9840202,36.59812475,,,,,,
2014-09-28,2186.56089246,,,10.51520165,26.56793617,38.64676329,17.37167032,,,,,,
2014-09-29,1143.02203745,141.39166667,45.96666667,28.34139322,46.74196842,75.08336164,39.83333333,,0.0,,162.7875,24.235,1.225
2014-09-30,836.34782609,161.31666667,57.78333333,22.33695652,19.04521739,41.38217391,29.56521739,,0.0,,162.37166667,22.43333333,0.9625
2014-10-01,363.91086957,139.675,57.28333333,16.88913043,15.5852,32.47433043,28.04608696,,0.0,,140.44291667,22.33333333,1.14166667
2014-10-02,1208.72173913,117.40833333,52.46666667,18.84130435,14.50542609,33.34673043,24.50869565,,0.0,,114.88791667,22.525,1.125
2014-10-03,1383.95652174,130.85833333,58.00416667,25.87282609,20.13153043,46.00435652,21.27391304,,0.0,,104.32875,22.59583333,0.6875
2014-10-04,886.13043478,127.4125,70.46666667,14.32880435,21.62,35.94880435,22.76434783,,0.05833333,,96.28333333,22.03333333,0.77083333
2014-10-05,1078.29130435,116.1875,78.26428571,16.64565217,15.03182609,31.67747826,22.31304348,,0.1875,,123.6125,19.8,0.55
2014-10-06,1343.6326087,136.525,75.81,23.54728261,22.88368696,46.43096957,21.27478261,,0.0,,108.69958333,19.07916667,0.60416667
2014-10-07,1213.7,146.70833333,86.23846154,28.64782609,26.978,55.62582609,16.36,,0.0,,63.83125,18.23333333,0.1875
2014-10-08,611.33043478,125.04782609,74.55714286,24.2576087,28.38881739,52.64642609,8.88086957,,0.76956522,,47.74565217,18.63913043,0.19130435
2014-10-09,1263.4826087,155.69583333,69.6625,27.97826087,29.33453913,57.3128,7.48173913,,0.80416667,,34.85166667,19.1875,0.19166667
2014-10-10,1098.70217391,160.35416667,59.64166667,31.81793478,22.54937391,54.3673087,12.12086957,,0.02083333,,63.06041667,20.89583333,0.74166667
2014-10-11,839.33478261,141.77083333,56.20416667,25.81413043,19.85770435,45.67183478,14.79565217,,0.0375,,81.25583333,21.64166667,0.44583333
2014-10-12,1030.5,125.65833333,58.575,21.54402174,14.32314783,35.86716957,17.94521739,,0.12916667,,114.33125,21.49166667,0.57916667
2014-10-13,613.81956522,126.14583333,57.225,19.8798913,12.63932174,32.51921304,14.81391304,,0.04583333,,66.6075,21.37083333,0.52083333
2014-10-14,1211.21086957,127.66666667,56.59166667,26.50163043,22.69323478,49.19486522,12.29826087,,0.34583333,,102.42708333,21.9625,0.575
2014-10-15,1152.96521739,115.38333333,60.64166667,37.16467391,26.72787826,63.89255217,12.84695652,,0.10416667,,65.80375,20.89166667,0.28333333
2014-10-16,316.6173913,137.84583333,46.37916667,31.02717391,22.05730435,53.08447826,16.47130435,,0.00416667,,82.72375,23.40833333,0.825
2014-10-17,501.80869565,166.6625,48.84166667,28.95217391,19.58469565,48.53686957,16.48608696,,0.0,,65.8525,22.025,0.52083333
2014-10-18,735.28913043,132.94583333,46.87083333,27.92826087,19.29615652,47.22441739,14.46086957,,0.0,,58.99833333,21.8,0.47916667
2014-10-19,891.60652174,147.9,52.6875,20.50108696,18.3676,38.86868696,20.86869565,,0.075,,59.28,21.55,0.39166667
2014-10-20,1468.08913043,113.44583333,56.72916667,33.23858696,22.48725217,55.72583913,10.08434783,,0.14583333,,47.55875,20.925,0.29583333
2014-10-21,682.51956522,138.30833333,46.35,33.00434783,24.23892174,57.24326957,21.22695652,,0.0,,99.49166667,23.24583333,0.5625
2014-10-22,423.12954545,98.11666667,66.17083333,29.31904762,41.19527619,70.51432381,14.42857143,,1.27916667,,93.72,20.61666667,0.67083333
2014-10-23,1809.1,152.7,72.30833333,58.9125,58.91184348,117.82434348,19.72434783,,0.00416667,,137.86541667,20.1875,0.7
2014-10-24,767.64782609,140.9625,69.66666667,48.29293478,59.6524,107.94533478,22.94521739,,0.3375,,100.20625,21.09583333,0.75833333
2014-10-25,460.48913043,138.25416667,78.79583333,29.43409091,53.00489091,82.43898182,20.44571429,,1.09583333,,102.45833333,19.92083333,0.725
2014-10-26,818.92391304,140.35833333,83.99583333,24.65108696,37.11446957,61.76555652,19.86521739,,0.68333333,,45.36958333,17.6,0.3125
2014-10-27,1435.73043478,186.69583333,66.98333333,50.23967391,49.49304348,99.73271739,29.53565217,,0.00416667,,105.18541667,20.12083333,0.925
2014-10-28,736.7826087,125.9625,69.25,42.8576087,45.36930435,88.22691304,24.03130435,,0.00416667,,84.79666667,20.51666667,0.64583333
2014-10-29,825.89347826,128.12916667,77.275,47.00543478,43.84078261,90.84621739,21.35652174,,0.30833333,,107.07208333,19.425,0.5875
2014-10-30,1103.01666667,120.97916667,79.66666667,56.10434783,57.02285217,113.1272,31.64916667,,0.28333333,,81.16708333,18.58333333,0.4625
2014-10-31,1215.75995042,131.46666667,93.75,49.53458951,120.39108198,169.92567149,18.93101565,,0.28333333,,11.06666667,16.01666667,0.1
2014-11-01,790.42660958,,,46.82501793,107.95890052,157.77658804,25.52482508,,,,,,
2014-11-02,598.88670579,,,29.20488636,76.99872133,108.921001,25.6123855,,,,,,
2014-11-03,551.01870952,,,33.4113088,76.72818111,110.13948991,24.168209,,,,,,
2014-11-04,1527.58471813,,,65.24539076,146.63132145,216.27101062,27.86870267,,,,,,
2014-11-05,610.46858167,155.4,74.10714286,62.54354323,110.37695338,172.92049661,17.00378475,,0.25,,94.76357143,21.21428571,1.11428571
2014-11-06,820.10625,137.5375,86.7125,40.80677083,49.84428333,90.65105417,19.86333333,,0.4875,,69.6775,19.42083333,0.3875
2014-11-07,1247.57291667,156.2,77.6,49.13489583,43.04886667,92.1837625,22.20583333,,0.0047619,,160.38809524,20.00952381,0.56666667
2014-11-08,936.99166667,124.20416667,81.67916667,62.0140625,44.90615,106.9202125,15.30583333,,0.1125,,69.25333333,18.86666667,0.35833333
2014-11-09,481.85416667,129.1625,78.19583333,38.9921875,45.59,84.5821875,20.99,,0.54583333,,50.78875,19.78333333,0.36666667
2014-11-10,1226.58125,134.60833333,91.17083333,45.69895833,47.71988333,93.41884167,13.44583333,,1.10416667,,40.27041667,17.7375,0.13333333
2014-11-11,902.16458333,134.99166667,87.29166667,47.01666667,50.41063333,97.4273,14.59833333,,0.64166667,,43.47125,18.46666667,0.25416667
2014-11-12,547.69166667,118.45,87.60833333,57.37916667,40.326,97.70516667,12.99083333,,0.76666667,,86.56125,17.99166667,0.37916667
2014-11-13,906.93541667,131.87894737,76.27368421,53.615625,36.09678333,89.71240833,12.0825,,0.18421053,,154.07631579,19.32105263,0.99473684
2014-11-14,735.40227273,122.0875,84.10625,75.26079545,54.94983636,130.21063182,15.39,,0.30625,,93.9925,18.38125,0.55
2014-11-15,307.24166667,140.63333333,69.35833333,54.29010417,56.80733333,111.0974375,17.56,,0.0,,102.01416667,19.86666667,0.54583333
2014-11-16,592.5375,134.6,69.125,39.63854167,54.80435,94.44289167,15.985,,0.0,,66.29541667,20.12916667,0.83333333
2014-11-17,775.26041667,118.175,65.74166667,42.59010417,58.72728333,101.3173875,20.54833333,,0.0,,100.53333333,20.54583333,0.54166667
2014-11-18,1138.32083333,143.50833333,68.19583333,60.69270833,74.50675,135.19945833,20.5775,,0.0,,97.72291667,20.99583333,0.52083333
2014-11-19,929.83541667,127.29166667,71.27083333,48.81302083,76.64838333,125.46140417,20.30416667,,0.0,,81.23625,20.42916667,0.61666667
2014-11-20,1068.66666667,139.14166667,72.43333333,50.4546875,65.84386667,116.29855417,21.5775,,0.0,,118.44708333,19.9,0.61666667
2014-11-21,1022.38958333,125.38333333,70.03333333,51.2859375,62.7638,114.0497375,22.63583333,,0.1125,,114.62208333,20.15,0.91666667
2014-11-22,826.30833333,113.1625,76.92916667,39.2578125,65.26498333,104.52279583,20.425,,0.85416667,,64.39333333,19.33333333,0.40416667
2014-11-23,783.18,129.9,94.94,29.225,53.93344,83.15844,4.944,,0.12,,9.994,16.42,0.1
2014-11-24,,,,,,,,,,,,,
2014-11-25,,,,,,,,,,,,,
2014-11-26,2605.51111111,112.21111111,78.71111111,109.48611111,82.83488889,192.321,5.55777778,,0.0,,13.81222222,18.88888889,0.32222222
2014-11-27,1610.28636364,127.8173913,71.74347826,79.30271739,75.76726957,155.06998696,12.119,,0.02173913,,66.39086957,20.50434783,0.79130435
2014-11-28,654.64130435,108.28333333,61.36666667,42.80454545,62.32969091,105.13423636,21.36833333,,0.0,,104.91833333,21.8625,1.0625
2014-11-29,1577.71458333,115.74583333,61.57083333,44.45052083,61.35066667,105.8011875,17.85916667,,0.0,,95.73208333,22.17083333,0.5125
2014-11-30,898.34791667,148.45833333,63.43333333,34.7953125,56.81986667,91.61517917,16.27916667,,0.0,,59.12416667,22.07916667,0.54166667
2014-12-01,734.70833333,136.80416667,63.34583333,39.84375,57.49666667,97.34041667,14.16666667,,0.00416667,,114.98666667,22.34666667,1.06666667
2014-12-02,1940.29791667,136.35416667,61.40416667,49.73958333,62.58833333,112.32791667,21.83333333,,0.0,,97.99625,22.68541667,1.15263158
2014-12-03,1347.76041667,119.22083333,68.90833333,61.40625,83.03333333,144.43958333,16.5,,0.0,,33.90045455,20.79333333,0.18
2014-12-04,1297.18958333,146.0875,72.4875,80.36458333,79.50833333,159.87291667,23.91666667,,0.05416667,,66.39041667,20.38583333,0.6
2014-12-05,824.87708333,104.42083333,72.71666667,66.61458333,77.785,144.39958333,16.41666667,,0.23333333,,58.29458333,20.69916667,0.76818182
2014-12-06,982.79166667,115.125,80.42083333,41.19791667,70.65666667,111.85458333,17.33333333,,0.33333333,,42.80583333,19.32083333,0.38421053
2014-12-07,457.52291667,110.01666667,81.4375,32.96875,59.06333333,92.03208333,17.75,,0.29166667,,52.82958333,19.17125,0.67058824
2014-12-08,1123.53125,134.19166667,81.49583333,39.16666667,56.24333333,95.41,17.16666667,,0.2125,,109.1075,19.16708333,0.8
2014-12-09,1217.51666667,116.93333333,89.3125,74.47916667,70.265,144.74416667,7.33333333,,0.45416667,,37.8025,18.05958333,0.36875
2014-12-10,1084.76304348,136.01666667,77.22083333,48.5326087,63.1026087,111.63521739,13.13043478,,0.08333333,,125.30666667,19.38625,0.88888889
2014-12-11,1438.88333333,130.0125,78.6625,69.42708333,73.085,142.51208333,19.33333333,,0.0,,71.24666667,19.0075,0.41818182
2014-12-12,562.00416667,115.58333333,73.93333333,65.52083333,76.29666667,141.8175,26.58333333,,0.075,,99.11291667,20.15666667,0.83529412
2014-12-13,1016.1875,121.0125,87.14166667,70.36458333,78.17666667,148.54125,7.5,,0.5375,,18.68583333,17.82833333,0.25333333
2014-12-14,619.73125,121.60416667,71.57083333,34.94791667,58.59333333,93.54125,14.66666667,,0.02916667,,120.94428571,19.86125,0.72941176
2014-12-15,1950.79375,138.76666667,81.2625,61.51041667,77.94166667,139.45208333,13.83333333,,0.09583333,,56.15291667,19.56583333,0.65625
2014-12-16,618.77708333,129.0173913,70.06666667,68.90625,67.21,136.11625,18.25,,0.0,,96.39416667,20.90583333,0.60714286
2014-12-17,1476.5047619,134.63913043,72.84782609,53.80434783,69.47826087,123.2826087,9.65217391,,0.0,,57.91217391,20.6873913,0.76875
2014-12-18,1918.39545455,132.72916667,80.46363636,73.48684211,65.70105263,139.18789474,15.14285714,,0.13333333,,88.9375,19.85916667,0.73571429
2014-12-19,249.51458333,133.94583333,74.25,72.1875,68.385,140.5725,22.58333333,,0.17083333,,96.635,19.38,0.625
2014-12-20,10.49583333,138.29166667,77.00625,44.94791667,58.12333333,103.07125,18.16666667,,0.2625,,73.79416667,19.86291667,0.575
2014-12-21,55.81875,121.1,78.77142857,34.16666667,50.21166667,84.37833333,18.83333333,,0.00416667,,80.70333333,20.24375,0.5
2014-12-22,156.96041667,142.96666667,67.27916667,26.61458333,34.46666667,61.08125,20.08333333,,0.00416667,,90.9775,21.14708333,0.94761905
2014-12-23,65.8375,136.05416667,63.13333333,11.66666667,17.625,29.29166667,20.5,,0.0,,112.31833333,21.47083333,0.86818182
2014-12-24,11.45,115.21666667,65.5,7.8125,15.11833333,22.93083333,17.75,,0.0,,93.15,21.5075,1.04782609
2014-12-25,0.95416667,108.5625,71.74583333,2.76041667,10.96666667,12.77222222,19.66666667,,0.01666667,,75.37291667,21.97958333,1.19411765
2014-12-26,54.3875,172.7875,61.09166667,10.05208333,16.24857143,27.32,16.5,,0.0,,104.89916667,21.67916667,1.31
2014-12-27,28.14791667,150.83333333,67.05416667,7.8125,15.77565217,23.60173913,15.91666667,,0.0,,79.01625,21.66041667,1.115
2014-12-28,24.33125,133.825,63.925,8.90625,13.818,23.3805,15.91666667,,0.0,,73.315,21.69875,0.82222222
2014-12-29,16.69791667,129.07083333,60.21666667,8.95833333,16.47764706,25.22764706,18.58333333,,0.0,,101.4325,21.79041667,0.84736842
2014-12-30,5.24791667,150.90833333,63.2,5.05208333,12.96210526,17.83052632,20.75,,0.0,,80.47416667,21.82625,1.45
2014-12-31,2.8625,119.325,62.94583333,4.63541667,12.408,16.783,19.91666667,,0.0,,99.12875,22.44541667,0.76666667
2015-01-01,19.08333333,102.3375,60.9375,5.36458333,13.30461538,20.70846154,,,0.0,,827.02170833,21.55375,0.6
2015-01-02,4.77083333,124.75,56.00833333,3.33333333,12.455,15.78833333,,,0.0,,826.93193333,21.72166667,1.09583333
2015-01-03,71.5625,138.425,56.925,6.08695652,11.63809524,17.94761905,,,0.0,,827.08488333,21.53875,0.74166667
2015-01-04,71.5625,126.50833333,53.64166667,3.85416667,8.272,12.3345,,,0.0,,827.801975,21.44458333,1.04166667
2015-01-05,186.0625,165.07083333,57.81666667,6.97916667,9.93714286,17.49666667,,,0.0,,828.054675,21.3975,0.9
2015-01-06,176.52083333,140.7375,57.06666667,6.71875,10.34,17.05875,,,0.0,,827.017275,21.52541667,1.78571429
2015-01-07,1782.2173913,141.33333333,56.96666667,9.60227273,22.184,31.809,,,0.0,,825.7953375,21.23625,1.07916667
2015-01-08,1855.85416667,138.7,62.88333333,15.05208333,32.43,47.48208333,,,0.0,,826.65429583,21.04458333,1.40909091
2015-01-09,2118.25,148.29583333,60.3875,14.79166667,31.02,45.81166667,,,0.0,,827.1120375,21.90708333,1.3
2015-01-10,2375.875,112.32083333,60.1,12.39583333,33.21333333,45.60916667,,,0.0,,827.78257917,22.5875,1.81052632
2015-01-11,1874.9375,140.275,63.80416667,7.65625,25.69333333,33.34958333,,,0.02916667,,827.10760417,22.84458333,0.97272727
2015-01-12,2657.35416667,106.77083333,63.09583333,10.9375,27.65166667,38.58916667,,,0.0,,827.19904167,22.1,0.86315789
2015-01-13,2576.25,114.45,74.525,26.45833333,36.58166667,63.04,,,0.02083333,,827.47002917,20.72875,0.66315789
2015-01-14,,,,,,,,,,,,,
2015-01-15,,,,,,,,,,,,,
2015-01-16,,,,,,,,,,,,,
2015-01-17,,,,,,,,,,,,,
2015-01-18,,,,,,,,,,,,,
2015-01-19,,,,,,,,,,,,,
2015-01-20,,,,,,,,,,,,,
2015-01-21,,,,,,,,,,,,,
2015-01-22,,,,,,,,,,,,,
2015-01-23,,,,,,,,,,,,,
2015-01-24,,,,,,,,,,,,,
2015-01-25,,,,,,,,,,,,,
2015-01-26,,,,,,,,,,,,,
2015-01-27,,,,,,,,,,,,,
2015-01-28,,,,,,,,,,,,,
2015-01-29,,,,,,,,,,,,,
2015-01-30,,,,,,,,,,,,,
2015-01-31,,,,,,,,,,,,,
2015-02-01,,,,,,,,,,,,,
2015-02-02,,,,,,,,,,,,,
2015-02-03,,,,,,,,,,,,,
2015-02-04,,,,,,,,,,,,,
2015-02-05,,,,,,,,,,,,,
2015-02-06,,,,,,,,,,,,,
2015-02-07,,,,,,,,,,,,,
2015-02-08,,,,,,,,,,,,,
2015-02-09,,,,,,,,,,,,,
2015-02-10,,,,,,,,,,,,,
2015-02-11,,,,,,,,,,,,,
2015-02-12,,,,,,,,,,,,,
2015-02-13,,,,,,,,,,,,,
2015-02-14,,,,,,,,,,,,,
2015-02-15,,,,,,,,,,,,,
2015-02-16,,,,,,,,,,,,,
2015-02-17,,,,,,,,,,,,,
2015-02-18,,,,,,,,,,,,,
2015-02-19,,,,,,,,,,,,,
2015-02-20,,,,,,,,,,,,,
2015-02-21,,,,,,,,,,,,,
2015-02-22,,,,,,,,,,,,,
2015-02-23,,,,,,,,,,,,,
2015-02-24,,,,,,,,,,,,,
2015-02-25,,,,,,,,,,,,,
2015-02-26,,,,,,,,,,,,,
2015-02-27,,,,,,,,,,,,,
2015-02-28,,,,,,,,,,,,,
2015-03-01,,,,,,,,,,,,,
2015-03-02,,,,,,,,,,,,,
2015-03-03,,,,,,,,,,,,,
2015-03-04,,,,,,,,,,,,,
2015-03-05,,,,,,,,,,,,,
2015-03-06,,,,,,,,,,,,,
2015-03-07,,,,,,,,,,,,,
2015-03-08,,,,,,,,,,,,,
2015-03-09,,,,,,,,,,,,,
2015-03-10,,,,,,,,,,,,,
2015-03-11,,,,,,,,,,,,,
2015-03-12,,,,,,,,,,,,,
2015-03-13,,,,,,,,,,,,,
2015-03-14,,,,,,,,,,,,,
2015-03-15,,,,,,,,,,,,,
2015-03-16,,,,,,,,,,,,,
2015-03-17,,,,,,,,,,,,,
2015-03-18,,,,,,,,,,,,,
2015-03-19,,,,,,,,,,,,,
2015-03-20,,,,,,,,,,,,,
2015-03-21,,,,,,,,,,,,,
2015-03-22,,,,,,,,,,,,,
2015-03-23,,,,,,,,,,,,,
2015-03-24,,,,,,,,,,,,,
2015-03-25,,,,,,,,,,,,,
2015-03-26,,,,,,,,,,,,,
2015-03-27,,,,,,,,,,,,,
2015-03-28,,,,,,,,,,,,,
2015-03-29,,,,,,,,,,,,,
2015-03-30,,,,,,,,,,,,,
2015-03-31,,,,,,,,,,,,,
2015-04-01,,,,,,,,,,,,,
2015-04-02,,,,,,,,,,,,,
2015-04-03,,,,,,,,,,,,,
2015-04-04,,,,,,,,,,,,,
2015-04-05,,,,,,,,,,,,,
2015-04-06,,,,,,,,,,,,,
2015-04-07,,,,,,,,,,,,,
2015-04-08,,,,,,,,,,,,,
2015-04-09,,,,,,,,,,,,,
2015-04-10,,,,,,,,,,,,,
2015-04-11,,,,,,,,,,,,,
2015-04-12,,,,,,,,,,,,,
2015-04-13,,,,,,,,,,,,,
2015-04-14,,,,,,,,,,,,,
2015-04-15,,,,,,,,,,,,,
2015-04-16,,,,,,,,,,,,,
2015-04-17,,,,,,,,,,,,,
2015-04-18,,,,,,,,,,,,,
2015-04-19,,,,,,,,,,,,,
2015-04-20,,,,,,,,,,,,,
2015-04-21,,,,,,,,,,,,,
2015-04-22,,,,,,,,,,,,,
2015-04-23,,,,,,,,,,,,,
2015-04-24,,,,,,,,,,,,,
2015-04-25,,,,,,,,,,,,,
2015-04-26,,,,,,,,,,,,,
2015-04-27,,,,,,,,,,,,,
2015-04-28,,,,,,,,,,,,,
2015-04-29,,,,,,,,,,,,,
2015-04-30,,,,,,,,,,,,,
2015-05-01,,,,,,,,,,,,,
2015-05-02,,,,,,,,,,,,,
2015-05-03,,,,,,,,,,,,,
2015-05-04,,,,,,,,,,,,,
2015-05-05,,,,,,,,,,,,,
2015-05-06,,,,,,,,,,,,,
2015-05-07,,,,,,,,,,,,,
2015-05-08,,,,,,,,,,,,,
2015-05-09,,,,,,,,,,,,,
2015-05-10,,,,,,,,,,,,,
2015-05-11,,,,,,,,,,,,,
2015-05-12,,,,,,,,,,,,,
2015-05-13,,,,,,,,,,,,,
2015-05-14,,,,,,,,,,,,,
2015-05-15,,,,,,,,,,,,,
2015-05-16,,,,,,,,,,,,,
2015-05-17,,,,,,,,,,,,,
2015-05-18,,,,,,,,,,,,,
2015-05-19,,,,,,,,,,,,,
2015-05-20,,,,,,,,,,,,,
2015-05-21,,,,,,,,,,,,,
2015-05-22,,,,,,,,,,,,,
2015-05-23,,,,,,,,,,,,,
2015-05-24,,,,,,,,,,,,,
2015-05-25,,,,,,,,,,,,,
2015-05-26,,,,,,,,,,,,,
2015-05-27,,,,,,,,,,,,,
2015-05-28,,,,,,,,,,,,,
2015-05-29,,,,,,,,,,,,,
2015-05-30,,,,,,,,,,,,,
2015-05-31,,,,,,,,,,,,,
2015-06-01,,,,,,,,,,,,,
2015-06-02,,,,,,,,,,,,,
2015-06-03,,,,,,,,,,,,,
2015-06-04,,,,,,,,,,,,,
2015-06-05,,,,,,,,,,,,,
2015-06-06,,,,,,,,,,,,,
2015-06-07,,,,,,,,,,,,,
2015-06-08,,,,,,,,,,,,,
2015-06-09,,,,,,,,,,,,,
2015-06-10,,,,,,,,,,,,,
2015-06-11,,,,,,,,,,,,,
2015-06-12,,,,,,,,,,,,,
2015-06-13,,,,,,,,,,,,,
2015-06-14,,,,,,,,,,,,,
2015-06-15,,,,,,,,,,,,,
2015-06-16,,,,,,,,,,,,,
2015-06-17,,,,,,,,,,,,,
2015-06-18,,,,,,,,,,,,,
2015-06-19,,,,,,,,,,,,,
2015-06-20,,,,,,,,,,,,,
2015-06-21,,,,,,,,,,,,,
2015-06-22,,,,,,,,,,,,,
2015-06-23,,,,,,,,,,,,,
2015-06-24,,,,,,,,,,,,,
2015-06-25,,,,,,,,,,,,,
2015-06-26,,,,,,,,,,,,,
2015-06-27,,,,,,,,,,,,,
2015-06-28,,,,,,,,,,,,,
2015-06-29,,,,,,,,,,,,,
2015-06-30,,,,,,,,,,,,,
2015-07-01,,,,,,,,,,,,,
2015-07-02,,,,,,,,,,,,,
2015-07-03,,,,,,,,,,,,,
2015-07-04,,,,,,,,,,,,,
2015-07-05,,,,,,,,,,,,,
2015-07-06,,,,,,,,,,,,,
2015-07-07,,,,,,,,,,,,,
2015-07-08,,,,,,,,,,,,,
2015-07-09,,,,,,,,,,,,,
2015-07-10,,,,,,,,,,,,,
2015-07-11,,,,,,,,,,,,,
2015-07-12,,,,,,,,,,,,,
2015-07-13,,,,,,,,,,,,,
2015-07-14,,,,,,,,,,,,,
2015-07-15,,,,,,,,,,,,,
2015-07-16,,,,,,,,,,,,,
2015-07-17,,,,,,,,,,,,,
2015-07-18,,,,,,,,,,,,,
2015-07-19,,,,,,,,,,,,,
2015-07-20,,,,,,,,,,,,,
2015-07-21,,,,,,,,,,,,,
2015-07-22,,,,,,,,,,,,,
2015-07-23,,,,,,,,,,,,,
2015-07-24,,,,,,,,,,,,,
2015-07-25,,,,,,,,,,,,,
2015-07-26,,,,,,,,,,,,,
2015-07-27,,,,,,,,,,,,,
2015-07-28,,,,,,,,,,,,,
2015-07-29,,,,,,,,,,,,,
2015-07-30,,,,,,,,,,,,,
2015-07-31,,,,,,,,,,,,,
2015-08-01,,,,,,,,,,,,,
2015-08-02,,,,,,,,,,,,,
2015-08-03,,,,,,,,,,,,,
2015-08-04,,,,,,,,,,,,,
2015-08-05,,,,,,,,,,,,,
2015-08-06,,,,,,,,,,,,,
2015-08-07,,,,,,,,,,,,,
2015-08-08,,,,,,,,,,,,,
2015-08-09,,,,,,,,,,,,,
2015-08-10,,,,,,,,,,,,,
2015-08-11,,,,,,,,,,,,,
2015-08-12,,,,,,,,,,,,,
2015-08-13,,,,,,,,,,,,,
2015-08-14,,,,,,,,,,,,,
2015-08-15,,,,,,,,,,,,,
2015-08-16,,,,,,,,,,,,,
2015-08-17,,,,,,,,,,,,,
2015-08-18,,,,,,,,,,,,,
2015-08-19,,,,,,,,,,,,,
2015-08-20,,,,,,,,,,,,,
2015-08-21,,,,,,,,,,,,,
2015-08-22,,,,,,,,,,,,,
2015-08-23,,,,,,,,,,,,,
2015-08-24,,,,,,,,,,,,,
2015-08-25,,,,,,,,,,,,,
2015-08-26,,,,,,,,,,,,,
2015-08-27,,,,,,,,,,,,,
2015-08-28,,,,,,,,,,,,,
2015-08-29,,,,,,,,,,,,,
2015-08-30,,,,,,,,,,,,,
2015-08-31,,,,,,,,,,,,,
2015-09-01,,,,,,,,,,,,,
2015-09-02,,,,,,,,,,,,,
2015-09-03,,,,,,,,,,,,,
2015-09-04,,,,,,,,,,,,,
2015-09-05,,,,,,,,,,,,,
2015-09-06,,,,,,,,,,,,,
2015-09-07,,,,,,,,,,,,,
2015-09-08,,,,,,,,,,,,,
2015-09-09,,,,,,,,,,,,,
2015-09-10,,,,,,,,,,,,,
2015-09-11,,,,,,,,,,,,,
2015-09-12,,,,,,,,,,,,,
2015-09-13,,,,,,,,,,,,,
2015-09-14,,,,,,,,,,,,,
2015-09-15,,,,,,,,,,,,,
2015-09-16,,,,,,,,,,,,,
2015-09-17,,,,,,,,,,,,,
2015-09-18,,,,,,,,,,,,,
2015-09-19,,,,,,,,,,,,,
2015-09-20,,,,,,,,,,,,,
2015-09-21,,,,,,,,,,,,,
2015-09-22,,,,,,,,,,,,,
2015-09-23,,,,,,,,,,,,,
2015-09-24,,,,,,,,,,,,,
2015-09-25,,,,,,,,,,,,,
2015-09-26,,,,,,,,,,,,,
2015-09-27,,,,,,,,,,,,,
2015-09-28,,,,,,,,,,,,,
2015-09-29,,,,,,,,,,,,,
2015-09-30,,,,,,,,,,,,,
2015-10-01,,,,,,,,,,,,,
2015-10-02,,,,,,,,,,,,,
2015-10-03,,,,,,,,,,,,,
2015-10-04,,,,,,,,,,,,,
2015-10-05,,,,,,,,,,,,,
2015-10-06,,,,,,,,,,,,,
2015-10-07,,,,,,,,,,,,,
2015-10-08,,,,,,,,,,,,,
2015-10-09,,,,,,,,,,,,,
2015-10-10,,,,,,,,,,,,,
2015-10-11,,,,,,,,,,,,,
2015-10-12,,,,,,,,,,,,,
2015-10-13,,,,,,,,,,,,,
2015-10-14,,,,,,,,,,,,,
2015-10-15,,,,,,,,,,,,,
2015-10-16,,,,,,,,,,,,,
2015-10-17,,,,,,,,,,,,,
2015-10-18,,,,,,,,,,,,,
2015-10-19,,,,,,,,,,,,,
2015-10-20,,,,,,,,,,,,,
2015-10-21,,,,,,,,,,,,,
2015-10-22,,,,,,,,,,,,,
2015-10-23,,,,,,,,,,,,,
2015-10-24,,,,,,,,,,,,,
2015-10-25,,,,,,,,,,,,,
2015-10-26,,,,,,,,,,,,,
2015-10-27,,,,,,,,,,,,,
2015-10-28,,,,,,,,,,,,,
2015-10-29,,,,,,,,,,,,,
2015-10-30,,,,,,,,,,,,,
2015-10-31,,,,,,,,,,,,,
2015-11-01,,,,,,,,,,,,,
2015-11-02,,,,,,,,,,,,,
2015-11-03,,,,,,,,,,,,,
2015-11-04,,,,,,,,,,,,,
2015-11-05,,,,,,,,,,,,,
2015-11-06,,,,,,,,,,,,,
2015-11-07,,,,,,,,,,,,,
2015-11-08,,,,,,,,,,,,,
2015-11-09,,,,,,,,,,,,,
2015-11-10,,,,,,,,,,,,,
2015-11-11,,,,,,,,,,,,,
2015-11-12,,,,,,,,,,,,,
2015-11-13,,,,,,,,,,,,,
2015-11-14,,,,,,,,,,,,,
2015-11-15,,,,,,,,,,,,,
2015-11-16,,,,,,,,,,,,,
2015-11-17,,,,,,,,,,,,,
2015-11-18,,,,,,,,,,,,,
2015-11-19,,,,,,,,,,,,,
2015-11-20,,,,,,,,,,,,,
2015-11-21,,,,,,,,,,,,,
2015-11-22,,,,,,,,,,,,,
2015-11-23,,,,,,,,,,,,,
2015-11-24,,,,,,,,,,,,,
2015-11-25,,,,,,,,,,,,,
2015-11-26,,,,,,,,,,,,,
2015-11-27,,,,,,,,,,,,,
2015-11-28,,,,,,,,,,,,,
2015-11-29,,,,,,,,,,,,,
2015-11-30,,,,,,,,,,,,,
2015-12-01,,,,,,,,,,,,,
2015-12-02,,,,,,,,,,,,,
2015-12-03,,,,,,,,,,,,,
2015-12-04,,,,,,,,,,,,,
2015-12-05,,,,,,,,,,,,,
2015-12-06,,,,,,,,,,,,,
2015-12-07,,,,,,,,,,,,,
2015-12-08,,,,,,,,,,,,,
2015-12-09,,,,,,,,,,,,,
2015-12-10,,,,,,,,,,,,,
2015-12-11,,,,,,,,,,,,,
2015-12-12,,,,,,,,,,,,,
2015-12-13,,,,,,,,,,,,,
2015-12-14,,,,,,,,,,,,,
2015-12-15,,,,,,,,,,,,,
2015-12-16,,,,,,,,,,,,,
2015-12-17,,,,,,,,,,,,,
2015-12-18,,,,,,,,,,,,,
2015-12-19,,,,,,,,,,,,,
2015-12-20,,,,,,,,,,,,,
2015-12-21,,,,,,,,,,,,,
2015-12-22,,,,,,,,,,,,,
2015-12-23,,,,,,,,,,,,,
2015-12-24,,,,,,,,,,,,,
2015-12-25,,,,,,,,,,,,,
2015-12-26,,,,,,,,,,,,,
2015-12-27,,,,,,,,,,,,,
2015-12-28,,,,,,,,,,,,,
2015-12-29,,,,,,,,,,,,,
2015-12-30,,,,,,,,,,,,,
2015-12-31,,,,,,,,,,,,,
2016-01-01,,,,,,,,,,,,,
2016-01-02,,,,,,,,,,,,,
2016-01-03,,,,,,,,,,,,,
2016-01-04,,,,,,,,,,,,,
2016-01-05,,,,,,,,,,,,,
2016-01-06,,,,,,,,,,,,,
2016-01-07,,,,,,,,,,,,,
2016-01-08,,,,,,,,,,,,,
2016-01-09,,,,,,,,,,,,,
2016-01-10,,,,,,,,,,,,,
2016-01-11,,,,,,,,,,,,,
2016-01-12,,,,,,,,,,,,,
2016-01-13,,,,,,,,,,,,,
2016-01-14,,,,,,,,,,,,,
2016-01-15,,,,,,,,,,,,,
2016-01-16,,,,,,,,,,,,,
2016-01-17,,,,,,,,,,,,,
2016-01-18,,,,,,,,,,,,,
2016-01-19,,,,,,,,,,,,,
2016-01-20,,,,,,,,,,,,,
2016-01-21,,,,,,,,,,,,,
2016-01-22,,,,,,,,,,,,,
2016-01-23,,,,,,,,,,,,,
2016-01-24,,,,,,,,,,,,,
2016-01-25,,,,,,,,,,,,,
2016-01-26,,,,,,,,,,,,,
2016-01-27,,,,,,,,,,,,,
2016-01-28,,,,,,,,,,,,,
2016-01-29,,,,,,,,,,,,,
2016-01-30,,,,,,,,,,,,,
2016-01-31,,,,,,,,,,,,,
2016-02-01,,,,,,,,,,,,,
2016-02-02,,,,,,,,,,,,,
2016-02-03,,,,,,,,,,,,,
2016-02-04,,,,,,,,,,,,,
2016-02-05,,,,,,,,,,,,,
2016-02-06,,,,,,,,,,,,,
2016-02-07,,,,,,,,,,,,,
2016-02-08,,,,,,,,,,,,,
2016-02-09,,,,,,,,,,,,,
2016-02-10,,,,,,,,,,,,,
2016-02-11,,,,,,,,,,,,,
2016-02-12,,,,,,,,,,,,,
2016-02-13,,,,,,,,,,,,,
2016-02-14,,,,,,,,,,,,,
2016-02-15,,,,,,,,,,,,,
2016-02-16,,,,,,,,,,,,,
2016-02-17,,,,,,,,,,,,,
2016-02-18,,,,,,,,,,,,,
2016-02-19,,,,,,,,,,,,,
2016-02-20,,,,,,,,,,,,,
2016-02-21,,,,,,,,,,,,,
2016-02-22,,,,,,,,,,,,,
2016-02-23,,,,,,,,,,,,,
2016-02-24,,,,,,,,,,,,,
2016-02-25,,,,,,,,,,,,,
2016-02-26,,,,,,,,,,,,,
2016-02-27,,,,,,,,,,,,,
2016-02-28,,,,,,,,,,,,,
2016-02-29,,,,,,,,,,,,,
2016-03-01,,,,,,,,,,,,,
2016-03-02,,,,,,,,,,,,,
2016-03-03,,,,,,,,,,,,,
2016-03-04,,,,,,,,,,,,,
2016-03-05,,,,,,,,,,,,,
2016-03-06,,,,,,,,,,,,,
2016-03-07,,,,,,,,,,,,,
2016-03-08,,,,,,,,,,,,,
2016-03-09,,,,,,,,,,,,,
2016-03-10,,,,,,,,,,,,,
2016-03-11,,,,,,,,,,,,,
2016-03-12,,,,,,,,,,,,,
2016-03-13,,,,,,,,,,,,,
2016-03-14,,,,,,,,,,,,,
2016-03-15,,,,,,,,,,,,,
2016-03-16,,,,,,,,,,,,,
2016-03-17,,,,,,,,,,,,,
2016-03-18,,,,,,,,,,,,,
2016-03-19,,,,,,,,,,,,,
2016-03-20,,,,,,,,,,,,,
2016-03-21,,,,,,,,,,,,,
2016-03-22,,,,,,,,,,,,,
2016-03-23,,,,,,,,,,,,,
2016-03-24,,,,,,,,,,,,,
2016-03-25,,,,,,,,,,,,,
2016-03-26,,,,,,,,,,,,,
2016-03-27,,,,,,,,,,,,,
2016-03-28,,,,,,,,,,,,,
2016-03-29,,,,,,,,,,,,,
2016-03-30,,,,,,,,,,,,,
2016-03-31,,,,,,,,,,,,,
2016-04-01,,,,,,,,,,,,,
2016-04-02,,,,,,,,,,,,,
2016-04-03,,,,,,,,,,,,,
2016-04-04,,,,,,,,,,,,,
2016-04-05,,,,,,,,,,,,,
2016-04-06,,,,,,,,,,,,,
2016-04-07,,,,,,,,,,,,,
2016-04-08,,,,,,,,,,,,,
2016-04-09,,,,,,,,,,,,,
2016-04-10,,,,,,,,,,,,,
2016-04-11,,,,,,,,,,,,,
2016-04-12,,,,,,,,,,,,,
2016-04-13,,,,,,,,,,,,,
2016-04-14,,,,,,,,,,,,,
2016-04-15,,,,,,,,,,,,,
2016-04-16,,,,,,,,,,,,,
2016-04-17,,,,,,,,,,,,,
2016-04-18,,,,,,,,,,,,,
2016-04-19,,,,,,,,,,,,,
2016-04-20,,,,,,,,,,,,,
2016-04-21,,,,,,,,,,,,,
2016-04-22,,,,,,,,,,,,,
2016-04-23,,,,,,,,,,,,,
2016-04-24,,,,,,,,,,,,,
2016-04-25,,,,,,,,,,,,,
2016-04-26,,,,,,,,,,,,,
2016-04-27,,,,,,,,,,,,,
2016-04-28,,,,,,,,,,,,,
2016-04-29,,,,,,,,,,,,,
2016-04-30,,,,,,,,,,,,,
2016-05-01,,,,,,,,,,,,,
2016-05-02,,,,,,,,,,,,,
2016-05-03,,,,,,,,,,,,,
2016-05-04,,,,,,,,,,,,,
2016-05-05,,,,,,,,,,,,,
2016-05-06,,,,,,,,,,,,,
2016-05-07,,,,,,,,,,,,,
2016-05-08,,,,,,,,,,,,,
2016-05-09,,,,,,,,,,,,,
2016-05-10,,,,,,,,,,,,,
2016-05-11,,,,,,,,,,,,,
2016-05-12,,,,,,,,,,,,,
2016-05-13,,,,,,,,,,,,,
2016-05-14,,,,,,,,,,,,,
2016-05-15,,,,,,,,,,,,,
2016-05-16,,,,,,,,,,,,,
2016-05-17,,,,,,,,,,,,,
2016-05-18,,,,,,,,,,,,,
2016-05-19,,,,,,,,,,,,,
2016-05-20,,,,,,,,,,,,,
2016-05-21,,,,,,,,,,,,,
2016-05-22,,,,,,,,,,,,,
2016-05-23,,,,,,,,,,,,,
2016-05-24,,,,,,,,,,,,,
2016-05-25,,,,,,,,,,,,,
2016-05-26,,,,,,,,,,,,,
2016-05-27,,,,,,,,,,,,,
2016-05-28,,,,,,,,,,,,,
2016-05-29,,,,,,,,,,,,,
2016-05-30,,,,,,,,,,,,,
2016-05-31,,,,,,,,,,,,,
2016-06-01,,,,,,,,,,,,,
2016-06-02,,,,,,,,,,,,,
2016-06-03,,,,,,,,,,,,,
2016-06-04,,,,,,,,,,,,,
2016-06-05,,,,,,,,,,,,,
2016-06-06,,,,,,,,,,,,,
2016-06-07,,,,,,,,,,,,,
2016-06-08,,,,,,,,,,,,,
2016-06-09,,,,,,,,,,,,,
2016-06-10,,,,,,,,,,,,,
2016-06-11,,,,,,,,,,,,,
2016-06-12,,,,,,,,,,,,,
2016-06-13,,,,,,,,,,,,,
2016-06-14,,,,,,,,,,,,,
2016-06-15,,,,,,,,,,,,,
2016-06-16,,,,,,,,,,,,,
2016-06-17,,,,,,,,,,,,,
2016-06-18,,,,,,,,,,,,,
2016-06-19,,,,,,,,,,,,,
2016-06-20,,,,,,,,,,,,,
2016-06-21,,,,,,,,,,,,,
2016-06-22,,,,,,,,,,,,,
2016-06-23,,,,,,,,,,,,,
2016-06-24,,,,,,,,,,,,,
2016-06-25,,,,,,,,,,,,,
2016-06-26,,,,,,,,,,,,,
2016-06-27,,,,,,,,,,,,,
2016-06-28,,,,,,,,,,,,,
2016-06-29,,,,,,,,,,,,,
2016-06-30,,,,,,,,,,,,,
2016-07-01,,,,,,,,,,,,,
2016-07-02,,,,,,,,,,,,,
2016-07-03,,,,,,,,,,,,,
2016-07-04,,,,,,,,,,,,,
2016-07-05,,,,,,,,,,,,,
2016-07-06,,,,,,,,,,,,,
2016-07-07,,,,,,,,,,,,,
2016-07-08,,,,,,,,,,,,,
2016-07-09,,,,,,,,,,,,,
2016-07-10,,,,,,,,,,,,,
2016-07-11,,,,,,,,,,,,,
2016-07-12,,,,,,,,,,,,,
2016-07-13,,,,,,,,,,,,,
2016-07-14,,,,,,,,,,,,,
2016-07-15,,,,,,,,,,,,,
2016-07-16,,,,,,,,,,,,,
2016-07-17,,,,,,,,,,,,,
2016-07-18,,,,,,,,,,,,,
2016-07-19,,,,,,,,,,,,,
2016-07-20,,,,,,,,,,,,,
2016-07-21,,,,,,,,,,,,,
2016-07-22,,,,,,,,,,,,,
2016-07-23,,,,,,,,,,,,,
2016-07-24,,,,,,,,,,,,,
2016-07-25,,,,,,,,,,,,,
2016-07-26,,,,,,,,,,,,,
2016-07-27,,,,,,,,,,,,,
2016-07-28,,,,,,,,,,,,,
2016-07-29,,,,,,,,,,,,,
2016-07-30,,,,,,,,,,,,,
2016-07-31,,,,,,,,,,,,,
2016-08-01,,,,,,,,,,,,,
2016-08-02,,,,,,,,,,,,,
2016-08-03,,,,,,,,,,,,,
2016-08-04,,,,,,,,,,,,,
2016-08-05,,,,,,,,,,,,,
2016-08-06,,,,,,,,,,,,,
2016-08-07,,,,,,,,,,,,,
2016-08-08,,,,,,,,,,,,,
2016-08-09,,,,,,,,,,,,,
2016-08-10,,,,,,,,,,,,,
2016-08-11,,,,,,,,,,,,,
2016-08-12,,,,,,,,,,,,,
2016-08-13,,,,,,,,,,,,,
2016-08-14,,,,,,,,,,,,,
2016-08-15,,,,,,,,,,,,,
2016-08-16,,,,,,,,,,,,,
2016-08-17,,,,,,,,,,,,,
2016-08-18,,,,,,,,,,,,,
2016-08-19,,,,,,,,,,,,,
2016-08-20,,,,,,,,,,,,,
2016-08-21,,,,,,,,,,,,,
2016-08-22,,,,,,,,,,,,,
2016-08-23,,,,,,,,,,,,,
2016-08-24,,,,,,,,,,,,,
2016-08-25,,,,,,,,,,,,,
2016-08-26,,,,,,,,,,,,,
2016-08-27,,,,,,,,,,,,,
2016-08-28,,,,,,,,,,,,,
2016-08-29,,,,,,,,,,,,,
2016-08-30,,,,,,,,,,,,,
2016-08-31,,,,,,,,,,,,,
2016-09-01,,,,,,,,,,,,,
2016-09-02,,,,,,,,,,,,,
2016-09-03,,,,,,,,,,,,,
2016-09-04,,,,,,,,,,,,,
2016-09-05,,,,,,,,,,,,,
2016-09-06,,,,,,,,,,,,,
2016-09-07,,,,,,,,,,,,,
2016-09-08,,,,,,,,,,,,,
2016-09-09,,,,,,,,,,,,,
2016-09-10,,,,,,,,,,,,,
2016-09-11,,,,,,,,,,,,,
2016-09-12,,,,,,,,,,,,,
2016-09-13,,,,,,,,,,,,,
2016-09-14,,,,,,,,,,,,,
2016-09-15,,,,,,,,,,,,,
2016-09-16,,,,,,,,,,,,,
2016-09-17,,,,,,,,,,,,,
2016-09-18,,,,,,,,,,,,,
2016-09-19,,,,,,,,,,,,,
2016-09-20,,,,,,,,,,,,,
2016-09-21,,,,,,,,,,,,,
2016-09-22,,,,,,,,,,,,,
2016-09-23,,,,,,,,,,,,,
2016-09-24,,,,,,,,,,,,,
2016-09-25,,,,,,,,,,,,,
2016-09-26,,,,,,,,,,,,,
2016-09-27,,,,,,,,,,,,,
2016-09-28,,,,,,,,,,,,,
2016-09-29,,,,,,,,,,,,,
2016-09-30,,,,,,,,,,,,,
2016-10-01,,,,,,,,,,,,,
2016-10-02,,,,,,,,,,,,,
2016-10-03,,,,,,,,,,,,,
2016-10-04,,,,,,,,,,,,,
2016-10-05,,,,,,,,,,,,,
2016-10-06,,,,,,,,,,,,,
2016-10-07,,,,,,,,,,,,,
2016-10-08,,,,,,,,,,,,,
2016-10-09,,,,,,,,,,,,,
2016-10-10,,,,,,,,,,,,,
2016-10-11,,,,,,,,,,,,,
2016-10-12,,,,,,,,,,,,,
2016-10-13,,,,,,,,,,,,,
2016-10-14,,,,,,,,,,,,,
2016-10-15,,,,,,,,,,,,,
2016-10-16,,,,,,,,,,,,,
2016-10-17,,,,,,,,,,,,,
2016-10-18,,,,,,,,,,,,,
2016-10-19,,,,,,,,,,,,,
2016-10-20,,,,,,,,,,,,,
2016-10-21,,,,,,,,,,,,,
2016-10-22,,,,,,,,,,,,,
2016-10-23,,,,,,,,,,,,,
2016-10-24,,,,,,,,,,,,,
2016-10-25,,,,,,,,,,,,,
2016-10-26,,,,,,,,,,,,,
2016-10-27,,,,,,,,,,,,,
2016-10-28,,,,,,,,,,,,,
2016-10-29,,,,,,,,,,,,,
2016-10-30,,,,,,,,,,,,,
2016-10-31,,,,,,,,,,,,,
2016-11-01,,,,,,,,,,,,,
2016-11-02,,,,,,,,,,,,,
2016-11-03,,,,,,,,,,,,,
2016-11-04,,,,,,,,,,,,,
2016-11-05,,,,,,,,,,,,,
2016-11-06,,,,,,,,,,,,,
2016-11-07,,,,,,,,,,,,,
2016-11-08,,,,,,,,,,,,,
2016-11-09,,,,,,,,,,,,,
2016-11-10,,,,,,,,,,,,,
2016-11-11,,,,,,,,,,,,,
2016-11-12,,,,,,,,,,,,,
2016-11-13,,,,,,,,,,,,,
2016-11-14,,,,,,,,,,,,,
2016-11-15,,,,,,,,,,,,,
2016-11-16,,,,,,,,,,,,,
2016-11-17,,,,,,,,,,,,,
2016-11-18,,,,,,,,,,,,,
2016-11-19,,,,,,,,,,,,,
2016-11-20,,,,,,,,,,,,,
2016-11-21,,,,,,,,,,,,,
2016-11-22,,,,,,,,,,,,,
2016-11-23,,,,,,,,,,,,,
2016-11-24,,,,,,,,,,,,,
2016-11-25,,,,,,,,,,,,,
2016-11-26,,,,,,,,,,,,,
2016-11-27,,,,,,,,,,,,,
2016-11-28,,,,,,,,,,,,,
2016-11-29,,,,,,,,,,,,,
2016-11-30,,,,,,,,,,,,,
2016-12-01,,,,,,,,,,,,,
2016-12-02,,,,,,,,,,,,,
2016-12-03,,,,,,,,,,,,,
2016-12-04,,,,,,,,,,,,,
2016-12-05,,,,,,,,,,,,,
2016-12-06,,,,,,,,,,,,,
2016-12-07,,,,,,,,,,,,,
2016-12-08,,,,,,,,,,,,,
2016-12-09,,,,,,,,,,,,,
2016-12-10,,,,,,,,,,,,,
2016-12-11,,,,,,,,,,,,,
2016-12-12,,,,,,,,,,,,,
2016-12-13,,,,,,,,,,,,,
2016-12-14,,,,,,,,,,,,,
2016-12-15,,,,,,,,,,,,,
2016-12-16,,,,,,,,,,,,,
2016-12-17,,,,,,,,,,,,,
2016-12-18,,,,,,,,,,,,,
2016-12-19,,,,,,,,,,,,,
2016-12-20,,,,,,,,,,,,,
2016-12-21,,,,,,,,,,,,,
2016-12-22,,,,,,,,,,,,,
2016-12-23,,,,,,,,,,,,,
2016-12-24,,,,,,,,,,,,,
2016-12-25,,,,,,,,,,,,,
2016-12-26,,,,,,,,,,,,,
2016-12-27,,,,,,,,,,,,,
2016-12-28,,,,,,,,,,,,,
2016-12-29,,,,,,,,,,,,,
2016-12-30,,,,,,,,,,,,,
2016-12-31,,,,,,,,,,,,,
2017-01-01,,,,,,,,,,,,,
2017-01-02,,,,,,,,,,,,,
2017-01-03,,,,,,,,,,,,,
2017-01-04,,,,,,,,,,,,,
2017-01-05,,,,,,,,,,,,,
2017-01-06,,,,,,,,,,,,,
2017-01-07,,,,,,,,,,,,,
2017-01-08,,,,,,,,,,,,,
2017-01-09,,,,,,,,,,,,,
2017-01-10,,,,,,,,,,,,,
2017-01-11,,,,,,,,,,,,,
2017-01-12,,,,,,,,,,,,,
2017-01-13,,,,,,,,,,,,,
2017-01-14,,,,,,,,,,,,,
2017-01-15,,,,,,,,,,,,,
2017-01-16,,,,,,,,,,,,,
2017-01-17,,,,,,,,,,,,,
2017-01-18,,,,,,,,,,,,,
2017-01-19,,,,,,,,,,,,,
2017-01-20,,,,,,,,,,,,,
2017-01-21,,,,,,,,,,,,,
2017-01-22,,,,,,,,,,,,,
2017-01-23,,,,,,,,,,,,,
2017-01-24,,,,,,,,,,,,,
2017-01-25,,,,,,,,,,,,,
2017-01-26,,,,,,,,,,,,,
2017-01-27,,,,,,,,,,,,,
2017-01-28,,,,,,,,,,,,,
2017-01-29,,,,,,,,,,,,,
2017-01-30,,,,,,,,,,,,,
2017-01-31,,,,,,,,,,,,,
2017-02-01,,,,,,,,,,,,,
2017-02-02,,,,,,,,,,,,,
2017-02-03,,,,,,,,,,,,,
2017-02-04,,,,,,,,,,,,,
2017-02-05,,,,,,,,,,,,,
2017-02-06,,,,,,,,,,,,,
2017-02-07,,,,,,,,,,,,,
2017-02-08,,,,,,,,,,,,,
2017-02-09,,,,,,,,,,,,,
2017-02-10,,,,,,,,,,,,,
2017-02-11,,,,,,,,,,,,,
2017-02-12,,,,,,,,,,,,,
2017-02-13,,,,,,,,,,,,,
2017-02-14,,,,,,,,,,,,,
2017-02-15,,,,,,,,,,,,,
2017-02-16,,,,,,,,,,,,,
2017-02-17,,,,,,,,,,,,,
2017-02-18,,,,,,,,,,,,,
2017-02-19,,,,,,,,,,,,,
2017-02-20,,,,,,,,,,,,,
2017-02-21,,,,,,,,,,,,,
2017-02-22,,,,,,,,,,,,,
2017-02-23,,,,,,,,,,,,,
2017-02-24,,,,,,,,,,,,,
2017-02-25,,,,,,,,,,,,,
2017-02-26,,,,,,,,,,,,,
2017-02-27,,,,,,,,,,,,,
2017-02-28,,,,,,,,,,,,,
2017-03-01,,,,,,,,,,,,,
2017-03-02,,,,,,,,13.8,,13.8,,,
2017-03-03,,,,,,,,,,,,,
2017-03-04,,,,,,,,,,,,,
2017-03-05,,,,,,,,,,,,,
2017-03-06,,,,,,,,,,,,,
2017-03-07,,,,,,,,,,,,,
2017-03-08,,,,,,,,38.5,,38.5,,,
2017-03-09,,,,,,,,,,,,,
2017-03-10,,,,,,,,,,,,,
2017-03-11,,,,,,,,18.7,,18.7,,,
2017-03-12,,,,,,,,,,,,,
2017-03-13,,,,,,,,,,,,,
2017-03-14,,,,,,,,35.3,,35.3,,,
2017-03-15,,,,,,,,,,,,,
2017-03-16,,,,,,,,,,,,,
2017-03-17,,,,,,,,33.1,,33.1,,,
2017-03-18,,,,,,,,,,,,,
2017-03-19,,,,,,,,,,,,,
2017-03-20,,,,,,,,31.0,,31.0,,,
2017-03-21,,,,,,,,,,,,,
2017-03-22,,,,,,,,,,,,,
2017-03-23,,,,,,,,20.5,,20.5,,,
2017-03-24,,,,,,,,,,,,,
2017-03-25,,,,,,,,,,,,,
2017-03-26,,,,,,,,18.0,,18.0,,,
2017-03-27,,,,,,,,,,,,,
2017-03-28,,,,,,,,,,,,,
2017-03-29,,,,,,,,22.1,,22.1,,,
