Fecha,DViento,HAire10,O3,P,PLiquida,PM2.5,TMPR_AIR_10CM,VViento
2024-05-01,,,27.99038618,,,12.8375,,
2024-05-02,,,14.42028073,,,10.93908696,,
2024-05-03,,,17.69836042,,,17.59324,,
2024-05-04,,,18.57305999,,,8.24365783,,
2024-05-05,,,35.838158,,,8.60715042,,
2024-05-06,,,31.35021349,,,10.49133737,,
2024-05-07,,,27.23830805,,,9.11823765,,
2024-05-08,,,22.70131496,,,8.27998417,,
2024-05-09,,,10.51601425,,,8.92528429,,
2024-05-10,,,24.69595696,,,13.43637714,,
2024-05-11,,,25.75050131,,,15.02160158,,
2024-05-12,,,21.61407157,,,11.90987495,,
2024-05-13,,,36.86000329,,,6.62703495,,
2024-05-14,,,20.02816768,,,10.43550048,,
2024-05-15,,,18.5485357,,,8.18261182,,
2024-05-16,,,19.5926758,,,11.71690913,,
2024-05-17,,,31.0886211,,,12.96655292,,
2024-05-18,,,26.85409422,,,9.52201375,,
2024-05-19,,,39.484102,,,6.79933333,,
2024-05-20,,,30.99052395,,,11.44700667,,
2024-05-21,,,23.70681073,,,11.127617,,
2024-05-22,,,17.42859326,,,12.7977775,,
2024-05-23,,,34.20320554,,,11.11596167,,
2024-05-24,153.65651066,81.63209259,29.06945481,21.16440741,0.00111111,8.33843146,21.16440741,0.98709932
2024-05-25,192.97758091,87.36944444,24.33626743,19.67331944,0.1075,13.24330542,19.67331944,0.75853299
2024-05-26,171.60806024,79.31428472,30.05860105,20.65733333,0.00041667,9.66495083,20.65733333,0.75284248
2024-05-27,185.30983849,87.34984722,23.8866555,19.60586806,0.17583333,10.7649425,19.60586806,0.73056581
2024-05-28,212.60833939,82.72743056,36.06705135,20.83665278,0.09958333,10.33975071,20.83665278,0.610397
2024-05-29,208.94548999,89.82975,21.64677062,19.474375,0.26208333,17.80630769,19.474375,0.52358345
2024-05-30,145.75818035,86.37998611,21.72851824,19.42081944,0.11,9.24823,19.42081944,0.70843351
2024-05-31,186.69385521,81.38111806,31.06409681,20.77663194,0.19541667,7.11695792,20.77663194,0.67060137
2024-06-01,177.47242391,70.45890972,22.40702352,22.90263889,0.0,5.17484452,22.90263889,0.99867679
2024-06-02,188.22266456,81.61655555,24.07467503,21.15156945,0.10458333,,21.15156945,0.94913171
2024-06-03,197.28762041,83.96304861,32.04506829,20.59518056,0.0525,,20.59518056,0.64219509
2024-06-04,173.74818058,91.57739583,16.59476751,18.88560417,0.345,7.59238167,18.88560417,0.72644653
2024-06-05,190.34560966,81.83065278,22.35797494,20.30534028,0.00041667,9.84793864,20.30534028,0.83546981
2024-06-06,172.17321299,82.3161262,27.61434711,20.26367361,0.0,15.03013042,20.26367361,0.88939221
2024-06-07,179.80294274,76.55004861,25.09652032,20.92972917,0.015,10.17373,20.92972917,0.915988
2024-06-08,198.37453677,79.61526389,31.39926207,21.50028472,0.00958333,10.09302875,21.50028472,0.76796593
2024-06-09,157.04394166,89.58561111,34.67734176,18.39661806,0.40958333,6.32827857,18.39661806,0.72408206
2024-06-10,162.03026253,87.04619009,26.03661799,19.41366843,0.10541667,11.42081375,19.41366843,0.72432125
2024-06-11,176.95369831,84.78354167,28.68524098,19.73152083,0.1075,10.27069,19.73152083,0.82949539
2024-06-12,193.5906018,74.13031944,22.25170303,21.0698125,0.0,9.471695,21.0698125,0.97721458
2024-06-13,186.10309333,84.28961805,27.06663804,19.91000694,0.36708333,9.28962583,19.91000694,0.81560665
2024-06-14,181.12069794,90.67542457,23.47791738,18.60915404,0.37791667,10.41677333,18.60915404,0.82603062
2024-06-15,183.96686912,85.93169424,22.57051876,18.81808861,0.25916667,4.94863304,18.81808861,0.86189462
2024-06-16,218.21059153,86.87997222,31.12132015,18.89138889,0.15375,5.7650297,18.89138889,0.57580565
2024-06-17,158.13250764,73.82293056,30.41829059,20.71182639,0.0,9.11985947,20.71182639,1.05118991
2024-06-18,178.76499567,83.12290972,29.47001816,19.73459028,0.07583333,8.89495583,19.73459028,0.79962068
2024-06-19,184.2380496,86.64363194,34.44027365,18.25007639,0.07833333,13.15449958,18.25007639,0.85028913
2024-06-20,209.10096989,82.795125,19.41290925,19.8439375,0.1175,11.53360217,19.8439375,0.68583301
2024-06-21,178.28041428,78.71783333,33.60644789,20.88278472,0.01791667,8.47160333,20.88278472,0.7857988
2024-06-22,212.6857132,83.25529861,41.01278256,20.15338195,0.32416667,12.98104542,20.15338195,0.62638706
2024-06-23,183.1924716,87.78354861,36.01800278,18.58855556,0.1375,9.38282818,18.58855556,0.68367619
2024-06-24,193.91276973,81.14520139,31.49735922,20.52663889,0.02125,11.48662333,20.52663889,0.82883807
2024-06-25,195.61272002,84.84198611,37.69382905,19.51044444,0.50375,8.81958043,19.51044444,0.70347405
2024-06-26,149.18446075,89.81214583,25.42351081,18.23152778,0.36,6.84875821,18.23152778,0.50781148
2024-06-27,128.93559034,89.73888793,26.6415504,18.09144612,0.22583333,9.5047325,18.09144612,0.57933345
2024-06-28,178.04716468,90.00043799,26.5761523,17.90186457,0.17,12.58272667,17.90186457,0.65440713
2024-06-29,187.4052319,86.20617091,26.34725895,18.90994138,0.03,9.28267227,18.90994138,0.84030936
2024-06-30,190.39705203,85.10500731,34.45662318,19.37562566,0.32875,7.24553025,19.37562566,0.78262245
2024-07-01,177.35352595,84.37825489,36.61476043,19.13848911,0.01833333,7.40859658,19.13848911,0.99793988
2024-07-02,182.13126662,90.59016942,16.67651513,18.36755426,0.34708333,11.06893904,18.36755426,0.7083948
2024-07-03,179.61772253,89.15636806,19.07989525,18.5078125,0.2475,10.39093739,18.5078125,0.84045318
2024-07-04,191.00897407,89.49989128,17.73923423,18.935375,0.07125,9.9655975,18.935375,0.72860518
2024-07-05,152.76601793,91.71416667,7.66792705,17.36375694,0.21083333,5.41867822,17.36375694,0.74412398
2024-07-06,181.72844321,75.22214583,33.36120502,20.22150694,0.00208333,7.09693996,20.22150694,1.00263035
2024-07-07,183.24609249,72.87784028,32.20038877,21.24877778,0.0,7.12229042,21.24877778,1.03046528
2024-07-08,168.21134428,67.20016667,39.71299535,21.60844444,0.00208333,6.44931817,21.60844444,0.94344317
2024-07-09,198.17816436,68.58243056,36.64745947,21.35319444,0.0025,9.12247188,21.35319444,0.95260818
2024-07-10,172.39341528,71.47334028,21.01731392,21.33874306,0.0,10.40863385,21.33874306,0.91402205
2024-07-11,182.99502379,70.41361111,28.26015334,21.327875,0.01541667,13.59116583,21.327875,1.07023566
2024-07-12,186.31161005,83.89450695,27.74514331,18.88004861,0.10833333,13.2412775,18.88004861,1.02072939
2024-07-13,165.19878485,72.54607926,28.85691099,20.33302395,0.0,9.21277174,20.33302395,1.15816026
2024-07-14,129.97797492,67.793125,33.02603977,21.74838889,0.0,5.175279,21.74838889,0.89428738
2024-07-15,190.88003348,72.25341631,38.2905867,21.64247352,0.0,9.78442524,21.64247352,0.84461049
2024-07-16,133.72513803,68.45639583,33.54104979,21.5263125,0.0,7.25572421,21.5263125,1.1381752
2024-07-17,180.69516649,69.06388889,21.40301407,21.60756944,0.0,10.56281708,21.60756944,0.78177103
2024-07-18,204.4374954,71.67874306,66.03339437,21.36861806,0.0,12.13880727,21.36861806,0.8146301
2024-07-19,195.04367969,73.32199856,31.97967019,20.97588889,0.0,10.62581636,20.97588889,0.70078085
2024-07-20,151.71681366,67.42286806,30.3937663,21.36743056,0.0,8.17732474,21.36743056,0.99583128
2024-07-21,152.33097524,70.39665972,31.39108731,21.53734028,0.02416667,6.92903708,21.53734028,0.81193831
2024-07-22,141.38602259,67.53770139,34.54654556,22.19470833,0.0,6.90391833,22.19470833,0.90812581
2024-07-23,169.12008394,69.54838195,30.9578249,21.0155625,0.0,9.67651708,21.0155625,0.9692568
2024-07-24,142.67335442,66.39215972,37.91454764,21.72284028,0.0,10.6445395,21.72284028,1.00405153
2024-07-25,169.27970155,69.92424306,35.06155559,22.24526389,0.0,12.43035708,22.24526389,0.75888964
2024-07-26,186.61686314,72.50189583,39.70482058,21.67113194,0.07,14.54394304,21.67113194,0.74262835
2024-07-27,217.17971476,80.08749306,34.4075746,20.70534722,0.23791667,9.30962958,20.70534722,0.59175792
2024-07-28,170.64133813,76.9321875,25.22731652,20.50958333,0.0,7.00265792,20.50958333,1.05015192
2024-07-29,172.58931399,66.45349306,33.4102536,22.53158333,0.0,7.39900792,22.53158333,0.94577785
2024-07-30,187.59343326,65.37652778,18.72565555,21.20497222,0.0,8.47256926,21.20497222,1.15660359
2024-07-31,161.50553204,66.07120833,31.57910684,21.12694444,0.0,8.46940042,21.12694444,1.10787912
2024-08-01,163.69162083,64.53525,37.06437235,21.08723611,0.0,9.48692792,21.08723611,1.03603074
2024-08-02,154.66718801,62.92327083,55.17147089,21.85071528,0.0,11.0502705,21.85071528,1.08399151
2024-08-03,156.93146687,74.83890972,36.88452758,20.35272917,0.04166667,9.80142719,20.35272917,0.90199139
2024-08-04,163.72527196,76.71556816,33.30398169,20.70060366,0.2175,9.6057125,20.70060366,0.75352412
2024-08-05,194.9778367,85.38886401,33.22223407,18.95276793,0.40958333,7.50450404,18.95276793,0.84918712
2024-08-06,163.41861822,88.71285417,24.49976267,18.45122222,0.18041667,8.9711525,18.45122222,0.57351399
2024-08-07,181.36110972,82.011125,37.80010096,18.90427083,0.0425,7.3899265,18.90427083,0.87496488
2024-08-08,183.62822909,81.11477778,28.7669886,19.83000694,0.01625,17.19011542,19.83000694,0.96444958
2024-08-09,153.05198002,84.05539583,22.54599448,19.02451389,0.15375,10.64686087,19.02451389,0.85633113
2024-08-10,180.46346245,85.68099306,28.43999811,19.09095139,0.07375,10.62221542,19.09095139,0.8416989
2024-08-11,184.20837035,87.51753287,22.21900398,18.20847661,0.29608696,5.11662612,18.20847661,0.91690414
2024-08-12,185.21012274,78.27136805,39.58219915,20.51582639,0.13625,11.12190375,20.51582639,0.75852657
2024-08-13,186.47332157,82.25122917,27.21378376,19.19696528,0.09291667,8.86355458,19.19696528,0.92846884
2024-08-14,141.12310605,67.96922917,33.43477788,21.72388194,0.0,9.56401182,21.72388194,0.9814016
2024-08-15,142.74716568,66.05707639,36.05070183,21.75476389,0.0,14.04389542,21.75476389,1.27970696
2024-08-16,190.6578105,71.95430556,32.80709831,21.07389583,0.055,15.20390375,21.07389583,0.81828853
2024-08-17,161.64554204,64.220375,35.65831323,21.09225694,0.03291667,8.46802,21.09225694,0.9983433
2024-08-18,149.84049631,64.1323233,46.16288282,20.84039999,0.0,10.15595792,20.84039999,1.15047867
2024-08-19,144.62417585,65.94456944,40.19530632,21.07365278,0.0,7.82553225,21.07365278,1.07004236
2024-08-20,153.04245882,68.48840278,39.43505343,21.24419444,0.0,12.25237,21.24419444,1.05940968
2024-08-21,178.74235606,69.22783569,45.11651324,21.4198677,0.0,15.34414833,21.4198677,0.86135975
2024-08-22,224.70432659,77.40079167,29.11352744,21.01641667,0.03916667,11.8317075,21.01641667,0.70120835
2024-08-23,233.41806492,79.71270833,,20.6935625,0.07833333,11.44972625,20.6935625,0.43562103
2024-08-24,197.26516499,87.94325,,18.67580556,0.28166667,9.36633261,18.67580556,0.59712754
2024-08-25,214.79600928,84.74129861,,19.23311806,0.04958333,11.70554375,19.23311806,0.61377437
2024-08-26,188.65737357,76.53915278,,19.76013889,0.0,13.42918,19.76013889,0.94401591
2024-08-27,156.89260947,67.92029861,59.60382702,20.74190278,0.0,13.7811975,20.74190278,0.97579825
2024-08-28,214.03865361,68.18675694,41.94470546,22.014,0.02125,14.4214375,22.014,0.79947372
2024-08-29,195.11683974,80.39476389,33.14048644,19.65275695,0.00958333,11.25006565,19.65275695,0.57686897
2024-08-30,187.913257,65.48447222,48.0103791,21.1213125,0.0,16.09478864,21.1213125,1.06564909
2024-08-31,196.58351907,71.06779861,59.86378446,20.50535417,0.00375,23.38890833,20.50535417,1.00707935
2024-09-01,193.20685757,85.19702213,46.94765999,18.38011005,0.43,10.31472348,18.38011005,0.66054442
2024-09-02,192.5062491,81.085375,48.37006864,19.9050625,0.07458333,19.73343167,19.9050625,0.75937868
2024-09-03,194.11968246,81.72455556,41.45421972,20.32380556,0.16291667,19.41296917,20.32380556,0.68064005
2024-09-04,172.3050297,74.11252083,50.12764254,21.9175625,0.03666667,18.30588,21.9175625,0.63958702
2024-09-05,201.82029805,74.47555556,39.81926725,21.16344444,0.22708333,10.69837417,21.16344444,0.73114947
2024-09-06,180.77813304,69.67075,53.18500364,21.74754167,0.0,18.5674319,21.74754167,0.9961589
2024-09-07,178.20248156,72.87386806,48.59896199,20.77079167,0.05,12.67110288,20.77079167,0.98294119
2024-09-08,191.9639469,68.99474306,44.07831842,20.98575,0.0,14.96289438,20.98575,1.3144871
2024-09-09,205.01332817,60.7366875,52.59642076,21.97700695,0.0,9.43800667,21.97700695,1.04133601
2024-09-10,169.96148462,68.253625,44.80587227,21.00221528,0.0,15.47798458,21.00221528,1.0561561
2024-09-11,162.93564949,66.81311111,45.45985326,22.08695139,0.0,15.43099083,22.08695139,1.09065721
2024-09-12,169.23393129,71.09296528,29.68304285,21.90782639,0.06541667,14.9025275,21.90782639,0.89532122
2024-09-13,215.34556672,74.30630556,32.56007832,20.59085417,0.12458333,10.29675783,20.59085417,1.00236212
2024-09-14,139.41948857,74.38566667,47.89593243,21.27425695,0.0,17.38733136,21.27425695,0.86399487
2024-09-15,179.33414705,68.16781803,39.76204392,22.92277472,0.0,11.6986625,22.92277472,0.93688563
2024-09-16,173.1738704,72.21472917,46.40812568,22.06085417,0.06041667,14.41401167,22.06085417,0.71852579
2024-09-17,164.76182429,72.56004861,36.49213899,20.94295833,0.17958333,11.06038542,20.94295833,0.81442563
2024-09-18,147.42339483,64.90678472,53.80628559,22.23121528,0.0,15.50729667,22.23121528,0.91568005
2024-09-19,166.08848567,70.44029861,43.39981315,22.04311111,0.0,20.09808333,22.04311111,0.94110062
2024-09-20,194.18378638,75.41622917,42.66799421,20.53461111,0.01791667,16.12757692,20.53461111,0.74520364
2024-09-21,160.0000334,79.92379167,39.89568351,19.73800694,0.07708333,13.67869042,19.73800694,0.77722302
2024-09-22,174.8855419,87.44536063,26.45353086,18.748875,0.13125,10.04864292,18.748875,0.62364747
2024-09-23,164.15431096,80.55347917,32.46198117,19.43151389,0.01541667,11.114846,19.43151389,0.69303263
2024-09-24,199.02272874,73.10338889,48.83531925,21.23177778,0.09458333,10.712965,21.23177778,0.91694291
2024-09-25,173.64841475,81.27068056,35.62561419,19.88828472,0.04833333,10.050327,19.88828472,0.83131676
2024-09-26,212.31453791,81.88951389,41.52452268,18.63079861,0.07375,13.66963191,18.63079861,0.78523698
2024-09-27,171.95543138,88.66057639,26.14734885,17.94346528,0.22666667,14.49856063,17.94346528,0.77044696
2024-09-28,161.61075644,87.12270139,25.4517509,17.82630556,0.11041667,12.44191917,17.82630556,0.69460934
2024-09-29,165.12374578,89.16763194,33.52470027,17.06665278,0.18458333,6.85759063,17.06665278,0.80334097
2024-09-30,169.77119876,89.58034783,30.29418283,17.5387029,0.24608696,12.05651143,17.5387029,0.91023688
2024-10-01,,,,,,,,
2024-10-02,,,,,,,,
2024-10-03,,,,,,,,
2024-10-04,,,,,,,,
2024-10-05,,,,,,,,
2024-10-06,,,,,,,,
2024-10-07,,,,,,,,
2024-10-08,,,,,,,,
2024-10-09,,,,,,,,
2024-10-10,,,,,,,,
2024-10-11,,,,,,,,
2024-10-12,,,,,,,,
2024-10-13,,,,,,,,
2024-10-14,,,,,,,,
2024-10-15,,,,,,,,
2024-10-16,,,,,,,,
2024-10-17,,,,,,,,
2024-10-18,,,,,,,,
2024-10-19,,,,,,,,
2024-10-20,,,,,,,,
2024-10-21,,,,,,,,
2024-10-22,,,,,,,,
2024-10-23,,,,,,,,
2024-10-24,,,,,,,,
2024-10-25,,,,,,,,
2024-10-26,,,,,,,,
2024-10-27,,,,,,,,
2024-10-28,,,,,,,,
2024-10-29,,,,,,,,
2024-10-30,,,,,,,,
2024-10-31,,,,,,,,
2024-11-01,155.25121017,86.69746528,9.31105428,18.3163125,0.10125,8.93333333,18.3163125,0.54424696
2024-11-02,185.5834908,75.47493056,18.80195333,19.74171528,0.00041667,2.69688988,19.74171528,0.92663048
2024-11-03,181.18641346,77.9914375,18.62210856,19.63247917,0.09833333,2.56819758,19.63247917,0.76670266
2024-11-04,163.62402893,89.1245,14.36305739,17.98974306,0.16125,3.70037627,17.98974306,0.69689219
2024-11-05,172.58974356,79.95474306,9.01403792,19.04496528,0.01583333,6.95617708,19.04496528,0.98742225
2024-11-06,168.23828587,77.64529861,22.31496858,20.18814583,0.0,8.99876479,20.18814583,0.88402296
2024-11-07,175.16689745,86.48565278,19.06354573,18.64072917,0.29416667,12.0308987,18.64072917,0.79506464
2024-11-08,179.90511888,93.72334028,5.32399975,16.64997917,0.16333333,4.86863524,16.64997917,0.67405949
2024-11-09,202.25909194,85.95697917,15.27863077,17.94815278,0.18041667,3.72329987,17.94815278,0.73034759
2024-11-10,150.07505392,89.73872222,14.56742645,17.653125,0.19541667,3.4176085,17.653125,0.7423713
2024-11-11,207.41902936,85.72178472,21.39335299,18.16272222,0.41166667,3.15046827,18.16272222,0.57555674
2024-11-12,201.03944722,81.04929167,15.44816824,19.10217361,0.08083333,6.68999783,19.10217361,0.60015621
2024-11-13,189.45421121,84.63440278,9.31922904,18.68610417,0.02666667,8.11926208,18.68610417,0.5049378
2024-11-14,207.84900411,89.06032639,10.73346292,17.59122222,0.20833333,6.53247958,17.59122222,0.62971
2024-11-15,156.55448634,90.26077083,11.75530822,17.75836806,0.0725,12.9605325,17.75836806,0.77481441
2024-11-16,197.3372516,87.47427778,15.05791219,18.27072222,0.01541667,13.45532708,18.27072222,0.65550382
2024-11-17,173.60845021,85.17191667,21.0009644,18.65048611,0.01666667,7.89966542,18.65048611,0.7550043
2024-11-18,127.24785821,86.62416667,23.1918007,17.97138889,0.17875,7.27164995,17.97138889,0.79336234
2024-11-19,156.18281471,90.77052083,15.21397583,17.49372917,0.08958333,10.79841478,17.49372917,0.82477573
2024-11-20,178.40129082,87.8715,36.90158795,17.90329861,0.23041667,15.94490583,17.90329861,0.67116649
2024-11-21,176.69810282,87.46065972,22.76706848,18.69233333,0.06375,12.4744015,18.69233333,0.56856705
2024-11-22,138.93049463,88.22137865,11.05227866,18.38483651,0.36666667,7.87784371,18.38483651,0.51934851
2024-11-23,176.24869828,88.54689218,16.15333034,18.01701565,0.10708333,7.07662958,18.01701565,0.74973446
2024-11-24,173.23497882,80.53932639,29.06128005,19.72396528,0.00166667,8.41089667,19.72396528,0.78541742
2024-11-25,171.79313248,76.84688194,21.66312015,20.19815972,0.00541667,9.83334654,20.19815972,1.04270038
2024-11-26,182.07615969,80.43264583,34.28941213,20.56342361,0.01541667,11.44581714,20.56342361,0.84114118
2024-11-27,194.87566335,84.19560092,19.20742155,18.99837197,0.12916667,10.79173274,18.99837197,0.85865792
2024-11-28,200.16345292,78.41087041,15.86498418,20.25424141,0.0,11.28154125,20.25424141,0.7885452
2024-11-29,191.867492,80.19003472,22.00646016,20.1286875,0.03625,12.29743143,20.1286875,0.8134492
2024-11-30,176.92128563,71.44990278,31.08044634,20.66949306,0.0,10.54203708,20.66949306,1.07127157
2024-12-01,138.75320568,74.34369444,27.10040336,20.59863889,0.00791667,18.2,20.59863889,0.96750648
2024-12-02,175.02781028,80.92446528,30.16487296,19.84244444,0.00708333,11.065275,19.84244444,0.84065454
2024-12-03,168.67532685,81.18043918,32.32534586,19.25719984,0.00875,11.86189083,19.25719984,1.0118312
2024-12-04,154.55793349,77.78127476,24.78587935,19.67997161,0.0,13.2107525,19.67997161,0.99577915
2024-12-05,174.79932728,78.38344323,27.2710071,19.88839139,0.02041667,12.6743775,19.88839139,0.92010158
2024-12-06,155.19978771,75.0359319,44.05379414,20.05034042,0.00375,12.46238917,20.05034042,0.7549563
2024-12-07,169.92740269,75.52255805,29.18390148,19.47672019,0.00041667,10.06159417,19.47672019,0.73399606
2024-12-08,169.49796622,69.7020819,38.57670339,18.96600548,0.00083333,11.04445609,18.96600548,1.17928634
2024-12-09,161.93639416,73.94379461,33.49200122,19.41253941,0.0,11.04635125,19.41253941,1.04354509
2024-12-10,183.25962862,74.41093408,28.1383924,19.88235673,0.00875,12.44647367,19.88235673,1.13398681
2024-12-11,194.09809792,75.32395139,35.58793919,20.12969444,0.0,15.253525,20.12969444,0.94744236
2024-12-12,150.36491317,76.01387992,27.72310699,19.37784985,0.0,13.58433042,19.37784985,0.98086802
2024-12-13,205.77780672,75.75738343,45.06226254,20.1115249,0.00125,16.70193565,20.1115249,0.7056701
2024-12-14,228.02467372,78.62773835,38.98023938,19.89004426,0.11875,19.59673125,19.89004426,0.46918013
2024-12-15,146.81827782,87.52622222,29.38009577,18.17488195,0.42125,7.21009263,18.17488195,0.51172259
2024-12-16,202.34908208,86.09940145,11.22394866,18.88964441,0.00458333,15.970145,18.88964441,0.53952744
2024-12-17,179.70075028,78.42746183,26.20828799,20.53235058,0.00333333,15.39741875,20.53235058,0.79247073
2024-12-18,168.35939006,74.24301173,25.43986034,20.88060991,0.0,14.69975314,20.88060991,1.02835121
2024-12-19,189.80374447,83.20726001,20.6739739,18.85287159,0.03,14.00802208,18.85287159,0.88172823
2024-12-20,194.81461803,81.87276566,37.08072188,19.39711488,0.0,18.32631917,19.39711488,0.8617421
2024-12-21,203.06503961,86.09411806,20.32245913,19.42001389,0.0675,16.60390083,19.42001389,0.6143228
2024-12-22,180.63782137,82.06147222,22.48059638,19.8486875,0.07916667,8.57543316,19.8486875,0.87149224
2024-12-23,181.10214971,87.04561111,18.41773951,19.01529861,0.10083333,9.08286458,19.01529861,0.7565472
2024-12-24,172.88537289,87.73454861,27.67974521,18.39183333,0.16458333,8.21521213,18.39183333,0.89183376
2024-12-25,190.12928782,85.16044445,33.52470027,19.20234028,0.3375,11.41713542,19.20234028,0.94401845
2024-12-26,177.86984816,90.31415278,12.64472235,18.64516667,0.23416667,6.39307752,18.64516667,0.75688479
2024-12-27,164.82971875,90.32067361,13.3412121,17.94855556,0.04958333,9.80650833,17.94855556,0.60773559
2024-12-28,165.51242859,85.01133333,22.34162542,18.78014583,0.01041667,9.20452742,18.78014583,0.73965722
2024-12-29,160.93961605,83.78489583,22.09638255,19.10635417,0.00125,8.18051292,19.10635417,0.7428037
2024-12-30,160.62681475,91.65910417,9.75853366,17.55505556,0.10625,9.10533389,17.55505556,0.64427352
2024-12-31,160.90577105,83.32515972,20.67717273,18.35302083,0.0,7.60997304,18.35302083,0.86610766
2025-01-01,185.51160528,82.80785417,24.1891217,18.99198611,0.0,17.95833333,18.99198611,0.69763586
2025-01-02,135.5784847,84.19700695,18.98997287,18.99895139,0.01416667,10.48112917,18.99895139,0.58714349
2025-01-03,190.73859494,92.233375,11.88937432,17.71599306,0.18416667,11.53698133,17.71599306,0.69902819
2025-01-04,136.23761767,91.64858333,21.0340937,17.93438889,0.29708333,11.53673667,17.93438889,0.56302302
2025-01-05,179.3618732,88.23807751,22.43972257,18.32135917,0.09,6.91893958,18.32135917,0.74547951
2025-01-06,165.56318806,80.19730944,28.67706621,19.82527895,0.0,5.69980958,19.82527895,0.83615079
2025-01-07,164.51243752,87.10076389,25.08834556,18.76570833,0.18,8.88403083,18.76570833,1.05072836
2025-01-08,185.57984287,81.07093787,28.88961004,20.23895249,0.00083333,9.40261035,20.23895249,0.82684572
2025-01-09,160.24740002,84.27164583,25.382637,19.23374306,0.04791667,10.82655179,19.23374306,0.76854002
2025-01-10,160.09398006,78.83596025,14.7341916,19.7760819,0.0,12.46019042,19.7760819,0.74676585
2025-01-11,171.42620314,75.3536057,27.32005567,20.47836794,0.00041667,14.38094958,20.47836794,0.87841542
2025-01-12,145.815309,73.23236653,33.92526362,20.326865,0.0,9.91510625,20.326865,1.06103123
2025-01-13,152.20226031,70.95181825,37.77557668,19.72221049,0.0,11.09560875,19.72221049,1.13879179
2025-01-14,159.7688461,71.75332199,36.23872136,19.14716392,0.0,12.126475,19.14716392,1.22305751
2025-01-15,154.43973617,70.05819373,35.12695368,19.29603496,0.0,10.06256958,19.29603496,1.18608229
2025-01-16,159.95007002,73.24213889,44.02926985,19.59256944,0.00583333,12.87225708,19.59256944,0.81095919
2025-01-17,133.03993448,72.81208333,33.66367123,19.23875694,0.0,9.32669833,19.23875694,1.03475835
2025-01-18,168.18387061,68.84375,47.83053433,19.44711806,0.0,8.14355917,19.44711806,1.1132807
2025-01-19,143.12979057,75.37775695,40.26887918,19.01427778,0.0025,11.60277458,19.01427778,0.93960594
2025-01-20,151.54383292,72.17152778,38.67480053,18.83758333,0.0,11.75032667,18.83758333,1.20660306
2025-01-21,156.03901768,70.22351186,33.96123258,19.41108555,0.0,13.32967348,19.41108555,1.20156354
2025-01-22,170.57909564,69.34937626,49.767953,19.59038644,0.0,14.24431125,19.59038644,1.22049403
2025-01-23,138.19776759,67.70448359,46.52257236,19.69900063,0.0,14.58497708,19.69900063,1.12513097
2025-01-24,183.37698308,78.8836875,20.58405152,18.59173611,0.0,20.25312458,18.59173611,0.93398437
2025-01-25,157.33303171,76.38088889,27.59799759,19.81292361,0.01958333,13.70964958,19.81292361,0.91112051
2025-01-26,165.80757961,80.18451389,24.27904409,19.63066667,0.03291667,9.876515,19.63066667,0.93487621
2025-01-27,183.83936914,75.29535829,20.88651772,20.48913995,0.00083333,12.82322917,20.48913995,0.97798892
2025-01-28,160.33307102,73.37750328,27.29553138,20.81675577,0.0,12.02349941,20.81675577,1.01874235
2025-01-29,181.68147476,69.54526389,33.13231168,21.41505556,0.00583333,10.88915875,21.41505556,0.96622256
2025-01-30,161.89047228,73.5111456,35.72371133,21.00679002,0.17708333,9.86526458,21.00679002,0.96799183
2025-01-31,162.93119331,74.29930884,29.51906673,21.16446199,0.0,10.054387,21.16446199,0.81946797
2025-02-01,164.83921788,71.05900379,25.57065653,20.93283586,0.00041667,7.02307692,20.93283586,1.10908027
2025-02-02,144.73235478,74.06086879,33.41842836,20.51092325,0.00083333,13.034125,20.51092325,0.92300028
2025-02-03,178.8872741,78.74612112,24.6223841,20.01223682,0.00041667,13.40798579,20.01223682,0.77234029
2025-02-04,171.43639799,87.7664409,30.67170822,18.88594691,0.255,14.30905882,18.88594691,0.52796522
2025-02-05,180.49061994,90.96077505,12.00055108,18.04632581,0.12541667,21.737087,18.04632581,0.56014636
2025-02-06,176.85722606,81.0637061,9.88199689,19.43896657,0.01,17.88862083,19.43896657,0.83586542
2025-02-07,139.61910836,85.16190419,30.9578249,19.17098199,0.12458333,18.78286182,19.17098199,0.71656026
2025-02-08,172.8913728,87.81189583,38.08621764,18.69391667,0.16333333,17.87663779,18.69391667,0.58647192
2025-02-09,184.62438378,92.97278196,18.38504046,17.93859104,0.18913043,12.8861485,17.93859104,0.49867186
2025-02-10,145.89311974,89.13230195,20.12626483,18.43485046,0.235,17.84141545,18.43485046,0.7081551
2025-02-11,183.40850408,88.66589703,16.86453466,18.12054321,0.13583333,11.813704,18.12054321,0.55114091
2025-02-12,143.13835221,87.41991512,22.25170303,18.40035313,0.16625,10.55135792,18.40035313,0.63787638
2025-02-13,173.27118052,87.5909791,26.82139517,18.35981048,0.21083333,10.69369042,18.35981048,0.7246371
2025-02-14,166.32475984,86.57848611,30.70440727,18.50411111,0.01833333,15.67127952,18.50411111,0.76577821
2025-02-15,157.55270086,85.69001389,29.06128004,18.24331944,0.48458333,12.27369292,18.24331944,0.77482736
2025-02-16,208.63387443,86.56948611,36.71285757,18.29019444,0.43125,9.26717042,18.29019444,0.4608621
2025-02-17,176.13676955,88.33329167,21.9328873,17.84208333,0.15125,8.69319409,17.84208333,0.68217821
2025-02-18,158.46418445,88.00973611,19.05537097,18.10780556,0.05291667,10.50635708,18.10780556,0.79369234
2025-02-19,176.96732145,85.02853472,28.21927953,19.09473611,0.01333333,16.98254708,19.09473611,0.91253029
2025-02-20,185.95337914,79.19522917,16.74518314,20.38342361,0.07416667,13.90849792,20.38342361,0.96190491
2025-02-21,184.60097666,83.50457639,26.88679327,19.44916667,0.16416667,14.8812587,19.44916667,0.82820154
2025-02-22,180.32642025,89.67054861,17.70653518,18.65771528,0.07625,14.14903875,18.65771528,0.8883801
2025-02-23,225.42793851,86.06615972,20.84564391,19.7013125,0.03166667,10.62481667,19.7013125,0.60408878
2025-02-24,122.18120312,87.76971528,18.40138998,18.52575,0.15375,11.41799083,18.52575,0.80590979
2025-02-25,193.01271687,88.97340278,17.10160277,18.77272222,0.05375,11.14745913,18.77272222,0.60129211
2025-02-26,176.28320473,82.97547222,22.57051876,20.0196875,0.00125,14.62625591,20.0196875,0.71202093
2025-02-27,183.72648857,80.93528472,26.92766708,20.335,0.01291667,12.89971818,20.335,0.65480289
2025-02-28,124.11674739,90.16422222,13.57010545,17.97900694,0.14,17.26631952,17.97900694,0.82800448
2025-03-01,151.86221293,87.67498611,23.17545117,18.34789583,0.06125,14.7875,18.34789583,1.09327581
2025-03-02,176.81604783,77.60622222,44.11101747,19.51797917,0.09958333,10.47882636,19.51797917,1.12275304
2025-03-03,162.85566388,86.78808333,24.27086932,18.71196528,0.13416667,15.38214458,18.71196528,0.81814207
2025-03-04,179.6658707,90.36851389,22.79941211,18.14827778,0.17791667,17.85796125,18.14827778,0.66713086
2025-03-05,139.45006307,90.39672917,9.00531817,18.54863195,0.09208333,16.66251167,18.54863195,0.73970509
2025-03-06,160.02251806,83.2396875,26.11019085,18.83145833,0.00583333,12.18970646,18.83145833,0.96748033
2025-03-07,200.73788014,83.15831945,21.18898393,18.8493125,0.005,15.83787958,18.8493125,0.70495882
2025-03-08,151.24433168,77.93180556,42.96655075,19.92555556,0.00125,11.12947042,19.92555556,0.7205576
2025-03-09,121.21082337,76.715625,43.0646479,20.39120139,0.0,16.3322725,20.39120139,0.94651267
2025-03-10,145.86180885,76.5226875,37.15429474,19.96105556,0.00166667,18.07356667,19.96105556,0.81695587
2025-03-11,131.10327095,83.2008125,39.40235437,18.58422917,0.09,18.72181667,18.58422917,0.87482493
2025-03-12,169.52005716,82.66454167,21.64677062,19.0573125,0.00125,17.15903375,19.0573125,0.90692632
2025-03-13,172.99439465,85.32027083,40.75936493,18.11214583,0.35083333,14.440919,18.11214583,0.93476673
2025-03-14,175.87366622,85.75504167,22.57051876,18.81265278,0.07958333,11.79816283,18.81265278,0.86844748
2025-03-15,151.95277976,81.65445833,31.00687348,19.67495139,0.00291667,20.13819048,19.67495139,0.71703485
2025-03-16,179.16843087,83.59502778,40.19530632,19.41029167,0.25125,11.68134338,19.41029167,0.61443352
2025-03-17,191.64243891,86.89302083,24.84310269,19.03800694,0.1,18.87376682,19.03800694,0.90480524
2025-03-18,182.74418742,84.70575694,20.8701682,19.01431944,0.00625,10.67906542,19.01431944,0.78897231
2025-03-19,175.41818464,76.183875,26.44699106,20.45875,0.0,8.39967475,20.45875,1.02706538
2025-03-20,198.25195746,76.40396528,28.93865861,21.15463194,0.07208333,11.32025859,21.15463194,0.71093974
2025-03-21,185.5426458,76.34709722,29.83788246,20.49569444,0.11041667,6.37445923,20.49569444,0.84610654
2025-03-22,168.35292881,73.16821528,36.94992568,21.31346528,0.01208333,9.061155,21.31346528,1.10292722
2025-03-23,160.61978756,71.002625,37.89819811,21.11749306,0.0,12.3773,21.11749306,1.23493792
2025-03-24,159.34843157,70.30940972,40.90651065,20.88667361,0.0,12.76388458,20.88667361,1.26049516
2025-03-25,164.81592992,83.22279861,23.46156785,19.16718056,0.03625,20.58128333,19.16718056,0.96080911
2025-03-26,180.69570923,79.31815972,28.64436717,19.8903125,0.0,18.1076875,19.8903125,0.83859648
2025-03-27,158.5324054,85.7721875,28.97135766,18.97278472,0.255,18.70314583,18.97278472,0.78611163
2025-03-28,166.24136172,91.09730556,13.89709594,18.12906944,0.12458333,21.83464042,18.12906944,0.6734264
2025-03-29,133.00404367,88.83915972,32.25761211,18.03935417,0.1025,13.20207435,18.03935417,0.8916684
2025-03-30,167.76033764,88.38540972,25.40716129,18.28438194,0.14333333,11.486145,18.28438194,0.9074148
2025-03-31,157.89898872,88.54238194,16.38222369,18.448,0.11,11.648255,18.448,0.85413722
2025-04-01,187.50950747,85.86834722,25.79954988,19.09792361,0.08791667,14.50416667,19.09792361,0.55175045
2025-04-02,170.13560057,88.9919375,13.85131727,18.91252083,0.17166667,14.9577375,18.91252083,0.61954417
2025-04-03,138.32896489,90.08485417,17.40406898,18.49502778,0.13166667,13.69613667,18.49502778,0.72564576
2025-04-04,169.83467574,88.54418264,24.61420934,18.4044945,0.51166667,9.75556308,18.4044945,0.64144406
2025-04-05,167.06353227,83.4225293,34.71004081,19.07283122,0.0175,9.79453,19.07283122,0.91520944
2025-04-06,179.21994826,88.79314312,20.33063389,18.5021572,0.11375,11.48228923,18.5021572,0.61987461
2025-04-07,159.04727448,84.76732452,30.60631012,19.0186281,0.28291667,8.35938126,19.0186281,0.77217611
2025-04-08,168.94929073,85.49610352,18.93274953,19.52189716,0.0175,7.74633958,19.52189716,0.5794007
2025-04-09,187.09130505,84.60752806,21.94923683,19.24604846,0.12913043,9.17648571,19.24604846,0.83984203
2025-04-10,203.16394525,93.41033154,17.10977753,17.83497226,0.71238095,14.01484792,17.83497226,0.42669995
2025-04-11,188.35471855,84.25749909,21.40970251,18.75387987,0.25375,5.40543938,18.75387987,0.68400649
2025-04-12,167.15636152,79.7885039,27.11568661,20.16721198,0.09375,6.84908333,20.16721198,0.7706921
2025-04-13,152.04185153,71.80401389,34.16233173,21.60764583,0.02125,7.94883238,21.60764583,1.11787751
2025-04-14,153.1231515,71.28557666,29.75613484,21.30734741,0.11291667,9.40870286,21.30734741,1.15237328
2025-04-15,151.21468235,70.97803943,35.65013847,21.08683545,0.0,12.06537333,21.08683545,1.23862159
2025-04-16,136.12432167,71.61673198,35.05338082,21.7428972,0.0,16.27890375,21.7428972,0.93681424
2025-04-17,175.38230847,83.52685564,30.01772724,20.388575,0.10375,14.01073583,20.388575,0.6914449
2025-04-18,153.31471469,73.68146528,35.16782749,21.64863194,0.02791667,9.87858333,21.64863194,0.88214428
2025-04-19,195.46532876,75.72458333,37.57120762,21.36408333,0.07125,5.78039375,21.36408333,0.81298802
2025-04-20,178.04569655,81.76576776,28.30102715,19.15777162,0.01875,5.20064286,19.15777162,0.71934115
2025-04-21,207.73126993,82.18878874,29.87058151,19.43214527,0.00304348,12.75367583,19.43214527,0.7101619
2025-04-22,166.17317931,88.20317431,17.91090424,18.4875749,0.07391304,11.96185292,18.4875749,0.81797808
2025-04-23,227.02007843,79.21908768,33.40207884,20.18112677,0.00391304,10.86892955,20.18112677,0.86089835
2025-04-24,205.99008561,90.61307879,25.30088938,18.51687797,0.33772727,7.18738413,18.51687797,0.53576444
2025-04-25,159.85452691,88.90623474,20.46960485,17.79985104,0.10375,8.98931935,17.79985104,0.81251608
2025-04-26,196.51146343,86.71600177,38.4213829,18.66527554,0.16416667,8.95472292,18.66527554,0.79301151
2025-04-27,158.30039351,89.67646264,17.75558376,18.46615493,0.28125,8.58464708,18.46615493,0.68720095
2025-04-28,136.19959822,92.6237198,24.27904409,17.82642571,0.27818182,10.07178033,17.82642571,0.77374792
2025-04-29,186.61778254,91.28455594,10.14324509,18.2895455,0.39695652,10.93733422,18.2895455,0.5108049
2025-04-30,184.52897998,88.36983843,25.89764703,18.32832497,0.1852381,9.25436679,18.32832497,0.55493663
2025-05-01,201.31408793,90.69724976,19.16981764,18.24735659,0.10958333,11.17083333,18.24735659,0.68996708
2025-05-02,168.60601922,90.83152901,9.06581141,18.28060432,0.14791667,11.11463042,18.28060432,0.68828193
2025-05-03,206.84349831,83.31362253,22.88933449,19.66601624,0.015,9.3008875,19.66601624,0.87630029
2025-05-04,166.8091539,89.99950836,16.5538937,18.70009381,0.25625,11.20942083,18.70009381,0.58263773
2025-05-05,194.14345833,90.37903246,17.51292239,18.05652925,0.71409091,8.47999568,18.05652925,0.4747944
2025-05-06,200.53036806,90.57869373,21.89201349,17.92673541,0.33791667,11.53661855,17.92673541,0.49925049
2025-05-07,194.79166271,90.51514748,17.64931185,17.98057662,0.36695652,12.32283667,17.98057662,0.60140892
2025-05-08,163.29446538,90.67472222,15.31950459,17.89709028,0.39208333,13.82215333,17.89709028,0.70284508
2025-05-09,196.82167175,83.87609028,22.89750926,19.08021528,0.00041667,10.86992864,19.08021528,0.9290633
2025-05-10,162.77234968,71.84569707,25.35811271,20.91025123,0.0,5.98524258,20.91025123,1.18925154
2025-05-11,188.01774674,71.51854528,21.05001297,20.63665803,0.0,5.58721979,20.63665803,1.21505963
2025-05-12,176.07174163,68.3724322,22.86481021,21.929377,0.00208333,7.08249922,21.929377,0.95567624
2025-05-13,187.50067148,80.12141251,24.36896647,20.21470876,0.00333333,16.5543975,20.21470876,0.86854559
2025-05-14,197.87779618,83.75222542,14.76362075,20.12633793,0.01708333,15.1988,20.12633793,0.62145473
2025-05-15,163.17278331,92.79248232,3.88464705,17.82222808,0.23238095,9.94063444,17.82222808,0.50876526
2025-05-16,175.73449255,89.49776516,25.56656915,18.48218503,0.1025,11.513934,18.48218503,0.68879245
2025-05-17,182.88193395,86.43808333,17.55938946,18.74535417,0.36125,7.71696292,18.74535417,0.5630168
2025-05-18,165.48035739,88.44389583,12.75262922,18.33789583,0.18333333,5.31602096,18.33789583,0.63375904
2025-05-19,197.89049673,86.57305282,35.33949751,19.22808632,0.30791667,10.92552379,19.22808632,0.65669637
2025-05-20,192.95615542,86.57996013,35.5731236,19.40202977,0.39041667,13.61181404,19.40202977,0.56935587
2025-05-21,201.11587543,84.28926389,17.04437944,19.54836111,0.12916667,9.36790417,19.54836111,0.65341678
2025-05-22,204.85592152,82.74669583,15.99800986,19.75506296,0.05,8.43796542,19.75506296,0.8140333
2025-05-23,186.40652104,77.35611594,27.32823043,21.17822156,0.00666667,12.17259833,21.17822156,1.00198235
2025-05-24,153.77492771,74.80065603,15.04156267,21.4426362,0.03583333,7.4094915,21.4426362,0.9243611
2025-05-25,147.21020349,69.26791684,22.84028592,21.85460403,0.00041667,7.19182875,21.85460403,0.87758778
2025-05-26,173.45473834,77.63849532,15.09061124,20.41590517,0.0,8.93408292,20.41590517,0.8537493
2025-05-27,183.62857998,86.25115447,17.2896223,19.38355571,0.20041667,9.43856583,19.38355571,0.57324248
2025-05-28,164.68078862,81.47818319,13.91344547,20.15088228,0.06083333,7.46364142,20.15088228,1.12671126
2025-05-29,153.38469216,86.54487629,15.23181168,18.010253,0.0,9.40654083,18.010253,1.18868409
2025-05-30,,,18.23789473,,,9.62839167,,
2025-05-31,,,21.65494538,,,8.01663643,,
2025-06-01,,,23.08268539,,,8.95238095,,
2025-06-02,,,17.50216613,,,5.77369087,,
2025-06-03,,,21.72034348,,,7.59254708,,
2025-06-04,,,2.55052584,,,9.85636682,,
2025-06-05,,,,,,12.54251958,,
2025-06-06,,,,,,8.03013042,,
2025-06-07,,,,,,4.76869095,,
2025-06-08,,,,,,5.95737318,,
2025-06-09,,,,,,8.96839917,,
2025-06-10,,,21.97376111,,,9.69834045,,
2025-06-11,,,17.91090424,,,10.89733941,,
2025-06-12,,,24.3199179,,,10.46401125,,
2025-06-13,,,14.46115454,,,,,
2025-06-14,,,25.72597702,,,,,
2025-06-15,,,22.69314019,,,,,
2025-06-16,,,20.73119724,,,5.834337,,
2025-06-17,197.02337056,68.91272431,25.60335558,22.34804999,0.53615385,5.96007488,22.34804999,0.56388457
2025-06-18,191.65601908,74.08969253,24.87580174,19.54367567,0.03791667,3.89238344,19.54367567,0.87496392
2025-06-19,170.20343851,65.03229425,27.36910424,20.90710326,0.00208333,5.56231342,20.90710326,1.04764561
2025-06-20,151.62337655,70.42764566,26.64972516,20.96903428,0.0325,6.17736095,20.96903428,1.17131007
2025-06-21,189.45374141,77.78492952,24.57333553,20.80946286,0.06458333,9.6240755,20.80946286,0.90645951
2025-06-22,147.19066731,91.42559028,13.79899879,17.97944444,0.37833333,7.20629042,17.97944444,0.82277359
2025-06-23,209.32609275,88.00752083,24.41801505,18.40386111,0.705,3.89628448,18.40386111,0.67858203
2025-06-24,204.36521132,92.36804555,11.73078393,17.51967538,0.18541667,8.96373071,17.51967538,0.61100896
2025-06-25,161.35458973,76.56298927,33.44022773,19.05389905,0.00958333,10.654313,19.05389905,0.99410764
2025-06-26,177.15061461,71.8715819,26.34725895,20.62983582,0.00333333,9.33688238,20.62983582,0.87127714
2025-06-27,185.13237125,78.82415841,35.78093467,20.22999182,0.15916667,9.8645885,20.22999182,0.62741124
2025-06-28,197.08026577,75.97574353,34.37487555,20.19935405,0.07208333,8.81160458,20.19935405,0.89331677
2025-06-29,199.4397271,77.57838401,28.72611479,19.85109189,0.00125,7.05609618,19.85109189,0.92749415
2025-06-30,177.55154309,69.84812465,27.72879378,21.22275953,0.00041667,5.53151174,21.22275953,0.95555935
2025-07-01,148.75836009,71.01545812,25.21914175,21.03974405,0.0,5.38888889,21.03974405,1.01420521
2025-07-02,185.51987905,67.98316958,28.82094203,21.15366091,0.00625,8.23647476,21.15366091,0.88807173
2025-07-03,182.59562703,73.96881994,24.02953612,20.35694414,0.03583333,6.29471435,20.35694414,0.97195459
2025-07-04,206.33993158,76.39132286,26.29821038,19.86324872,0.06541667,9.97579829,19.86324872,0.77271005
2025-07-05,212.94265083,80.57531944,23.14275213,19.38096434,0.00041667,8.8891325,19.38096434,0.77113301
2025-07-06,189.81225762,74.00652658,23.89483026,19.5529454,0.00083333,5.15511058,19.5529454,1.02904205
2025-07-07,196.1333116,70.17427933,28.52174573,20.80979368,0.0225,8.2669725,20.80979368,0.77153397
2025-07-08,184.72609081,69.21466652,29.42096959,20.97534394,0.00083333,9.27575538,20.97534394,0.93801164
2025-07-09,166.06031521,74.9196859,22.34980018,19.96565707,0.07458333,9.9021313,19.96565707,0.83165304
2025-07-10,174.27377715,71.665463,26.79687088,21.01852706,0.00083333,9.57351409,21.01852706,0.73770045
2025-07-11,187.58418775,76.36450278,21.61407157,20.68840885,0.04708333,10.0768175,20.68840885,0.63510894
2025-07-12,184.22638081,72.32594939,34.21138031,20.86081191,0.015,7.84974227,20.86081191,0.81102805
2025-07-13,190.735907,73.62990972,26.42083182,20.93980555,0.00083333,6.01818963,20.93980555,0.81395391
2025-07-14,157.77640272,72.53203092,23.53514072,20.81827535,0.02416667,7.2061775,20.81827535,0.95945151
2025-07-15,163.68725365,65.85694474,28.67706622,21.32648411,0.00041667,7.94597432,21.32648411,0.89575306
2025-07-16,139.04442292,64.51919892,30.40194106,21.48802107,0.00041667,8.68851542,21.48802107,0.99462301
2025-07-17,179.60792719,64.07087051,28.65370975,21.94832119,0.00083333,9.77543045,21.94832119,0.75161164
2025-07-18,159.73501063,63.7229455,25.06382127,21.01001808,0.0025,7.47064208,21.01001808,1.14732288
2025-07-19,151.21145512,60.4577513,29.81335818,21.28249666,0.00083333,6.57396,21.28249666,1.03565117
2025-07-20,168.98129905,63.91697812,31.00687348,21.60061151,0.00208333,6.41162225,21.60061151,1.01414033
2025-07-21,192.91071839,69.47725457,31.88974781,21.72701976,0.01375,10.96606493,21.72701976,0.84790492
2025-07-22,167.36365168,68.0134035,31.03957252,22.01900969,0.0,11.22348229,22.01900969,0.80060623
2025-07-23,174.73641931,69.17242153,35.13512845,21.70218431,0.0,11.14091412,21.70218431,0.94419801
2025-07-24,133.60660663,66.32782639,35.76458514,22.03679167,0.00083333,7.83898218,22.03679167,1.08042964
2025-07-25,177.77714322,80.43627778,21.47510061,19.73315972,0.21291667,11.15740833,19.73315972,0.83461719
2025-07-26,154.11848087,88.53340972,16.3576994,18.14246528,0.47583333,10.63468,18.14246528,0.81438383
2025-07-27,160.44074164,74.89988889,29.90328056,20.0479375,0.01958333,5.51349513,20.0479375,0.89029742
2025-07-28,210.46226506,71.97244444,35.4048956,20.88668056,0.13041667,6.55399111,20.88668056,0.70355141
2025-07-29,196.03446389,72.3069375,27.45739168,20.56765278,0.07666667,6.853606,20.56765278,0.84935872
2025-07-30,202.43812944,72.67031944,30.81885394,19.93964583,0.105,6.641044,19.93964583,0.94209214
2025-07-31,166.2604778,68.61952083,33.51652551,21.67292361,0.00041667,9.17273458,21.67292361,0.90086106
2025-08-01,151.01179295,70.30988889,37.48945999,21.86876389,0.01625,7.50416667,21.86876389,1.07521748
2025-08-02,185.65226357,82.50983334,26.13471514,19.47410417,0.08333333,9.63850417,19.47410417,0.82031813
2025-08-03,177.41070336,74.65820139,38.16796527,20.380375,0.0175,5.3865073,20.380375,0.80910355
2025-08-04,194.76176728,69.44603472,28.61984288,20.50575694,0.00041667,7.11240333,20.50575694,0.93228128
2025-08-05,193.86879064,61.294,33.56557408,19.72629167,0.00041667,8.54704947,19.72629167,1.24246503
2025-08-06,160.37368784,66.86763889,38.99361626,20.88288194,0.00625,6.97361615,20.88288194,0.81088385
2025-08-07,207.37671643,84.19876389,31.57093208,17.94731944,0.15666667,7.7865954,17.94731944,0.73235715
2025-08-08,159.07729648,87.3817595,26.37178324,17.60187171,0.35791667,11.36815917,17.60187171,0.75769213
2025-08-09,162.0886476,82.63097222,31.99601971,18.30456945,0.0925,6.22918708,18.30456945,0.84429464
2025-08-10,153.38940395,87.59630556,28.55444478,17.95909722,0.26541667,9.29389083,17.95909722,0.69343299
2025-08-11,138.18994644,75.58347222,32.2821364,19.95742361,0.27583333,5.46445917,19.95742361,0.85030036
2025-08-12,152.94233239,70.30688194,29.69073674,20.51366667,0.00083333,8.14759333,20.51366667,0.80896647
2025-08-13,165.65710412,72.98127083,36.97444997,20.41502778,0.00916667,11.69092917,20.41502778,0.73625051
2025-08-14,196.00475574,77.69471528,28.8323867,19.60326389,0.11958333,12.14168208,19.60326389,0.85270913
2025-08-15,162.33783132,88.52934028,19.43304498,17.69163889,0.31416667,10.0395219,17.69163889,0.83814921
2025-08-16,184.81003,85.82801389,30.5245625,17.56227778,0.18916667,8.47856652,17.56227778,0.95277542
2025-08-17,162.42482649,88.43636806,28.25197857,18.10446528,0.22708333,10.6961625,18.10446528,0.73261048
2025-08-18,196.54116099,82.05503119,44.84674608,19.40563465,0.28583333,6.71333458,19.40563465,0.44123893
2025-08-19,179.96293901,71.77403472,47.59346622,20.62154861,0.00791667,7.97095217,20.62154861,0.94582484
2025-08-20,175.84037915,74.53322222,34.35035127,20.67815972,0.02083333,7.23702841,20.67815972,0.88025504
2025-08-21,196.91275132,77.57765278,43.79220174,20.08827778,0.385,7.0623,20.08827778,0.82422339
2025-08-22,176.81525671,88.01459028,26.68242421,18.33034028,0.14416667,10.60090854,18.33034028,0.71007235
2025-08-23,210.40062202,81.48388195,33.44686232,19.3964375,0.10708333,9.95928136,19.3964375,0.90999507
2025-08-24,168.30736139,71.52619445,35.57656561,20.67608333,0.01,6.26340083,20.67608333,1.05121381
2025-08-25,174.58677355,74.67370833,31.59545636,20.78597917,0.01541667,8.58742345,20.78597917,0.80434341
2025-08-26,153.90102798,65.82284028,33.54922456,21.40527083,0.00041667,7.61031292,21.40527083,0.93777031
2025-08-27,172.13430722,66.96970833,34.80113102,21.34519444,0.00458333,8.77326818,21.34519444,0.90248682
2025-08-28,166.52652809,65.40815278,23.21288298,20.73575694,0.01916667,6.5958153,20.73575694,1.08264106
2025-08-29,156.90147193,60.19767361,38.23336337,20.57588889,0.00083333,8.65339389,20.57588889,1.02277739
2025-08-30,162.9218782,68.35453472,3.72769162,20.94588194,0.00125,13.65945,20.94588194,0.88985654
2025-08-31,192.37183438,77.96220139,,19.89342361,0.02,,19.89342361,0.83185845
2025-09-01,156.67308333,76.58625,23.88665583,20.249125,0.175,2.00416667,20.249125,0.76995833
2025-09-02,202.53754167,75.33283333,45.60699958,20.353875,0.05708333,7.75563708,20.353875,0.87333333
2025-09-03,197.59766667,75.579875,35.66648792,20.11725,0.22458333,8.13031958,20.11725,0.84075
2025-09-04,170.07875,78.930875,31.91427167,19.20425,0.12916667,9.82248375,19.20425,0.94070833
2025-09-05,234.01133333,78.01245833,23.71498458,19.91991667,0.005,11.84974833,19.91991667,0.78554167
2025-09-06,210.80433333,83.971625,25.60335542,18.59733333,0.25791667,6.3909475,18.59733333,0.501125
2025-09-07,207.01329167,84.39154167,41.23350167,17.9795,0.28125,4.43099833,17.9795,0.67733333
2025-09-08,165.059,75.99091667,30.26297042,20.09995833,0.03166667,7.54613542,20.09995833,0.74529167
2025-09-09,190.09483333,73.281875,36.57388542,20.28704167,0.07041667,7.35915208,20.28704167,0.95895833
2025-09-10,140.26158333,69.55054167,35.96895417,21.12125,0.00041667,8.70823083,21.12125,1.25295833
2025-09-11,166.722125,68.73008333,30.38559125,21.83445833,0.00458333,13.40160417,21.83445833,0.84895833
2025-09-12,162.181875,68.50629167,41.94470458,20.96916667,0.00166667,11.94596083,20.96916667,0.92645833
2025-09-13,156.40795833,67.61020833,45.01841625,21.16766667,0.00041667,10.374945,21.16766667,0.96645833
2025-09-14,178.32816667,68.02754167,42.17359875,21.50379167,0.00291667,8.77146708,21.50379167,0.99279167
2025-09-15,185.261,66.611125,41.27437542,21.53495833,0.01208333,6.50607292,21.53495833,0.93379167
2025-09-16,169.581625,68.15866667,34.06423417,21.080375,0.0,9.37954792,21.080375,1.055875
2025-09-17,208.02808333,78.3735,31.47283542,19.90316667,0.24791667,15.87120333,19.90316667,0.7455
2025-09-18,179.47291667,91.43908333,21.30343083,17.43695833,0.23,10.35760375,17.43695833,0.665625
2025-09-19,186.81183333,83.9395,36.71285792,18.68508333,0.07833333,11.52110458,18.68508333,0.79141667
2025-09-20,191.08320833,81.30425,36.94992625,18.96241667,0.02416667,9.64843083,18.96241667,0.8245
2025-09-21,201.48825,74.029625,37.84097458,20.2425,0.02541667,8.56387708,20.2425,1.07070833
2025-09-22,141.45879167,75.5455,34.35035167,20.44145833,0.00125,8.91354,20.44145833,0.91820833
2025-09-23,161.30145833,69.60016667,47.27465,21.503375,0.015,9.5338475,21.503375,1.03966667
2025-09-24,70.83258333,35.29245833,22.17813,7.56566667,0.0,13.38111083,7.56566667,0.46154167
2025-09-25,0.0,0.0,36.92540083,0.0,0.0,8.50213417,0.0,0.0
2025-09-26,0.0,0.0,33.8271675,0.0,0.0,17.44901667,0.0,0.0
2025-09-27,0.0,0.0,21.9165375,0.0,0.0,16.91793625,0.0,0.0
2025-09-28,0.0,0.0,43.75950208,0.0,0.0,9.28091458,0.0,0.0
2025-09-29,0.0,0.0,38.92004375,0.0,0.0,9.68255375,0.0,0.0
2025-09-30,0.0,0.0,18.96544917,0.0,0.0,8.27323333,0.0,0.0
2025-10-01,156.574,83.13908333,23.10187833,17.301875,0.17708333,13.2,17.301875,0.55808333
2025-10-02,197.36070833,75.83320833,33.04239,19.91095833,0.01333333,10.41947792,19.91095833,0.94870833
2025-10-03,184.51520833,78.31704167,34.34217583,19.734,0.03958333,11.04924292,19.734,0.68670833
2025-10-04,144.00166667,85.1135,24.05015042,18.59279167,0.12541667,9.05821458,18.59279167,0.81791667
2025-10-05,208.31566667,79.898,47.05393125,19.49258333,0.09625,6.47947167,19.49258333,0.83791667
2025-10-06,197.965625,82.53779167,30.21392208,18.743375,0.065,10.01612333,18.743375,0.856625
2025-10-07,192.014875,79.82079167,33.51652667,19.42533333,0.04791667,8.71830792,19.42533333,0.95754167
2025-10-08,172.43608333,86.22779167,13.62732917,16.97704167,0.05708333,8.58968667,16.97704167,0.93045833
2025-10-09,211.047125,80.49633333,42.39431667,18.9075,0.08166667,12.82328667,18.9075,0.59295833
2025-10-10,212.027375,84.69533333,19.96276958,17.80795833,0.19583333,6.98260125,17.80795833,0.69575
2025-10-11,169.56904167,79.703375,42.27987,17.30283333,0.22833333,10.74338,17.30283333,0.66354167
2025-10-12,0.0,0.0,28.7996875,0.0,0.0,5.88798417,0.0,0.0
2025-10-13,0.0,0.0,22.05550792,0.0,0.0,7.71366792,0.0,0.0
2025-10-14,44.188375,26.759375,25.71780208,6.17595833,0.0,9.60092292,6.17595833,0.33908333
2025-10-15,164.89795833,85.84729167,25.6851025,17.68875,0.22041667,11.24478292,17.68875,0.80016667
2025-10-16,199.38816667,82.335875,31.9060975,18.05120833,0.01583333,10.44960417,18.05120833,0.89616667
2025-10-17,159.78225,82.64558333,21.78574083,18.27120833,0.02666667,11.52122083,18.27120833,0.83316667
2025-10-18,227.04645833,79.04916667,35.05338042,19.54579167,0.00833333,10.6508125,19.54579167,0.603375
2025-10-19,148.354125,74.30929167,28.87326,19.95179167,0.01,7.94826375,19.95179167,1.06695833
2025-10-20,180.79020833,83.17054167,47.14385333,18.91625,0.44125,12.07744542,18.91625,0.52379167
2025-10-21,152.82691667,84.92704167,26.51075458,18.52558333,0.035,10.37328292,18.52558333,0.65545833
2025-10-22,160.65583333,88.381125,25.05564625,17.791375,0.16458333,9.1642525,17.791375,0.78008333
2025-10-23,197.19733333,86.41754167,20.37150708,18.07033333,0.02791667,11.36322042,18.07033333,0.81508333
2025-10-24,170.38158333,87.101375,19.25156458,17.88575,0.18416667,8.76092667,17.88575,0.88966667
2025-10-25,181.3615,82.25783333,24.56516,19.106375,0.20166667,6.70376375,19.106375,0.971875
2025-10-26,181.013125,84.86483333,21.90018833,19.49170833,0.0875,7.67472167,19.49170833,0.652625
2025-10-27,181.64233333,82.74295833,9.46637417,18.58275,0.29041667,3.61711375,18.58275,0.983625
2025-10-28,173.58470833,79.36583333,17.62478792,18.265625,0.06458333,9.38028625,18.265625,0.81941667
2025-10-29,186.27970833,76.913125,36.11610042,20.58979167,0.00166667,8.61516833,20.58979167,0.84183333
2025-10-30,167.63870833,80.03658333,27.78601625,19.59733333,0.01375,2.60953167,19.59733333,0.89158333
2025-10-31,173.57170833,75.87045833,28.50539667,19.84804167,0.05583333,7.51384167,19.84804167,0.97425
