"Estacion","Fecha inicial","Fecha final","PM10"
"ESTRELLA - MARIA GORETTI","2025-10-29","","47.7275"
"ESTRELLA - MARIA GORETTI","2025-10-26","","13.4445"
"ESTRELLA - MARIA GORETTI","2025-10-23","","42.4269"
"ESTRELLA - MARIA GORETTI","2025-10-20","","7.2389"
"ESTRELLA - MARIA GORETTI","2025-10-17","","42.8272"
"ESTRELLA - MARIA GORETTI","2025-10-15","","42.7312"
"ESTRELLA - MARIA GORETTI","2025-10-11","","26.5675"
"ESTRELLA - MARIA GORETTI","2025-10-08","","53.9043"
"ESTRELLA - MARIA GORETTI","2025-10-05","","25.6315"
"ESTRELLA - MARIA GORETTI","2025-10-02","","49.5332"
"ESTRELLA - MARIA GORETTI","2025-09-29","","32.69603359"
"ESTRELLA - MARIA GORETTI","2025-09-26","","45.79208161"
"ESTRELLA - MARIA GORETTI","2025-09-23","","36.33251999"
"ESTRELLA - MARIA GORETTI","2025-09-20","","28.42100894"
"ESTRELLA - MARIA GORETTI","2025-09-17","","47.59528745"
"ESTRELLA - MARIA GORETTI","2025-09-14","","28.61694726"
"ESTRELLA - MARIA GORETTI","2025-09-11","","38.37437592"
"ESTRELLA - MARIA GORETTI","2025-09-05","","37.50583521"
"ESTRELLA - MARIA GORETTI","2025-09-02","","35.07827945"
"ESTRELLA - MARIA GORETTI","2025-08-30","","32.41806551"
"ESTRELLA - MARIA GORETTI","2025-08-27","","40.69820688"
"ESTRELLA - MARIA GORETTI","2025-08-24","","18.68930757"
"ESTRELLA - MARIA GORETTI","2025-08-21","","41.38476775"
"ESTRELLA - MARIA GORETTI","2025-08-18","","21.13259322"
"ESTRELLA - MARIA GORETTI","2025-08-15","","33.66283033"
"ESTRELLA - MARIA GORETTI","2025-08-12","","39.2108513"
"ESTRELLA - MARIA GORETTI","2025-08-09","","25.1802534"
"ESTRELLA - MARIA GORETTI","2025-08-06","","42.96830645"
"ESTRELLA - MARIA GORETTI","2025-08-03","","59.12845903"
"ESTRELLA - MARIA GORETTI","2025-07-31","","37.57213409"
"ESTRELLA - MARIA GORETTI","2025-07-28","","30.63219782"
"ESTRELLA - MARIA GORETTI","2025-07-25","","47.46169723"
"ESTRELLA - MARIA GORETTI","2025-07-22","","41.33669424"
"ESTRELLA - MARIA GORETTI","2025-07-19","","38.01682027"
"ESTRELLA - MARIA GORETTI","2025-07-16","","25.867605"
"ESTRELLA - MARIA GORETTI","2025-07-13","","21.61711933"
"ESTRELLA - MARIA GORETTI","2025-07-10","","40.00745009"
"ESTRELLA - MARIA GORETTI","2025-07-07","","45.41485362"
"ESTRELLA - MARIA GORETTI","2025-07-04","","47.36177636"
"ESTRELLA - MARIA GORETTI","2025-07-01","","40.04970144"
"ESTRELLA - MARIA GORETTI","2025-06-27","","42.56787882"
"ESTRELLA - MARIA GORETTI","2025-06-25","","50.99485399"
"ESTRELLA - MARIA GORETTI","2025-06-22","","18.0653391"
"ESTRELLA - MARIA GORETTI","2025-06-19","","35.16401549"
"ESTRELLA - MARIA GORETTI","2025-06-16","","32.7424961"
"ESTRELLA - MARIA GORETTI","2025-06-13","","11.38704201"
"ESTRELLA - MARIA GORETTI","2025-06-10","","35.95908336"
"ESTRELLA - MARIA GORETTI","2025-06-07","","29.39906891"
"ESTRELLA - MARIA GORETTI","2025-06-04","","39.27052593"
"ESTRELLA - MARIA GORETTI","2025-05-31","","32.80446017"
"ESTRELLA - MARIA GORETTI","2025-05-28","","45.5113023"
"ESTRELLA - MARIA GORETTI","2025-05-25","","27.53537618"
"ESTRELLA - MARIA GORETTI","2025-05-22","","34.9787869"
"ESTRELLA - MARIA GORETTI","2025-05-19","","28.83463833"
"ESTRELLA - MARIA GORETTI","2025-05-16","","35.60905251"
"ESTRELLA - MARIA GORETTI","2025-05-13","","54.97097634"
"ESTRELLA - MARIA GORETTI","2025-05-10","","32.61278936"
"ESTRELLA - MARIA GORETTI","2025-05-07","","42.32556391"
"ESTRELLA - MARIA GORETTI","2025-05-04","","28.10774151"
"ESTRELLA - MARIA GORETTI","2025-05-01","","26.20292854"
"ESTRELLA - MARIA GORETTI","2025-04-28","","38.51063947"
"ESTRELLA - MARIA GORETTI","2025-04-25","","35.74544432"
"ESTRELLA - MARIA GORETTI","2025-04-22","","42.32690508"
"ESTRELLA - MARIA GORETTI","2025-04-19","","22.74360853"
"ESTRELLA - MARIA GORETTI","2025-04-14","","40.12834048"
"ESTRELLA - MARIA GORETTI","2025-04-11","","37.28992832"
"ESTRELLA - MARIA GORETTI","2025-04-09","","43.98821108"
"ESTRELLA - MARIA GORETTI","2025-04-07","","46.6166456"
"ESTRELLA - MARIA GORETTI","2025-04-04","","38.81077283"
"ESTRELLA - MARIA GORETTI","2025-04-01","","42.82938873"
"ESTRELLA - MARIA GORETTI","2025-03-29","","40.31067446"
"ESTRELLA - MARIA GORETTI","2025-03-26","","54.63879519"
"ESTRELLA - MARIA GORETTI","2025-03-22","","30.52345893"
"ESTRELLA - MARIA GORETTI","2025-03-19","","38.15835371"
"ESTRELLA - MARIA GORETTI","2025-03-16","","25.18338032"
"ESTRELLA - MARIA GORETTI","2025-03-13","","54.93179751"
"ESTRELLA - MARIA GORETTI","2025-03-10","","55.40309302"
"ESTRELLA - MARIA GORETTI","2025-03-07","","50.34105619"
"ESTRELLA - MARIA GORETTI","2025-03-04","","56.4006602"
"ESTRELLA - MARIA GORETTI","2025-03-01","","43.24202274"
"ESTRELLA - MARIA GORETTI","2025-02-26","","42.45480027"
"ESTRELLA - MARIA GORETTI","2025-02-23","","25.31660203"
"ESTRELLA - MARIA GORETTI","2025-02-20","","46.52122775"
"ESTRELLA - MARIA GORETTI","2025-02-17","","21.84725556"
"ESTRELLA - MARIA GORETTI","2025-02-14","","34.39803221"
"ESTRELLA - MARIA GORETTI","2025-02-11","","35.83719711"
"ESTRELLA - MARIA GORETTI","2025-02-08","","35.90766495"
"ESTRELLA - MARIA GORETTI","2025-02-02","","33.42524999"
"ESTRELLA - MARIA GORETTI","2025-01-30","","27.92977576"
"ESTRELLA - MARIA GORETTI","2025-01-27","","45.07812419"
"ESTRELLA - MARIA GORETTI","2025-01-24","","66.61391832"
"ESTRELLA - MARIA GORETTI","2025-01-21","","51.09850619"
"ESTRELLA - MARIA GORETTI","2025-01-18","","27.06479533"
"ESTRELLA - MARIA GORETTI","2025-01-15","","34.48610324"
"ESTRELLA - MARIA GORETTI","2025-01-12","","14.29064694"
"ESTRELLA - MARIA GORETTI","2025-01-09","","33.88127658"
"ESTRELLA - MARIA GORETTI","2025-01-06","","19.1094562"
"ESTRELLA - MARIA GORETTI","2025-01-03","","25.97387576"
"ESTRELLA - MARIA GORETTI","2024-12-28","","26.56098372"
"ESTRELLA - MARIA GORETTI","2024-12-25","","25.61138127"
"ESTRELLA - MARIA GORETTI","2024-12-22","","23.62992189"
"ESTRELLA - MARIA GORETTI","2024-12-19","","33.41043956"
"ESTRELLA - MARIA GORETTI","2024-12-16","","42.29142555"
"ESTRELLA - MARIA GORETTI","2024-12-13","","50.78093849"
"ESTRELLA - MARIA GORETTI","2024-12-10","","47.13301668"
"ESTRELLA - MARIA GORETTI","2024-12-07","","32.09483252"
"ESTRELLA - MARIA GORETTI","2024-12-04","","43.11776721"
"ESTRELLA - MARIA GORETTI","2024-11-27","","45.90131342"
"ESTRELLA - MARIA GORETTI","2024-11-24","","20.24071396"
"ESTRELLA - MARIA GORETTI","2024-11-21","","37.96253511"
"ESTRELLA - MARIA GORETTI","2024-11-19","","36.67282122"
"ESTRELLA - MARIA GORETTI","2024-11-16","","34.27578437"
"ESTRELLA - MARIA GORETTI","2024-11-13","","27.52428799"
"ESTRELLA - MARIA GORETTI","2024-11-09","","17.86818523"
"ESTRELLA - MARIA GORETTI","2024-11-06","","39.83071874"
"ESTRELLA - MARIA GORETTI","2024-11-03","","5.8999515"
"ESTRELLA - MARIA GORETTI","2024-10-31","","34.64296794"
"ESTRELLA - MARIA GORETTI","2024-10-29","","56.63637282"
"ESTRELLA - MARIA GORETTI","2024-10-27","","23.41369513"
"ESTRELLA - MARIA GORETTI","2024-10-24","","37.33814665"
"ESTRELLA - MARIA GORETTI","2024-10-21","","30.51915693"
"ESTRELLA - MARIA GORETTI","2024-10-17","","53.81998645"
"ESTRELLA - MARIA GORETTI","2024-10-14","","17.05201061"
"ESTRELLA - MARIA GORETTI","2024-10-10","","35.44350731"
"ESTRELLA - MARIA GORETTI","2024-10-08","","37.70353883"
"ESTRELLA - MARIA GORETTI","2024-10-06","","31.53009594"
"ESTRELLA - MARIA GORETTI","2024-10-03","","38.98038084"
"ESTRELLA - MARIA GORETTI","2024-09-30","","23.14639159"
"ESTRELLA - MARIA GORETTI","2024-09-24","","45.60566216"
"ESTRELLA - MARIA GORETTI","2024-09-21","","40.58295643"
"ESTRELLA - MARIA GORETTI","2024-09-18","","48.35450182"
"ESTRELLA - MARIA GORETTI","2024-09-15","","25.2630702"
"ESTRELLA - MARIA GORETTI","2024-09-12","","51.71375156"
"ESTRELLA - MARIA GORETTI","2024-09-05","","10.93730374"
"ESTRELLA - MARIA GORETTI","2024-09-03","","48.66695302"
"ESTRELLA - MARIA GORETTI","2024-08-31","","52.58410345"
"ESTRELLA - MARIA GORETTI","2024-08-28","","48.6358937"
"ESTRELLA - MARIA GORETTI","2024-08-25","","32.89521824"
"ESTRELLA - MARIA GORETTI","2024-08-22","","41.05019412"
"ESTRELLA - MARIA GORETTI","2024-08-19","","31.01448238"
"ESTRELLA - MARIA GORETTI","2024-08-15","","58.00504748"
"ESTRELLA - MARIA GORETTI","2024-08-13","","33.15764136"
"ESTRELLA - MARIA GORETTI","2024-08-10","","43.22740237"
"ESTRELLA - MARIA GORETTI","2024-08-07","","23.43823887"
"ESTRELLA - MARIA GORETTI","2024-08-04","","32.5632936"
"ESTRELLA - MARIA GORETTI","2024-08-01","","62.60169094"
"ESTRELLA - MARIA GORETTI","2024-07-30","","48.82680504"
"ESTRELLA - MARIA GORETTI","2024-07-26","","68.45151518"
"ESTRELLA - MARIA GORETTI","2024-07-23","","46.40887389"
"ESTRELLA - MARIA GORETTI","2024-07-20","","22.59582966"
"ESTRELLA - MARIA GORETTI","2024-07-17","","40.27586199"
"ESTRELLA - MARIA GORETTI","2024-07-14","","22.05686162"
"ESTRELLA - MARIA GORETTI","2024-07-11","","54.0895263"
"ESTRELLA - MARIA GORETTI","2024-07-09","","39.29482434"
"ESTRELLA - MARIA GORETTI","2024-07-05","","25.7545197"
"ESTRELLA - MARIA GORETTI","2024-07-03","","41.21612491"
"ESTRELLA - MARIA GORETTI","2024-06-29","","36.24209569"
"ESTRELLA - MARIA GORETTI","2024-06-26","","24.26953174"
"ESTRELLA - MARIA GORETTI","2024-06-23","","23.07753884"
"ESTRELLA - MARIA GORETTI","2024-06-20","","27.82665375"
"ESTRELLA - MARIA GORETTI","2024-06-18","","32.05738794"
"ESTRELLA - MARIA GORETTI","2024-06-14","","26.3840855"
"ESTRELLA - MARIA GORETTI","2024-06-12","","43.63448056"
"ESTRELLA - MARIA GORETTI","2024-06-08","","29.35189628"
"ESTRELLA - MARIA GORETTI","2024-06-05","","47.94756468"
"ESTRELLA - MARIA GORETTI","2024-06-02","","11.48046021"
"ESTRELLA - MARIA GORETTI","2024-05-30","","38.07053528"
"ESTRELLA - MARIA GORETTI","2024-05-28","","35.0952574"
"ESTRELLA - MARIA GORETTI","2024-05-24","","38.81851647"
"ESTRELLA - MARIA GORETTI","2024-05-15","","41.60468221"
"ESTRELLA - MARIA GORETTI","2024-05-12","","31.29006374"
"ESTRELLA - MARIA GORETTI","2024-05-09","","21.9725816"
"ESTRELLA - MARIA GORETTI","2024-05-07","","38.35015108"
"ESTRELLA - MARIA GORETTI","2024-05-03","","48.49601527"
"ESTRELLA - MARIA GORETTI","2024-04-30","","37.15782975"
"ESTRELLA - MARIA GORETTI","2024-04-27","","45.12926135"
"ESTRELLA - MARIA GORETTI","2024-04-24","","45.52011001"
"ESTRELLA - MARIA GORETTI","2024-04-21","","28.639195"
"ESTRELLA - MARIA GORETTI","2024-04-18","","66.35630463"
"ESTRELLA - MARIA GORETTI","2024-04-15","","72.56023717"
"ESTRELLA - MARIA GORETTI","2024-04-11","","69.96275651"
"ESTRELLA - MARIA GORETTI","2024-04-09","","75.13770877"
"ESTRELLA - MARIA GORETTI","2024-04-06","","47.62424391"
"ESTRELLA - MARIA GORETTI","2024-04-03","","46.95265705"
"ESTRELLA - MARIA GORETTI","2024-03-28","","40.753343"
"ESTRELLA - MARIA GORETTI","2024-03-24","","54.93645698"
"ESTRELLA - MARIA GORETTI","2024-03-21","","63.98124081"
"ESTRELLA - MARIA GORETTI","2024-03-19","","60.38677723"
"ESTRELLA - MARIA GORETTI","2024-03-15","","89.05314729"
"ESTRELLA - MARIA GORETTI","2024-03-13","","72.143565"
"ESTRELLA - MARIA GORETTI","2024-03-10","","40.01750344"
"ESTRELLA - MARIA GORETTI","2024-03-05","","23.65630992"
"ESTRELLA - MARIA GORETTI","2024-03-03","","46.03931558"
"ESTRELLA - MARIA GORETTI","2024-02-29","","73.09728817"
"ESTRELLA - MARIA GORETTI","2024-02-27","","57.59330204"
"ESTRELLA - MARIA GORETTI","2024-02-23","","53.83863037"
"ESTRELLA - MARIA GORETTI","2024-02-20","","79.477729"
"ESTRELLA - MARIA GORETTI","2024-02-17","","78.16140098"
"ESTRELLA - MARIA GORETTI","2024-02-14","","76.43175188"
"ESTRELLA - MARIA GORETTI","2024-02-11","","44.75881286"
"ESTRELLA - MARIA GORETTI","2024-02-08","","36.82600001"
"ESTRELLA - MARIA GORETTI","2024-02-06","","52.25941124"
"ESTRELLA - MARIA GORETTI","2024-02-02","","51.84258446"
"ESTRELLA - MARIA GORETTI","2024-01-30","","53.10667038"
"ESTRELLA - MARIA GORETTI","2024-01-27","","63.06209008"
"ESTRELLA - MARIA GORETTI","2024-01-24","","72.51926271"
"ESTRELLA - MARIA GORETTI","2024-01-21","","36.39876784"
"ESTRELLA - MARIA GORETTI","2024-01-18","","49.81426981"
"ESTRELLA - MARIA GORETTI","2024-01-16","","53.49858391"
"ESTRELLA - MARIA GORETTI","2024-01-12","","25.17375445"
"ESTRELLA - MARIA GORETTI","2024-01-10","","79.50434636"
"ESTRELLA - MARIA GORETTI","2024-01-06","","49.57157296"
"ESTRELLA - MARIA GORETTI","2024-01-03","","78.01688136"
"ESTRELLA - MARIA GORETTI","2023-12-31","","34.62408726"
"ESTRELLA - MARIA GORETTI","2023-12-27","","52.30126712"
"ESTRELLA - MARIA GORETTI","2023-12-25","","50.18942193"
"ESTRELLA - MARIA GORETTI","2023-12-21","","62.56434352"
"ESTRELLA - MARIA GORETTI","2023-12-19","","45.41002948"
"ESTRELLA - MARIA GORETTI","2023-12-15","","52.86294799"
"ESTRELLA - MARIA GORETTI","2023-12-12","","37.57692561"
"ESTRELLA - MARIA GORETTI","2023-12-08","","38.77714814"
"ESTRELLA - MARIA GORETTI","2023-12-05","","57.75206553"
"ESTRELLA - MARIA GORETTI","2023-11-29","","57.00249404"
"ESTRELLA - MARIA GORETTI","2023-11-26","","28.55367738"
"ESTRELLA - MARIA GORETTI","2023-11-23","","57.36089904"
"ESTRELLA - MARIA GORETTI","2023-11-21","","37.93163552"
"ESTRELLA - MARIA GORETTI","2023-11-17","","45.92849605"
"ESTRELLA - MARIA GORETTI","2023-11-15","","38.10314232"
"ESTRELLA - MARIA GORETTI","2023-11-11","","64.427438"
"ESTRELLA - MARIA GORETTI","2023-11-08","","48.77232637"
"ESTRELLA - MARIA GORETTI","2023-11-05","","53.55665822"
"ESTRELLA - MARIA GORETTI","2023-11-02","","54.85564542"
"ESTRELLA - MARIA GORETTI","2023-10-18","","50.82988954"
"ESTRELLA - MARIA GORETTI","2023-10-15","","42.02612952"
"ESTRELLA - MARIA GORETTI","2023-10-12","","47.95600278"
"ESTRELLA - MARIA GORETTI","2023-08-07","","25.10634762"
"ESTRELLA - MARIA GORETTI","2023-08-03","","40.68489835"
"ESTRELLA - MARIA GORETTI","2023-08-01","","49.33458167"
"ESTRELLA - MARIA GORETTI","2023-07-28","","58.6495147"
"ESTRELLA - MARIA GORETTI","2023-07-25","","56.75365027"
"ESTRELLA - MARIA GORETTI","2023-07-22","","53.92192927"
"ESTRELLA - MARIA GORETTI","2023-07-19","","41.54235672"
"ESTRELLA - MARIA GORETTI","2023-07-16","","22.20215549"
"ESTRELLA - MARIA GORETTI","2023-07-13","","49.33328255"
"ESTRELLA - MARIA GORETTI","2023-07-11","","46.47770647"
"ESTRELLA - MARIA GORETTI","2023-07-07","","23.27824683"
"ESTRELLA - MARIA GORETTI","2023-07-05","","37.11901972"
"ESTRELLA - MARIA GORETTI","2023-07-01","","52.01048033"
"ESTRELLA - MARIA GORETTI","2023-06-29","","53.15542377"
"ESTRELLA - MARIA GORETTI","2023-06-27","","32.8318691"
"ESTRELLA - MARIA GORETTI","2023-06-24","","31.46102488"
"ESTRELLA - MARIA GORETTI","2023-06-21","","59.55065765"
"ESTRELLA - MARIA GORETTI","2023-06-16","","64.6279448"
"ESTRELLA - MARIA GORETTI","2023-06-14","","43.83060886"
"ESTRELLA - MARIA GORETTI","2023-06-10","","61.13149913"
"ESTRELLA - MARIA GORETTI","2023-06-04","","38.15051208"
"ESTRELLA - MARIA GORETTI","2023-06-01","","38.32926281"
"ESTRELLA - MARIA GORETTI","2023-05-30","","42.20694467"
"ESTRELLA - MARIA GORETTI","2023-05-26","","34.14463644"
"ESTRELLA - MARIA GORETTI","2023-05-24","","33.62070587"
"ESTRELLA - MARIA GORETTI","2023-05-20","","37.39347979"
"ESTRELLA - MARIA GORETTI","2023-05-17","","31.64377257"
"ESTRELLA - MARIA GORETTI","2023-05-14","","27.46748431"
"ESTRELLA - MARIA GORETTI","2023-05-11","","49.10729491"
"ESTRELLA - MARIA GORETTI","2023-05-09","","47.94703004"
"ESTRELLA - MARIA GORETTI","2023-05-05","","51.4846432"
"ESTRELLA - MARIA GORETTI","2023-05-03","","60.91495362"
"ESTRELLA - MARIA GORETTI","2023-04-29","","26.01412091"
"ESTRELLA - MARIA GORETTI","2023-04-26","","45.71077433"
"ESTRELLA - MARIA GORETTI","2023-04-23","","19.64892317"
"ESTRELLA - MARIA GORETTI","2023-04-20","","41.17601096"
"ESTRELLA - MARIA GORETTI","2023-04-18","","38.40062718"
"ESTRELLA - MARIA GORETTI","2023-04-14","","52.87545618"
"ESTRELLA - MARIA GORETTI","2023-04-11","","42.07639211"
"ESTRELLA - MARIA GORETTI","2023-04-08","","20.32081949"
"ESTRELLA - MARIA GORETTI","2023-04-04","","44.53092169"
"ESTRELLA - MARIA GORETTI","2023-04-02","","27.38841692"
"ESTRELLA - MARIA GORETTI","2023-03-30","","47.20376415"
"ESTRELLA - MARIA GORETTI","2023-03-28","","37.77563261"
"ESTRELLA - MARIA GORETTI","2023-03-24","","71.23527449"
"ESTRELLA - MARIA GORETTI","2023-03-22","","61.06148592"
"ESTRELLA - MARIA GORETTI","2023-03-18","","33.23406927"
"ESTRELLA - MARIA GORETTI","2023-03-15","","39.23060473"
"ESTRELLA - MARIA GORETTI","2023-03-12","","21.29380865"
"ESTRELLA - MARIA GORETTI","2023-03-09","","50.71718605"
"ESTRELLA - MARIA GORETTI","2023-03-07","","42.47564292"
"ESTRELLA - MARIA GORETTI","2023-03-03","","66.93912133"
"ESTRELLA - MARIA GORETTI","2023-02-28","","57.91481984"
"ESTRELLA - MARIA GORETTI","2023-02-25","","60.89538384"
"ESTRELLA - MARIA GORETTI","2023-02-22","","45.26889028"
"ESTRELLA - MARIA GORETTI","2023-02-19","","35.11994738"
"ESTRELLA - MARIA GORETTI","2023-02-16","","51.37111102"
"ESTRELLA - MARIA GORETTI","2023-02-14","","50.74271545"
"ESTRELLA - MARIA GORETTI","2023-02-10","","60.08395195"
"ESTRELLA - MARIA GORETTI","2023-02-07","","45.34256747"
"ESTRELLA - MARIA GORETTI","2023-02-04","","43.84703376"
"ESTRELLA - MARIA GORETTI","2023-02-01","","57.82972938"
"ESTRELLA - MARIA GORETTI","2023-01-29","","51.67167047"
"ESTRELLA - MARIA GORETTI","2023-01-26","","62.14457026"
"ESTRELLA - MARIA GORETTI","2023-01-24","","46.84089864"
"ESTRELLA - MARIA GORETTI","2023-01-20","","44.2680083"
"ESTRELLA - MARIA GORETTI","2023-01-17","","37.45355412"
"ESTRELLA - MARIA GORETTI","2023-01-14","","44.19115101"
"ESTRELLA - MARIA GORETTI","2023-01-11","","43.94492245"
"ESTRELLA - MARIA GORETTI","2023-01-08","","23.36426629"
"ESTRELLA - MARIA GORETTI","2023-01-05","","42.08800479"
"ESTRELLA - MARIA GORETTI","2023-01-01","","38.42949597"
"ESTRELLA - MARIA GORETTI","2022-12-29","","57.36788478"
"ESTRELLA - MARIA GORETTI","2022-12-27","","23.15964376"
"ESTRELLA - MARIA GORETTI","2022-12-24","","22.83449012"
"ESTRELLA - MARIA GORETTI","2022-12-21","","51.36729658"
"ESTRELLA - MARIA GORETTI","2022-12-18","","23.24982945"
"ESTRELLA - MARIA GORETTI","2022-12-15","","54.27512572"
"ESTRELLA - MARIA GORETTI","2022-12-13","","51.97670028"
"ESTRELLA - MARIA GORETTI","2022-12-09","","18.04757461"
"ESTRELLA - MARIA GORETTI","2022-12-06","","33.54199531"
"ESTRELLA - MARIA GORETTI","2022-12-03","","34.99859464"
"ESTRELLA - MARIA GORETTI","2022-12-01","","35.90586803"
"ESTRELLA - MARIA GORETTI","2022-11-27","","26.18487808"
"ESTRELLA - MARIA GORETTI","2022-11-24","","43.42216502"
"ESTRELLA - MARIA GORETTI","2022-11-22","","28.6294947"
"ESTRELLA - MARIA GORETTI","2022-11-18","","36.08600316"
"ESTRELLA - MARIA GORETTI","2022-11-12","","24.98774428"
"ESTRELLA - MARIA GORETTI","2022-11-09","","25.06013806"
"ESTRELLA - MARIA GORETTI","2022-11-06","","13.92726648"
"ESTRELLA - MARIA GORETTI","2022-11-03","","28.35706702"
"ESTRELLA - MARIA GORETTI","2022-11-01","","37.09989768"
"ESTRELLA - MARIA GORETTI","2022-10-28","","24.05996186"
"ESTRELLA - MARIA GORETTI","2022-10-25","","33.86594038"
"ESTRELLA - MARIA GORETTI","2022-10-22","","29.29473546"
"ESTRELLA - MARIA GORETTI","2022-10-19","","40.11446531"
"ESTRELLA - MARIA GORETTI","2022-10-16","","23.45884793"
"ESTRELLA - MARIA GORETTI","2022-10-13","","36.69389149"
"ESTRELLA - MARIA GORETTI","2022-10-11","","38.01101609"
"ESTRELLA - MARIA GORETTI","2022-10-07","","29.86746434"
"ESTRELLA - MARIA GORETTI","2022-10-05","","30.92474383"
"ESTRELLA - MARIA GORETTI","2022-10-01","","40.38197527"
"ESTRELLA - MARIA GORETTI","2022-09-28","","32.80209967"
"ESTRELLA - MARIA GORETTI","2022-09-25","","29.87899338"
"ESTRELLA - MARIA GORETTI","2022-09-22","","40.51102266"
"ESTRELLA - MARIA GORETTI","2022-09-20","","36.33685453"
"ESTRELLA - MARIA GORETTI","2022-09-16","","36.92234776"
"ESTRELLA - MARIA GORETTI","2022-09-13","","33.25836847"
"ESTRELLA - MARIA GORETTI","2022-09-10","","39.45973427"
"ESTRELLA - MARIA GORETTI","2022-09-07","","43.46740457"
"ESTRELLA - MARIA GORETTI","2022-09-04","","18.67078199"
"ESTRELLA - MARIA GORETTI","2022-09-01","","34.91662481"
"ESTRELLA - MARIA GORETTI","2022-08-30","","25.890132"
"ESTRELLA - MARIA GORETTI","2022-08-26","","37.476637"
"ESTRELLA - MARIA GORETTI","2022-08-23","","44.891662"
"ESTRELLA - MARIA GORETTI","2022-08-20","","37.34433"
"ESTRELLA - MARIA GORETTI","2022-08-17","","40.14118"
"ESTRELLA - MARIA GORETTI","2022-08-14","","18.087784"
"ESTRELLA - MARIA GORETTI","2022-08-11","","44.053469"
"ESTRELLA - MARIA GORETTI","2022-08-09","","35.646406"
"ESTRELLA - MARIA GORETTI","2022-08-05","","26.107366"
"ESTRELLA - MARIA GORETTI","2022-08-02","","28.932497"
"ESTRELLA - MARIA GORETTI","2022-07-30","","27.01542527"
"ESTRELLA - MARIA GORETTI","2022-07-27","","31.11410223"
"ESTRELLA - MARIA GORETTI","2022-07-24","","19.19975405"
"ESTRELLA - MARIA GORETTI","2022-07-21","","33.81323299"
"ESTRELLA - MARIA GORETTI","2022-07-18","","15.51455579"
"ESTRELLA - MARIA GORETTI","2022-07-14","","47.08401305"
"ESTRELLA - MARIA GORETTI","2022-07-12","","41.4340434"
"ESTRELLA - MARIA GORETTI","2022-07-09","","44.23578764"
"ESTRELLA - MARIA GORETTI","2022-07-06","","38.56719456"
"ESTRELLA - MARIA GORETTI","2022-07-02","","31.82889169"
"ESTRELLA - MARIA GORETTI","2022-06-30","","23.8507335"
"ESTRELLA - MARIA GORETTI","2022-06-26","","16.3242164"
"ESTRELLA - MARIA GORETTI","2022-06-23","","33.5784877"
"ESTRELLA - MARIA GORETTI","2022-06-20","","16.2427897"
"ESTRELLA - MARIA GORETTI","2022-06-16","","32.6108821"
"ESTRELLA - MARIA GORETTI","2022-06-14","","17.4406966"
"ESTRELLA - MARIA GORETTI","2022-06-11","","24.4566186"
"ESTRELLA - MARIA GORETTI","2022-06-08","","32.2309799"
"ESTRELLA - MARIA GORETTI","2022-06-05","","26.823514"
"ESTRELLA - MARIA GORETTI","2022-06-02","","21.7264795"
"ESTRELLA - MARIA GORETTI","2022-05-31","","29.2635628"
"ESTRELLA - MARIA GORETTI","2022-05-26","","36.90066141"
"ESTRELLA - MARIA GORETTI","2022-05-24","","46.35002136"
"ESTRELLA - MARIA GORETTI","2022-05-21","","31.7577581"
"ESTRELLA - MARIA GORETTI","2022-05-18","","31.72132379"
"ESTRELLA - MARIA GORETTI","2022-05-15","","21.44508193"
"ESTRELLA - MARIA GORETTI","2022-05-12","","44.31469667"
"ESTRELLA - MARIA GORETTI","2022-05-09","","32.52335095"
"ESTRELLA - MARIA GORETTI","2022-05-05","","32.12887549"
"ESTRELLA - MARIA GORETTI","2022-05-03","","17.03441776"
"ESTRELLA - MARIA GORETTI","2022-04-30","","34.38829662"
"ESTRELLA - MARIA GORETTI","2022-04-27","","24.80794864"
"ESTRELLA - MARIA GORETTI","2022-04-24","","17.23725271"
"ESTRELLA - MARIA GORETTI","2022-04-21","","29.82361974"
"ESTRELLA - MARIA GORETTI","2022-04-19","","20.87839904"
"ESTRELLA - MARIA GORETTI","2022-04-15","","29.29402194"
"ESTRELLA - MARIA GORETTI","2022-04-12","","35.43045475"
"ESTRELLA - MARIA GORETTI","2022-04-09","","30.59096102"
"ESTRELLA - MARIA GORETTI","2022-04-06","","31.88464302"
"ESTRELLA - MARIA GORETTI","2022-04-03","","25.51578313"
"ESTRELLA - MARIA GORETTI","2022-03-31","","41.19732912"
"ESTRELLA - MARIA GORETTI","2022-03-29","","28.72428533"
"ESTRELLA - MARIA GORETTI","2022-03-26","","64.4873679"
"ESTRELLA - MARIA GORETTI","2022-03-23","","49.95178688"
"ESTRELLA - MARIA GORETTI","2022-03-20","","31.32552791"
"ESTRELLA - MARIA GORETTI","2022-03-17","","38.26570578"
"ESTRELLA - MARIA GORETTI","2022-03-14","","40.28594969"
"ESTRELLA - MARIA GORETTI","2022-03-10","","42.28386579"
"ESTRELLA - MARIA GORETTI","2022-03-08","","39.99161217"
"ESTRELLA - MARIA GORETTI","2022-03-05","","25.72380755"
"ESTRELLA - MARIA GORETTI","2022-03-02","","42.27809195"
"ESTRELLA - MARIA GORETTI","2022-02-27","","41.36912583"
"ESTRELLA - MARIA GORETTI","2022-02-24","","63.41630774"
"ESTRELLA - MARIA GORETTI","2022-02-21","","42.04920366"
"ESTRELLA - MARIA GORETTI","2022-02-17","","58.8589396"
"ESTRELLA - MARIA GORETTI","2022-02-15","","48.56184564"
"ESTRELLA - MARIA GORETTI","2022-02-12","","48.72119278"
"ESTRELLA - MARIA GORETTI","2022-02-09","","45.40020627"
"ESTRELLA - MARIA GORETTI","2022-02-06","","32.25217318"
"ESTRELLA - MARIA GORETTI","2022-02-03","","69.4568588"
"ESTRELLA - MARIA GORETTI","2022-01-31","","43.99531116"
"ESTRELLA - MARIA GORETTI","2022-01-27","","59.96925049"
"ESTRELLA - MARIA GORETTI","2022-01-25","","42.91868895"
"ESTRELLA - MARIA GORETTI","2022-01-19","","63.47048249"
"ESTRELLA - MARIA GORETTI","2022-01-16","","38.31537728"
"ESTRELLA - MARIA GORETTI","2022-01-13","","35.69013002"
"ESTRELLA - MARIA GORETTI","2022-01-10","","22.72216647"
"ESTRELLA - MARIA GORETTI","2022-01-06","","33.10326991"
"ESTRELLA - MARIA GORETTI","2022-01-04","","35.82325066"
"ESTRELLA - MARIA GORETTI","2021-12-31","","45.96132252"
"ESTRELLA - MARIA GORETTI","2021-12-28","","37.34466832"
"ESTRELLA - MARIA GORETTI","2021-12-24","","31.67737773"
"ESTRELLA - MARIA GORETTI","2021-12-22","","39.62973981"
"ESTRELLA - MARIA GORETTI","2021-12-20","","32.93711525"
"ESTRELLA - MARIA GORETTI","2021-12-16","","47.00712398"
"ESTRELLA - MARIA GORETTI","2021-12-14","","49.1758635"
"ESTRELLA - MARIA GORETTI","2021-12-11","","38.38696662"
"ESTRELLA - MARIA GORETTI","2021-12-08","","34.79187639"
"ESTRELLA - MARIA GORETTI","2021-12-05","","23.14098262"
"ESTRELLA - MARIA GORETTI","2021-12-01","","34.28202816"
"ESTRELLA - MARIA GORETTI","2021-11-29","","38.75163805"
"ESTRELLA - MARIA GORETTI","2021-11-25","","29.67137527"
"ESTRELLA - MARIA GORETTI","2021-11-23","","40.4147086"
"ESTRELLA - MARIA GORETTI","2021-11-20","","31.00889735"
"ESTRELLA - MARIA GORETTI","2021-11-17","","34.13424061"
"ESTRELLA - MARIA GORETTI","2021-11-14","","39.66704684"
"ESTRELLA - MARIA GORETTI","2021-11-11","","37.54023395"
"ESTRELLA - MARIA GORETTI","2021-11-09","","33.93422538"
"ESTRELLA - MARIA GORETTI","2021-11-07","","33.51037888"
"ESTRELLA - MARIA GORETTI","2021-11-04","","39.76232024"
"ESTRELLA - MARIA GORETTI","2021-11-01","","19.31954893"
"ESTRELLA - MARIA GORETTI","2021-10-28","","51.15735534"
"ESTRELLA - MARIA GORETTI","2021-10-26","","30.18203332"
"ESTRELLA - MARIA GORETTI","2021-10-23","","45.47125981"
"ESTRELLA - MARIA GORETTI","2021-10-20","","26.58799511"
"ESTRELLA - MARIA GORETTI","2021-10-17","","13.70371018"
"ESTRELLA - MARIA GORETTI","2021-10-14","","41.94429008"
"ESTRELLA - MARIA GORETTI","2021-10-12","","41.49406315"
"ESTRELLA - MARIA GORETTI","2021-10-10","","30.61661128"
"ESTRELLA - MARIA GORETTI","2021-10-07","","34.26429133"
"ESTRELLA - MARIA GORETTI","2021-10-04","","18.00177057"
"ESTRELLA - MARIA GORETTI","2021-09-30","","33.80532368"
"ESTRELLA - MARIA GORETTI","2021-09-28","","42.19554694"
"ESTRELLA - MARIA GORETTI","2021-09-25","","39.70628828"
"ESTRELLA - MARIA GORETTI","2021-09-22","","38.63374561"
"ESTRELLA - MARIA GORETTI","2021-09-19","","18.41999863"
"ESTRELLA - MARIA GORETTI","2021-09-16","","51.90394357"
"ESTRELLA - MARIA GORETTI","2021-09-13","","44.371391"
"ESTRELLA - MARIA GORETTI","2021-09-09","","43.98520401"
"ESTRELLA - MARIA GORETTI","2021-09-07","","36.84931761"
"ESTRELLA - MARIA GORETTI","2021-09-04","","31.17190473"
"ESTRELLA - MARIA GORETTI","2021-09-01","","35.62374554"
"ESTRELLA - MARIA GORETTI","2021-08-29","","24.99114924"
"ESTRELLA - MARIA GORETTI","2021-08-26","","41.63692338"
"ESTRELLA - MARIA GORETTI","2021-08-24","","32.09160286"
"ESTRELLA - MARIA GORETTI","2021-08-21","","33.79465516"
"ESTRELLA - MARIA GORETTI","2021-08-18","","32.60090654"
"ESTRELLA - MARIA GORETTI","2021-08-15","","19.25745528"
"ESTRELLA - MARIA GORETTI","2021-08-12","","37.71498824"
"ESTRELLA - MARIA GORETTI","2021-08-10","","24.22218584"
"ESTRELLA - MARIA GORETTI","2021-08-07","","41.6551771"
"ESTRELLA - MARIA GORETTI","2021-08-03","","39.97646909"
"ESTRELLA - MARIA GORETTI","2021-07-31","","31.86044466"
"ESTRELLA - MARIA GORETTI","2021-07-28","","38.40664587"
"ESTRELLA - MARIA GORETTI","2021-07-25","","18.16361092"
"ESTRELLA - MARIA GORETTI","2021-07-22","","52.01320463"
"ESTRELLA - MARIA GORETTI","2021-07-20","","20.44051399"
"ESTRELLA - MARIA GORETTI","2021-07-17","","33.87129763"
"ESTRELLA - MARIA GORETTI","2021-07-13","","31.5674515"
"ESTRELLA - MARIA GORETTI","2021-07-10","","41.37892517"
"ESTRELLA - MARIA GORETTI","2021-07-07","","48.17847339"
"ESTRELLA - MARIA GORETTI","2021-07-04","","9.97598256"
"ESTRELLA - MARIA GORETTI","2021-07-01","","38.34875088"
"ESTRELLA - MARIA GORETTI","2021-06-29","","34.13573308"
"ESTRELLA - MARIA GORETTI","2021-06-27","","25.03486466"
"ESTRELLA - MARIA GORETTI","2021-06-24","","26.48211868"
"ESTRELLA - MARIA GORETTI","2021-06-22","","31.78628641"
"ESTRELLA - MARIA GORETTI","2021-06-19","","24.72709467"
"ESTRELLA - MARIA GORETTI","2021-06-16","","30.99011518"
"ESTRELLA - MARIA GORETTI","2021-06-12","","38.49497316"
"ESTRELLA - MARIA GORETTI","2021-06-09","","29.12813334"
"ESTRELLA - MARIA GORETTI","2021-06-06","","18.09204048"
"ESTRELLA - MARIA GORETTI","2021-06-03","","31.07200148"
"ESTRELLA - MARIA GORETTI","2021-05-31","","25.89786969"
"ESTRELLA - MARIA GORETTI","2021-05-27","","33.65146651"
"ESTRELLA - MARIA GORETTI","2021-05-25","","36.03036198"
"ESTRELLA - MARIA GORETTI","2021-05-22","","34.73020197"
"ESTRELLA - MARIA GORETTI","2021-05-19","","31.72940658"
"ESTRELLA - MARIA GORETTI","2021-05-16","","16.42361052"
"ESTRELLA - MARIA GORETTI","2021-05-12","","30.28715498"
"ESTRELLA - MARIA GORETTI","2021-05-09","","19.36355048"
"ESTRELLA - MARIA GORETTI","2021-05-06","","32.95574019"
"ESTRELLA - MARIA GORETTI","2021-05-04","","24.56621004"
"ESTRELLA - MARIA GORETTI","2021-05-01","","17.03212005"
"ESTRELLA - MARIA GORETTI","2021-04-30","","34.38829662"
"ESTRELLA - MARIA GORETTI","2021-04-28","","26.06313884"
"ESTRELLA - MARIA GORETTI","2021-04-27","","24.80794864"
"ESTRELLA - MARIA GORETTI","2021-04-25","","26.31152631"
"ESTRELLA - MARIA GORETTI","2021-04-24","","17.23725271"
"ESTRELLA - MARIA GORETTI","2021-04-22","","50.24991784"
"ESTRELLA - MARIA GORETTI","2021-04-21","","29.82361974"
"ESTRELLA - MARIA GORETTI","2021-04-20","","45.15022403"
"ESTRELLA - MARIA GORETTI","2021-04-19","","20.87839904"
"ESTRELLA - MARIA GORETTI","2021-04-17","","31.16755094"
"ESTRELLA - MARIA GORETTI","2021-04-15","","29.29402194"
"ESTRELLA - MARIA GORETTI","2021-04-14","","35.80970724"
"ESTRELLA - MARIA GORETTI","2021-04-12","","35.43045475"
"ESTRELLA - MARIA GORETTI","2021-04-11","","20.49080136"
"ESTRELLA - MARIA GORETTI","2021-04-09","","30.59096102"
"ESTRELLA - MARIA GORETTI","2021-04-08","","32.82507397"
"ESTRELLA - MARIA GORETTI","2021-04-06","","29.95029602"
"ESTRELLA - MARIA GORETTI","2021-04-03","","25.51578313"
"ESTRELLA - MARIA GORETTI","2021-04-02","","18.19713871"
"ESTRELLA - MARIA GORETTI","2021-03-30","","32.46895676"
"ESTRELLA - MARIA GORETTI","2021-03-27","","36.41879549"
"ESTRELLA - MARIA GORETTI","2021-03-24","","45.06140402"
"ESTRELLA - MARIA GORETTI","2021-03-21","","29.24474288"
"ESTRELLA - MARIA GORETTI","2021-03-18","","27.81079116"
"ESTRELLA - MARIA GORETTI","2021-03-16","","25.65311866"
"ESTRELLA - MARIA GORETTI","2021-03-13","","34.05983237"
"ESTRELLA - MARIA GORETTI","2021-03-10","","45.86115789"
"ESTRELLA - MARIA GORETTI","2021-03-07","","40.25939391"
"ESTRELLA - MARIA GORETTI","2021-03-04","","47.74159784"
"ESTRELLA - MARIA GORETTI","2021-03-02","","34.37821246"
"ESTRELLA - MARIA GORETTI","2021-02-27","","34.95274576"
"ESTRELLA - MARIA GORETTI","2021-02-24","","39.53422065"
"ESTRELLA - MARIA GORETTI","2021-02-21","","60.14094358"
"ESTRELLA - MARIA GORETTI","2021-02-10","","32.00598236"
"ESTRELLA - MARIA GORETTI","2021-02-07","","27.56239627"
"ESTRELLA - MARIA GORETTI","2021-02-04","","41.53950451"
"ESTRELLA - MARIA GORETTI","2021-02-02","","29.04585539"
"ESTRELLA - MARIA GORETTI","2021-01-30","","41.01088125"
"ESTRELLA - MARIA GORETTI","2021-01-27","","41.81038513"
"ESTRELLA - MARIA GORETTI","2021-01-24","","24.16569142"
"ESTRELLA - MARIA GORETTI","2021-01-21","","48.47119433"
"ESTRELLA - MARIA GORETTI","2021-01-19","","40.12909669"
"ESTRELLA - MARIA GORETTI","2021-01-16","","39.12761525"
"ESTRELLA - MARIA GORETTI","2021-01-13","","44.39385009"
"ESTRELLA - MARIA GORETTI","2021-01-10","","9.36120165"
"ESTRELLA - MARIA GORETTI","2021-01-07","","36.55161451"
"ESTRELLA - MARIA GORETTI","2021-01-05","","36.83885977"
"ESTRELLA - MARIA GORETTI","2021-01-01","","24.85647347"
"ESTRELLA - MARIA GORETTI","2020-12-29","","24.07792237"
"ESTRELLA - MARIA GORETTI","2020-12-25","","35.4451157"
"ESTRELLA - MARIA GORETTI","2020-12-19","","49.6760136"
"ESTRELLA - MARIA GORETTI","2020-12-16","","41.25590116"
"ESTRELLA - MARIA GORETTI","2020-12-13","","27.88724823"
"ESTRELLA - MARIA GORETTI","2020-12-10","","37.28908867"
"ESTRELLA - MARIA GORETTI","2020-12-07","","47.6370215"
"ESTRELLA - MARIA GORETTI","2020-12-03","","31.51234069"
"ESTRELLA - MARIA GORETTI","2020-12-01","","19.16418217"
"ESTRELLA - MARIA GORETTI","2020-11-27","","37.49540845"
"ESTRELLA - MARIA GORETTI","2020-11-24","","26.50743441"
"ESTRELLA - MARIA GORETTI","2020-11-21","","21.94278633"
"ESTRELLA - MARIA GORETTI","2020-11-18","","34.20446147"
"ESTRELLA - MARIA GORETTI","2020-11-15","","15.83905006"
"ESTRELLA - MARIA GORETTI","2020-11-12","","35.31051389"
"ESTRELLA - MARIA GORETTI","2020-11-10","","27.29466223"
"ESTRELLA - MARIA GORETTI","2020-11-07","","35.16822764"
"ESTRELLA - MARIA GORETTI","2020-11-04","","25.44363244"
"ESTRELLA - MARIA GORETTI","2020-11-01","","11.23134347"
"ESTRELLA - MARIA GORETTI","2020-10-29","","35.16503553"
"ESTRELLA - MARIA GORETTI","2020-10-27","","33.98285698"
"ESTRELLA - MARIA GORETTI","2020-10-23","","33.5912067"
"ESTRELLA - MARIA GORETTI","2020-10-20","","30.25091138"
"ESTRELLA - MARIA GORETTI","2020-10-17","","30.73156998"
"ESTRELLA - MARIA GORETTI","2020-10-14","","33.01829704"
"ESTRELLA - MARIA GORETTI","2020-10-11","","23.808115"
"ESTRELLA - MARIA GORETTI","2020-10-08","","41.94753809"
"ESTRELLA - MARIA GORETTI","2020-10-05","","28.34754459"
"ESTRELLA - MARIA GORETTI","2020-07-28","","32.05556128"
"ESTRELLA - MARIA GORETTI","2020-07-25","","15.6649412"
"ESTRELLA - MARIA GORETTI","2020-07-22","","43.30215525"
"ESTRELLA - MARIA GORETTI","2020-07-19","","24.08017144"
"ESTRELLA - MARIA GORETTI","2020-07-11","","32.88343612"
"ESTRELLA - MARIA GORETTI","2020-07-07","","38.85531447"
"ESTRELLA - MARIA GORETTI","2020-07-04","","27.87241598"
"ESTRELLA - MARIA GORETTI","2020-06-27","","28.81918803"
"ESTRELLA - MARIA GORETTI","2020-06-24","","88.83570683"
"ESTRELLA - MARIA GORETTI","2020-06-20","","27.74507314"
"ESTRELLA - MARIA GORETTI","2020-06-17","","44.16625724"
"ESTRELLA - MARIA GORETTI","2020-02-08","","71.3"
"ESTRELLA - MARIA GORETTI","2020-02-05","","64.6"
"ESTRELLA - MARIA GORETTI","2020-02-02","","21.3"
"ESTRELLA - MARIA GORETTI","2020-01-30","","53.9"
"ESTRELLA - MARIA GORETTI","2020-01-28","","41.4"
"ESTRELLA - MARIA GORETTI","2020-01-25","","28.5"
"ESTRELLA - MARIA GORETTI","2020-01-22","","28.4"
"ESTRELLA - MARIA GORETTI","2020-01-19","","24.6"
"ESTRELLA - MARIA GORETTI","2020-01-16","","46.0"
"ESTRELLA - MARIA GORETTI","2020-01-14","","42.6"
"ESTRELLA - MARIA GORETTI","2020-01-11","","38.9"
"ESTRELLA - MARIA GORETTI","2020-01-08","","41.9"
"ESTRELLA - MARIA GORETTI","2020-01-04","","30.1"
"ESTRELLA - MARIA GORETTI","2019-12-31","","17.42662668"
"ESTRELLA - MARIA GORETTI","2019-12-27","","85.44125546"
"ESTRELLA - MARIA GORETTI","2019-12-24","","35.7"
"ESTRELLA - MARIA GORETTI","2019-12-21","","35.1"
"ESTRELLA - MARIA GORETTI","2019-12-18","","48.1"
"ESTRELLA - MARIA GORETTI","2019-12-15","","21.2"
"ESTRELLA - MARIA GORETTI","2019-12-12","","33.6"
"ESTRELLA - MARIA GORETTI","2019-12-10","","38.9"
"ESTRELLA - MARIA GORETTI","2019-12-07","","41.1"
"ESTRELLA - MARIA GORETTI","2019-12-04","","54.4"
"ESTRELLA - MARIA GORETTI","2019-12-01","","36.2"
"ESTRELLA - MARIA GORETTI","2019-11-28","","39.1"
"ESTRELLA - MARIA GORETTI","2019-11-26","","40.2"
"ESTRELLA - MARIA GORETTI","2019-11-23","","39.8"
"ESTRELLA - MARIA GORETTI","2019-11-19","","32.2"
"ESTRELLA - MARIA GORETTI","2019-11-16","","25.9"
"ESTRELLA - MARIA GORETTI","2019-11-13","","34.9"
"ESTRELLA - MARIA GORETTI","2019-11-09","","41.0"
"ESTRELLA - MARIA GORETTI","2019-11-06","","37.3"
"ESTRELLA - MARIA GORETTI","2019-11-03","","33.6"
"ESTRELLA - MARIA GORETTI","2019-10-31","","36.9"
"ESTRELLA - MARIA GORETTI","2019-10-28","","32.7"
"ESTRELLA - MARIA GORETTI","2019-10-24","","32.2"
"ESTRELLA - MARIA GORETTI","2019-10-22","","42.6"
"ESTRELLA - MARIA GORETTI","2019-10-19","","33.1"
"ESTRELLA - MARIA GORETTI","2019-10-16","","36.3"
"ESTRELLA - MARIA GORETTI","2019-10-13","","25.4"
"ESTRELLA - MARIA GORETTI","2019-10-10","","49.6"
"ESTRELLA - MARIA GORETTI","2019-10-07","","35.0"
"ESTRELLA - MARIA GORETTI","2019-10-03","","47.4"
"ESTRELLA - MARIA GORETTI","2019-10-01","","27.1"
"ESTRELLA - MARIA GORETTI","2019-09-28","","39.6"
"ESTRELLA - MARIA GORETTI","2019-09-25","","41.3"
"ESTRELLA - MARIA GORETTI","2019-09-22","","32.3"
"ESTRELLA - MARIA GORETTI","2019-09-19","","31.5"
"ESTRELLA - MARIA GORETTI","2019-09-16","","36.5"
"ESTRELLA - MARIA GORETTI","2019-09-12","","43.1"
"ESTRELLA - MARIA GORETTI","2019-09-10","","46.1"
"ESTRELLA - MARIA GORETTI","2019-09-07","","36.0"
"ESTRELLA - MARIA GORETTI","2019-09-04","","56.8"
"ESTRELLA - MARIA GORETTI","2019-09-01","","22.8"
"ESTRELLA - MARIA GORETTI","2019-08-29","","49.4"
"ESTRELLA - MARIA GORETTI","2019-08-26","","48.8"
"ESTRELLA - MARIA GORETTI","2019-08-23","","67.6"
"ESTRELLA - MARIA GORETTI","2019-08-21","","58.5"
"ESTRELLA - MARIA GORETTI","2019-08-14","","73.8"
"ESTRELLA - MARIA GORETTI","2019-08-11","","37.6"
"ESTRELLA - MARIA GORETTI","2019-08-08","","38.1"
"ESTRELLA - MARIA GORETTI","2019-08-05","","50.1"
"ESTRELLA - MARIA GORETTI","2019-08-01","","58.1"
"ESTRELLA - MARIA GORETTI","2019-07-30","","28.1"
"ESTRELLA - MARIA GORETTI","2019-07-27","","40.4"
"ESTRELLA - MARIA GORETTI","2019-07-24","","59.4"
"ESTRELLA - MARIA GORETTI","2019-07-21","","30.9"
"ESTRELLA - MARIA GORETTI","2019-07-18","","49.8"
"ESTRELLA - MARIA GORETTI","2019-07-16","","30.5"
"ESTRELLA - MARIA GORETTI","2019-07-13","","34.6"
"ESTRELLA - MARIA GORETTI","2019-07-10","","29.0"
"ESTRELLA - MARIA GORETTI","2019-07-07","","22.4"
"ESTRELLA - MARIA GORETTI","2019-07-04","","39.9"
"ESTRELLA - MARIA GORETTI","2019-07-01","","17.1"
"ESTRELLA - MARIA GORETTI","2019-06-28","","48.9"
"ESTRELLA - MARIA GORETTI","2019-06-26","","43.7"
"ESTRELLA - MARIA GORETTI","2019-06-22","","39.9"
"ESTRELLA - MARIA GORETTI","2019-06-19","","45.5"
"ESTRELLA - MARIA GORETTI","2019-06-16","","23.4"
"ESTRELLA - MARIA GORETTI","2019-06-13","","39.7"
"ESTRELLA - MARIA GORETTI","2019-06-11","","40.2"
"ESTRELLA - MARIA GORETTI","2019-06-08","","39.9"
"ESTRELLA - MARIA GORETTI","2019-06-05","","41.8"
"ESTRELLA - MARIA GORETTI","2019-06-01","","25.4"
"ESTRELLA - MARIA GORETTI","2019-05-29","","45.3"
"ESTRELLA - MARIA GORETTI","2019-05-26","","21.7"
"ESTRELLA - MARIA GORETTI","2019-05-23","","38.9"
"ESTRELLA - MARIA GORETTI","2019-05-20","","42.9"
"ESTRELLA - MARIA GORETTI","2019-05-16","","59.0"
"ESTRELLA - MARIA GORETTI","2019-05-14","","25.2"
"ESTRELLA - MARIA GORETTI","2019-05-11","","38.3"
"ESTRELLA - MARIA GORETTI","2019-05-08","","42.5"
"ESTRELLA - MARIA GORETTI","2019-05-05","","33.4"
"ESTRELLA - MARIA GORETTI","2019-05-02","","49.9"
"ESTRELLA - MARIA GORETTI","2019-04-29","","57.7"
"ESTRELLA - MARIA GORETTI","2019-04-26","","45.6"
"ESTRELLA - MARIA GORETTI","2019-04-23","","43.9"
"ESTRELLA - MARIA GORETTI","2019-04-20","","18.4"
"ESTRELLA - MARIA GORETTI","2019-04-16","","53.0"
"ESTRELLA - MARIA GORETTI","2019-04-14","","31.5"
"ESTRELLA - MARIA GORETTI","2019-04-11","","51.4"
"ESTRELLA - MARIA GORETTI","2019-04-09","","64.0"
"ESTRELLA - MARIA GORETTI","2019-04-06","","36.0"
"ESTRELLA - MARIA GORETTI","2019-04-03","","51.1"
"ESTRELLA - MARIA GORETTI","2019-03-31","","42.4"
"ESTRELLA - MARIA GORETTI","2019-03-28","","74.4"
"ESTRELLA - MARIA GORETTI","2019-03-25","","29.1"
"ESTRELLA - MARIA GORETTI","2019-03-21","","55.7"
"ESTRELLA - MARIA GORETTI","2019-03-19","","44.1"
"ESTRELLA - MARIA GORETTI","2019-03-16","","70.8"
"ESTRELLA - MARIA GORETTI","2019-03-13","","54.3"
"ESTRELLA - MARIA GORETTI","2019-03-10","","37.5"
"ESTRELLA - MARIA GORETTI","2019-03-07","","61.1"
"ESTRELLA - MARIA GORETTI","2019-03-05","","71.3"
"ESTRELLA - MARIA GORETTI","2019-03-02","","38.2"
"ESTRELLA - MARIA GORETTI","2019-02-26","","72.8"
"ESTRELLA - MARIA GORETTI","2019-02-23","","39.5"
"ESTRELLA - MARIA GORETTI","2019-02-20","","42.2"
"ESTRELLA - MARIA GORETTI","2019-02-17","","47.1"
"ESTRELLA - MARIA GORETTI","2019-02-13","","72.0"
"ESTRELLA - MARIA GORETTI","2019-02-08","","96.2"
"ESTRELLA - MARIA GORETTI","2019-02-05","","64.5"
"ESTRELLA - MARIA GORETTI","2019-01-27","","49.1"
"ESTRELLA - MARIA GORETTI","2019-01-24","","54.3"
"ESTRELLA - MARIA GORETTI","2019-01-21","","39.7"
"ESTRELLA - MARIA GORETTI","2018-12-22","","41.7"
"ESTRELLA - MARIA GORETTI","2018-12-19","","40.9"
"ESTRELLA - MARIA GORETTI","2018-12-16","","25.0"
"ESTRELLA - MARIA GORETTI","2018-12-12","","38.7"
"ESTRELLA - MARIA GORETTI","2018-12-10","","40.1"
"ESTRELLA - MARIA GORETTI","2018-12-06","","36.5"
"ESTRELLA - MARIA GORETTI","2018-12-04","","41.7"
"ESTRELLA - MARIA GORETTI","2018-12-01","","28.9"
"ESTRELLA - MARIA GORETTI","2018-11-28","","33.7"
"ESTRELLA - MARIA GORETTI","2018-11-25","","18.6"
"ESTRELLA - MARIA GORETTI","2018-11-22","","44.9"
"ESTRELLA - MARIA GORETTI","2018-11-19","","37.1"
"ESTRELLA - MARIA GORETTI","2018-11-16","","48.4"
"ESTRELLA - MARIA GORETTI","2018-11-14","","36.0"
"ESTRELLA - MARIA GORETTI","2018-11-10","","44.5"
"ESTRELLA - MARIA GORETTI","2018-11-07","","43.3"
"ESTRELLA - MARIA GORETTI","2018-11-04","","22.2"
"ESTRELLA - MARIA GORETTI","2018-11-01","","41.3"
"ESTRELLA - MARIA GORETTI","2018-10-29","","35.4"
"ESTRELLA - MARIA GORETTI","2018-10-26","","42.9"
"ESTRELLA - MARIA GORETTI","2018-10-23","","29.8"
"ESTRELLA - MARIA GORETTI","2018-10-20","","29.0"
"ESTRELLA - MARIA GORETTI","2018-10-17","","44.4"
"ESTRELLA - MARIA GORETTI","2018-10-14","","34.1"
"ESTRELLA - MARIA GORETTI","2018-10-11","","25.4"
"ESTRELLA - MARIA GORETTI","2018-10-08","","42.5"
"ESTRELLA - MARIA GORETTI","2018-10-05","","38.3"
"ESTRELLA - MARIA GORETTI","2018-10-02","","40.7"
"ESTRELLA - MARIA GORETTI","2018-09-29","","36.6"
"ESTRELLA - MARIA GORETTI","2018-09-26","","44.6"
"ESTRELLA - MARIA GORETTI","2018-09-23","","55.8"
"ESTRELLA - MARIA GORETTI","2018-09-20","","31.8"
"ESTRELLA - MARIA GORETTI","2018-09-17","","35.8"
"ESTRELLA - MARIA GORETTI","2018-09-14","","40.2"
"ESTRELLA - MARIA GORETTI","2018-09-11","","47.1"
"ESTRELLA - MARIA GORETTI","2018-09-08","","30.3"
"ESTRELLA - MARIA GORETTI","2018-09-05","","41.2"
"ESTRELLA - MARIA GORETTI","2018-09-02","","18.3"
"ESTRELLA - MARIA GORETTI","2018-08-30","","39.3"
"ESTRELLA - MARIA GORETTI","2018-08-27","","30.8"
"ESTRELLA - MARIA GORETTI","2018-08-24","","26.5"
"ESTRELLA - MARIA GORETTI","2018-08-22","","39.2"
"ESTRELLA - MARIA GORETTI","2018-08-18","","34.3"
"ESTRELLA - MARIA GORETTI","2018-08-15","","38.1"
"ESTRELLA - MARIA GORETTI","2018-08-12","","23.5"
"ESTRELLA - MARIA GORETTI","2018-08-09","","33.8"
"ESTRELLA - MARIA GORETTI","2018-08-06","","38.5"
"ESTRELLA - MARIA GORETTI","2018-08-03","","33.1"
"ESTRELLA - MARIA GORETTI","2018-07-31","","45.0"
"ESTRELLA - MARIA GORETTI","2018-07-28","","42.4"
"ESTRELLA - MARIA GORETTI","2018-07-25","","30.7"
"ESTRELLA - MARIA GORETTI","2018-07-22","","30.9"
"ESTRELLA - MARIA GORETTI","2018-07-18","","35.7"
"ESTRELLA - MARIA GORETTI","2018-07-16","","44.6"
"ESTRELLA - MARIA GORETTI","2018-07-13","","47.8"
"ESTRELLA - MARIA GORETTI","2018-07-10","","16.7"
"ESTRELLA - MARIA GORETTI","2018-07-07","","56.8"
"ESTRELLA - MARIA GORETTI","2018-07-04","","31.8"
"ESTRELLA - MARIA GORETTI","2018-07-01","","24.5"
"ESTRELLA - MARIA GORETTI","2018-06-28","","34.0"
"ESTRELLA - MARIA GORETTI","2018-06-25","","28.5"
"ESTRELLA - MARIA GORETTI","2018-06-22","","36.2"
"ESTRELLA - MARIA GORETTI","2018-06-19","","43.3"
"ESTRELLA - MARIA GORETTI","2018-06-16","","21.6"
"ESTRELLA - MARIA GORETTI","2018-06-13","","37.7"
"ESTRELLA - MARIA GORETTI","2018-06-10","","19.7"
"ESTRELLA - MARIA GORETTI","2018-06-07","","38.8"
"ESTRELLA - MARIA GORETTI","2018-06-04","","16.1"
"ESTRELLA - MARIA GORETTI","2018-06-01","","32.6"
"ESTRELLA - MARIA GORETTI","2018-05-29","","42.4"
"ESTRELLA - MARIA GORETTI","2018-05-26","","37.1"
"ESTRELLA - MARIA GORETTI","2018-05-23","","36.1"
"ESTRELLA - MARIA GORETTI","2018-05-20","","19.7"
"ESTRELLA - MARIA GORETTI","2018-05-17","","47.9"
"ESTRELLA - MARIA GORETTI","2018-05-14","","18.1"
"ESTRELLA - MARIA GORETTI","2018-05-11","","53.7"
"ESTRELLA - MARIA GORETTI","2018-05-08","","42.9"
"ESTRELLA - MARIA GORETTI","2018-05-05","","47.9"
"ESTRELLA - MARIA GORETTI","2018-05-02","","36.5"
"ESTRELLA - MARIA GORETTI","2018-04-29","","20.9"
"ESTRELLA - MARIA GORETTI","2018-04-26","","42.2"
"ESTRELLA - MARIA GORETTI","2018-04-23","","37.4"
"ESTRELLA - MARIA GORETTI","2018-04-20","","58.7"
"ESTRELLA - MARIA GORETTI","2018-04-17","","65.5"
"ESTRELLA - MARIA GORETTI","2018-04-14","","46.8"
"ESTRELLA - MARIA GORETTI","2018-04-11","","43.0"
"ESTRELLA - MARIA GORETTI","2018-04-08","","42.9"
"ESTRELLA - MARIA GORETTI","2018-04-03","","61.2"
"ESTRELLA - MARIA GORETTI","2018-03-31","","32.0"
"ESTRELLA - MARIA GORETTI","2018-03-24","","51.5"
"ESTRELLA - MARIA GORETTI","2018-03-21","","78.3"
"ESTRELLA - MARIA GORETTI","2018-03-15","","68.2"
"ESTRELLA - MARIA GORETTI","2018-03-12","","46.5"
"ESTRELLA - MARIA GORETTI","2018-03-09","","43.3"
"ESTRELLA - MARIA GORETTI","2018-03-06","","77.0"
"ESTRELLA - MARIA GORETTI","2018-03-03","","52.8"
"ESTRELLA - MARIA GORETTI","2018-02-28","","57.4"
"ESTRELLA - MARIA GORETTI","2018-02-25","","44.8"
"ESTRELLA - MARIA GORETTI","2018-02-22","","68.4"
"ESTRELLA - MARIA GORETTI","2018-02-19","","46.1"
"ESTRELLA - MARIA GORETTI","2018-02-16","","66.3"
"ESTRELLA - MARIA GORETTI","2018-02-13","","51.4"
"ESTRELLA - MARIA GORETTI","2018-02-10","","61.4"
"ESTRELLA - MARIA GORETTI","2018-02-07","","57.0"
"ESTRELLA - MARIA GORETTI","2018-02-04","","19.3"
"ESTRELLA - MARIA GORETTI","2018-02-01","","63.9"
"ESTRELLA - MARIA GORETTI","2017-12-29","","24.0"
"ESTRELLA - MARIA GORETTI","2017-12-27","","31.4"
"ESTRELLA - MARIA GORETTI","2017-12-24","","45.1"
"ESTRELLA - MARIA GORETTI","2017-12-20","","53.4"
"ESTRELLA - MARIA GORETTI","2017-12-18","","46.8"
"ESTRELLA - MARIA GORETTI","2017-12-15","","47.6"
"ESTRELLA - MARIA GORETTI","2017-12-12","","27.4"
"ESTRELLA - MARIA GORETTI","2017-12-09","","27.2"
"ESTRELLA - MARIA GORETTI","2017-12-06","","49.7"
"ESTRELLA - MARIA GORETTI","2017-12-03","","32.4"
"ESTRELLA - MARIA GORETTI","2017-11-30","","59.4"
"ESTRELLA - MARIA GORETTI","2017-11-27","","42.9"
"ESTRELLA - MARIA GORETTI","2017-11-24","","22.3"
"ESTRELLA - MARIA GORETTI","2017-11-21","","46.5"
"ESTRELLA - MARIA GORETTI","2017-11-18","","24.6"
"ESTRELLA - MARIA GORETTI","2017-11-15","","33.3"
"ESTRELLA - MARIA GORETTI","2017-11-12","","34.3"
"ESTRELLA - MARIA GORETTI","2017-11-06","","27.2"
"ESTRELLA - MARIA GORETTI","2017-11-03","","36.4"
"ESTRELLA - MARIA GORETTI","2017-10-31","","45.1"
"ESTRELLA - MARIA GORETTI","2017-10-28","","36.3"
"ESTRELLA - MARIA GORETTI","2017-10-25","","58.2"
"ESTRELLA - MARIA GORETTI","2017-10-22","","25.8"
"ESTRELLA - MARIA GORETTI","2017-10-19","","61.9"
"ESTRELLA - MARIA GORETTI","2017-10-16","","29.0"
"ESTRELLA - MARIA GORETTI","2017-10-13","","38.8"
"ESTRELLA - MARIA GORETTI","2017-10-10","","50.8"
"ESTRELLA - MARIA GORETTI","2017-10-04","","41.3"
"ESTRELLA - MARIA GORETTI","2017-10-01","","32.4"
"ESTRELLA - MARIA GORETTI","2017-09-28","","52.6"
"ESTRELLA - MARIA GORETTI","2017-09-25","","44.7"
"ESTRELLA - MARIA GORETTI","2017-09-22","","66.7"
"ESTRELLA - MARIA GORETTI","2017-09-19","","50.1"
"ESTRELLA - MARIA GORETTI","2017-09-16","","36.4"
"ESTRELLA - MARIA GORETTI","2017-09-13","","52.4"
"ESTRELLA - MARIA GORETTI","2017-09-10","","25.7"
"ESTRELLA - MARIA GORETTI","2017-09-07","","37.5"
"ESTRELLA - MARIA GORETTI","2017-09-04","","45.9"
"ESTRELLA - MARIA GORETTI","2017-09-01","","37.7"
"ESTRELLA - MARIA GORETTI","2017-08-29","","33.5"
"ESTRELLA - MARIA GORETTI","2017-08-26","","40.1"
"ESTRELLA - MARIA GORETTI","2017-08-23","","53.3"
"ESTRELLA - MARIA GORETTI","2017-08-20","","29.0"
"ESTRELLA - MARIA GORETTI","2017-08-17","","48.2"
"ESTRELLA - MARIA GORETTI","2017-08-14","","43.3"
"ESTRELLA - MARIA GORETTI","2017-08-11","","39.8"
"ESTRELLA - MARIA GORETTI","2017-08-08","","40.3"
"ESTRELLA - MARIA GORETTI","2017-08-05","","47.9"
"ESTRELLA - MARIA GORETTI","2017-08-02","","48.7"
"ESTRELLA - MARIA GORETTI","2017-07-30","","37.3"
"ESTRELLA - MARIA GORETTI","2017-07-27","","53.4"
"ESTRELLA - MARIA GORETTI","2017-07-24","","45.0"
"ESTRELLA - MARIA GORETTI","2017-07-18","","50.0"
"ESTRELLA - MARIA GORETTI","2017-07-12","","57.3"
"ESTRELLA - MARIA GORETTI","2017-07-09","","24.4"
"ESTRELLA - MARIA GORETTI","2017-07-06","","42.1"
"ESTRELLA - MARIA GORETTI","2017-07-03","","29.4"
"ESTRELLA - MARIA GORETTI","2017-06-30","","41.3"
"ESTRELLA - MARIA GORETTI","2017-06-27","","34.7"
"ESTRELLA - MARIA GORETTI","2017-06-23","","41.0"
"ESTRELLA - MARIA GORETTI","2017-06-21","","35.0"
"ESTRELLA - MARIA GORETTI","2017-06-18","","31.1"
"ESTRELLA - MARIA GORETTI","2017-06-12","","28.9"
"ESTRELLA - MARIA GORETTI","2017-06-09","","60.6"
"ESTRELLA - MARIA GORETTI","2017-06-06","","51.4"
"ESTRELLA - MARIA GORETTI","2017-06-03","","40.0"
"ESTRELLA - MARIA GORETTI","2017-05-31","","48.8"
"ESTRELLA - MARIA GORETTI","2017-05-28","","11.9"
"ESTRELLA - MARIA GORETTI","2017-05-25","","38.6"
"ESTRELLA - MARIA GORETTI","2017-05-22","","46.8"
"ESTRELLA - MARIA GORETTI","2017-05-19","","38.1"
"ESTRELLA - MARIA GORETTI","2017-05-16","","39.3"
"ESTRELLA - MARIA GORETTI","2017-05-13","","72.2"
"ESTRELLA - MARIA GORETTI","2017-05-10","","51.4"
"ESTRELLA - MARIA GORETTI","2017-05-07","","37.8"
"ESTRELLA - MARIA GORETTI","2017-05-04","","49.8"
"ESTRELLA - MARIA GORETTI","2017-05-01","","31.6"
"ESTRELLA - MARIA GORETTI","2017-04-28","","42.3"
"ESTRELLA - MARIA GORETTI","2017-04-22","","45.7"
"ESTRELLA - MARIA GORETTI","2017-04-19","","40.7"
"ESTRELLA - MARIA GORETTI","2017-04-15","","31.3"
"ESTRELLA - MARIA GORETTI","2017-04-11","","44.3"
"ESTRELLA - MARIA GORETTI","2017-04-09","","44.6"
"ESTRELLA - MARIA GORETTI","2017-04-07","","84.3"
"ESTRELLA - MARIA GORETTI","2017-04-04","","48.4"
"ESTRELLA - MARIA GORETTI","2017-04-01","","37.1"
"ESTRELLA - MARIA GORETTI","2017-03-29","","61.1"
"ESTRELLA - MARIA GORETTI","2017-03-26","","30.3"
"ESTRELLA - MARIA GORETTI","2017-03-23","","50.2"
"ESTRELLA - MARIA GORETTI","2017-03-20","","39.9"
"ESTRELLA - MARIA GORETTI","2017-03-17","","56.2"
"ESTRELLA - MARIA GORETTI","2017-03-14","","41.7"
"ESTRELLA - MARIA GORETTI","2017-03-11","","66.1"
"ESTRELLA - MARIA GORETTI","2017-03-08","","64.9"
"ESTRELLA - MARIA GORETTI","2017-03-05","","45.3"
"ESTRELLA - MARIA GORETTI","2017-03-02","","65.2"
"ESTRELLA - MARIA GORETTI","2017-02-27","","57.8"
"ESTRELLA - MARIA GORETTI","2017-02-24","","41.7"
"ESTRELLA - MARIA GORETTI","2017-02-21","","48.1"
"ESTRELLA - MARIA GORETTI","2017-02-18","","42.2"
"ESTRELLA - MARIA GORETTI","2017-02-15","","57.4"
"ESTRELLA - MARIA GORETTI","2017-02-12","","32.8"
"ESTRELLA - MARIA GORETTI","2017-02-09","","64.3"
"ESTRELLA - MARIA GORETTI","2017-02-06","","29.8"
"ESTRELLA - MARIA GORETTI","2017-02-03","","57.2"
"ESTRELLA - MARIA GORETTI","2017-01-31","","47.8"
"ESTRELLA - MARIA GORETTI","2017-01-28","","34.0"
"ESTRELLA - MARIA GORETTI","2017-01-25","","50.6"
"ESTRELLA - MARIA GORETTI","2017-01-22","","68.1"
"ESTRELLA - MARIA GORETTI","2017-01-19","","49.1"
"ESTRELLA - MARIA GORETTI","2017-01-16","","74.7"
"ESTRELLA - MARIA GORETTI","2017-01-13","","38.9"
"ESTRELLA - MARIA GORETTI","2017-01-10","","31.8"
"ESTRELLA - MARIA GORETTI","2017-01-07","","37.4"
"ESTRELLA - MARIA GORETTI","2017-01-04","","39.7"
"ESTRELLA - MARIA GORETTI","2017-01-01","","42.1"
"ESTRELLA - MARIA GORETTI","2016-12-29","","35.6"
"ESTRELLA - MARIA GORETTI","2016-12-26","","56.6"
"ESTRELLA - MARIA GORETTI","2016-12-22","","45.9"
"ESTRELLA - MARIA GORETTI","2016-12-20","","51.1"
"ESTRELLA - MARIA GORETTI","2016-12-17","","34.2"
"ESTRELLA - MARIA GORETTI","2016-12-14","","36.6"
"ESTRELLA - MARIA GORETTI","2016-12-11","","27.3"
"ESTRELLA - MARIA GORETTI","2016-12-08","","34.7"
"ESTRELLA - MARIA GORETTI","2016-12-05","","44.4"
"ESTRELLA - MARIA GORETTI","2016-12-02","","48.4"
"ESTRELLA - MARIA GORETTI","2016-11-29","","46.4"
"ESTRELLA - MARIA GORETTI","2016-11-26","","46.3"
"ESTRELLA - MARIA GORETTI","2016-11-23","","50.0"
"ESTRELLA - MARIA GORETTI","2016-11-20","","10.3"
"ESTRELLA - MARIA GORETTI","2016-11-17","","44.2"
"ESTRELLA - MARIA GORETTI","2016-11-14","","31.6"
"ESTRELLA - MARIA GORETTI","2016-11-11","","34.5"
"ESTRELLA - MARIA GORETTI","2016-11-08","","48.5"
"ESTRELLA - MARIA GORETTI","2016-11-05","","45.1"
"ESTRELLA - MARIA GORETTI","2016-11-02","","53.8"
"ESTRELLA - MARIA GORETTI","2016-10-30","","34.0"
"ESTRELLA - MARIA GORETTI","2016-10-27","","38.8"
"ESTRELLA - MARIA GORETTI","2016-10-24","","21.2"
"ESTRELLA - MARIA GORETTI","2016-10-21","","54.0"
"ESTRELLA - MARIA GORETTI","2016-10-15","","43.7"
"ESTRELLA - MARIA GORETTI","2016-10-12","","50.4"
"ESTRELLA - MARIA GORETTI","2016-10-09","","35.0"
"ESTRELLA - MARIA GORETTI","2016-10-06","","42.6"
"ESTRELLA - MARIA GORETTI","2016-05-25","","48.4"
"ESTRELLA - MARIA GORETTI","2016-05-23","","37.2"
"ESTRELLA - MARIA GORETTI","2016-05-20","","40.3"
"ESTRELLA - MARIA GORETTI","2016-05-17","","38.8"
"ESTRELLA - MARIA GORETTI","2016-05-14","","54.2"
"ESTRELLA - MARIA GORETTI","2016-05-11","","50.8"
"ESTRELLA - MARIA GORETTI","2016-05-08","","23.6"
"ESTRELLA - MARIA GORETTI","2016-05-05","","50.3"
"ESTRELLA - MARIA GORETTI","2016-05-02","","42.7"
"ESTRELLA - MARIA GORETTI","2016-04-29","","51.3"
"ESTRELLA - MARIA GORETTI","2016-04-26","","49.9"
"ESTRELLA - MARIA GORETTI","2016-04-23","","44.5"
"ESTRELLA - MARIA GORETTI","2016-04-20","","44.5"
"ESTRELLA - MARIA GORETTI","2016-04-17","","44.6"
"ESTRELLA - MARIA GORETTI","2016-04-14","","45.6"
"ESTRELLA - MARIA GORETTI","2016-04-11","","47.7"
"ESTRELLA - MARIA GORETTI","2016-04-08","","49.6"
"ESTRELLA - MARIA GORETTI","2016-04-05","","52.3"
"ESTRELLA - MARIA GORETTI","2016-04-02","","59.7"
"ESTRELLA - MARIA GORETTI","2016-03-30","","59.9"
"ESTRELLA - MARIA GORETTI","2016-03-27","","68.2"
"ESTRELLA - MARIA GORETTI","2016-03-24","","47.0"
"ESTRELLA - MARIA GORETTI","2016-03-21","","35.8"
"ESTRELLA - MARIA GORETTI","2016-03-18","","71.2"
"ESTRELLA - MARIA GORETTI","2016-03-15","","105.6"
"ESTRELLA - MARIA GORETTI","2016-03-12","","135.6"
"ESTRELLA - MARIA GORETTI","2016-03-09","","57.7"
"ESTRELLA - MARIA GORETTI","2016-03-06","","52.2"
"ESTRELLA - MARIA GORETTI","2016-03-03","","90.0"
"ESTRELLA - MARIA GORETTI","2016-02-29","","75.6"
"ESTRELLA - MARIA GORETTI","2016-02-26","","68.7"
"ESTRELLA - MARIA GORETTI","2016-02-23","","63.1"
"ESTRELLA - MARIA GORETTI","2016-02-20","","54.9"
"ESTRELLA - MARIA GORETTI","2016-02-17","","42.0"
"ESTRELLA - MARIA GORETTI","2016-02-14","","45.3"
"ESTRELLA - MARIA GORETTI","2016-02-11","","62.6"
"ESTRELLA - MARIA GORETTI","2016-02-08","","62.4"
"ESTRELLA - MARIA GORETTI","2016-02-05","","77.5"
"ESTRELLA - MARIA GORETTI","2016-02-02","","75.2"
"ESTRELLA - MARIA GORETTI","2016-01-30","","58.1"
"ESTRELLA - MARIA GORETTI","2016-01-27","","67.8"
"ESTRELLA - MARIA GORETTI","2016-01-24","","40.0"
"ESTRELLA - MARIA GORETTI","2016-01-21","","72.1"
"ESTRELLA - MARIA GORETTI","2016-01-18","","55.0"
"ESTRELLA - MARIA GORETTI","2016-01-15","","55.8"
"ESTRELLA - MARIA GORETTI","2016-01-12","","53.5"
"ESTRELLA - MARIA GORETTI","2016-01-09","","36.0"
"ESTRELLA - MARIA GORETTI","2016-01-06","","38.8"
"ESTRELLA - MARIA GORETTI","2016-01-03","","24.9"
"ESTRELLA - MARIA GORETTI","2016-01-01","","41.6"
"ESTRELLA - MARIA GORETTI","2015-12-28","","54.6"
"ESTRELLA - MARIA GORETTI","2015-12-25","","34.6"
"ESTRELLA - MARIA GORETTI","2015-12-22","","78.3"
"ESTRELLA - MARIA GORETTI","2015-12-19","","50.5"
"ESTRELLA - MARIA GORETTI","2015-12-16","","54.2"
"ESTRELLA - MARIA GORETTI","2015-12-13","","39.0"
"ESTRELLA - MARIA GORETTI","2015-12-10","","57.5"
"ESTRELLA - MARIA GORETTI","2015-12-07","","55.0"
"ESTRELLA - MARIA GORETTI","2015-12-04","","56.5"
"ESTRELLA - MARIA GORETTI","2015-12-01","","43.3"
"ESTRELLA - MARIA GORETTI","2015-11-28","","51.7"
"ESTRELLA - MARIA GORETTI","2015-11-25","","44.5"
"ESTRELLA - MARIA GORETTI","2015-11-22","","25.0"
"ESTRELLA - MARIA GORETTI","2015-11-19","","51.1"
"ESTRELLA - MARIA GORETTI","2015-11-16","","29.1"
"ESTRELLA - MARIA GORETTI","2015-11-13","","48.6"
"ESTRELLA - MARIA GORETTI","2015-11-10","","40.5"
"ESTRELLA - MARIA GORETTI","2015-11-07","","32.3"
"ESTRELLA - MARIA GORETTI","2015-11-04","","33.7"
"ESTRELLA - MARIA GORETTI","2015-11-01","","18.9"
"ESTRELLA - MARIA GORETTI","2015-10-29","","40.3"
"ESTRELLA - MARIA GORETTI","2015-10-26","","49.4"
"ESTRELLA - MARIA GORETTI","2015-10-23","","61.8"
"ESTRELLA - MARIA GORETTI","2015-10-20","","59.9"
"ESTRELLA - MARIA GORETTI","2015-10-17","","44.5"
"ESTRELLA - MARIA GORETTI","2015-10-14","","38.2"
"ESTRELLA - MARIA GORETTI","2015-10-11","","39.6"
"ESTRELLA - MARIA GORETTI","2015-10-08","","50.2"
"ESTRELLA - MARIA GORETTI","2015-10-05","","43.8"
"ESTRELLA - MARIA GORETTI","2015-10-02","","45.1"
"ESTRELLA - MARIA GORETTI","2015-09-29","","75.3"
"ESTRELLA - MARIA GORETTI","2015-09-26","","52.6"
"ESTRELLA - MARIA GORETTI","2015-09-23","","72.8"
"ESTRELLA - MARIA GORETTI","2015-09-20","","27.0"
"ESTRELLA - MARIA GORETTI","2015-09-17","","46.1"
"ESTRELLA - MARIA GORETTI","2015-09-14","","53.5"
"ESTRELLA - MARIA GORETTI","2015-09-11","","48.2"
"ESTRELLA - MARIA GORETTI","2015-09-08","","43.0"
"ESTRELLA - MARIA GORETTI","2015-09-05","","43.8"
"ESTRELLA - MARIA GORETTI","2015-09-02","","65.4"
"ESTRELLA - MARIA GORETTI","2015-08-30","","55.6"
"ESTRELLA - MARIA GORETTI","2015-08-27","","43.8"
"ESTRELLA - MARIA GORETTI","2015-08-24","","48.3"
"ESTRELLA - MARIA GORETTI","2015-08-21","","47.3"
"ESTRELLA - MARIA GORETTI","2015-08-18","","36.1"
"ESTRELLA - MARIA GORETTI","2015-08-15","","46.9"
"ESTRELLA - MARIA GORETTI","2015-08-12","","47.2"
"ESTRELLA - MARIA GORETTI","2015-08-09","","23.9"
"ESTRELLA - MARIA GORETTI","2015-08-06","","68.0"
"ESTRELLA - MARIA GORETTI","2015-08-03","","43.1"
"ESTRELLA - MARIA GORETTI","2015-07-31","","51.9"
"ESTRELLA - MARIA GORETTI","2015-07-28","","53.6"
"ESTRELLA - MARIA GORETTI","2015-07-25","","41.8"
"ESTRELLA - MARIA GORETTI","2015-07-22","","48.2"
"ESTRELLA - MARIA GORETTI","2015-07-19","","19.7"
"ESTRELLA - MARIA GORETTI","2015-07-10","","48.1"
"ESTRELLA - MARIA GORETTI","2015-07-07","","53.4"
"ESTRELLA - MARIA GORETTI","2015-07-04","","47.8"
"ESTRELLA - MARIA GORETTI","2015-07-01","","54.8"
"ESTRELLA - MARIA GORETTI","2015-06-28","","27.5"
"ESTRELLA - MARIA GORETTI","2015-06-25","","42.5"
"ESTRELLA - MARIA GORETTI","2015-06-22","","34.9"
"ESTRELLA - MARIA GORETTI","2015-06-19","","47.2"
"ESTRELLA - MARIA GORETTI","2015-06-16","","40.5"
"ESTRELLA - MARIA GORETTI","2015-06-13","","46.9"
"ESTRELLA - MARIA GORETTI","2015-06-10","","52.2"
"ESTRELLA - MARIA GORETTI","2015-06-07","","27.3"
"ESTRELLA - MARIA GORETTI","2015-06-04","","43.3"
"ESTRELLA - MARIA GORETTI","2015-06-01","","33.3"
"ESTRELLA - MARIA GORETTI","2015-05-29","","51.5"
"ESTRELLA - MARIA GORETTI","2015-05-26","","54.6"
"ESTRELLA - MARIA GORETTI","2015-05-23","","40.4"
"ESTRELLA - MARIA GORETTI","2015-05-20","","42.3"
"ESTRELLA - MARIA GORETTI","2015-05-17","","21.3"
"ESTRELLA - MARIA GORETTI","2015-05-14","","53.6"
"ESTRELLA - MARIA GORETTI","2015-05-11","","52.5"
"ESTRELLA - MARIA GORETTI","2015-05-08","","55.9"
"ESTRELLA - MARIA GORETTI","2015-05-05","","62.5"
"ESTRELLA - MARIA GORETTI","2015-05-02","","39.2"
"ESTRELLA - MARIA GORETTI","2015-04-29","","51.9"
"ESTRELLA - MARIA GORETTI","2015-04-26","","28.0"
"ESTRELLA - MARIA GORETTI","2015-04-23","","57.3"
"ESTRELLA - MARIA GORETTI","2015-04-20","","52.8"
"ESTRELLA - MARIA GORETTI","2015-04-17","","59.6"
"ESTRELLA - MARIA GORETTI","2015-04-14","","81.3"
"ESTRELLA - MARIA GORETTI","2015-04-11","","45.6"
"ESTRELLA - MARIA GORETTI","2015-04-08","","59.6"
"ESTRELLA - MARIA GORETTI","2015-04-05","","32.5"
"ESTRELLA - MARIA GORETTI","2015-04-02","","48.0"
"ESTRELLA - MARIA GORETTI","2015-03-30","","62.3"
"ESTRELLA - MARIA GORETTI","2015-03-27","","74.0"
"ESTRELLA - MARIA GORETTI","2015-03-24","","57.5"
"ESTRELLA - MARIA GORETTI","2015-03-21","","36.5"
"ESTRELLA - MARIA GORETTI","2015-03-18","","77.4"
"ESTRELLA - MARIA GORETTI","2015-03-15","","68.3"
"ESTRELLA - MARIA GORETTI","2015-03-12","","58.5"
"ESTRELLA - MARIA GORETTI","2015-03-09","","44.9"
"ESTRELLA - MARIA GORETTI","2015-03-06","","73.7"
"ESTRELLA - MARIA GORETTI","2015-02-28","","49.7"
"ESTRELLA - MARIA GORETTI","2015-02-25","","68.0"
"ESTRELLA - MARIA GORETTI","2015-02-22","","44.6"
"ESTRELLA - MARIA GORETTI","2015-02-19","","58.0"
"ESTRELLA - MARIA GORETTI","2015-02-16","","48.1"
"ESTRELLA - MARIA GORETTI","2015-02-13","","57.1"
"ESTRELLA - MARIA GORETTI","2015-02-07","","46.2"
"ESTRELLA - MARIA GORETTI","2015-02-04","","45.5"
"ESTRELLA - MARIA GORETTI","2015-02-01","","37.6"
"ESTRELLA - MARIA GORETTI","2015-01-29","","49.0"
"ESTRELLA - MARIA GORETTI","2015-01-26","","51.1"
"ESTRELLA - MARIA GORETTI","2015-01-23","","40.3"
"ESTRELLA - MARIA GORETTI","2015-01-20","","57.8"
"ESTRELLA - MARIA GORETTI","2015-01-17","","54.9"
"ESTRELLA - MARIA GORETTI","2015-01-14","","61.0"
"ESTRELLA - MARIA GORETTI","2015-01-11","","31.7"
"ESTRELLA - MARIA GORETTI","2015-01-08","","43.4"
"ESTRELLA - MARIA GORETTI","2015-01-05","","37.6"
"ESTRELLA - MARIA GORETTI","2015-01-02","","34.9"
"ESTRELLA - MARIA GORETTI","2014-12-27","","45.5"
"ESTRELLA - MARIA GORETTI","2014-12-24","","52.0"
"ESTRELLA - MARIA GORETTI","2014-12-21","","56.8"
"ESTRELLA - MARIA GORETTI","2014-12-18","","49.0"
"ESTRELLA - MARIA GORETTI","2014-12-15","","54.4"
"ESTRELLA - MARIA GORETTI","2014-12-12","","46.3"
"ESTRELLA - MARIA GORETTI","2014-12-09","","42.7"
"ESTRELLA - MARIA GORETTI","2014-12-06","","55.5"
"ESTRELLA - MARIA GORETTI","2014-12-03","","39.4"
"ESTRELLA - MARIA GORETTI","2014-12-01","","56.3"
"ESTRELLA - MARIA GORETTI","2014-11-30","","54.3"
"ESTRELLA - MARIA GORETTI","2014-11-27","","59.9"
"ESTRELLA - MARIA GORETTI","2014-11-18","","44.5"
"ESTRELLA - MARIA GORETTI","2014-11-15","","40.6"
"ESTRELLA - MARIA GORETTI","2014-11-12","","33.5"
"ESTRELLA - MARIA GORETTI","2014-11-09","","47.6"
"ESTRELLA - MARIA GORETTI","2014-11-06","","58.2"
"ESTRELLA - MARIA GORETTI","2014-11-03","","24.2"
"ESTRELLA - MARIA GORETTI","2014-10-31","","39.1"
"ESTRELLA - MARIA GORETTI","2014-10-25","","38.3"
"ESTRELLA - MARIA GORETTI","2014-10-22","","46.1"
"ESTRELLA - MARIA GORETTI","2014-10-19","","39.5"
"ESTRELLA - MARIA GORETTI","2014-10-16","","56.3"
"ESTRELLA - MARIA GORETTI","2014-10-13","","32.8"
"ESTRELLA - MARIA GORETTI","2014-10-10","","60.3"
"ESTRELLA - MARIA GORETTI","2014-10-07","","74.7"
"ESTRELLA - MARIA GORETTI","2014-10-04","","50.2"
"ESTRELLA - MARIA GORETTI","2014-10-01","","49.1"
"ESTRELLA - MARIA GORETTI","2014-09-28","","43.3"
"ESTRELLA - MARIA GORETTI","2014-09-25","","51.0"
"ESTRELLA - MARIA GORETTI","2014-09-22","","58.8"
"ESTRELLA - MARIA GORETTI","2014-09-19","","53.4"
"ESTRELLA - MARIA GORETTI","2014-09-16","","43.6"
"ESTRELLA - MARIA GORETTI","2014-09-10","","43.3"
"ESTRELLA - MARIA GORETTI","2014-09-07","","29.2"
"ESTRELLA - MARIA GORETTI","2014-09-04","","45.4"
"ESTRELLA - MARIA GORETTI","2014-09-01","","49.4"
"ESTRELLA - MARIA GORETTI","2014-08-29","","51.5"
"ESTRELLA - MARIA GORETTI","2014-08-26","","54.6"
"ESTRELLA - MARIA GORETTI","2014-08-23","","39.2"
"ESTRELLA - MARIA GORETTI","2014-08-20","","56.4"
"ESTRELLA - MARIA GORETTI","2014-08-17","","27.9"
"ESTRELLA - MARIA GORETTI","2014-08-14","","36.5"
"ESTRELLA - MARIA GORETTI","2014-07-12","","53.2"
"ESTRELLA - MARIA GORETTI","2014-07-09","","38.2"
"ESTRELLA - MARIA GORETTI","2014-07-06","","23.2"
"ESTRELLA - MARIA GORETTI","2014-07-03","","46.6"
"ESTRELLA - MARIA GORETTI","2014-06-30","","29.6"
"ESTRELLA - MARIA GORETTI","2014-06-27","","98.9"
"ESTRELLA - MARIA GORETTI","2014-06-24","","39.5"
"ESTRELLA - MARIA GORETTI","2014-06-21","","48.9"
"ESTRELLA - MARIA GORETTI","2014-06-18","","52.8"
"ESTRELLA - MARIA GORETTI","2014-06-15","","21.7"
"ESTRELLA - MARIA GORETTI","2014-06-12","","51.8"
"ESTRELLA - MARIA GORETTI","2014-06-09","","43.3"
"ESTRELLA - MARIA GORETTI","2014-06-06","","55.6"
"ESTRELLA - MARIA GORETTI","2014-06-03","","54.3"
"ESTRELLA - MARIA GORETTI","2014-05-31","","39.4"
"ESTRELLA - MARIA GORETTI","2014-05-28","","53.2"
"ESTRELLA - MARIA GORETTI","2014-05-25","","31.9"
"ESTRELLA - MARIA GORETTI","2014-05-22","","55.4"
"ESTRELLA - MARIA GORETTI","2014-05-19","","55.3"
"ESTRELLA - MARIA GORETTI","2014-05-16","","47.2"
"ESTRELLA - MARIA GORETTI","2014-05-13","","36.7"
"ESTRELLA - MARIA GORETTI","2014-05-10","","41.2"
"ESTRELLA - MARIA GORETTI","2014-05-07","","66.5"
"ESTRELLA - MARIA GORETTI","2014-05-04","","36.9"
"ESTRELLA - MARIA GORETTI","2014-05-01","","41.7"
"ESTRELLA - MARIA GORETTI","2014-04-28","","60.38985593"
"ESTRELLA - MARIA GORETTI","2014-04-25","","52.86410614"
"ESTRELLA - MARIA GORETTI","2014-04-22","","66.12118303"
"ESTRELLA - MARIA GORETTI","2014-04-19","","36.29248362"
"ESTRELLA - MARIA GORETTI","2014-04-16","","66.38323715"
"ESTRELLA - MARIA GORETTI","2014-04-13","","45.24904542"
"ESTRELLA - MARIA GORETTI","2014-04-10","","65.44589243"
"ESTRELLA - MARIA GORETTI","2014-04-07","","59.21480555"
"ESTRELLA - MARIA GORETTI","2014-04-04","","66.8541031"
"ESTRELLA - MARIA GORETTI","2014-04-01","","78.67245887"
"ESTRELLA - MARIA GORETTI","2014-03-29","","71.57374722"
"ESTRELLA - MARIA GORETTI","2014-03-26","","63.79314845"
"ESTRELLA - MARIA GORETTI","2014-03-23","","43.2607161"
"ESTRELLA - MARIA GORETTI","2014-03-20","","63.09658825"
