"Estacion","Fecha inicial","Fecha final","NO2"
"TANQUES EPM - GIRARDOTA","2025-10-31","","18.82016957"
"TANQUES EPM - GIRARDOTA","2025-10-30","","24.54732292"
"TANQUES EPM - GIRARDOTA","2025-10-29","","19.10901792"
"TANQUES EPM - GIRARDOTA","2025-10-28","","22.18093083"
"TANQUES EPM - GIRARDOTA","2025-10-27","","30.59753458"
"TANQUES EPM - GIRARDOTA","2025-10-26","","21.68658333"
"TANQUES EPM - GIRARDOTA","2025-10-25","","29.69403"
"TANQUES EPM - GIRARDOTA","2025-10-24","","42.90038875"
"TANQUES EPM - GIRARDOTA","2025-10-23","","32.80543917"
"TANQUES EPM - GIRARDOTA","2025-10-22","","40.39528333"
"TANQUES EPM - GIRARDOTA","2025-10-21","","18.6390775"
"TANQUES EPM - GIRARDOTA","2025-10-20","","8.5485225"
"TANQUES EPM - GIRARDOTA","2025-10-19","","0.0"
"TANQUES EPM - GIRARDOTA","2025-10-18","","0.0"
"TANQUES EPM - GIRARDOTA","2025-10-17","","8.74267625"
"TANQUES EPM - GIRARDOTA","2025-10-16","","12.56645167"
"TANQUES EPM - GIRARDOTA","2025-10-15","","25.47896292"
"TANQUES EPM - GIRARDOTA","2025-10-14","","15.42780375"
"TANQUES EPM - GIRARDOTA","2025-10-13","","22.17763167"
"TANQUES EPM - GIRARDOTA","2025-10-12","","22.64198583"
"TANQUES EPM - GIRARDOTA","2025-10-11","","27.98407708"
"TANQUES EPM - GIRARDOTA","2025-10-10","","33.62108708"
"TANQUES EPM - GIRARDOTA","2025-10-09","","30.39924375"
"TANQUES EPM - GIRARDOTA","2025-10-08","","46.62927292"
"TANQUES EPM - GIRARDOTA","2025-10-07","","20.87214167"
"TANQUES EPM - GIRARDOTA","2025-10-06","","27.58816958"
"TANQUES EPM - GIRARDOTA","2025-10-05","","15.42782583"
"TANQUES EPM - GIRARDOTA","2025-10-04","","19.28808292"
"TANQUES EPM - GIRARDOTA","2025-10-03","","28.86746792"
"TANQUES EPM - GIRARDOTA","2025-10-02","","22.09102208"
"TANQUES EPM - GIRARDOTA","2025-10-01","","34.10011958"
"TANQUES EPM - GIRARDOTA","2025-09-30","","37.03293652"
"TANQUES EPM - GIRARDOTA","2025-09-29","","11.21685667"
"TANQUES EPM - GIRARDOTA","2025-09-28","","15.74434042"
"TANQUES EPM - GIRARDOTA","2025-09-27","","34.31931958"
"TANQUES EPM - GIRARDOTA","2025-09-26","","34.881315"
"TANQUES EPM - GIRARDOTA","2025-09-25","","27.72466417"
"TANQUES EPM - GIRARDOTA","2025-09-24","","12.23888167"
"TANQUES EPM - GIRARDOTA","2025-09-23","","12.70708292"
"TANQUES EPM - GIRARDOTA","2025-09-22","","8.73187917"
"TANQUES EPM - GIRARDOTA","2025-09-21","","11.26580208"
"TANQUES EPM - GIRARDOTA","2025-09-20","","11.78363125"
"TANQUES EPM - GIRARDOTA","2025-09-19","","27.51263875"
"TANQUES EPM - GIRARDOTA","2025-09-18","","27.08572958"
"TANQUES EPM - GIRARDOTA","2025-09-17","","18.22284667"
"TANQUES EPM - GIRARDOTA","2025-09-16","","20.52051792"
"TANQUES EPM - GIRARDOTA","2025-09-15","","11.29473"
"TANQUES EPM - GIRARDOTA","2025-09-14","","9.42530042"
"TANQUES EPM - GIRARDOTA","2025-09-13","","11.84891333"
"TANQUES EPM - GIRARDOTA","2025-09-12","","15.04625"
"TANQUES EPM - GIRARDOTA","2025-09-11","","19.65892542"
"TANQUES EPM - GIRARDOTA","2025-09-10","","13.60576083"
"TANQUES EPM - GIRARDOTA","2025-09-09","","6.77904583"
"TANQUES EPM - GIRARDOTA","2025-09-08","","12.44533625"
"TANQUES EPM - GIRARDOTA","2025-09-07","","6.71765042"
"TANQUES EPM - GIRARDOTA","2025-09-06","","12.46887292"
"TANQUES EPM - GIRARDOTA","2025-09-05","","13.10035"
"TANQUES EPM - GIRARDOTA","2025-09-04","","16.60888708"
"TANQUES EPM - GIRARDOTA","2025-09-03","","17.86251875"
"TANQUES EPM - GIRARDOTA","2025-09-02","","12.57351042"
"TANQUES EPM - GIRARDOTA","2025-09-01","","15.67831458"
"TANQUES EPM - GIRARDOTA","2025-08-31","","18.32493782"
"TANQUES EPM - GIRARDOTA","2025-08-30","","25.3282526"
"TANQUES EPM - GIRARDOTA","2025-08-29","","24.75687047"
"TANQUES EPM - GIRARDOTA","2025-08-28","","17.39126882"
"TANQUES EPM - GIRARDOTA","2025-08-27","","18.34947238"
"TANQUES EPM - GIRARDOTA","2025-08-26","","17.48442887"
"TANQUES EPM - GIRARDOTA","2025-08-25","","15.92940543"
"TANQUES EPM - GIRARDOTA","2025-08-24","","13.32026196"
"TANQUES EPM - GIRARDOTA","2025-08-23","","15.72091702"
"TANQUES EPM - GIRARDOTA","2025-08-22","","19.07428548"
"TANQUES EPM - GIRARDOTA","2025-08-21","","14.69445746"
"TANQUES EPM - GIRARDOTA","2025-08-20","","14.42453729"
"TANQUES EPM - GIRARDOTA","2025-08-19","","14.66293801"
"TANQUES EPM - GIRARDOTA","2025-08-18","","10.31785637"
"TANQUES EPM - GIRARDOTA","2025-08-17","","14.20799682"
"TANQUES EPM - GIRARDOTA","2025-08-16","","22.26515752"
"TANQUES EPM - GIRARDOTA","2025-08-15","","25.66759268"
"TANQUES EPM - GIRARDOTA","2025-08-14","","18.30736757"
"TANQUES EPM - GIRARDOTA","2025-08-13","","13.7149625"
"TANQUES EPM - GIRARDOTA","2025-08-12","","13.52760708"
"TANQUES EPM - GIRARDOTA","2025-08-11","","15.82024184"
"TANQUES EPM - GIRARDOTA","2025-08-10","","19.40343124"
"TANQUES EPM - GIRARDOTA","2025-08-09","","14.55288327"
"TANQUES EPM - GIRARDOTA","2025-08-08","","20.24136926"
"TANQUES EPM - GIRARDOTA","2025-08-07","","14.5997827"
"TANQUES EPM - GIRARDOTA","2025-08-06","","15.50341938"
"TANQUES EPM - GIRARDOTA","2025-08-05","","21.0760534"
"TANQUES EPM - GIRARDOTA","2025-08-04","","20.08516106"
"TANQUES EPM - GIRARDOTA","2025-08-03","","14.59932602"
"TANQUES EPM - GIRARDOTA","2025-08-02","","25.05426238"
"TANQUES EPM - GIRARDOTA","2025-08-01","","16.46057287"
"TANQUES EPM - GIRARDOTA","2025-07-31","","16.3183444"
"TANQUES EPM - GIRARDOTA","2025-07-30","","18.31256804"
"TANQUES EPM - GIRARDOTA","2025-07-29","","21.92128547"
"TANQUES EPM - GIRARDOTA","2025-07-28","","17.87576804"
"TANQUES EPM - GIRARDOTA","2025-07-27","","12.70612565"
"TANQUES EPM - GIRARDOTA","2025-07-26","","16.77794105"
"TANQUES EPM - GIRARDOTA","2025-07-25","","20.82340358"
"TANQUES EPM - GIRARDOTA","2025-07-24","","18.03437307"
"TANQUES EPM - GIRARDOTA","2025-07-23","","17.39558335"
"TANQUES EPM - GIRARDOTA","2025-07-22","","18.68684624"
"TANQUES EPM - GIRARDOTA","2025-07-21","","21.33327758"
"TANQUES EPM - GIRARDOTA","2025-07-20","","16.45152804"
"TANQUES EPM - GIRARDOTA","2025-07-19","","19.52771411"
"TANQUES EPM - GIRARDOTA","2025-07-18","","14.1826934"
"TANQUES EPM - GIRARDOTA","2025-07-17","","15.63427323"
"TANQUES EPM - GIRARDOTA","2025-07-16","","16.06691911"
"TANQUES EPM - GIRARDOTA","2025-07-15","","11.0298145"
"TANQUES EPM - GIRARDOTA","2025-07-14","","9.93270451"
"TANQUES EPM - GIRARDOTA","2025-07-13","","7.57443846"
"TANQUES EPM - GIRARDOTA","2025-07-12","","11.55703952"
"TANQUES EPM - GIRARDOTA","2025-07-11","","16.20324399"
"TANQUES EPM - GIRARDOTA","2025-07-10","","13.40129997"
"TANQUES EPM - GIRARDOTA","2025-07-09","","15.03130815"
"TANQUES EPM - GIRARDOTA","2025-07-08","","15.01817654"
"TANQUES EPM - GIRARDOTA","2025-07-07","","14.06875159"
"TANQUES EPM - GIRARDOTA","2025-07-06","","13.34564323"
"TANQUES EPM - GIRARDOTA","2025-07-05","","14.90768609"
"TANQUES EPM - GIRARDOTA","2025-07-04","","14.22268762"
"TANQUES EPM - GIRARDOTA","2025-07-03","","17.24892089"
"TANQUES EPM - GIRARDOTA","2025-07-02","","14.80520596"
"TANQUES EPM - GIRARDOTA","2025-07-01","","16.7690686"
"TANQUES EPM - GIRARDOTA","2025-06-30","","11.08492396"
"TANQUES EPM - GIRARDOTA","2025-06-29","","12.66796273"
"TANQUES EPM - GIRARDOTA","2025-06-28","","16.09630853"
"TANQUES EPM - GIRARDOTA","2025-06-27","","16.57832331"
"TANQUES EPM - GIRARDOTA","2025-06-26","","15.35212378"
"TANQUES EPM - GIRARDOTA","2025-06-25","","15.56620458"
"TANQUES EPM - GIRARDOTA","2025-06-24","","16.56599872"
"TANQUES EPM - GIRARDOTA","2025-06-23","","16.73307419"
"TANQUES EPM - GIRARDOTA","2025-06-22","","17.47323068"
"TANQUES EPM - GIRARDOTA","2025-06-21","","16.98136822"
"TANQUES EPM - GIRARDOTA","2025-06-20","","17.41174191"
"TANQUES EPM - GIRARDOTA","2025-06-19","","16.818971"
"TANQUES EPM - GIRARDOTA","2025-06-18","","16.57124823"
"TANQUES EPM - GIRARDOTA","2025-06-17","","17.3923814"
"TANQUES EPM - GIRARDOTA","2025-06-16","","16.30142113"
"TANQUES EPM - GIRARDOTA","2025-06-15","","11.96526906"
"TANQUES EPM - GIRARDOTA","2025-06-14","","19.14928297"
"TANQUES EPM - GIRARDOTA","2025-06-13","","26.8540448"
"TANQUES EPM - GIRARDOTA","2025-06-12","","20.54329448"
"TANQUES EPM - GIRARDOTA","2025-06-11","","22.43474806"
"TANQUES EPM - GIRARDOTA","2025-06-10","","15.69222313"
"TANQUES EPM - GIRARDOTA","2025-06-09","","22.13715565"
"TANQUES EPM - GIRARDOTA","2025-06-08","","12.97965831"
"TANQUES EPM - GIRARDOTA","2025-06-07","","15.91908662"
"TANQUES EPM - GIRARDOTA","2025-06-06","","17.12097386"
"TANQUES EPM - GIRARDOTA","2025-06-05","","15.98342054"
"TANQUES EPM - GIRARDOTA","2025-06-04","","16.04250496"
"TANQUES EPM - GIRARDOTA","2025-06-03","","15.0369886"
"TANQUES EPM - GIRARDOTA","2025-06-02","","11.02561802"
"TANQUES EPM - GIRARDOTA","2025-06-01","","15.14649182"
"TANQUES EPM - GIRARDOTA","2025-05-31","","15.80844423"
"TANQUES EPM - GIRARDOTA","2025-05-30","","17.77543115"
"TANQUES EPM - GIRARDOTA","2025-05-29","","14.78835318"
"TANQUES EPM - GIRARDOTA","2025-05-28","","14.77522605"
"TANQUES EPM - GIRARDOTA","2025-05-27","","18.86163329"
"TANQUES EPM - GIRARDOTA","2025-05-26","","21.91357036"
"TANQUES EPM - GIRARDOTA","2025-05-25","","15.05607488"
"TANQUES EPM - GIRARDOTA","2025-05-24","","17.88432325"
"TANQUES EPM - GIRARDOTA","2025-05-23","","18.75806625"
"TANQUES EPM - GIRARDOTA","2025-05-22","","21.1461634"
"TANQUES EPM - GIRARDOTA","2025-05-21","","17.75398006"
"TANQUES EPM - GIRARDOTA","2025-05-20","","21.77943988"
"TANQUES EPM - GIRARDOTA","2025-05-19","","17.48707222"
"TANQUES EPM - GIRARDOTA","2025-05-18","","15.02194337"
"TANQUES EPM - GIRARDOTA","2025-05-17","","15.66612511"
"TANQUES EPM - GIRARDOTA","2025-05-16","","25.06038099"
"TANQUES EPM - GIRARDOTA","2025-05-15","","26.49331252"
"TANQUES EPM - GIRARDOTA","2025-05-14","","15.81641559"
"TANQUES EPM - GIRARDOTA","2025-05-13","","22.28929744"
"TANQUES EPM - GIRARDOTA","2025-05-12","","17.29446236"
"TANQUES EPM - GIRARDOTA","2025-05-11","","18.91435323"
"TANQUES EPM - GIRARDOTA","2025-05-10","","19.69310565"
"TANQUES EPM - GIRARDOTA","2025-05-09","","27.68354724"
"TANQUES EPM - GIRARDOTA","2025-05-08","","24.27662119"
"TANQUES EPM - GIRARDOTA","2025-05-07","","29.03601819"
"TANQUES EPM - GIRARDOTA","2025-05-06","","25.0263336"
"TANQUES EPM - GIRARDOTA","2025-05-05","","17.68215962"
"TANQUES EPM - GIRARDOTA","2025-05-04","","12.90770867"
"TANQUES EPM - GIRARDOTA","2025-05-03","","18.70486607"
"TANQUES EPM - GIRARDOTA","2025-05-02","","19.31470097"
"TANQUES EPM - GIRARDOTA","2025-05-01","","24.37911985"
"TANQUES EPM - GIRARDOTA","2025-04-30","","12.87720353"
"TANQUES EPM - GIRARDOTA","2025-04-29","","19.58649532"
"TANQUES EPM - GIRARDOTA","2025-04-28","","24.49108329"
"TANQUES EPM - GIRARDOTA","2025-04-27","","17.64310207"
"TANQUES EPM - GIRARDOTA","2025-04-26","","19.32934433"
"TANQUES EPM - GIRARDOTA","2025-04-25","","25.29690486"
"TANQUES EPM - GIRARDOTA","2025-04-24","","16.08961266"
"TANQUES EPM - GIRARDOTA","2025-04-23","","14.51036864"
"TANQUES EPM - GIRARDOTA","2025-04-22","","22.27257878"
"TANQUES EPM - GIRARDOTA","2025-04-21","","19.49604372"
"TANQUES EPM - GIRARDOTA","2025-04-20","","14.41872777"
"TANQUES EPM - GIRARDOTA","2025-04-19","","12.84046949"
"TANQUES EPM - GIRARDOTA","2025-04-18","","13.95896182"
"TANQUES EPM - GIRARDOTA","2025-04-17","","21.4591351"
"TANQUES EPM - GIRARDOTA","2025-04-16","","24.02937466"
"TANQUES EPM - GIRARDOTA","2025-04-15","","22.14836923"
"TANQUES EPM - GIRARDOTA","2025-04-14","","18.60990089"
"TANQUES EPM - GIRARDOTA","2025-04-13","","13.22587939"
"TANQUES EPM - GIRARDOTA","2025-04-12","","20.3062315"
"TANQUES EPM - GIRARDOTA","2025-04-11","","20.66658747"
"TANQUES EPM - GIRARDOTA","2025-04-10","","20.29826926"
"TANQUES EPM - GIRARDOTA","2025-04-09","","16.48241083"
"TANQUES EPM - GIRARDOTA","2025-04-08","","20.26428298"
"TANQUES EPM - GIRARDOTA","2025-04-07","","20.71777524"
"TANQUES EPM - GIRARDOTA","2025-04-06","","25.5661831"
"TANQUES EPM - GIRARDOTA","2025-04-05","","29.81677111"
"TANQUES EPM - GIRARDOTA","2025-04-04","","24.71718955"
"TANQUES EPM - GIRARDOTA","2025-04-03","","22.46215797"
"TANQUES EPM - GIRARDOTA","2025-04-02","","24.86303072"
"TANQUES EPM - GIRARDOTA","2025-04-01","","15.67177354"
"TANQUES EPM - GIRARDOTA","2025-03-31","","20.06823726"
"TANQUES EPM - GIRARDOTA","2025-03-30","","21.41739564"
"TANQUES EPM - GIRARDOTA","2025-03-29","","27.50260046"
"TANQUES EPM - GIRARDOTA","2025-03-28","","23.38910241"
"TANQUES EPM - GIRARDOTA","2025-03-27","","26.77858113"
"TANQUES EPM - GIRARDOTA","2025-03-26","","21.02796424"
"TANQUES EPM - GIRARDOTA","2025-03-25","","24.98879568"
"TANQUES EPM - GIRARDOTA","2025-03-24","","17.65425134"
"TANQUES EPM - GIRARDOTA","2025-03-23","","16.99753357"
"TANQUES EPM - GIRARDOTA","2025-03-22","","21.64668542"
"TANQUES EPM - GIRARDOTA","2025-03-21","","17.8228035"
"TANQUES EPM - GIRARDOTA","2025-03-20","","20.642493"
"TANQUES EPM - GIRARDOTA","2025-03-19","","17.30976429"
"TANQUES EPM - GIRARDOTA","2025-03-18","","24.06617065"
"TANQUES EPM - GIRARDOTA","2025-03-17","","18.77308017"
"TANQUES EPM - GIRARDOTA","2025-03-16","","22.26373937"
"TANQUES EPM - GIRARDOTA","2025-03-15","","24.36927068"
"TANQUES EPM - GIRARDOTA","2025-03-14","","28.11955299"
"TANQUES EPM - GIRARDOTA","2025-03-13","","20.18255584"
"TANQUES EPM - GIRARDOTA","2025-03-12","","27.60454464"
"TANQUES EPM - GIRARDOTA","2025-03-11","","17.99986238"
"TANQUES EPM - GIRARDOTA","2025-03-10","","11.27702837"
"TANQUES EPM - GIRARDOTA","2025-03-09","","13.79089883"
"TANQUES EPM - GIRARDOTA","2025-03-08","","14.11884132"
"TANQUES EPM - GIRARDOTA","2025-03-07","","20.06611395"
"TANQUES EPM - GIRARDOTA","2025-03-06","","19.32437375"
"TANQUES EPM - GIRARDOTA","2025-03-05","","20.88004668"
"TANQUES EPM - GIRARDOTA","2025-03-04","","24.16418092"
"TANQUES EPM - GIRARDOTA","2025-03-03","","14.36060088"
"TANQUES EPM - GIRARDOTA","2025-03-02","","11.41852788"
"TANQUES EPM - GIRARDOTA","2025-03-01","","18.94010172"
"TANQUES EPM - GIRARDOTA","2025-02-28","","22.89876778"
"TANQUES EPM - GIRARDOTA","2025-02-27","","13.77099535"
"TANQUES EPM - GIRARDOTA","2025-02-26","","10.51654084"
"TANQUES EPM - GIRARDOTA","2025-02-25","","26.00105703"
"TANQUES EPM - GIRARDOTA","2025-02-24","","16.30643641"
"TANQUES EPM - GIRARDOTA","2025-02-23","","13.58130866"
"TANQUES EPM - GIRARDOTA","2025-02-22","","15.3287517"
"TANQUES EPM - GIRARDOTA","2025-02-21","","15.26079013"
"TANQUES EPM - GIRARDOTA","2025-02-20","","12.78675361"
"TANQUES EPM - GIRARDOTA","2025-02-19","","14.85104124"
"TANQUES EPM - GIRARDOTA","2025-02-18","","17.24436871"
"TANQUES EPM - GIRARDOTA","2025-02-17","","18.3799604"
"TANQUES EPM - GIRARDOTA","2025-02-16","","15.06764799"
"TANQUES EPM - GIRARDOTA","2025-02-15","","13.42183165"
"TANQUES EPM - GIRARDOTA","2025-02-14","","16.6100476"
"TANQUES EPM - GIRARDOTA","2025-02-13","","19.66126698"
"TANQUES EPM - GIRARDOTA","2025-02-12","","18.32426359"
"TANQUES EPM - GIRARDOTA","2025-02-11","","20.24216687"
"TANQUES EPM - GIRARDOTA","2025-02-10","","13.99658613"
"TANQUES EPM - GIRARDOTA","2025-02-09","","21.9634987"
"TANQUES EPM - GIRARDOTA","2025-02-08","","23.6131222"
"TANQUES EPM - GIRARDOTA","2025-02-07","","14.33638262"
"TANQUES EPM - GIRARDOTA","2025-02-06","","17.96660737"
"TANQUES EPM - GIRARDOTA","2025-02-05","","27.46544044"
"TANQUES EPM - GIRARDOTA","2025-02-04","","17.14650842"
"TANQUES EPM - GIRARDOTA","2025-02-03","","15.99891052"
"TANQUES EPM - GIRARDOTA","2025-02-02","","14.30048223"
"TANQUES EPM - GIRARDOTA","2025-02-01","","17.35607075"
"TANQUES EPM - GIRARDOTA","2025-01-31","","15.29104787"
"TANQUES EPM - GIRARDOTA","2025-01-30","","15.18813349"
"TANQUES EPM - GIRARDOTA","2025-01-29","","15.7018885"
"TANQUES EPM - GIRARDOTA","2025-01-28","","18.02839531"
"TANQUES EPM - GIRARDOTA","2025-01-27","","21.49264735"
"TANQUES EPM - GIRARDOTA","2025-01-26","","19.34020958"
"TANQUES EPM - GIRARDOTA","2025-01-25","","20.35501098"
"TANQUES EPM - GIRARDOTA","2025-01-24","","26.97689868"
"TANQUES EPM - GIRARDOTA","2025-01-23","","17.2257635"
"TANQUES EPM - GIRARDOTA","2025-01-22","","15.6257187"
"TANQUES EPM - GIRARDOTA","2025-01-21","","16.07016996"
"TANQUES EPM - GIRARDOTA","2025-01-20","","17.51898365"
"TANQUES EPM - GIRARDOTA","2025-01-19","","20.8379492"
"TANQUES EPM - GIRARDOTA","2025-01-18","","13.97309035"
"TANQUES EPM - GIRARDOTA","2025-01-17","","17.11580494"
"TANQUES EPM - GIRARDOTA","2025-01-16","","17.76706558"
"TANQUES EPM - GIRARDOTA","2025-01-15","","14.84429394"
"TANQUES EPM - GIRARDOTA","2025-01-14","","17.54604007"
"TANQUES EPM - GIRARDOTA","2025-01-13","","16.11894981"
"TANQUES EPM - GIRARDOTA","2025-01-12","","16.49451547"
"TANQUES EPM - GIRARDOTA","2025-01-11","","19.05928211"
"TANQUES EPM - GIRARDOTA","2025-01-10","","19.17202824"
"TANQUES EPM - GIRARDOTA","2025-01-09","","18.16446407"
"TANQUES EPM - GIRARDOTA","2025-01-08","","15.65786184"
"TANQUES EPM - GIRARDOTA","2025-01-07","","15.81684295"
"TANQUES EPM - GIRARDOTA","2025-01-06","","14.01773843"
"TANQUES EPM - GIRARDOTA","2025-01-05","","13.20892018"
"TANQUES EPM - GIRARDOTA","2025-01-04","","16.52676842"
"TANQUES EPM - GIRARDOTA","2025-01-03","","19.07864963"
"TANQUES EPM - GIRARDOTA","2025-01-02","","15.5626954"
"TANQUES EPM - GIRARDOTA","2025-01-01","","11.2010675"
"TANQUES EPM - GIRARDOTA","2024-12-31","","15.04272013"
"TANQUES EPM - GIRARDOTA","2024-12-30","","17.85025627"
"TANQUES EPM - GIRARDOTA","2024-12-29","","15.72635122"
"TANQUES EPM - GIRARDOTA","2024-12-28","","13.38677746"
"TANQUES EPM - GIRARDOTA","2024-12-27","","23.760642"
"TANQUES EPM - GIRARDOTA","2024-12-26","","18.07338242"
"TANQUES EPM - GIRARDOTA","2024-12-25","","9.80708535"
"TANQUES EPM - GIRARDOTA","2024-12-24","","11.14112293"
"TANQUES EPM - GIRARDOTA","2024-12-23","","13.66960073"
"TANQUES EPM - GIRARDOTA","2024-12-22","","9.6020783"
"TANQUES EPM - GIRARDOTA","2024-12-21","","12.91488002"
"TANQUES EPM - GIRARDOTA","2024-12-20","","13.94454118"
"TANQUES EPM - GIRARDOTA","2024-12-19","","19.50234"
"TANQUES EPM - GIRARDOTA","2024-12-18","","17.12503079"
"TANQUES EPM - GIRARDOTA","2024-12-17","","18.71842102"
"TANQUES EPM - GIRARDOTA","2024-12-16","","14.96874495"
"TANQUES EPM - GIRARDOTA","2024-12-15","","13.60314976"
"TANQUES EPM - GIRARDOTA","2024-12-14","","17.43331505"
"TANQUES EPM - GIRARDOTA","2024-12-13","","14.63815965"
"TANQUES EPM - GIRARDOTA","2024-12-12","","14.24105805"
"TANQUES EPM - GIRARDOTA","2024-12-11","","15.62906917"
"TANQUES EPM - GIRARDOTA","2024-12-10","","23.06929639"
"TANQUES EPM - GIRARDOTA","2024-12-09","","22.66575788"
"TANQUES EPM - GIRARDOTA","2024-12-08","","18.5549422"
"TANQUES EPM - GIRARDOTA","2024-12-07","","20.99282498"
"TANQUES EPM - GIRARDOTA","2024-12-06","","17.62366443"
"TANQUES EPM - GIRARDOTA","2024-12-05","","16.21459042"
"TANQUES EPM - GIRARDOTA","2024-12-04","","17.57627882"
"TANQUES EPM - GIRARDOTA","2024-12-03","","18.43869509"
"TANQUES EPM - GIRARDOTA","2024-12-02","","18.29886223"
"TANQUES EPM - GIRARDOTA","2024-12-01","","15.51260994"
"TANQUES EPM - GIRARDOTA","2024-11-30","","16.43051228"
"TANQUES EPM - GIRARDOTA","2024-11-29","","18.00837624"
"TANQUES EPM - GIRARDOTA","2024-11-28","","18.68635056"
"TANQUES EPM - GIRARDOTA","2024-11-27","","23.78088978"
"TANQUES EPM - GIRARDOTA","2024-11-26","","14.24388154"
"TANQUES EPM - GIRARDOTA","2024-11-25","","18.46661935"
"TANQUES EPM - GIRARDOTA","2024-11-24","","15.24185271"
"TANQUES EPM - GIRARDOTA","2024-11-23","","18.38311773"
"TANQUES EPM - GIRARDOTA","2024-11-22","","20.15850568"
"TANQUES EPM - GIRARDOTA","2024-11-21","","19.88211509"
"TANQUES EPM - GIRARDOTA","2024-11-20","","26.57330294"
"TANQUES EPM - GIRARDOTA","2024-11-19","","32.28858909"
"TANQUES EPM - GIRARDOTA","2024-11-18","","18.92548614"
"TANQUES EPM - GIRARDOTA","2024-11-17","","12.78349375"
"TANQUES EPM - GIRARDOTA","2024-11-16","","18.31092043"
"TANQUES EPM - GIRARDOTA","2024-11-15","","21.35305111"
"TANQUES EPM - GIRARDOTA","2024-11-14","","26.53515154"
"TANQUES EPM - GIRARDOTA","2024-11-13","","21.49858792"
"TANQUES EPM - GIRARDOTA","2024-11-12","","22.71475276"
"TANQUES EPM - GIRARDOTA","2024-11-11","","19.79182516"
"TANQUES EPM - GIRARDOTA","2024-11-10","","20.4993788"
"TANQUES EPM - GIRARDOTA","2024-11-09","","30.22072844"
"TANQUES EPM - GIRARDOTA","2024-11-08","","34.27613223"
"TANQUES EPM - GIRARDOTA","2024-11-07","","28.37056661"
"TANQUES EPM - GIRARDOTA","2024-11-06","","18.61172796"
"TANQUES EPM - GIRARDOTA","2024-11-05","","21.44308413"
"TANQUES EPM - GIRARDOTA","2024-11-04","","23.17775399"
"TANQUES EPM - GIRARDOTA","2024-11-03","","23.59346396"
"TANQUES EPM - GIRARDOTA","2024-11-02","","27.66033048"
"TANQUES EPM - GIRARDOTA","2024-11-01","","33.49503636"
"TANQUES EPM - GIRARDOTA","2024-10-31","","33.38636029"
"TANQUES EPM - GIRARDOTA","2024-10-30","","39.58619729"
"TANQUES EPM - GIRARDOTA","2024-10-29","","30.34530638"
"TANQUES EPM - GIRARDOTA","2024-10-28","","23.56142627"
"TANQUES EPM - GIRARDOTA","2024-10-27","","21.55500841"
"TANQUES EPM - GIRARDOTA","2024-10-26","","21.28348334"
"TANQUES EPM - GIRARDOTA","2024-10-25","","19.19123307"
"TANQUES EPM - GIRARDOTA","2024-10-24","","25.09017083"
"TANQUES EPM - GIRARDOTA","2024-10-23","","19.11227784"
"TANQUES EPM - GIRARDOTA","2024-10-22","","23.72731082"
"TANQUES EPM - GIRARDOTA","2024-10-21","","27.23240669"
"TANQUES EPM - GIRARDOTA","2024-10-20","","21.31993061"
"TANQUES EPM - GIRARDOTA","2024-10-19","","33.49864834"
"TANQUES EPM - GIRARDOTA","2024-10-18","","20.06281674"
"TANQUES EPM - GIRARDOTA","2024-10-17","","21.62590173"
"TANQUES EPM - GIRARDOTA","2024-10-16","","25.26519809"
"TANQUES EPM - GIRARDOTA","2024-10-15","","24.37626788"
"TANQUES EPM - GIRARDOTA","2024-10-14","","21.43673771"
"TANQUES EPM - GIRARDOTA","2024-10-13","","15.6976121"
"TANQUES EPM - GIRARDOTA","2024-10-12","","18.44584069"
"TANQUES EPM - GIRARDOTA","2024-10-11","","20.51087959"
"TANQUES EPM - GIRARDOTA","2024-10-10","","32.06454467"
"TANQUES EPM - GIRARDOTA","2024-09-30","","0.23768531"
"TANQUES EPM - GIRARDOTA","2024-09-27","","24.02699072"
"TANQUES EPM - GIRARDOTA","2024-09-26","","39.19858942"
"TANQUES EPM - GIRARDOTA","2024-09-25","","25.11387115"
"TANQUES EPM - GIRARDOTA","2024-09-24","","23.18000936"
"TANQUES EPM - GIRARDOTA","2024-09-23","","30.00948992"
"TANQUES EPM - GIRARDOTA","2024-09-22","","21.02666138"
"TANQUES EPM - GIRARDOTA","2024-09-21","","20.29716921"
"TANQUES EPM - GIRARDOTA","2024-09-20","","29.45335652"
"TANQUES EPM - GIRARDOTA","2024-09-19","","27.24568965"
"TANQUES EPM - GIRARDOTA","2024-09-18","","22.84662625"
"TANQUES EPM - GIRARDOTA","2024-09-17","","27.41169798"
"TANQUES EPM - GIRARDOTA","2024-09-16","","20.07758564"
"TANQUES EPM - GIRARDOTA","2024-09-15","","18.28339315"
"TANQUES EPM - GIRARDOTA","2024-09-14","","22.78078328"
"TANQUES EPM - GIRARDOTA","2024-09-13","","24.06294545"
"TANQUES EPM - GIRARDOTA","2024-09-12","","21.21424546"
"TANQUES EPM - GIRARDOTA","2024-09-11","","14.69094137"
"TANQUES EPM - GIRARDOTA","2024-09-10","","16.21418747"
"TANQUES EPM - GIRARDOTA","2024-09-09","","21.9107077"
"TANQUES EPM - GIRARDOTA","2024-09-08","","15.33839446"
"TANQUES EPM - GIRARDOTA","2024-09-07","","17.11493637"
"TANQUES EPM - GIRARDOTA","2024-09-06","","14.88621795"
"TANQUES EPM - GIRARDOTA","2024-09-05","","19.81768449"
"TANQUES EPM - GIRARDOTA","2024-09-04","","13.99241587"
"TANQUES EPM - GIRARDOTA","2024-09-03","","16.68835149"
"TANQUES EPM - GIRARDOTA","2024-09-02","","19.21529504"
"TANQUES EPM - GIRARDOTA","2024-09-01","","19.11405902"
"TANQUES EPM - GIRARDOTA","2024-08-31","","16.57547022"
"TANQUES EPM - GIRARDOTA","2024-08-30","","21.98454239"
"TANQUES EPM - GIRARDOTA","2024-08-29","","25.87999102"
"TANQUES EPM - GIRARDOTA","2024-08-28","","15.29587305"
"TANQUES EPM - GIRARDOTA","2024-08-27","","13.57047401"
"TANQUES EPM - GIRARDOTA","2024-08-26","","17.1362238"
"TANQUES EPM - GIRARDOTA","2024-08-25","","13.26158909"
"TANQUES EPM - GIRARDOTA","2024-08-24","","15.01280879"
"TANQUES EPM - GIRARDOTA","2024-08-23","","17.91982974"
"TANQUES EPM - GIRARDOTA","2024-08-22","","18.62285515"
"TANQUES EPM - GIRARDOTA","2024-08-21","","18.02844479"
"TANQUES EPM - GIRARDOTA","2024-08-20","","19.60004494"
"TANQUES EPM - GIRARDOTA","2024-08-19","","19.99860793"
"TANQUES EPM - GIRARDOTA","2024-08-18","","14.46087325"
"TANQUES EPM - GIRARDOTA","2024-08-17","","21.457663"
"TANQUES EPM - GIRARDOTA","2024-08-16","","25.30324601"
"TANQUES EPM - GIRARDOTA","2024-08-15","","21.32987804"
"TANQUES EPM - GIRARDOTA","2024-08-14","","16.29045282"
"TANQUES EPM - GIRARDOTA","2024-08-13","","15.56276648"
"TANQUES EPM - GIRARDOTA","2024-08-12","","15.94945134"
"TANQUES EPM - GIRARDOTA","2024-08-11","","12.42561554"
"TANQUES EPM - GIRARDOTA","2024-08-10","","15.61786757"
"TANQUES EPM - GIRARDOTA","2024-08-09","","21.59480283"
"TANQUES EPM - GIRARDOTA","2024-08-08","","12.6159769"
"TANQUES EPM - GIRARDOTA","2024-08-07","","19.47747142"
"TANQUES EPM - GIRARDOTA","2024-08-06","","24.19260551"
"TANQUES EPM - GIRARDOTA","2024-08-05","","12.63272833"
"TANQUES EPM - GIRARDOTA","2024-08-04","","10.94159675"
"TANQUES EPM - GIRARDOTA","2024-08-03","","17.67243889"
"TANQUES EPM - GIRARDOTA","2024-08-02","","18.14462847"
"TANQUES EPM - GIRARDOTA","2024-08-01","","23.30569675"
"TANQUES EPM - GIRARDOTA","2024-07-31","","13.60576824"
"TANQUES EPM - GIRARDOTA","2024-07-30","","19.57484593"
"TANQUES EPM - GIRARDOTA","2024-07-29","","16.9441296"
"TANQUES EPM - GIRARDOTA","2024-07-28","","15.34917036"
"TANQUES EPM - GIRARDOTA","2024-07-27","","18.90449371"
"TANQUES EPM - GIRARDOTA","2024-07-26","","22.63973194"
"TANQUES EPM - GIRARDOTA","2024-07-25","","23.64983901"
"TANQUES EPM - GIRARDOTA","2024-07-24","","18.80573551"
"TANQUES EPM - GIRARDOTA","2024-07-23","","21.16282088"
"TANQUES EPM - GIRARDOTA","2024-07-22","","16.63343064"
"TANQUES EPM - GIRARDOTA","2024-07-21","","16.96721491"
"TANQUES EPM - GIRARDOTA","2024-07-20","","18.15297045"
"TANQUES EPM - GIRARDOTA","2024-07-19","","17.98064673"
"TANQUES EPM - GIRARDOTA","2024-07-18","","18.22234943"
"TANQUES EPM - GIRARDOTA","2024-07-17","","18.25655833"
"TANQUES EPM - GIRARDOTA","2024-07-16","","18.63090554"
"TANQUES EPM - GIRARDOTA","2024-07-15","","13.50755197"
"TANQUES EPM - GIRARDOTA","2024-07-14","","13.44004483"
"TANQUES EPM - GIRARDOTA","2024-07-13","","18.2917558"
"TANQUES EPM - GIRARDOTA","2024-07-12","","17.45183407"
"TANQUES EPM - GIRARDOTA","2024-07-11","","17.82616337"
"TANQUES EPM - GIRARDOTA","2024-07-10","","20.39910973"
"TANQUES EPM - GIRARDOTA","2024-07-09","","18.92681341"
"TANQUES EPM - GIRARDOTA","2024-07-08","","14.56831127"
"TANQUES EPM - GIRARDOTA","2024-07-07","","12.24409999"
"TANQUES EPM - GIRARDOTA","2024-07-06","","17.29783639"
"TANQUES EPM - GIRARDOTA","2024-07-05","","29.08530627"
"TANQUES EPM - GIRARDOTA","2024-07-04","","19.2937072"
"TANQUES EPM - GIRARDOTA","2024-07-03","","15.40108526"
"TANQUES EPM - GIRARDOTA","2024-07-02","","24.83228583"
"TANQUES EPM - GIRARDOTA","2024-07-01","","16.9633005"
"TANQUES EPM - GIRARDOTA","2024-06-30","","13.34272892"
"TANQUES EPM - GIRARDOTA","2024-06-29","","15.23967142"
"TANQUES EPM - GIRARDOTA","2024-06-28","","26.05430356"
"TANQUES EPM - GIRARDOTA","2024-06-27","","21.24297592"
"TANQUES EPM - GIRARDOTA","2024-06-26","","24.50382315"
"TANQUES EPM - GIRARDOTA","2024-06-25","","19.69996449"
"TANQUES EPM - GIRARDOTA","2024-06-24","","13.60355091"
"TANQUES EPM - GIRARDOTA","2024-06-23","","16.21671037"
"TANQUES EPM - GIRARDOTA","2024-06-22","","15.42832004"
"TANQUES EPM - GIRARDOTA","2024-06-21","","17.66264502"
"TANQUES EPM - GIRARDOTA","2024-06-20","","20.24339855"
"TANQUES EPM - GIRARDOTA","2024-06-19","","27.27275205"
"TANQUES EPM - GIRARDOTA","2024-06-18","","22.5139651"
"TANQUES EPM - GIRARDOTA","2024-06-17","","14.89978832"
"TANQUES EPM - GIRARDOTA","2024-06-16","","13.44532909"
"TANQUES EPM - GIRARDOTA","2024-06-15","","30.35101033"
"TANQUES EPM - GIRARDOTA","2024-06-14","","22.43170805"
"TANQUES EPM - GIRARDOTA","2024-06-13","","17.13010644"
"TANQUES EPM - GIRARDOTA","2024-06-12","","11.63051496"
"TANQUES EPM - GIRARDOTA","2024-06-11","","17.69278662"
"TANQUES EPM - GIRARDOTA","2024-06-10","","14.21623934"
"TANQUES EPM - GIRARDOTA","2024-06-09","","18.29762357"
"TANQUES EPM - GIRARDOTA","2024-06-08","","13.98262827"
"TANQUES EPM - GIRARDOTA","2024-06-07","","16.6632557"
"TANQUES EPM - GIRARDOTA","2024-06-06","","14.7319215"
"TANQUES EPM - GIRARDOTA","2024-06-05","","14.70489827"
"TANQUES EPM - GIRARDOTA","2024-06-04","","22.45685869"
"TANQUES EPM - GIRARDOTA","2024-06-03","","11.32518459"
"TANQUES EPM - GIRARDOTA","2024-06-02","","12.23316743"
"TANQUES EPM - GIRARDOTA","2024-06-01","","13.56666331"
"TANQUES EPM - GIRARDOTA","2024-05-28","","12.74418249"
"TANQUES EPM - GIRARDOTA","2024-05-27","","19.96660455"
"TANQUES EPM - GIRARDOTA","2024-05-26","","12.28098984"
"TANQUES EPM - GIRARDOTA","2024-05-25","","19.15558239"
"TANQUES EPM - GIRARDOTA","2024-05-24","","20.45934148"
"TANQUES EPM - GIRARDOTA","2024-05-23","","17.53358405"
"TANQUES EPM - GIRARDOTA","2024-05-22","","22.35668492"
"TANQUES EPM - GIRARDOTA","2024-05-21","","17.07574972"
"TANQUES EPM - GIRARDOTA","2024-05-20","","19.60871346"
"TANQUES EPM - GIRARDOTA","2024-05-19","","17.76821646"
"TANQUES EPM - GIRARDOTA","2024-05-18","","13.67210012"
"TANQUES EPM - GIRARDOTA","2024-05-17","","16.16450618"
"TANQUES EPM - GIRARDOTA","2024-05-16","","12.05621309"
"TANQUES EPM - GIRARDOTA","2024-05-15","","9.21871052"
"TANQUES EPM - GIRARDOTA","2024-05-14","","10.17651357"
"TANQUES EPM - GIRARDOTA","2024-05-13","","8.5283803"
"TANQUES EPM - GIRARDOTA","2024-05-12","","10.46840204"
"TANQUES EPM - GIRARDOTA","2024-05-11","","11.84006753"
"TANQUES EPM - GIRARDOTA","2024-05-10","","14.86690888"
"TANQUES EPM - GIRARDOTA","2024-05-09","","12.72227558"
"TANQUES EPM - GIRARDOTA","2024-05-08","","11.44641478"
"TANQUES EPM - GIRARDOTA","2024-05-07","","9.47607996"
"TANQUES EPM - GIRARDOTA","2024-05-06","","7.42646938"
"TANQUES EPM - GIRARDOTA","2024-05-05","","8.56831276"
"TANQUES EPM - GIRARDOTA","2024-05-04","","13.27765031"
"TANQUES EPM - GIRARDOTA","2024-05-03","","16.84768162"
"TANQUES EPM - GIRARDOTA","2024-05-02","","27.13392991"
"TANQUES EPM - GIRARDOTA","2024-05-01","","14.43762493"
"TANQUES EPM - GIRARDOTA","2024-04-30","","15.94213404"
"TANQUES EPM - GIRARDOTA","2024-04-29","","15.34841778"
"TANQUES EPM - GIRARDOTA","2024-04-28","","21.45713245"
"TANQUES EPM - GIRARDOTA","2024-04-27","","18.87921523"
"TANQUES EPM - GIRARDOTA","2024-04-26","","23.33770309"
"TANQUES EPM - GIRARDOTA","2024-04-25","","18.63875698"
"TANQUES EPM - GIRARDOTA","2024-04-24","","15.15609693"
"TANQUES EPM - GIRARDOTA","2024-04-23","","19.18525103"
"TANQUES EPM - GIRARDOTA","2024-04-22","","24.34261616"
"TANQUES EPM - GIRARDOTA","2024-04-21","","19.77147536"
"TANQUES EPM - GIRARDOTA","2024-04-20","","29.7366049"
"TANQUES EPM - GIRARDOTA","2024-04-19","","27.82663028"
"TANQUES EPM - GIRARDOTA","2024-04-18","","23.16797152"
"TANQUES EPM - GIRARDOTA","2024-04-17","","21.92610964"
"TANQUES EPM - GIRARDOTA","2024-04-16","","18.38746927"
"TANQUES EPM - GIRARDOTA","2024-04-15","","18.2057171"
"TANQUES EPM - GIRARDOTA","2024-04-14","","15.47337135"
"TANQUES EPM - GIRARDOTA","2024-04-13","","17.16283339"
"TANQUES EPM - GIRARDOTA","2024-04-12","","19.45109993"
"TANQUES EPM - GIRARDOTA","2024-04-11","","20.76418136"
"TANQUES EPM - GIRARDOTA","2024-04-10","","24.69940269"
"TANQUES EPM - GIRARDOTA","2024-04-09","","28.57805779"
"TANQUES EPM - GIRARDOTA","2024-04-08","","24.99154815"
"TANQUES EPM - GIRARDOTA","2024-04-07","","21.31999984"
"TANQUES EPM - GIRARDOTA","2024-04-06","","22.57014661"
"TANQUES EPM - GIRARDOTA","2024-04-05","","18.28938795"
"TANQUES EPM - GIRARDOTA","2024-04-04","","25.28614913"
"TANQUES EPM - GIRARDOTA","2024-04-03","","32.73748989"
"TANQUES EPM - GIRARDOTA","2024-04-02","","18.0988984"
"TANQUES EPM - GIRARDOTA","2024-04-01","","15.5181708"
"TANQUES EPM - GIRARDOTA","2024-03-31","","20.38448659"
"TANQUES EPM - GIRARDOTA","2024-03-30","","18.56149708"
"TANQUES EPM - GIRARDOTA","2024-03-29","","13.04190856"
"TANQUES EPM - GIRARDOTA","2024-03-28","","14.64814272"
"TANQUES EPM - GIRARDOTA","2024-03-27","","18.21115152"
"TANQUES EPM - GIRARDOTA","2024-03-26","","15.2648252"
"TANQUES EPM - GIRARDOTA","2024-03-25","","15.07278795"
"TANQUES EPM - GIRARDOTA","2024-03-24","","17.92325004"
"TANQUES EPM - GIRARDOTA","2024-03-23","","20.00638128"
"TANQUES EPM - GIRARDOTA","2024-03-22","","15.99528847"
"TANQUES EPM - GIRARDOTA","2024-03-21","","21.63585087"
"TANQUES EPM - GIRARDOTA","2024-03-20","","24.95119429"
"TANQUES EPM - GIRARDOTA","2024-03-19","","19.04784989"
"TANQUES EPM - GIRARDOTA","2024-03-18","","22.02319606"
"TANQUES EPM - GIRARDOTA","2024-03-17","","19.50462784"
"TANQUES EPM - GIRARDOTA","2024-03-16","","18.26055888"
"TANQUES EPM - GIRARDOTA","2024-03-15","","30.94749802"
"TANQUES EPM - GIRARDOTA","2024-03-14","","27.40881288"
"TANQUES EPM - GIRARDOTA","2024-03-11","","19.20698319"
"TANQUES EPM - GIRARDOTA","2024-03-10","","16.02675643"
"TANQUES EPM - GIRARDOTA","2024-03-09","","26.39557855"
"TANQUES EPM - GIRARDOTA","2024-03-08","","34.28714053"
"TANQUES EPM - GIRARDOTA","2024-03-07","","18.35496148"
"TANQUES EPM - GIRARDOTA","2024-03-06","","16.61256907"
"TANQUES EPM - GIRARDOTA","2024-03-05","","17.80456463"
"TANQUES EPM - GIRARDOTA","2024-03-04","","17.66311513"
"TANQUES EPM - GIRARDOTA","2024-03-03","","14.52381366"
"TANQUES EPM - GIRARDOTA","2024-03-02","","13.7901671"
"TANQUES EPM - GIRARDOTA","2024-03-01","","19.20425397"
"TANQUES EPM - GIRARDOTA","2024-02-29","","15.27071719"
"TANQUES EPM - GIRARDOTA","2024-02-28","","20.11311096"
"TANQUES EPM - GIRARDOTA","2024-02-27","","18.12117804"
"TANQUES EPM - GIRARDOTA","2024-02-26","","11.44568288"
"TANQUES EPM - GIRARDOTA","2024-02-25","","11.78955504"
"TANQUES EPM - GIRARDOTA","2024-02-24","","12.63179595"
"TANQUES EPM - GIRARDOTA","2024-02-23","","16.66012665"
"TANQUES EPM - GIRARDOTA","2024-02-22","","14.54700921"
"TANQUES EPM - GIRARDOTA","2024-02-21","","12.869141"
"TANQUES EPM - GIRARDOTA","2024-02-20","","16.63852345"
"TANQUES EPM - GIRARDOTA","2024-02-19","","15.93382106"
"TANQUES EPM - GIRARDOTA","2024-02-18","","12.10686726"
"TANQUES EPM - GIRARDOTA","2024-02-17","","18.52241565"
"TANQUES EPM - GIRARDOTA","2024-02-16","","14.52452624"
"TANQUES EPM - GIRARDOTA","2024-02-15","","13.54744739"
"TANQUES EPM - GIRARDOTA","2024-02-14","","15.15634993"
"TANQUES EPM - GIRARDOTA","2024-02-13","","15.34017313"
"TANQUES EPM - GIRARDOTA","2024-02-12","","13.5229664"
"TANQUES EPM - GIRARDOTA","2024-02-11","","12.54713408"
"TANQUES EPM - GIRARDOTA","2024-02-10","","11.81043736"
"TANQUES EPM - GIRARDOTA","2024-02-09","","10.9657924"
"TANQUES EPM - GIRARDOTA","2024-02-08","","14.26668687"
"TANQUES EPM - GIRARDOTA","2024-02-07","","14.42272614"
"TANQUES EPM - GIRARDOTA","2024-02-06","","22.40142878"
"TANQUES EPM - GIRARDOTA","2024-02-05","","27.02658133"
"TANQUES EPM - GIRARDOTA","2024-02-04","","30.62914665"
"TANQUES EPM - GIRARDOTA","2024-02-03","","31.37474328"
"TANQUES EPM - GIRARDOTA","2024-02-02","","25.08778813"
"TANQUES EPM - GIRARDOTA","2024-02-01","","34.00777069"
"TANQUES EPM - GIRARDOTA","2024-01-31","","23.63522499"
"TANQUES EPM - GIRARDOTA","2024-01-30","","19.03022734"
"TANQUES EPM - GIRARDOTA","2024-01-29","","25.47868081"
"TANQUES EPM - GIRARDOTA","2024-01-28","","29.05934861"
"TANQUES EPM - GIRARDOTA","2024-01-27","","27.09013175"
"TANQUES EPM - GIRARDOTA","2024-01-26","","23.63402735"
"TANQUES EPM - GIRARDOTA","2024-01-25","","25.96182832"
"TANQUES EPM - GIRARDOTA","2024-01-24","","25.95941064"
"TANQUES EPM - GIRARDOTA","2024-01-23","","21.38555629"
"TANQUES EPM - GIRARDOTA","2024-01-22","","24.03972331"
"TANQUES EPM - GIRARDOTA","2024-01-21","","21.84112241"
"TANQUES EPM - GIRARDOTA","2024-01-20","","22.21453724"
"TANQUES EPM - GIRARDOTA","2024-01-19","","27.16997916"
"TANQUES EPM - GIRARDOTA","2024-01-18","","19.64636463"
"TANQUES EPM - GIRARDOTA","2024-01-17","","21.75839169"
"TANQUES EPM - GIRARDOTA","2024-01-16","","20.12597666"
"TANQUES EPM - GIRARDOTA","2024-01-15","","16.64859129"
"TANQUES EPM - GIRARDOTA","2024-01-14","","14.08022216"
"TANQUES EPM - GIRARDOTA","2024-01-13","","15.5543412"
"TANQUES EPM - GIRARDOTA","2024-01-12","","14.44869576"
"TANQUES EPM - GIRARDOTA","2024-01-11","","18.18324875"
"TANQUES EPM - GIRARDOTA","2024-01-10","","17.47982679"
"TANQUES EPM - GIRARDOTA","2024-01-09","","18.12921214"
"TANQUES EPM - GIRARDOTA","2024-01-08","","17.34181373"
"TANQUES EPM - GIRARDOTA","2024-01-07","","14.86747417"
"TANQUES EPM - GIRARDOTA","2024-01-06","","15.83808073"
"TANQUES EPM - GIRARDOTA","2024-01-05","","14.27040444"
"TANQUES EPM - GIRARDOTA","2024-01-04","","12.13843026"
"TANQUES EPM - GIRARDOTA","2024-01-03","","12.28094913"
"TANQUES EPM - GIRARDOTA","2024-01-02","","11.30352596"
"TANQUES EPM - GIRARDOTA","2024-01-01","","9.55230509"
"TANQUES EPM - GIRARDOTA","2023-12-31","","8.96919153"
"TANQUES EPM - GIRARDOTA","2023-12-30","","13.59703212"
"TANQUES EPM - GIRARDOTA","2023-12-29","","24.33065198"
"TANQUES EPM - GIRARDOTA","2023-12-28","","15.31646867"
"TANQUES EPM - GIRARDOTA","2023-12-27","","14.65258296"
"TANQUES EPM - GIRARDOTA","2023-12-26","","18.88998065"
"TANQUES EPM - GIRARDOTA","2023-12-25","","13.56287336"
"TANQUES EPM - GIRARDOTA","2023-12-24","","15.71453851"
"TANQUES EPM - GIRARDOTA","2023-12-23","","21.63208063"
"TANQUES EPM - GIRARDOTA","2023-12-22","","17.50323567"
"TANQUES EPM - GIRARDOTA","2023-12-21","","14.7185179"
"TANQUES EPM - GIRARDOTA","2023-12-20","","14.95407767"
"TANQUES EPM - GIRARDOTA","2023-12-19","","13.82651239"
"TANQUES EPM - GIRARDOTA","2023-12-18","","14.35720829"
"TANQUES EPM - GIRARDOTA","2023-12-17","","14.86793084"
"TANQUES EPM - GIRARDOTA","2023-12-16","","21.74152649"
"TANQUES EPM - GIRARDOTA","2023-12-15","","21.50295206"
"TANQUES EPM - GIRARDOTA","2023-12-14","","19.40467559"
"TANQUES EPM - GIRARDOTA","2023-12-13","","19.75831241"
"TANQUES EPM - GIRARDOTA","2023-12-12","","17.35233303"
"TANQUES EPM - GIRARDOTA","2023-12-11","","12.96669907"
"TANQUES EPM - GIRARDOTA","2023-12-10","","18.86298876"
"TANQUES EPM - GIRARDOTA","2023-12-09","","13.97795408"
"TANQUES EPM - GIRARDOTA","2023-12-08","","20.91450227"
"TANQUES EPM - GIRARDOTA","2023-12-07","","18.49155266"
"TANQUES EPM - GIRARDOTA","2023-12-06","","20.44046675"
"TANQUES EPM - GIRARDOTA","2023-12-05","","16.41162549"
"TANQUES EPM - GIRARDOTA","2023-12-04","","19.72348667"
"TANQUES EPM - GIRARDOTA","2023-12-03","","19.63582874"
"TANQUES EPM - GIRARDOTA","2023-12-02","","17.10404294"
"TANQUES EPM - GIRARDOTA","2023-12-01","","13.92868106"
"TANQUES EPM - GIRARDOTA","2023-11-30","","14.96866269"
"TANQUES EPM - GIRARDOTA","2023-11-29","","15.37595499"
"TANQUES EPM - GIRARDOTA","2023-11-28","","12.29738253"
"TANQUES EPM - GIRARDOTA","2023-11-27","","13.2524605"
"TANQUES EPM - GIRARDOTA","2023-11-26","","15.49191747"
"TANQUES EPM - GIRARDOTA","2023-11-25","","16.98607711"
"TANQUES EPM - GIRARDOTA","2023-11-24","","10.63012615"
"TANQUES EPM - GIRARDOTA","2023-11-23","","10.39905901"
"TANQUES EPM - GIRARDOTA","2023-11-22","","10.03976807"
"TANQUES EPM - GIRARDOTA","2023-11-21","","9.7724266"
"TANQUES EPM - GIRARDOTA","2023-11-20","","12.3003944"
"TANQUES EPM - GIRARDOTA","2023-11-19","","15.48437071"
"TANQUES EPM - GIRARDOTA","2023-11-18","","17.39418348"
"TANQUES EPM - GIRARDOTA","2023-11-17","","18.74670248"
"TANQUES EPM - GIRARDOTA","2023-11-16","","29.83012566"
"TANQUES EPM - GIRARDOTA","2023-11-15","","39.15566742"
"TANQUES EPM - GIRARDOTA","2023-11-14","","22.42692081"
"TANQUES EPM - GIRARDOTA","2023-11-13","","12.88479886"
"TANQUES EPM - GIRARDOTA","2023-11-12","","19.10259367"
"TANQUES EPM - GIRARDOTA","2023-11-11","","21.38100244"
"TANQUES EPM - GIRARDOTA","2023-11-10","","23.80389099"
"TANQUES EPM - GIRARDOTA","2023-11-09","","18.46444903"
"TANQUES EPM - GIRARDOTA","2023-11-08","","18.70009143"
"TANQUES EPM - GIRARDOTA","2023-11-07","","21.96791455"
"TANQUES EPM - GIRARDOTA","2023-11-06","","19.29694309"
"TANQUES EPM - GIRARDOTA","2023-11-05","","17.66121904"
"TANQUES EPM - GIRARDOTA","2023-11-04","","18.61831454"
"TANQUES EPM - GIRARDOTA","2023-11-03","","30.49103907"
"TANQUES EPM - GIRARDOTA","2023-11-02","","25.05467704"
"TANQUES EPM - GIRARDOTA","2023-11-01","","26.22327655"
"TANQUES EPM - GIRARDOTA","2023-10-31","","21.43750911"
"TANQUES EPM - GIRARDOTA","2023-10-30","","20.01389307"
"TANQUES EPM - GIRARDOTA","2023-10-29","","19.38465693"
"TANQUES EPM - GIRARDOTA","2023-10-28","","21.19283134"
"TANQUES EPM - GIRARDOTA","2023-10-27","","31.08659215"
"TANQUES EPM - GIRARDOTA","2023-10-26","","36.97469376"
"TANQUES EPM - GIRARDOTA","2023-10-25","","29.79594116"
"TANQUES EPM - GIRARDOTA","2023-10-24","","35.92863019"
"TANQUES EPM - GIRARDOTA","2023-10-23","","20.07017253"
"TANQUES EPM - GIRARDOTA","2023-10-22","","26.09495771"
"TANQUES EPM - GIRARDOTA","2023-10-21","","39.56470094"
"TANQUES EPM - GIRARDOTA","2023-10-20","","33.35700557"
"TANQUES EPM - GIRARDOTA","2023-10-19","","28.42505884"
"TANQUES EPM - GIRARDOTA","2023-10-18","","22.11670606"
"TANQUES EPM - GIRARDOTA","2023-10-17","","26.6615758"
"TANQUES EPM - GIRARDOTA","2023-10-16","","20.35354853"
"TANQUES EPM - GIRARDOTA","2023-10-15","","17.53647826"
"TANQUES EPM - GIRARDOTA","2023-10-14","","24.98572041"
"TANQUES EPM - GIRARDOTA","2023-10-13","","29.51156654"
"TANQUES EPM - GIRARDOTA","2023-10-12","","18.20988806"
"TANQUES EPM - GIRARDOTA","2023-10-11","","30.16217681"
"TANQUES EPM - GIRARDOTA","2023-10-10","","20.54556666"
"TANQUES EPM - GIRARDOTA","2023-10-09","","23.07956036"
"TANQUES EPM - GIRARDOTA","2023-10-08","","32.44800968"
"TANQUES EPM - GIRARDOTA","2023-10-07","","22.2741287"
"TANQUES EPM - GIRARDOTA","2023-10-06","","31.08768123"
"TANQUES EPM - GIRARDOTA","2023-10-05","","27.8252043"
"TANQUES EPM - GIRARDOTA","2023-10-04","","37.17227165"
"TANQUES EPM - GIRARDOTA","2023-10-03","","31.72033346"
"TANQUES EPM - GIRARDOTA","2023-10-02","","20.55480866"
"TANQUES EPM - GIRARDOTA","2023-10-01","","15.13444033"
"TANQUES EPM - GIRARDOTA","2023-09-30","","19.85362629"
"TANQUES EPM - GIRARDOTA","2023-09-29","","20.03469524"
"TANQUES EPM - GIRARDOTA","2023-09-28","","22.52650324"
"TANQUES EPM - GIRARDOTA","2023-09-27","","22.44016211"
"TANQUES EPM - GIRARDOTA","2023-09-26","","21.48266701"
"TANQUES EPM - GIRARDOTA","2023-09-25","","24.48062242"
"TANQUES EPM - GIRARDOTA","2023-09-24","","23.24021106"
"TANQUES EPM - GIRARDOTA","2023-09-23","","25.00936433"
"TANQUES EPM - GIRARDOTA","2023-09-22","","23.89440979"
"TANQUES EPM - GIRARDOTA","2023-09-21","","27.6095826"
"TANQUES EPM - GIRARDOTA","2023-09-20","","22.27493785"
"TANQUES EPM - GIRARDOTA","2023-09-19","","21.74516158"
"TANQUES EPM - GIRARDOTA","2023-09-18","","18.27658706"
"TANQUES EPM - GIRARDOTA","2023-09-17","","23.62302576"
"TANQUES EPM - GIRARDOTA","2023-09-16","","22.90417185"
"TANQUES EPM - GIRARDOTA","2023-09-15","","24.13371731"
"TANQUES EPM - GIRARDOTA","2023-09-14","","24.95467159"
"TANQUES EPM - GIRARDOTA","2023-09-13","","23.47446597"
"TANQUES EPM - GIRARDOTA","2023-09-12","","23.72774958"
"TANQUES EPM - GIRARDOTA","2023-09-11","","18.65810897"
"TANQUES EPM - GIRARDOTA","2023-09-10","","17.55844727"
"TANQUES EPM - GIRARDOTA","2023-09-09","","29.18462013"
"TANQUES EPM - GIRARDOTA","2023-09-08","","26.87993082"
"TANQUES EPM - GIRARDOTA","2023-09-07","","27.85127734"
"TANQUES EPM - GIRARDOTA","2023-09-06","","24.29374409"
"TANQUES EPM - GIRARDOTA","2023-09-05","","22.04352136"
"TANQUES EPM - GIRARDOTA","2023-09-04","","23.16364903"
"TANQUES EPM - GIRARDOTA","2023-09-03","","22.86495586"
"TANQUES EPM - GIRARDOTA","2023-09-02","","38.42295585"
"TANQUES EPM - GIRARDOTA","2023-09-01","","32.25705061"
"TANQUES EPM - GIRARDOTA","2023-08-31","","21.53806267"
"TANQUES EPM - GIRARDOTA","2023-08-30","","19.1062356"
"TANQUES EPM - GIRARDOTA","2023-08-29","","18.08259413"
"TANQUES EPM - GIRARDOTA","2023-08-28","","19.06325759"
"TANQUES EPM - GIRARDOTA","2023-08-27","","16.73514018"
"TANQUES EPM - GIRARDOTA","2023-08-26","","19.57885749"
"TANQUES EPM - GIRARDOTA","2023-08-25","","20.4115941"
"TANQUES EPM - GIRARDOTA","2023-08-24","","14.12777704"
"TANQUES EPM - GIRARDOTA","2023-08-23","","22.87460222"
"TANQUES EPM - GIRARDOTA","2023-08-22","","27.0763364"
"TANQUES EPM - GIRARDOTA","2023-08-21","","19.3081081"
"TANQUES EPM - GIRARDOTA","2023-08-20","","16.6060226"
"TANQUES EPM - GIRARDOTA","2023-08-19","","13.36914475"
"TANQUES EPM - GIRARDOTA","2023-08-18","","24.67506167"
"TANQUES EPM - GIRARDOTA","2023-08-17","","19.3426378"
"TANQUES EPM - GIRARDOTA","2023-08-16","","20.60946223"
"TANQUES EPM - GIRARDOTA","2023-08-15","","23.31124399"
"TANQUES EPM - GIRARDOTA","2023-08-14","","19.06462482"
"TANQUES EPM - GIRARDOTA","2023-08-13","","23.88572329"
"TANQUES EPM - GIRARDOTA","2023-08-12","","19.75993716"
"TANQUES EPM - GIRARDOTA","2023-08-11","","26.13627285"
"TANQUES EPM - GIRARDOTA","2023-08-10","","25.97816113"
"TANQUES EPM - GIRARDOTA","2023-08-09","","35.41716746"
"TANQUES EPM - GIRARDOTA","2023-08-08","","27.96717457"
"TANQUES EPM - GIRARDOTA","2023-08-07","","24.60186779"
"TANQUES EPM - GIRARDOTA","2023-08-06","","23.83686105"
"TANQUES EPM - GIRARDOTA","2023-08-05","","28.4235989"
"TANQUES EPM - GIRARDOTA","2023-08-04","","22.3640613"
"TANQUES EPM - GIRARDOTA","2023-08-03","","23.2612522"
"TANQUES EPM - GIRARDOTA","2023-08-02","","25.21302945"
"TANQUES EPM - GIRARDOTA","2023-08-01","","24.08515001"
"TANQUES EPM - GIRARDOTA","2023-07-31","","22.0101645"
"TANQUES EPM - GIRARDOTA","2023-07-30","","19.05701571"
"TANQUES EPM - GIRARDOTA","2023-07-29","","21.84113652"
"TANQUES EPM - GIRARDOTA","2023-07-28","","20.50840639"
"TANQUES EPM - GIRARDOTA","2023-07-27","","21.99827653"
"TANQUES EPM - GIRARDOTA","2023-07-26","","30.40750133"
"TANQUES EPM - GIRARDOTA","2023-07-25","","23.9955804"
"TANQUES EPM - GIRARDOTA","2023-07-24","","18.89723594"
"TANQUES EPM - GIRARDOTA","2023-07-23","","18.95675521"
"TANQUES EPM - GIRARDOTA","2023-07-22","","24.89480537"
"TANQUES EPM - GIRARDOTA","2023-07-21","","23.16430043"
"TANQUES EPM - GIRARDOTA","2023-07-20","","20.17932989"
"TANQUES EPM - GIRARDOTA","2023-07-19","","18.12269021"
"TANQUES EPM - GIRARDOTA","2023-07-18","","18.34444522"
"TANQUES EPM - GIRARDOTA","2023-07-17","","16.89053937"
"TANQUES EPM - GIRARDOTA","2023-07-16","","17.54104936"
"TANQUES EPM - GIRARDOTA","2023-07-15","","22.32597421"
"TANQUES EPM - GIRARDOTA","2023-07-14","","31.7892159"
"TANQUES EPM - GIRARDOTA","2023-07-13","","22.96897589"
"TANQUES EPM - GIRARDOTA","2023-07-12","","14.03908998"
"TANQUES EPM - GIRARDOTA","2023-07-11","","13.55947069"
"TANQUES EPM - GIRARDOTA","2023-07-10","","12.57134822"
"TANQUES EPM - GIRARDOTA","2023-07-09","","9.96426951"
"TANQUES EPM - GIRARDOTA","2023-07-08","","12.5246347"
"TANQUES EPM - GIRARDOTA","2023-07-07","","15.0695434"
"TANQUES EPM - GIRARDOTA","2023-07-06","","15.79846539"
"TANQUES EPM - GIRARDOTA","2023-07-05","","12.20030967"
"TANQUES EPM - GIRARDOTA","2023-07-04","","15.17143875"
"TANQUES EPM - GIRARDOTA","2023-07-03","","12.06982905"
"TANQUES EPM - GIRARDOTA","2023-07-02","","18.96615476"
"TANQUES EPM - GIRARDOTA","2023-07-01","","14.39521967"
"TANQUES EPM - GIRARDOTA","2023-06-30","","16.52524466"
"TANQUES EPM - GIRARDOTA","2023-06-29","","14.1353812"
"TANQUES EPM - GIRARDOTA","2023-06-28","","12.47773456"
"TANQUES EPM - GIRARDOTA","2023-06-27","","9.72499296"
"TANQUES EPM - GIRARDOTA","2023-06-26","","16.87880688"
"TANQUES EPM - GIRARDOTA","2023-06-25","","16.07364945"
"TANQUES EPM - GIRARDOTA","2023-06-24","","12.46367057"
"TANQUES EPM - GIRARDOTA","2023-06-23","","11.65643908"
"TANQUES EPM - GIRARDOTA","2023-06-22","","14.60207502"
"TANQUES EPM - GIRARDOTA","2023-06-21","","17.67298164"
"TANQUES EPM - GIRARDOTA","2023-06-20","","14.80200547"
"TANQUES EPM - GIRARDOTA","2023-06-19","","15.42005793"
"TANQUES EPM - GIRARDOTA","2023-06-18","","13.22103656"
"TANQUES EPM - GIRARDOTA","2023-06-17","","12.98786635"
"TANQUES EPM - GIRARDOTA","2023-06-16","","15.56524847"
"TANQUES EPM - GIRARDOTA","2023-06-15","","15.29623964"
"TANQUES EPM - GIRARDOTA","2023-06-14","","14.77989576"
"TANQUES EPM - GIRARDOTA","2023-06-13","","15.25331388"
"TANQUES EPM - GIRARDOTA","2023-06-12","","9.51702615"
"TANQUES EPM - GIRARDOTA","2023-06-11","","10.72041773"
"TANQUES EPM - GIRARDOTA","2023-06-10","","13.96754572"
"TANQUES EPM - GIRARDOTA","2023-06-09","","17.02428884"
"TANQUES EPM - GIRARDOTA","2023-06-08","","19.27128317"
"TANQUES EPM - GIRARDOTA","2023-06-07","","17.39615792"
"TANQUES EPM - GIRARDOTA","2023-06-06","","19.44481476"
"TANQUES EPM - GIRARDOTA","2023-06-05","","10.44427623"
"TANQUES EPM - GIRARDOTA","2023-06-04","","14.69038769"
"TANQUES EPM - GIRARDOTA","2023-06-03","","27.57542944"
"TANQUES EPM - GIRARDOTA","2023-06-02","","18.91422242"
"TANQUES EPM - GIRARDOTA","2023-06-01","","16.14358918"
"TANQUES EPM - GIRARDOTA","2023-05-31","","14.70198771"
"TANQUES EPM - GIRARDOTA","2023-05-30","","23.24543059"
"TANQUES EPM - GIRARDOTA","2023-05-29","","20.68477033"
"TANQUES EPM - GIRARDOTA","2023-05-28","","11.97381287"
"TANQUES EPM - GIRARDOTA","2023-05-27","","19.67075698"
"TANQUES EPM - GIRARDOTA","2023-05-26","","30.3798748"
"TANQUES EPM - GIRARDOTA","2023-05-25","","14.38546163"
"TANQUES EPM - GIRARDOTA","2023-05-24","","18.39600168"
"TANQUES EPM - GIRARDOTA","2023-05-23","","15.40798798"
"TANQUES EPM - GIRARDOTA","2023-05-22","","13.1774889"
"TANQUES EPM - GIRARDOTA","2023-05-21","","17.6334586"
"TANQUES EPM - GIRARDOTA","2023-05-20","","17.23999673"
"TANQUES EPM - GIRARDOTA","2023-05-19","","14.53857906"
"TANQUES EPM - GIRARDOTA","2023-05-18","","10.76645934"
"TANQUES EPM - GIRARDOTA","2023-05-17","","15.59308688"
"TANQUES EPM - GIRARDOTA","2023-05-16","","10.5995451"
"TANQUES EPM - GIRARDOTA","2023-05-15","","12.53163998"
"TANQUES EPM - GIRARDOTA","2023-05-14","","8.95018084"
"TANQUES EPM - GIRARDOTA","2023-05-13","","17.55280489"
"TANQUES EPM - GIRARDOTA","2023-05-12","","14.96409875"
"TANQUES EPM - GIRARDOTA","2023-05-11","","16.35693499"
"TANQUES EPM - GIRARDOTA","2023-05-10","","19.13069814"
"TANQUES EPM - GIRARDOTA","2023-05-09","","16.73627091"
"TANQUES EPM - GIRARDOTA","2023-05-08","","14.2401677"
"TANQUES EPM - GIRARDOTA","2023-05-07","","11.8219746"
"TANQUES EPM - GIRARDOTA","2023-05-06","","17.49303725"
"TANQUES EPM - GIRARDOTA","2023-05-05","","19.59839508"
"TANQUES EPM - GIRARDOTA","2023-05-04","","16.17741896"
"TANQUES EPM - GIRARDOTA","2023-05-03","","12.8191173"
"TANQUES EPM - GIRARDOTA","2023-05-02","","9.80149411"
"TANQUES EPM - GIRARDOTA","2023-05-01","","7.11830392"
"TANQUES EPM - GIRARDOTA","2023-04-30","","9.59093456"
"TANQUES EPM - GIRARDOTA","2023-04-29","","16.04078124"
"TANQUES EPM - GIRARDOTA","2023-04-28","","9.03884557"
"TANQUES EPM - GIRARDOTA","2023-04-27","","12.58410954"
"TANQUES EPM - GIRARDOTA","2023-04-26","","15.04166472"
"TANQUES EPM - GIRARDOTA","2023-04-25","","12.65096486"
"TANQUES EPM - GIRARDOTA","2023-04-24","","14.8451464"
"TANQUES EPM - GIRARDOTA","2023-04-23","","10.52545649"
"TANQUES EPM - GIRARDOTA","2023-04-22","","20.16752353"
"TANQUES EPM - GIRARDOTA","2023-04-21","","23.57108694"
"TANQUES EPM - GIRARDOTA","2023-04-20","","22.67475256"
"TANQUES EPM - GIRARDOTA","2023-04-19","","12.77950989"
"TANQUES EPM - GIRARDOTA","2023-04-18","","15.38498415"
"TANQUES EPM - GIRARDOTA","2023-04-17","","16.25872048"
"TANQUES EPM - GIRARDOTA","2023-04-16","","16.7796303"
"TANQUES EPM - GIRARDOTA","2023-04-15","","10.23576252"
"TANQUES EPM - GIRARDOTA","2023-04-13","","21.33766299"
"TANQUES EPM - GIRARDOTA","2023-04-12","","15.00268814"
"TANQUES EPM - GIRARDOTA","2023-04-11","","13.42344161"
"TANQUES EPM - GIRARDOTA","2023-04-10","","15.04913323"
"TANQUES EPM - GIRARDOTA","2023-04-09","","16.62607443"
"TANQUES EPM - GIRARDOTA","2023-04-08","","13.0330999"
"TANQUES EPM - GIRARDOTA","2023-04-07","","11.34170304"
"TANQUES EPM - GIRARDOTA","2023-04-06","","16.12510025"
"TANQUES EPM - GIRARDOTA","2023-04-05","","19.96310556"
"TANQUES EPM - GIRARDOTA","2023-04-04","","28.77864552"
"TANQUES EPM - GIRARDOTA","2023-04-03","","18.00568535"
"TANQUES EPM - GIRARDOTA","2023-04-02","","21.13057214"
"TANQUES EPM - GIRARDOTA","2023-04-01","","16.45416345"
"TANQUES EPM - GIRARDOTA","2023-03-31","","21.67425019"
"TANQUES EPM - GIRARDOTA","2023-03-30","","23.87492393"
"TANQUES EPM - GIRARDOTA","2023-03-29","","24.67446005"
"TANQUES EPM - GIRARDOTA","2023-03-28","","26.85583092"
"TANQUES EPM - GIRARDOTA","2023-03-27","","23.64744335"
"TANQUES EPM - GIRARDOTA","2023-03-26","","23.04271748"
"TANQUES EPM - GIRARDOTA","2023-03-25","","17.02637119"
"TANQUES EPM - GIRARDOTA","2023-03-24","","24.3181127"
"TANQUES EPM - GIRARDOTA","2023-03-23","","20.62834157"
"TANQUES EPM - GIRARDOTA","2023-03-22","","16.3103415"
"TANQUES EPM - GIRARDOTA","2023-03-21","","17.98690746"
"TANQUES EPM - GIRARDOTA","2023-03-20","","14.51142436"
"TANQUES EPM - GIRARDOTA","2023-03-19","","18.49835998"
"TANQUES EPM - GIRARDOTA","2023-03-18","","22.09112964"
"TANQUES EPM - GIRARDOTA","2023-03-17","","21.46765605"
"TANQUES EPM - GIRARDOTA","2023-03-16","","22.42669491"
"TANQUES EPM - GIRARDOTA","2023-03-15","","26.21814084"
"TANQUES EPM - GIRARDOTA","2023-03-14","","18.58681728"
"TANQUES EPM - GIRARDOTA","2023-03-13","","27.9169297"
"TANQUES EPM - GIRARDOTA","2023-03-12","","15.91696669"
"TANQUES EPM - GIRARDOTA","2023-03-11","","24.2643877"
"TANQUES EPM - GIRARDOTA","2023-03-10","","16.08627321"
"TANQUES EPM - GIRARDOTA","2023-03-09","","19.40503643"
"TANQUES EPM - GIRARDOTA","2023-03-08","","32.73342814"
"TANQUES EPM - GIRARDOTA","2023-03-07","","26.71344378"
"TANQUES EPM - GIRARDOTA","2023-03-06","","21.04004087"
"TANQUES EPM - GIRARDOTA","2023-03-05","","21.76728138"
"TANQUES EPM - GIRARDOTA","2023-03-04","","18.79015055"
"TANQUES EPM - GIRARDOTA","2023-03-03","","28.57992881"
"TANQUES EPM - GIRARDOTA","2023-03-01","","23.01198113"
"TANQUES EPM - GIRARDOTA","2023-02-28","","38.77881"
"TANQUES EPM - GIRARDOTA","2023-02-24","","20.81802773"
"TANQUES EPM - GIRARDOTA","2023-02-23","","16.90754656"
"TANQUES EPM - GIRARDOTA","2023-02-22","","26.41795775"
"TANQUES EPM - GIRARDOTA","2023-02-21","","25.1683172"
"TANQUES EPM - GIRARDOTA","2023-02-20","","25.40811754"
"TANQUES EPM - GIRARDOTA","2023-02-19","","20.43470223"
"TANQUES EPM - GIRARDOTA","2023-02-18","","13.27101208"
"TANQUES EPM - GIRARDOTA","2023-02-17","","17.34135067"
"TANQUES EPM - GIRARDOTA","2023-02-16","","24.22182273"
"TANQUES EPM - GIRARDOTA","2023-02-15","","21.05436805"
"TANQUES EPM - GIRARDOTA","2023-02-14","","18.13241121"
"TANQUES EPM - GIRARDOTA","2023-02-13","","21.58361981"
"TANQUES EPM - GIRARDOTA","2023-02-12","","18.90835628"
"TANQUES EPM - GIRARDOTA","2023-02-11","","23.10818586"
"TANQUES EPM - GIRARDOTA","2023-02-10","","21.92066896"
"TANQUES EPM - GIRARDOTA","2023-02-09","","22.72104776"
"TANQUES EPM - GIRARDOTA","2023-02-08","","24.31787686"
"TANQUES EPM - GIRARDOTA","2023-02-07","","20.06750553"
"TANQUES EPM - GIRARDOTA","2023-02-06","","19.43861172"
"TANQUES EPM - GIRARDOTA","2023-02-05","","14.30633879"
"TANQUES EPM - GIRARDOTA","2023-02-04","","18.5702063"
"TANQUES EPM - GIRARDOTA","2023-02-03","","18.46041083"
"TANQUES EPM - GIRARDOTA","2023-02-02","","18.68563082"
"TANQUES EPM - GIRARDOTA","2023-02-01","","13.07006115"
"TANQUES EPM - GIRARDOTA","2023-01-31","","17.77853485"
"TANQUES EPM - GIRARDOTA","2023-01-30","","17.23978803"
"TANQUES EPM - GIRARDOTA","2023-01-29","","11.95015768"
"TANQUES EPM - GIRARDOTA","2023-01-28","","12.76535359"
"TANQUES EPM - GIRARDOTA","2023-01-27","","13.81382829"
"TANQUES EPM - GIRARDOTA","2023-01-26","","13.19383443"
"TANQUES EPM - GIRARDOTA","2023-01-25","","14.76851216"
"TANQUES EPM - GIRARDOTA","2023-01-24","","19.97875289"
"TANQUES EPM - GIRARDOTA","2023-01-23","","17.27849836"
"TANQUES EPM - GIRARDOTA","2023-01-22","","22.74928386"
"TANQUES EPM - GIRARDOTA","2023-01-21","","17.10870254"
"TANQUES EPM - GIRARDOTA","2023-01-20","","19.43667709"
"TANQUES EPM - GIRARDOTA","2023-01-19","","18.79143266"
"TANQUES EPM - GIRARDOTA","2023-01-18","","21.24592896"
"TANQUES EPM - GIRARDOTA","2023-01-17","","16.66059647"
"TANQUES EPM - GIRARDOTA","2023-01-16","","16.77546696"
"TANQUES EPM - GIRARDOTA","2023-01-15","","26.58794057"
"TANQUES EPM - GIRARDOTA","2023-01-14","","19.79503762"
"TANQUES EPM - GIRARDOTA","2023-01-13","","19.36733825"
"TANQUES EPM - GIRARDOTA","2023-01-12","","17.27931713"
"TANQUES EPM - GIRARDOTA","2023-01-11","","22.66206883"
"TANQUES EPM - GIRARDOTA","2023-01-10","","26.97028542"
"TANQUES EPM - GIRARDOTA","2023-01-09","","20.02956168"
"TANQUES EPM - GIRARDOTA","2023-01-08","","16.90461097"
"TANQUES EPM - GIRARDOTA","2023-01-07","","17.42512973"
"TANQUES EPM - GIRARDOTA","2023-01-06","","20.19492754"
"TANQUES EPM - GIRARDOTA","2023-01-05","","20.14016697"
"TANQUES EPM - GIRARDOTA","2023-01-04","","13.39857554"
"TANQUES EPM - GIRARDOTA","2023-01-03","","21.0860414"
"TANQUES EPM - GIRARDOTA","2023-01-02","","14.58899221"
"TANQUES EPM - GIRARDOTA","2023-01-01","","13.71062134"
"TANQUES EPM - GIRARDOTA","2022-12-31","","16.22552955"
"TANQUES EPM - GIRARDOTA","2022-12-30","","14.90629928"
"TANQUES EPM - GIRARDOTA","2022-12-29","","20.49713285"
"TANQUES EPM - GIRARDOTA","2022-12-28","","18.59325322"
"TANQUES EPM - GIRARDOTA","2022-12-27","","24.79640581"
"TANQUES EPM - GIRARDOTA","2022-12-26","","20.79283585"
"TANQUES EPM - GIRARDOTA","2022-12-25","","13.55714994"
"TANQUES EPM - GIRARDOTA","2022-12-24","","18.13456821"
"TANQUES EPM - GIRARDOTA","2022-12-23","","19.72551394"
"TANQUES EPM - GIRARDOTA","2022-12-22","","18.07990466"
"TANQUES EPM - GIRARDOTA","2022-12-21","","24.85027676"
"TANQUES EPM - GIRARDOTA","2022-12-20","","18.39214212"
"TANQUES EPM - GIRARDOTA","2022-12-19","","15.64716979"
"TANQUES EPM - GIRARDOTA","2022-12-18","","19.96654797"
"TANQUES EPM - GIRARDOTA","2022-12-17","","20.73044894"
"TANQUES EPM - GIRARDOTA","2022-12-16","","18.22562137"
"TANQUES EPM - GIRARDOTA","2022-12-15","","18.06064099"
"TANQUES EPM - GIRARDOTA","2022-12-14","","17.43117219"
"TANQUES EPM - GIRARDOTA","2022-12-13","","21.1135888"
"TANQUES EPM - GIRARDOTA","2022-12-12","","18.85949744"
"TANQUES EPM - GIRARDOTA","2022-12-11","","18.13976026"
"TANQUES EPM - GIRARDOTA","2022-12-10","","20.91811895"
"TANQUES EPM - GIRARDOTA","2022-12-09","","17.04678213"
"TANQUES EPM - GIRARDOTA","2022-12-08","","16.45120508"
"TANQUES EPM - GIRARDOTA","2022-12-07","","14.24115069"
"TANQUES EPM - GIRARDOTA","2022-12-06","","15.2028081"
"TANQUES EPM - GIRARDOTA","2022-12-05","","18.25074223"
"TANQUES EPM - GIRARDOTA","2022-12-04","","27.50902783"
"TANQUES EPM - GIRARDOTA","2022-12-03","","13.88430625"
"TANQUES EPM - GIRARDOTA","2022-12-02","","15.8212185"
"TANQUES EPM - GIRARDOTA","2022-12-01","","14.90850094"
"TANQUES EPM - GIRARDOTA","2022-11-30","","25.46242334"
"TANQUES EPM - GIRARDOTA","2022-11-29","","25.06846915"
"TANQUES EPM - GIRARDOTA","2022-11-28","","28.27677662"
"TANQUES EPM - GIRARDOTA","2022-11-27","","13.94771538"
"TANQUES EPM - GIRARDOTA","2022-11-26","","23.75006385"
"TANQUES EPM - GIRARDOTA","2022-11-25","","15.13452341"
"TANQUES EPM - GIRARDOTA","2022-11-24","","17.35692449"
"TANQUES EPM - GIRARDOTA","2022-11-23","","18.12022764"
"TANQUES EPM - GIRARDOTA","2022-11-22","","20.0299127"
"TANQUES EPM - GIRARDOTA","2022-11-21","","24.73180705"
"TANQUES EPM - GIRARDOTA","2022-11-20","","20.36569538"
"TANQUES EPM - GIRARDOTA","2022-11-19","","20.69350656"
"TANQUES EPM - GIRARDOTA","2022-11-18","","23.39223062"
"TANQUES EPM - GIRARDOTA","2022-11-17","","18.67024996"
"TANQUES EPM - GIRARDOTA","2022-11-16","","24.22576641"
"TANQUES EPM - GIRARDOTA","2022-11-15","","17.20489709"
"TANQUES EPM - GIRARDOTA","2022-11-14","","15.43297878"
"TANQUES EPM - GIRARDOTA","2022-11-13","","18.73377793"
"TANQUES EPM - GIRARDOTA","2022-11-12","","17.0026828"
"TANQUES EPM - GIRARDOTA","2022-11-11","","20.32435305"
"TANQUES EPM - GIRARDOTA","2022-11-10","","25.39845396"
"TANQUES EPM - GIRARDOTA","2022-11-09","","18.18028644"
"TANQUES EPM - GIRARDOTA","2022-11-08","","20.76728562"
"TANQUES EPM - GIRARDOTA","2022-11-07","","16.996392"
"TANQUES EPM - GIRARDOTA","2022-11-06","","17.93170674"
"TANQUES EPM - GIRARDOTA","2022-11-05","","22.46281806"
"TANQUES EPM - GIRARDOTA","2022-11-04","","27.83105084"
"TANQUES EPM - GIRARDOTA","2022-11-03","","22.61720147"
"TANQUES EPM - GIRARDOTA","2022-11-02","","16.70714004"
"TANQUES EPM - GIRARDOTA","2022-11-01","","12.50127566"
"TANQUES EPM - GIRARDOTA","2022-10-31","","12.80210967"
"TANQUES EPM - GIRARDOTA","2022-10-30","","16.47798045"
"TANQUES EPM - GIRARDOTA","2022-10-29","","15.52824753"
"TANQUES EPM - GIRARDOTA","2022-10-28","","19.28376648"
"TANQUES EPM - GIRARDOTA","2022-10-27","","20.36242029"
"TANQUES EPM - GIRARDOTA","2022-10-26","","18.54310629"
"TANQUES EPM - GIRARDOTA","2022-10-25","","26.90885439"
"TANQUES EPM - GIRARDOTA","2022-10-24","","22.91865502"
"TANQUES EPM - GIRARDOTA","2022-10-23","","16.65046031"
"TANQUES EPM - GIRARDOTA","2022-10-22","","15.2756055"
"TANQUES EPM - GIRARDOTA","2022-10-21","","24.44415737"
"TANQUES EPM - GIRARDOTA","2022-10-20","","29.39814107"
"TANQUES EPM - GIRARDOTA","2022-10-19","","19.07520062"
"TANQUES EPM - GIRARDOTA","2022-10-18","","22.08418808"
"TANQUES EPM - GIRARDOTA","2022-10-17","","18.80485474"
"TANQUES EPM - GIRARDOTA","2022-10-16","","13.47868448"
"TANQUES EPM - GIRARDOTA","2022-10-15","","18.70740658"
"TANQUES EPM - GIRARDOTA","2022-10-14","","23.99537042"
"TANQUES EPM - GIRARDOTA","2022-10-13","","40.88896384"
"TANQUES EPM - GIRARDOTA","2022-10-12","","33.22958192"
"TANQUES EPM - GIRARDOTA","2022-10-11","","18.18446285"
"TANQUES EPM - GIRARDOTA","2022-10-10","","17.08696079"
"TANQUES EPM - GIRARDOTA","2022-10-09","","24.66891086"
"TANQUES EPM - GIRARDOTA","2022-10-08","","31.92763665"
"TANQUES EPM - GIRARDOTA","2022-10-07","","26.08452058"
"TANQUES EPM - GIRARDOTA","2022-10-06","","22.0251781"
"TANQUES EPM - GIRARDOTA","2022-10-05","","23.3342157"
"TANQUES EPM - GIRARDOTA","2022-10-04","","22.14329287"
"TANQUES EPM - GIRARDOTA","2022-10-03","","15.7866436"
"TANQUES EPM - GIRARDOTA","2022-10-02","","14.94328279"
"TANQUES EPM - GIRARDOTA","2022-10-01","","29.7374052"
"TANQUES EPM - GIRARDOTA","2022-09-30","","31.89084978"
"TANQUES EPM - GIRARDOTA","2022-09-29","","28.35735269"
"TANQUES EPM - GIRARDOTA","2022-09-28","","24.06031001"
"TANQUES EPM - GIRARDOTA","2022-09-27","","22.73992093"
"TANQUES EPM - GIRARDOTA","2022-09-26","","21.1365621"
"TANQUES EPM - GIRARDOTA","2022-09-25","","22.60176869"
"TANQUES EPM - GIRARDOTA","2022-09-24","","35.39836794"
"TANQUES EPM - GIRARDOTA","2022-09-23","","29.83726907"
"TANQUES EPM - GIRARDOTA","2022-09-22","","32.55365883"
"TANQUES EPM - GIRARDOTA","2022-09-21","","22.63278312"
"TANQUES EPM - GIRARDOTA","2022-09-20","","31.84574663"
"TANQUES EPM - GIRARDOTA","2022-09-19","","19.15249379"
"TANQUES EPM - GIRARDOTA","2022-09-18","","22.64066208"
"TANQUES EPM - GIRARDOTA","2022-09-17","","20.804722"
"TANQUES EPM - GIRARDOTA","2022-09-16","","22.90667281"
"TANQUES EPM - GIRARDOTA","2022-09-15","","18.04155115"
"TANQUES EPM - GIRARDOTA","2022-09-14","","33.97316729"
"TANQUES EPM - GIRARDOTA","2022-09-13","","24.99045358"
"TANQUES EPM - GIRARDOTA","2022-09-12","","19.76453112"
"TANQUES EPM - GIRARDOTA","2022-09-11","","20.38801751"
"TANQUES EPM - GIRARDOTA","2022-09-10","","23.19242249"
"TANQUES EPM - GIRARDOTA","2022-09-09","","20.47196616"
"TANQUES EPM - GIRARDOTA","2022-09-08","","20.33191235"
"TANQUES EPM - GIRARDOTA","2022-09-07","","12.57719986"
"TANQUES EPM - GIRARDOTA","2022-09-05","","19.92964022"
"TANQUES EPM - GIRARDOTA","2022-09-04","","26.80866787"
"TANQUES EPM - GIRARDOTA","2022-09-03","","19.76864219"
"TANQUES EPM - GIRARDOTA","2022-09-02","","14.6053417"
"TANQUES EPM - GIRARDOTA","2022-09-01","","24.61206874"
"TANQUES EPM - GIRARDOTA","2022-08-31","","20.43041712"
"TANQUES EPM - GIRARDOTA","2022-08-30","","14.53189869"
"TANQUES EPM - GIRARDOTA","2022-08-29","","18.0314874"
"TANQUES EPM - GIRARDOTA","2022-08-28","","19.1676688"
"TANQUES EPM - GIRARDOTA","2022-08-27","","21.39974903"
"TANQUES EPM - GIRARDOTA","2022-08-26","","14.72444213"
"TANQUES EPM - GIRARDOTA","2022-08-25","","18.34106477"
"TANQUES EPM - GIRARDOTA","2022-08-24","","16.02053537"
"TANQUES EPM - GIRARDOTA","2022-08-23","","19.15414778"
"TANQUES EPM - GIRARDOTA","2022-08-22","","27.24708194"
"TANQUES EPM - GIRARDOTA","2022-08-21","","20.22623129"
"TANQUES EPM - GIRARDOTA","2022-08-20","","14.53251374"
"TANQUES EPM - GIRARDOTA","2022-08-19","","14.51583336"
"TANQUES EPM - GIRARDOTA","2022-08-18","","12.91619"
"TANQUES EPM - GIRARDOTA","2022-08-17","","11.21108676"
"TANQUES EPM - GIRARDOTA","2022-08-16","","18.77604041"
"TANQUES EPM - GIRARDOTA","2022-08-15","","19.12731523"
"TANQUES EPM - GIRARDOTA","2022-08-14","","18.27552619"
"TANQUES EPM - GIRARDOTA","2022-08-13","","20.32072149"
"TANQUES EPM - GIRARDOTA","2022-08-12","","20.35063986"
"TANQUES EPM - GIRARDOTA","2022-08-11","","21.57252892"
"TANQUES EPM - GIRARDOTA","2022-08-10","","17.06637642"
"TANQUES EPM - GIRARDOTA","2022-08-09","","20.67011796"
"TANQUES EPM - GIRARDOTA","2022-08-08","","13.97939691"
"TANQUES EPM - GIRARDOTA","2022-08-07","","11.10183649"
"TANQUES EPM - GIRARDOTA","2022-08-06","","18.53874664"
"TANQUES EPM - GIRARDOTA","2022-08-05","","20.44307337"
"TANQUES EPM - GIRARDOTA","2022-08-04","","16.61940022"
"TANQUES EPM - GIRARDOTA","2022-08-03","","16.26557"
"TANQUES EPM - GIRARDOTA","2022-08-02","","28.07842346"
"TANQUES EPM - GIRARDOTA","2022-08-01","","16.98275618"
"TANQUES EPM - GIRARDOTA","2022-07-31","","14.38511519"
"TANQUES EPM - GIRARDOTA","2022-07-30","","18.52948248"
"TANQUES EPM - GIRARDOTA","2022-07-29","","18.40488631"
"TANQUES EPM - GIRARDOTA","2022-07-28","","24.54688908"
"TANQUES EPM - GIRARDOTA","2022-07-27","","15.55856432"
"TANQUES EPM - GIRARDOTA","2022-07-26","","19.03622653"
"TANQUES EPM - GIRARDOTA","2022-07-25","","26.93680772"
"TANQUES EPM - GIRARDOTA","2022-07-24","","14.43069909"
"TANQUES EPM - GIRARDOTA","2022-07-23","","24.43414099"
"TANQUES EPM - GIRARDOTA","2022-07-22","","20.27759197"
"TANQUES EPM - GIRARDOTA","2022-07-21","","15.77710725"
"TANQUES EPM - GIRARDOTA","2022-07-20","","17.16915095"
"TANQUES EPM - GIRARDOTA","2022-07-19","","16.78417636"
"TANQUES EPM - GIRARDOTA","2022-07-18","","17.83427201"
"TANQUES EPM - GIRARDOTA","2022-07-17","","13.6944552"
"TANQUES EPM - GIRARDOTA","2022-07-16","","14.51749152"
"TANQUES EPM - GIRARDOTA","2022-07-15","","12.51019221"
"TANQUES EPM - GIRARDOTA","2022-07-14","","10.35256806"
"TANQUES EPM - GIRARDOTA","2022-07-13","","10.47349553"
"TANQUES EPM - GIRARDOTA","2022-07-12","","13.85965887"
"TANQUES EPM - GIRARDOTA","2022-07-11","","16.76005746"
"TANQUES EPM - GIRARDOTA","2022-07-10","","11.79076164"
"TANQUES EPM - GIRARDOTA","2022-07-09","","17.09243373"
"TANQUES EPM - GIRARDOTA","2022-07-08","","11.55781421"
"TANQUES EPM - GIRARDOTA","2022-07-07","","20.93325692"
"TANQUES EPM - GIRARDOTA","2022-07-06","","19.57688619"
"TANQUES EPM - GIRARDOTA","2022-07-05","","12.78929459"
"TANQUES EPM - GIRARDOTA","2022-07-04","","14.35161147"
"TANQUES EPM - GIRARDOTA","2022-07-03","","14.04848142"
"TANQUES EPM - GIRARDOTA","2022-07-02","","23.90553249"
"TANQUES EPM - GIRARDOTA","2022-07-01","","24.39451502"
"TANQUES EPM - GIRARDOTA","2022-06-30","","27.30622512"
"TANQUES EPM - GIRARDOTA","2022-06-29","","18.15384567"
"TANQUES EPM - GIRARDOTA","2022-06-28","","23.78121624"
"TANQUES EPM - GIRARDOTA","2022-06-27","","21.11719059"
"TANQUES EPM - GIRARDOTA","2022-06-26","","19.48011106"
"TANQUES EPM - GIRARDOTA","2022-06-25","","18.17862414"
"TANQUES EPM - GIRARDOTA","2022-06-24","","17.2842501"
"TANQUES EPM - GIRARDOTA","2022-06-23","","18.595108"
"TANQUES EPM - GIRARDOTA","2022-06-22","","13.0373614"
"TANQUES EPM - GIRARDOTA","2022-06-21","","16.64288446"
"TANQUES EPM - GIRARDOTA","2022-06-20","","13.41096438"
"TANQUES EPM - GIRARDOTA","2022-06-19","","22.39634576"
"TANQUES EPM - GIRARDOTA","2022-06-18","","32.11964855"
"TANQUES EPM - GIRARDOTA","2022-06-17","","36.13793939"
"TANQUES EPM - GIRARDOTA","2022-06-16","","17.07459567"
"TANQUES EPM - GIRARDOTA","2022-06-15","","20.59842329"
"TANQUES EPM - GIRARDOTA","2022-06-14","","24.08605079"
"TANQUES EPM - GIRARDOTA","2022-06-13","","14.26537012"
"TANQUES EPM - GIRARDOTA","2022-06-12","","13.50600978"
"TANQUES EPM - GIRARDOTA","2022-06-11","","20.51167911"
"TANQUES EPM - GIRARDOTA","2022-06-10","","14.52430838"
"TANQUES EPM - GIRARDOTA","2022-06-09","","21.09301698"
"TANQUES EPM - GIRARDOTA","2022-06-08","","23.04542444"
"TANQUES EPM - GIRARDOTA","2022-06-07","","34.8932083"
"TANQUES EPM - GIRARDOTA","2022-06-06","","17.5795659"
"TANQUES EPM - GIRARDOTA","2022-06-05","","25.75514042"
"TANQUES EPM - GIRARDOTA","2022-06-04","","29.32847494"
"TANQUES EPM - GIRARDOTA","2022-06-03","","20.06534872"
"TANQUES EPM - GIRARDOTA","2022-06-02","","22.85379214"
"TANQUES EPM - GIRARDOTA","2022-06-01","","22.27953968"
"TANQUES EPM - GIRARDOTA","2022-05-31","","21.24015535"
"TANQUES EPM - GIRARDOTA","2022-05-30","","13.50864916"
"TANQUES EPM - GIRARDOTA","2022-05-29","","14.63942434"
"TANQUES EPM - GIRARDOTA","2022-05-28","","14.60528998"
"TANQUES EPM - GIRARDOTA","2022-05-27","","21.81664805"
"TANQUES EPM - GIRARDOTA","2022-05-26","","17.94123343"
"TANQUES EPM - GIRARDOTA","2022-05-25","","18.46219958"
"TANQUES EPM - GIRARDOTA","2022-05-24","","19.69302809"
"TANQUES EPM - GIRARDOTA","2022-05-23","","23.44516164"
"TANQUES EPM - GIRARDOTA","2022-05-22","","22.50819342"
"TANQUES EPM - GIRARDOTA","2022-05-21","","19.021542"
"TANQUES EPM - GIRARDOTA","2022-05-20","","15.28559901"
"TANQUES EPM - GIRARDOTA","2022-05-19","","21.06705384"
"TANQUES EPM - GIRARDOTA","2022-05-18","","18.36929813"
"TANQUES EPM - GIRARDOTA","2022-05-17","","18.45176918"
"TANQUES EPM - GIRARDOTA","2022-05-16","","18.04449836"
"TANQUES EPM - GIRARDOTA","2022-05-15","","10.86505507"
"TANQUES EPM - GIRARDOTA","2022-05-14","","15.51741207"
"TANQUES EPM - GIRARDOTA","2022-05-13","","18.14686068"
"TANQUES EPM - GIRARDOTA","2022-05-12","","14.25355138"
"TANQUES EPM - GIRARDOTA","2022-05-11","","22.09965609"
"TANQUES EPM - GIRARDOTA","2022-05-10","","31.91035009"
"TANQUES EPM - GIRARDOTA","2022-05-09","","21.51164118"
"TANQUES EPM - GIRARDOTA","2022-05-08","","17.32906839"
"TANQUES EPM - GIRARDOTA","2022-05-07","","23.76919094"
"TANQUES EPM - GIRARDOTA","2022-05-06","","22.66246244"
"TANQUES EPM - GIRARDOTA","2022-05-05","","18.79330033"
"TANQUES EPM - GIRARDOTA","2022-05-04","","16.23804689"
"TANQUES EPM - GIRARDOTA","2022-05-03","","17.51117392"
"TANQUES EPM - GIRARDOTA","2022-05-02","","15.40522689"
"TANQUES EPM - GIRARDOTA","2022-05-01","","12.49952899"
"TANQUES EPM - GIRARDOTA","2022-04-30","","19.2145315"
"TANQUES EPM - GIRARDOTA","2022-04-29","","19.85076566"
"TANQUES EPM - GIRARDOTA","2022-04-28","","26.22111912"
"TANQUES EPM - GIRARDOTA","2022-04-27","","20.81167312"
"TANQUES EPM - GIRARDOTA","2022-04-26","","22.20427229"
"TANQUES EPM - GIRARDOTA","2022-04-25","","22.42856774"
"TANQUES EPM - GIRARDOTA","2022-04-24","","15.15794744"
"TANQUES EPM - GIRARDOTA","2022-04-23","","14.53631298"
"TANQUES EPM - GIRARDOTA","2022-04-22","","15.9833439"
"TANQUES EPM - GIRARDOTA","2022-04-21","","19.7789888"
"TANQUES EPM - GIRARDOTA","2022-04-20","","20.33543658"
"TANQUES EPM - GIRARDOTA","2022-04-19","","27.07979492"
"TANQUES EPM - GIRARDOTA","2022-04-18","","21.26791232"
"TANQUES EPM - GIRARDOTA","2022-04-17","","20.47679023"
"TANQUES EPM - GIRARDOTA","2022-04-16","","21.33750942"
"TANQUES EPM - GIRARDOTA","2022-04-15","","14.15801208"
"TANQUES EPM - GIRARDOTA","2022-04-14","","19.29730351"
"TANQUES EPM - GIRARDOTA","2022-04-13","","21.66892994"
"TANQUES EPM - GIRARDOTA","2022-04-12","","19.60404261"
"TANQUES EPM - GIRARDOTA","2022-04-11","","17.13537894"
"TANQUES EPM - GIRARDOTA","2022-04-10","","17.07400641"
"TANQUES EPM - GIRARDOTA","2022-04-09","","18.192428"
"TANQUES EPM - GIRARDOTA","2022-04-08","","19.55878358"
"TANQUES EPM - GIRARDOTA","2022-04-07","","24.0279937"
"TANQUES EPM - GIRARDOTA","2022-04-06","","15.25761209"
"TANQUES EPM - GIRARDOTA","2022-04-05","","22.97461715"
"TANQUES EPM - GIRARDOTA","2022-04-02","","13.63277267"
"TANQUES EPM - GIRARDOTA","2022-04-01","","25.788485"
"TANQUES EPM - GIRARDOTA","2022-03-31","","27.52849098"
"TANQUES EPM - GIRARDOTA","2022-03-30","","30.92516314"
"TANQUES EPM - GIRARDOTA","2022-03-29","","32.48643868"
"TANQUES EPM - GIRARDOTA","2022-03-28","","15.95255317"
"TANQUES EPM - GIRARDOTA","2022-03-27","","23.73103092"
"TANQUES EPM - GIRARDOTA","2022-03-26","","15.77788457"
"TANQUES EPM - GIRARDOTA","2022-03-25","","24.54767202"
"TANQUES EPM - GIRARDOTA","2022-03-24","","17.67492888"
"TANQUES EPM - GIRARDOTA","2022-03-23","","24.85322029"
"TANQUES EPM - GIRARDOTA","2022-03-22","","18.0342673"
"TANQUES EPM - GIRARDOTA","2022-03-21","","14.10529955"
"TANQUES EPM - GIRARDOTA","2022-03-20","","17.65813044"
"TANQUES EPM - GIRARDOTA","2022-03-19","","17.29743679"
"TANQUES EPM - GIRARDOTA","2022-03-18","","20.28618598"
"TANQUES EPM - GIRARDOTA","2022-03-17","","21.24856234"
"TANQUES EPM - GIRARDOTA","2022-03-16","","17.42220176"
"TANQUES EPM - GIRARDOTA","2022-03-15","","21.28501353"
"TANQUES EPM - GIRARDOTA","2022-03-14","","19.30519886"
"TANQUES EPM - GIRARDOTA","2022-03-13","","13.93396836"
"TANQUES EPM - GIRARDOTA","2022-03-12","","15.83328215"
"TANQUES EPM - GIRARDOTA","2022-03-11","","15.10017257"
"TANQUES EPM - GIRARDOTA","2022-03-10","","19.34409282"
"TANQUES EPM - GIRARDOTA","2022-03-09","","19.54008241"
"TANQUES EPM - GIRARDOTA","2022-03-08","","18.63151824"
"TANQUES EPM - GIRARDOTA","2022-03-07","","20.47451492"
"TANQUES EPM - GIRARDOTA","2022-03-06","","24.56885205"
"TANQUES EPM - GIRARDOTA","2022-03-05","","24.52109953"
"TANQUES EPM - GIRARDOTA","2022-03-04","","18.17872913"
"TANQUES EPM - GIRARDOTA","2022-03-03","","14.36653005"
"TANQUES EPM - GIRARDOTA","2022-03-02","","29.69233708"
"TANQUES EPM - GIRARDOTA","2022-03-01","","19.38677241"
"TANQUES EPM - GIRARDOTA","2022-02-28","","30.3139612"
"TANQUES EPM - GIRARDOTA","2022-02-27","","20.39861483"
"TANQUES EPM - GIRARDOTA","2022-02-26","","26.26755646"
"TANQUES EPM - GIRARDOTA","2022-02-25","","28.37943287"
"TANQUES EPM - GIRARDOTA","2022-02-24","","23.2924748"
"TANQUES EPM - GIRARDOTA","2022-02-23","","19.28497891"
"TANQUES EPM - GIRARDOTA","2022-02-22","","20.9834654"
"TANQUES EPM - GIRARDOTA","2022-02-21","","19.95993603"
"TANQUES EPM - GIRARDOTA","2022-02-20","","17.78277263"
"TANQUES EPM - GIRARDOTA","2022-02-19","","24.53416846"
"TANQUES EPM - GIRARDOTA","2022-02-18","","32.33532988"
"TANQUES EPM - GIRARDOTA","2022-02-17","","22.89420743"
"TANQUES EPM - GIRARDOTA","2022-02-16","","17.81589626"
"TANQUES EPM - GIRARDOTA","2022-02-15","","20.60349437"
"TANQUES EPM - GIRARDOTA","2022-02-14","","24.68894863"
"TANQUES EPM - GIRARDOTA","2022-02-13","","28.17111049"
"TANQUES EPM - GIRARDOTA","2022-02-12","","21.35472229"
"TANQUES EPM - GIRARDOTA","2022-02-11","","17.49256479"
"TANQUES EPM - GIRARDOTA","2022-02-10","","24.53815965"
"TANQUES EPM - GIRARDOTA","2022-02-09","","24.59252387"
"TANQUES EPM - GIRARDOTA","2022-02-08","","26.54551124"
"TANQUES EPM - GIRARDOTA","2022-02-07","","26.00271757"
"TANQUES EPM - GIRARDOTA","2022-02-06","","22.90943233"
"TANQUES EPM - GIRARDOTA","2022-02-05","","22.61251844"
"TANQUES EPM - GIRARDOTA","2022-02-04","","31.77945706"
"TANQUES EPM - GIRARDOTA","2022-02-03","","28.05061594"
"TANQUES EPM - GIRARDOTA","2022-02-02","","22.25328736"
"TANQUES EPM - GIRARDOTA","2022-02-01","","21.96977506"
"TANQUES EPM - GIRARDOTA","2022-01-31","","17.45610918"
"TANQUES EPM - GIRARDOTA","2022-01-30","","12.79270913"
"TANQUES EPM - GIRARDOTA","2022-01-29","","18.07613933"
"TANQUES EPM - GIRARDOTA","2022-01-28","","14.66925933"
"TANQUES EPM - GIRARDOTA","2022-01-27","","15.19688202"
"TANQUES EPM - GIRARDOTA","2022-01-26","","15.55923372"
"TANQUES EPM - GIRARDOTA","2022-01-25","","16.80120814"
"TANQUES EPM - GIRARDOTA","2022-01-24","","13.47779771"
"TANQUES EPM - GIRARDOTA","2022-01-23","","12.82150308"
"TANQUES EPM - GIRARDOTA","2022-01-22","","16.63080916"
"TANQUES EPM - GIRARDOTA","2022-01-21","","19.18703636"
"TANQUES EPM - GIRARDOTA","2022-01-20","","16.02150977"
"TANQUES EPM - GIRARDOTA","2022-01-19","","17.05641271"
"TANQUES EPM - GIRARDOTA","2022-01-18","","26.24614527"
"TANQUES EPM - GIRARDOTA","2022-01-17","","19.36361188"
"TANQUES EPM - GIRARDOTA","2022-01-16","","14.87526449"
"TANQUES EPM - GIRARDOTA","2022-01-15","","15.6561488"
"TANQUES EPM - GIRARDOTA","2022-01-14","","14.44052664"
"TANQUES EPM - GIRARDOTA","2022-01-13","","19.98637623"
"TANQUES EPM - GIRARDOTA","2022-01-12","","17.33037002"
"TANQUES EPM - GIRARDOTA","2022-01-11","","22.19062598"
"TANQUES EPM - GIRARDOTA","2022-01-10","","16.02558798"
"TANQUES EPM - GIRARDOTA","2022-01-09","","17.74487367"
"TANQUES EPM - GIRARDOTA","2022-01-08","","18.20944269"
"TANQUES EPM - GIRARDOTA","2022-01-07","","26.28502089"
"TANQUES EPM - GIRARDOTA","2022-01-06","","29.28996891"
"TANQUES EPM - GIRARDOTA","2022-01-05","","13.14041086"
"TANQUES EPM - GIRARDOTA","2022-01-04","","18.04959508"
"TANQUES EPM - GIRARDOTA","2022-01-03","","13.85620908"
"TANQUES EPM - GIRARDOTA","2022-01-02","","17.03536766"
"TANQUES EPM - GIRARDOTA","2022-01-01","","14.86443639"
"TANQUES EPM - GIRARDOTA","2021-12-31","","11.97206496"
"TANQUES EPM - GIRARDOTA","2021-12-30","","15.25837692"
"TANQUES EPM - GIRARDOTA","2021-12-29","","20.36651916"
"TANQUES EPM - GIRARDOTA","2021-12-28","","18.62573438"
"TANQUES EPM - GIRARDOTA","2021-12-27","","21.72930783"
"TANQUES EPM - GIRARDOTA","2021-12-26","","12.87849162"
"TANQUES EPM - GIRARDOTA","2021-12-25","","11.38792045"
"TANQUES EPM - GIRARDOTA","2021-12-24","","15.78005293"
"TANQUES EPM - GIRARDOTA","2021-12-23","","14.24225184"
"TANQUES EPM - GIRARDOTA","2021-12-22","","15.90371417"
"TANQUES EPM - GIRARDOTA","2021-12-21","","29.06499771"
"TANQUES EPM - GIRARDOTA","2021-12-20","","21.40600065"
"TANQUES EPM - GIRARDOTA","2021-12-19","","18.20484897"
"TANQUES EPM - GIRARDOTA","2021-12-18","","60.55240961"
"TANQUES EPM - GIRARDOTA","2021-12-17","","21.4793606"
"TANQUES EPM - GIRARDOTA","2021-12-16","","18.38032366"
"TANQUES EPM - GIRARDOTA","2021-12-15","","17.0178719"
"TANQUES EPM - GIRARDOTA","2021-12-14","","17.2884646"
"TANQUES EPM - GIRARDOTA","2021-12-13","","15.23634464"
"TANQUES EPM - GIRARDOTA","2021-12-12","","18.76066247"
"TANQUES EPM - GIRARDOTA","2021-12-11","","21.09014464"
"TANQUES EPM - GIRARDOTA","2021-12-10","","15.98049806"
"TANQUES EPM - GIRARDOTA","2021-12-09","","17.7971892"
"TANQUES EPM - GIRARDOTA","2021-12-08","","18.77466378"
"TANQUES EPM - GIRARDOTA","2021-12-07","","16.87844646"
"TANQUES EPM - GIRARDOTA","2021-12-06","","15.29014821"
"TANQUES EPM - GIRARDOTA","2021-12-05","","15.06709101"
"TANQUES EPM - GIRARDOTA","2021-12-04","","16.89994147"
"TANQUES EPM - GIRARDOTA","2021-11-30","","18.99514983"
"TANQUES EPM - GIRARDOTA","2021-11-29","","19.20325108"
"TANQUES EPM - GIRARDOTA","2021-11-28","","13.05958407"
"TANQUES EPM - GIRARDOTA","2021-11-27","","19.18120912"
"TANQUES EPM - GIRARDOTA","2021-11-26","","32.93328386"
"TANQUES EPM - GIRARDOTA","2021-11-25","","23.9498744"
"TANQUES EPM - GIRARDOTA","2021-11-24","","22.09403914"
"TANQUES EPM - GIRARDOTA","2021-11-23","","21.21283364"
"TANQUES EPM - GIRARDOTA","2021-11-22","","25.00750196"
"TANQUES EPM - GIRARDOTA","2021-11-21","","22.79129238"
"TANQUES EPM - GIRARDOTA","2021-11-20","","16.74374558"
"TANQUES EPM - GIRARDOTA","2021-11-19","","21.02566744"
"TANQUES EPM - GIRARDOTA","2021-11-18","","16.08540992"
"TANQUES EPM - GIRARDOTA","2021-11-17","","15.59705655"
"TANQUES EPM - GIRARDOTA","2021-11-16","","17.59614077"
"TANQUES EPM - GIRARDOTA","2021-11-15","","17.23310185"
"TANQUES EPM - GIRARDOTA","2021-11-14","","24.82869735"
"TANQUES EPM - GIRARDOTA","2021-11-13","","19.55813368"
"TANQUES EPM - GIRARDOTA","2021-11-12","","15.70363729"
"TANQUES EPM - GIRARDOTA","2021-11-11","","30.04946119"
"TANQUES EPM - GIRARDOTA","2021-11-10","","35.45756989"
"TANQUES EPM - GIRARDOTA","2021-11-09","","39.79216929"
"TANQUES EPM - GIRARDOTA","2021-11-08","","21.33231946"
"TANQUES EPM - GIRARDOTA","2021-11-07","","14.46647646"
"TANQUES EPM - GIRARDOTA","2021-11-06","","15.08005809"
"TANQUES EPM - GIRARDOTA","2021-11-05","","15.87478701"
"TANQUES EPM - GIRARDOTA","2021-11-04","","20.76977561"
"TANQUES EPM - GIRARDOTA","2021-11-03","","21.03022186"
"TANQUES EPM - GIRARDOTA","2021-11-02","","16.77067479"
"TANQUES EPM - GIRARDOTA","2021-11-01","","17.17575682"
"TANQUES EPM - GIRARDOTA","2021-10-31","","21.2517829"
"TANQUES EPM - GIRARDOTA","2021-10-30","","24.81891916"
"TANQUES EPM - GIRARDOTA","2021-10-29","","43.78806556"
"TANQUES EPM - GIRARDOTA","2021-10-28","","27.03960549"
"TANQUES EPM - GIRARDOTA","2021-10-26","","18.53850071"
"TANQUES EPM - GIRARDOTA","2021-10-25","","17.43983855"
"TANQUES EPM - GIRARDOTA","2021-10-24","","23.5527685"
"TANQUES EPM - GIRARDOTA","2021-10-23","","31.34731263"
"TANQUES EPM - GIRARDOTA","2021-10-22","","31.25883095"
"TANQUES EPM - GIRARDOTA","2021-10-21","","23.20680223"
"TANQUES EPM - GIRARDOTA","2021-10-20","","24.90018472"
"TANQUES EPM - GIRARDOTA","2021-10-19","","17.9318039"
"TANQUES EPM - GIRARDOTA","2021-10-18","","17.05336486"
"TANQUES EPM - GIRARDOTA","2021-10-17","","27.29089028"
"TANQUES EPM - GIRARDOTA","2021-10-16","","22.8975277"
"TANQUES EPM - GIRARDOTA","2021-10-15","","35.74073006"
"TANQUES EPM - GIRARDOTA","2021-10-14","","29.78183391"
"TANQUES EPM - GIRARDOTA","2021-10-13","","26.62462551"
"TANQUES EPM - GIRARDOTA","2021-10-12","","18.36909598"
"TANQUES EPM - GIRARDOTA","2021-10-11","","21.91460773"
"TANQUES EPM - GIRARDOTA","2021-10-10","","19.22829203"
"TANQUES EPM - GIRARDOTA","2021-10-09","","22.61929579"
"TANQUES EPM - GIRARDOTA","2021-10-08","","25.79004732"
"TANQUES EPM - GIRARDOTA","2021-10-07","","17.97680082"
"TANQUES EPM - GIRARDOTA","2021-10-06","","20.21171344"
"TANQUES EPM - GIRARDOTA","2021-10-05","","23.94174941"
"TANQUES EPM - GIRARDOTA","2021-10-04","","17.0410246"
"TANQUES EPM - GIRARDOTA","2021-10-03","","21.15821591"
"TANQUES EPM - GIRARDOTA","2021-10-02","","26.28894672"
"TANQUES EPM - GIRARDOTA","2021-10-01","","41.66419969"
"TANQUES EPM - GIRARDOTA","2021-09-30","","21.80004848"
"TANQUES EPM - GIRARDOTA","2021-09-29","","34.34363153"
"TANQUES EPM - GIRARDOTA","2021-09-28","","38.2687691"
"TANQUES EPM - GIRARDOTA","2021-09-27","","21.05401976"
"TANQUES EPM - GIRARDOTA","2021-09-26","","23.72572813"
"TANQUES EPM - GIRARDOTA","2021-09-25","","23.04990454"
"TANQUES EPM - GIRARDOTA","2021-09-24","","23.56414505"
"TANQUES EPM - GIRARDOTA","2021-09-23","","35.91609506"
"TANQUES EPM - GIRARDOTA","2021-09-22","","20.93816738"
"TANQUES EPM - GIRARDOTA","2021-09-21","","24.62446788"
"TANQUES EPM - GIRARDOTA","2021-09-20","","18.67425709"
"TANQUES EPM - GIRARDOTA","2021-09-19","","15.93897991"
"TANQUES EPM - GIRARDOTA","2021-09-18","","23.21044085"
"TANQUES EPM - GIRARDOTA","2021-09-17","","21.40467652"
"TANQUES EPM - GIRARDOTA","2021-09-16","","19.59650995"
"TANQUES EPM - GIRARDOTA","2021-09-15","","21.71639874"
"TANQUES EPM - GIRARDOTA","2021-09-14","","20.42321388"
"TANQUES EPM - GIRARDOTA","2021-09-13","","16.20560805"
"TANQUES EPM - GIRARDOTA","2021-09-12","","18.01064058"
"TANQUES EPM - GIRARDOTA","2021-09-11","","23.4640596"
"TANQUES EPM - GIRARDOTA","2021-09-10","","18.40017778"
"TANQUES EPM - GIRARDOTA","2021-09-09","","27.54623589"
"TANQUES EPM - GIRARDOTA","2021-09-08","","30.4042341"
"TANQUES EPM - GIRARDOTA","2021-09-07","","28.47836096"
"TANQUES EPM - GIRARDOTA","2021-09-06","","27.04290966"
"TANQUES EPM - GIRARDOTA","2021-09-05","","19.18993926"
"TANQUES EPM - GIRARDOTA","2021-09-04","","19.3620762"
"TANQUES EPM - GIRARDOTA","2021-09-03","","15.97658834"
"TANQUES EPM - GIRARDOTA","2021-09-02","","16.26602443"
"TANQUES EPM - GIRARDOTA","2021-09-01","","19.94701274"
"TANQUES EPM - GIRARDOTA","2021-08-31","","29.38509587"
"TANQUES EPM - GIRARDOTA","2021-08-30","","29.90885194"
"TANQUES EPM - GIRARDOTA","2021-08-29","","18.6780101"
"TANQUES EPM - GIRARDOTA","2021-08-28","","16.4197019"
"TANQUES EPM - GIRARDOTA","2021-08-27","","15.80474914"
"TANQUES EPM - GIRARDOTA","2021-08-26","","27.9217953"
"TANQUES EPM - GIRARDOTA","2021-08-25","","34.73768175"
"TANQUES EPM - GIRARDOTA","2021-08-24","","26.29353808"
"TANQUES EPM - GIRARDOTA","2021-08-23","","15.68227883"
"TANQUES EPM - GIRARDOTA","2021-08-22","","15.33300616"
"TANQUES EPM - GIRARDOTA","2021-08-21","","19.76383971"
"TANQUES EPM - GIRARDOTA","2021-08-20","","25.58863064"
"TANQUES EPM - GIRARDOTA","2021-08-19","","27.22476212"
"TANQUES EPM - GIRARDOTA","2021-08-18","","18.12711704"
"TANQUES EPM - GIRARDOTA","2021-08-17","","23.80397718"
"TANQUES EPM - GIRARDOTA","2021-08-16","","22.12338156"
"TANQUES EPM - GIRARDOTA","2021-08-15","","14.30384349"
"TANQUES EPM - GIRARDOTA","2021-08-14","","23.51910895"
"TANQUES EPM - GIRARDOTA","2021-08-13","","18.24409494"
"TANQUES EPM - GIRARDOTA","2021-08-12","","20.37212788"
"TANQUES EPM - GIRARDOTA","2021-08-10","","23.12691251"
"TANQUES EPM - GIRARDOTA","2021-08-09","","17.62273934"
"TANQUES EPM - GIRARDOTA","2021-08-08","","17.79164332"
"TANQUES EPM - GIRARDOTA","2021-08-07","","25.14473133"
"TANQUES EPM - GIRARDOTA","2021-08-06","","21.14136832"
"TANQUES EPM - GIRARDOTA","2021-08-05","","22.75473943"
"TANQUES EPM - GIRARDOTA","2021-08-04","","27.06418977"
"TANQUES EPM - GIRARDOTA","2021-08-03","","22.82619465"
"TANQUES EPM - GIRARDOTA","2021-08-02","","13.2550589"
"TANQUES EPM - GIRARDOTA","2021-08-01","","17.18144901"
"TANQUES EPM - GIRARDOTA","2021-07-31","","17.77327242"
"TANQUES EPM - GIRARDOTA","2021-07-30","","20.6565614"
"TANQUES EPM - GIRARDOTA","2021-07-29","","30.46779542"
"TANQUES EPM - GIRARDOTA","2021-07-28","","23.09676622"
"TANQUES EPM - GIRARDOTA","2021-07-27","","33.54997602"
"TANQUES EPM - GIRARDOTA","2021-07-26","","16.86275278"
"TANQUES EPM - GIRARDOTA","2021-07-25","","23.6862236"
"TANQUES EPM - GIRARDOTA","2021-07-24","","34.34668722"
"TANQUES EPM - GIRARDOTA","2021-07-23","","19.21517609"
"TANQUES EPM - GIRARDOTA","2021-07-22","","18.71989309"
"TANQUES EPM - GIRARDOTA","2021-07-21","","17.47356292"
"TANQUES EPM - GIRARDOTA","2021-07-20","","11.79791086"
"TANQUES EPM - GIRARDOTA","2021-07-19","","13.79106702"
"TANQUES EPM - GIRARDOTA","2021-07-18","","11.72966075"
"TANQUES EPM - GIRARDOTA","2021-07-17","","12.3751211"
"TANQUES EPM - GIRARDOTA","2021-07-16","","14.71993225"
"TANQUES EPM - GIRARDOTA","2021-07-15","","12.31710452"
"TANQUES EPM - GIRARDOTA","2021-07-14","","17.35532926"
"TANQUES EPM - GIRARDOTA","2021-07-13","","18.74843462"
"TANQUES EPM - GIRARDOTA","2021-07-12","","15.15159247"
"TANQUES EPM - GIRARDOTA","2021-07-11","","10.87947007"
"TANQUES EPM - GIRARDOTA","2021-07-10","","15.05428064"
"TANQUES EPM - GIRARDOTA","2021-07-09","","17.20135406"
"TANQUES EPM - GIRARDOTA","2021-07-08","","13.59905357"
"TANQUES EPM - GIRARDOTA","2021-07-07","","13.45105013"
"TANQUES EPM - GIRARDOTA","2021-07-06","","13.47368428"
"TANQUES EPM - GIRARDOTA","2021-07-05","","16.12134948"
"TANQUES EPM - GIRARDOTA","2021-07-04","","13.83941848"
"TANQUES EPM - GIRARDOTA","2021-07-03","","17.74628391"
"TANQUES EPM - GIRARDOTA","2021-07-02","","15.68965949"
"TANQUES EPM - GIRARDOTA","2021-07-01","","18.32440769"
"TANQUES EPM - GIRARDOTA","2021-06-30","","22.05911337"
"TANQUES EPM - GIRARDOTA","2021-06-29","","20.47900685"
"TANQUES EPM - GIRARDOTA","2021-06-28","","18.50196856"
"TANQUES EPM - GIRARDOTA","2021-06-27","","16.6426259"
"TANQUES EPM - GIRARDOTA","2021-06-26","","24.77089005"
"TANQUES EPM - GIRARDOTA","2021-06-25","","23.83932127"
"TANQUES EPM - GIRARDOTA","2021-06-24","","25.13280175"
"TANQUES EPM - GIRARDOTA","2021-06-23","","15.02969413"
"TANQUES EPM - GIRARDOTA","2021-06-22","","23.15474589"
"TANQUES EPM - GIRARDOTA","2021-06-21","","17.77377795"
"TANQUES EPM - GIRARDOTA","2021-06-20","","15.14762649"
"TANQUES EPM - GIRARDOTA","2021-06-19","","14.77756091"
"TANQUES EPM - GIRARDOTA","2021-06-18","","15.01638605"
"TANQUES EPM - GIRARDOTA","2021-06-17","","16.38272027"
"TANQUES EPM - GIRARDOTA","2021-06-16","","17.55909238"
"TANQUES EPM - GIRARDOTA","2021-06-15","","17.09966446"
"TANQUES EPM - GIRARDOTA","2021-06-14","","16.73301934"
"TANQUES EPM - GIRARDOTA","2021-06-13","","21.14680018"
"TANQUES EPM - GIRARDOTA","2021-06-12","","20.6912445"
"TANQUES EPM - GIRARDOTA","2021-06-11","","12.48040633"
"TANQUES EPM - GIRARDOTA","2021-06-10","","18.30422926"
"TANQUES EPM - GIRARDOTA","2021-06-09","","22.05012823"
"TANQUES EPM - GIRARDOTA","2021-06-08","","19.37653194"
"TANQUES EPM - GIRARDOTA","2021-06-07","","14.91392282"
"TANQUES EPM - GIRARDOTA","2021-06-06","","13.87892301"
"TANQUES EPM - GIRARDOTA","2021-06-05","","16.92150029"
"TANQUES EPM - GIRARDOTA","2021-06-04","","19.47470563"
"TANQUES EPM - GIRARDOTA","2021-06-03","","14.07455739"
"TANQUES EPM - GIRARDOTA","2021-06-02","","15.9918511"
"TANQUES EPM - GIRARDOTA","2021-06-01","","19.0698786"
"TANQUES EPM - GIRARDOTA","2021-05-31","","13.31329623"
"TANQUES EPM - GIRARDOTA","2021-05-30","","12.99872892"
"TANQUES EPM - GIRARDOTA","2021-05-29","","23.92618109"
"TANQUES EPM - GIRARDOTA","2021-05-28","","14.13184758"
"TANQUES EPM - GIRARDOTA","2021-05-27","","24.12336682"
"TANQUES EPM - GIRARDOTA","2021-05-26","","18.07615802"
"TANQUES EPM - GIRARDOTA","2021-05-25","","12.93219197"
"TANQUES EPM - GIRARDOTA","2021-05-24","","13.80053293"
"TANQUES EPM - GIRARDOTA","2021-05-23","","10.42634042"
"TANQUES EPM - GIRARDOTA","2021-05-22","","14.05172968"
"TANQUES EPM - GIRARDOTA","2021-05-21","","19.18403944"
"TANQUES EPM - GIRARDOTA","2021-05-20","","13.7210616"
"TANQUES EPM - GIRARDOTA","2021-05-19","","13.85213518"
"TANQUES EPM - GIRARDOTA","2021-05-18","","22.62804687"
"TANQUES EPM - GIRARDOTA","2021-05-17","","16.66562189"
"TANQUES EPM - GIRARDOTA","2021-05-16","","14.47932942"
"TANQUES EPM - GIRARDOTA","2021-05-15","","14.05748541"
"TANQUES EPM - GIRARDOTA","2021-05-14","","14.0723526"
"TANQUES EPM - GIRARDOTA","2021-05-13","","13.75310399"
"TANQUES EPM - GIRARDOTA","2021-05-12","","13.02629704"
"TANQUES EPM - GIRARDOTA","2021-05-11","","11.27253307"
"TANQUES EPM - GIRARDOTA","2021-05-10","","16.61495012"
"TANQUES EPM - GIRARDOTA","2021-05-09","","12.28876069"
"TANQUES EPM - GIRARDOTA","2021-05-08","","21.55309187"
"TANQUES EPM - GIRARDOTA","2021-05-07","","18.62209889"
"TANQUES EPM - GIRARDOTA","2021-05-06","","16.06168527"
"TANQUES EPM - GIRARDOTA","2021-05-04","","19.60771379"
"TANQUES EPM - GIRARDOTA","2021-05-03","","16.06331496"
"TANQUES EPM - GIRARDOTA","2021-05-02","","14.11236883"
"TANQUES EPM - GIRARDOTA","2021-05-01","","17.53242309"
"TANQUES EPM - GIRARDOTA","2021-04-30","","20.570114"
"TANQUES EPM - GIRARDOTA","2021-04-29","","23.17762095"
"TANQUES EPM - GIRARDOTA","2021-04-28","","33.30370038"
"TANQUES EPM - GIRARDOTA","2021-04-27","","34.98375844"
"TANQUES EPM - GIRARDOTA","2021-04-26","","21.5626575"
"TANQUES EPM - GIRARDOTA","2021-04-25","","13.89257242"
"TANQUES EPM - GIRARDOTA","2021-04-24","","23.50849342"
"TANQUES EPM - GIRARDOTA","2021-04-23","","33.03796851"
"TANQUES EPM - GIRARDOTA","2021-04-22","","16.7113889"
"TANQUES EPM - GIRARDOTA","2021-04-21","","12.74662704"
"TANQUES EPM - GIRARDOTA","2021-04-20","","13.34422508"
"TANQUES EPM - GIRARDOTA","2021-04-19","","10.67642593"
"TANQUES EPM - GIRARDOTA","2021-04-18","","9.38922015"
"TANQUES EPM - GIRARDOTA","2021-04-17","","12.10018504"
"TANQUES EPM - GIRARDOTA","2021-04-16","","14.5116536"
"TANQUES EPM - GIRARDOTA","2021-04-15","","14.96898307"
"TANQUES EPM - GIRARDOTA","2021-04-14","","19.02432895"
"TANQUES EPM - GIRARDOTA","2021-04-13","","12.66311996"
"TANQUES EPM - GIRARDOTA","2021-04-12","","15.69143022"
"TANQUES EPM - GIRARDOTA","2021-04-11","","8.68113064"
"TANQUES EPM - GIRARDOTA","2021-04-10","","12.13765245"
"TANQUES EPM - GIRARDOTA","2021-04-09","","9.61809575"
"TANQUES EPM - GIRARDOTA","2021-04-08","","10.85659876"
"TANQUES EPM - GIRARDOTA","2021-04-07","","11.64752051"
"TANQUES EPM - GIRARDOTA","2021-04-06","","20.19003954"
"TANQUES EPM - GIRARDOTA","2021-04-05","","13.28022236"
"TANQUES EPM - GIRARDOTA","2021-04-04","","9.73392973"
"TANQUES EPM - GIRARDOTA","2021-04-03","","12.39700962"
"TANQUES EPM - GIRARDOTA","2021-04-02","","13.62618985"
"TANQUES EPM - GIRARDOTA","2021-04-01","","15.72280192"
"TANQUES EPM - GIRARDOTA","2021-03-31","","14.94565767"
"TANQUES EPM - GIRARDOTA","2021-03-30","","17.12437974"
"TANQUES EPM - GIRARDOTA","2021-03-29","","13.9950227"
"TANQUES EPM - GIRARDOTA","2021-03-28","","18.24046729"
"TANQUES EPM - GIRARDOTA","2021-03-27","","21.41644483"
"TANQUES EPM - GIRARDOTA","2021-03-26","","24.21614212"
"TANQUES EPM - GIRARDOTA","2021-03-25","","15.56781599"
"TANQUES EPM - GIRARDOTA","2021-03-24","","18.76620188"
"TANQUES EPM - GIRARDOTA","2021-03-23","","24.60277251"
"TANQUES EPM - GIRARDOTA","2021-03-22","","13.66052057"
"TANQUES EPM - GIRARDOTA","2021-03-21","","18.71523462"
"TANQUES EPM - GIRARDOTA","2021-03-20","","27.39256626"
"TANQUES EPM - GIRARDOTA","2021-03-19","","24.88267329"
"TANQUES EPM - GIRARDOTA","2021-03-18","","25.62799973"
"TANQUES EPM - GIRARDOTA","2021-03-17","","18.4214814"
"TANQUES EPM - GIRARDOTA","2021-03-16","","16.40014328"
"TANQUES EPM - GIRARDOTA","2021-03-15","","18.20992925"
"TANQUES EPM - GIRARDOTA","2021-03-14","","12.62736871"
"TANQUES EPM - GIRARDOTA","2021-03-13","","9.33846068"
"TANQUES EPM - GIRARDOTA","2021-03-12","","12.55541379"
"TANQUES EPM - GIRARDOTA","2021-03-11","","15.06991948"
"TANQUES EPM - GIRARDOTA","2021-03-10","","14.42632946"
"TANQUES EPM - GIRARDOTA","2021-03-09","","11.80593262"
"TANQUES EPM - GIRARDOTA","2021-03-08","","12.87314523"
"TANQUES EPM - GIRARDOTA","2021-03-07","","8.15393191"
"TANQUES EPM - GIRARDOTA","2021-03-06","","16.48810224"
"TANQUES EPM - GIRARDOTA","2021-03-05","","12.65442097"
"TANQUES EPM - GIRARDOTA","2021-03-04","","16.87418865"
"TANQUES EPM - GIRARDOTA","2021-03-03","","16.32734328"
"TANQUES EPM - GIRARDOTA","2021-03-02","","17.91629248"
"TANQUES EPM - GIRARDOTA","2021-03-01","","15.27952953"
"TANQUES EPM - GIRARDOTA","2021-02-28","","11.95351349"
"TANQUES EPM - GIRARDOTA","2021-02-27","","11.06053342"
"TANQUES EPM - GIRARDOTA","2021-02-26","","25.77584188"
"TANQUES EPM - GIRARDOTA","2021-02-25","","26.7795942"
"TANQUES EPM - GIRARDOTA","2021-02-24","","27.94537108"
"TANQUES EPM - GIRARDOTA","2021-02-23","","31.39776739"
"TANQUES EPM - GIRARDOTA","2021-02-22","","16.46527862"
"TANQUES EPM - GIRARDOTA","2021-02-21","","15.12995195"
"TANQUES EPM - GIRARDOTA","2021-02-20","","16.23611789"
"TANQUES EPM - GIRARDOTA","2021-02-19","","18.0880121"
"TANQUES EPM - GIRARDOTA","2021-02-18","","21.60969734"
"TANQUES EPM - GIRARDOTA","2021-02-17","","15.20450284"
"TANQUES EPM - GIRARDOTA","2021-02-16","","15.17530929"
"TANQUES EPM - GIRARDOTA","2021-02-15","","13.52968168"
"TANQUES EPM - GIRARDOTA","2021-02-14","","15.84162107"
"TANQUES EPM - GIRARDOTA","2021-02-13","","18.15163304"
"TANQUES EPM - GIRARDOTA","2021-02-12","","20.24364927"
"TANQUES EPM - GIRARDOTA","2021-02-11","","14.44192913"
"TANQUES EPM - GIRARDOTA","2021-02-10","","15.4245827"
"TANQUES EPM - GIRARDOTA","2021-02-09","","19.03308858"
"TANQUES EPM - GIRARDOTA","2021-02-08","","17.86178953"
"TANQUES EPM - GIRARDOTA","2021-02-07","","13.86792254"
"TANQUES EPM - GIRARDOTA","2021-02-06","","15.21331731"
"TANQUES EPM - GIRARDOTA","2021-02-05","","16.50545697"
"TANQUES EPM - GIRARDOTA","2021-02-04","","14.34577042"
"TANQUES EPM - GIRARDOTA","2021-02-03","","15.16165272"
"TANQUES EPM - GIRARDOTA","2021-02-02","","13.76422512"
"TANQUES EPM - GIRARDOTA","2021-02-01","","14.98951578"
"TANQUES EPM - GIRARDOTA","2021-01-31","","9.50073291"
"TANQUES EPM - GIRARDOTA","2021-01-30","","16.59105534"
"TANQUES EPM - GIRARDOTA","2021-01-29","","13.10824782"
"TANQUES EPM - GIRARDOTA","2021-01-28","","13.75876406"
"TANQUES EPM - GIRARDOTA","2021-01-27","","14.84869071"
"TANQUES EPM - GIRARDOTA","2021-01-26","","19.36834427"
"TANQUES EPM - GIRARDOTA","2021-01-25","","14.98370998"
"TANQUES EPM - GIRARDOTA","2021-01-24","","13.7298369"
"TANQUES EPM - GIRARDOTA","2021-01-23","","17.32813366"
"TANQUES EPM - GIRARDOTA","2021-01-22","","15.37051274"
"TANQUES EPM - GIRARDOTA","2021-01-21","","17.32412209"
"TANQUES EPM - GIRARDOTA","2021-01-20","","20.31573211"
"TANQUES EPM - GIRARDOTA","2021-01-19","","32.8896424"
"TANQUES EPM - GIRARDOTA","2021-01-18","","15.29069667"
"TANQUES EPM - GIRARDOTA","2021-01-17","","12.40624383"
"TANQUES EPM - GIRARDOTA","2021-01-16","","12.05293945"
"TANQUES EPM - GIRARDOTA","2021-01-15","","15.36861484"
"TANQUES EPM - GIRARDOTA","2021-01-14","","16.43582652"
"TANQUES EPM - GIRARDOTA","2021-01-13","","15.70095769"
"TANQUES EPM - GIRARDOTA","2021-01-12","","14.53747022"
"TANQUES EPM - GIRARDOTA","2021-01-11","","10.06102575"
"TANQUES EPM - GIRARDOTA","2021-01-10","","9.7866802"
"TANQUES EPM - GIRARDOTA","2021-01-09","","14.47775899"
"TANQUES EPM - GIRARDOTA","2021-01-08","","17.54630465"
"TANQUES EPM - GIRARDOTA","2021-01-07","","20.39895644"
"TANQUES EPM - GIRARDOTA","2021-01-06","","14.94958816"
"TANQUES EPM - GIRARDOTA","2021-01-05","","20.80808197"
"TANQUES EPM - GIRARDOTA","2021-01-04","","29.88212089"
