"Estacion","Fecha inicial","Fecha final","TMPR AIR 10CM"
"TANQUES EPM - GIRARDOTA","2025-10-31","","21.34213043"
"TANQUES EPM - GIRARDOTA","2025-10-30","","20.84675"
"TANQUES EPM - GIRARDOTA","2025-10-29","","21.72929167"
"TANQUES EPM - GIRARDOTA","2025-10-28","","21.468125"
"TANQUES EPM - GIRARDOTA","2025-10-27","","20.72825"
"TANQUES EPM - GIRARDOTA","2025-10-26","","20.60029167"
"TANQUES EPM - GIRARDOTA","2025-10-25","","20.626875"
"TANQUES EPM - GIRARDOTA","2025-10-24","","19.58625"
"TANQUES EPM - GIRARDOTA","2025-10-23","","19.14491667"
"TANQUES EPM - GIRARDOTA","2025-10-22","","19.25966667"
"TANQUES EPM - GIRARDOTA","2025-10-21","","20.247375"
"TANQUES EPM - GIRARDOTA","2025-10-20","","20.463625"
"TANQUES EPM - GIRARDOTA","2025-10-19","","21.61625"
"TANQUES EPM - GIRARDOTA","2025-10-18","","20.81229167"
"TANQUES EPM - GIRARDOTA","2025-10-17","","19.36533333"
"TANQUES EPM - GIRARDOTA","2025-10-16","","19.57683333"
"TANQUES EPM - GIRARDOTA","2025-10-15","","7.8885"
"TANQUES EPM - GIRARDOTA","2025-10-14","","0.0"
"TANQUES EPM - GIRARDOTA","2025-10-13","","0.0"
"TANQUES EPM - GIRARDOTA","2025-10-12","","0.0"
"TANQUES EPM - GIRARDOTA","2025-10-11","","0.0"
"TANQUES EPM - GIRARDOTA","2025-10-10","","9.808"
"TANQUES EPM - GIRARDOTA","2025-10-09","","19.9455"
"TANQUES EPM - GIRARDOTA","2025-10-08","","18.666625"
"TANQUES EPM - GIRARDOTA","2025-10-07","","21.70804167"
"TANQUES EPM - GIRARDOTA","2025-10-06","","19.73783333"
"TANQUES EPM - GIRARDOTA","2025-10-05","","21.53504167"
"TANQUES EPM - GIRARDOTA","2025-10-04","","21.61241667"
"TANQUES EPM - GIRARDOTA","2025-10-03","","20.96254167"
"TANQUES EPM - GIRARDOTA","2025-10-02","","21.41616667"
"TANQUES EPM - GIRARDOTA","2025-10-01","","19.71129167"
"TANQUES EPM - GIRARDOTA","2025-09-30","","0.0"
"TANQUES EPM - GIRARDOTA","2025-09-29","","0.0"
"TANQUES EPM - GIRARDOTA","2025-09-28","","0.0"
"TANQUES EPM - GIRARDOTA","2025-09-27","","0.0"
"TANQUES EPM - GIRARDOTA","2025-09-26","","0.0"
"TANQUES EPM - GIRARDOTA","2025-09-25","","0.0"
"TANQUES EPM - GIRARDOTA","2025-09-24","","8.47425"
"TANQUES EPM - GIRARDOTA","2025-09-23","","22.831125"
"TANQUES EPM - GIRARDOTA","2025-09-22","","22.04858333"
"TANQUES EPM - GIRARDOTA","2025-09-21","","22.25029167"
"TANQUES EPM - GIRARDOTA","2025-09-20","","21.473375"
"TANQUES EPM - GIRARDOTA","2025-09-19","","19.90833333"
"TANQUES EPM - GIRARDOTA","2025-09-18","","18.87445833"
"TANQUES EPM - GIRARDOTA","2025-09-17","","20.451"
"TANQUES EPM - GIRARDOTA","2025-09-16","","22.21920833"
"TANQUES EPM - GIRARDOTA","2025-09-15","","22.59016667"
"TANQUES EPM - GIRARDOTA","2025-09-14","","22.33120833"
"TANQUES EPM - GIRARDOTA","2025-09-13","","22.803"
"TANQUES EPM - GIRARDOTA","2025-09-12","","21.94920833"
"TANQUES EPM - GIRARDOTA","2025-09-11","","22.463125"
"TANQUES EPM - GIRARDOTA","2025-09-10","","22.99279167"
"TANQUES EPM - GIRARDOTA","2025-09-09","","21.785125"
"TANQUES EPM - GIRARDOTA","2025-09-08","","15.112625"
"TANQUES EPM - GIRARDOTA","2025-09-07","","0.0"
"TANQUES EPM - GIRARDOTA","2025-09-06","","17.803625"
"TANQUES EPM - GIRARDOTA","2025-09-05","","20.394125"
"TANQUES EPM - GIRARDOTA","2025-09-04","","20.75"
"TANQUES EPM - GIRARDOTA","2025-09-03","","21.01341667"
"TANQUES EPM - GIRARDOTA","2025-09-02","","20.46770833"
"TANQUES EPM - GIRARDOTA","2025-09-01","","20.30341667"
"TANQUES EPM - GIRARDOTA","2025-08-31","","20.99014493"
"TANQUES EPM - GIRARDOTA","2025-08-30","","21.59840278"
"TANQUES EPM - GIRARDOTA","2025-08-29","","22.069375"
"TANQUES EPM - GIRARDOTA","2025-08-28","","22.60409722"
"TANQUES EPM - GIRARDOTA","2025-08-27","","22.43291667"
"TANQUES EPM - GIRARDOTA","2025-08-26","","22.99594109"
"TANQUES EPM - GIRARDOTA","2025-08-25","","21.56555556"
"TANQUES EPM - GIRARDOTA","2025-08-24","","22.02719986"
"TANQUES EPM - GIRARDOTA","2025-08-23","","21.35333333"
"TANQUES EPM - GIRARDOTA","2025-08-22","","19.56243056"
"TANQUES EPM - GIRARDOTA","2025-08-21","","21.46993056"
"TANQUES EPM - GIRARDOTA","2025-08-20","","21.99777778"
"TANQUES EPM - GIRARDOTA","2025-08-19","","21.91909722"
"TANQUES EPM - GIRARDOTA","2025-08-18","","20.55173611"
"TANQUES EPM - GIRARDOTA","2025-08-17","","19.84555556"
"TANQUES EPM - GIRARDOTA","2025-08-16","","19.36791667"
"TANQUES EPM - GIRARDOTA","2025-08-15","","19.70138889"
"TANQUES EPM - GIRARDOTA","2025-08-14","","20.99395833"
"TANQUES EPM - GIRARDOTA","2025-08-13","","21.33048611"
"TANQUES EPM - GIRARDOTA","2025-08-12","","21.84368056"
"TANQUES EPM - GIRARDOTA","2025-08-11","","21.63645833"
"TANQUES EPM - GIRARDOTA","2025-08-10","","20.69951389"
"TANQUES EPM - GIRARDOTA","2025-08-09","","20.58409722"
"TANQUES EPM - GIRARDOTA","2025-08-08","","19.68041667"
"TANQUES EPM - GIRARDOTA","2025-08-07","","18.87527778"
"TANQUES EPM - GIRARDOTA","2025-08-06","","21.30027778"
"TANQUES EPM - GIRARDOTA","2025-08-05","","21.16645833"
"TANQUES EPM - GIRARDOTA","2025-08-04","","22.18291667"
"TANQUES EPM - GIRARDOTA","2025-08-03","","21.710625"
"TANQUES EPM - GIRARDOTA","2025-08-02","","21.90569444"
"TANQUES EPM - GIRARDOTA","2025-08-01","","22.92111111"
"TANQUES EPM - GIRARDOTA","2025-07-31","","22.94130435"
"TANQUES EPM - GIRARDOTA","2025-07-30","","21.79875"
"TANQUES EPM - GIRARDOTA","2025-07-29","","21.37819444"
"TANQUES EPM - GIRARDOTA","2025-07-28","","21.99451389"
"TANQUES EPM - GIRARDOTA","2025-07-27","","22.03756944"
"TANQUES EPM - GIRARDOTA","2025-07-26","","21.30083333"
"TANQUES EPM - GIRARDOTA","2025-07-25","","22.38326389"
"TANQUES EPM - GIRARDOTA","2025-07-24","","23.18055555"
"TANQUES EPM - GIRARDOTA","2025-07-23","","22.19291667"
"TANQUES EPM - GIRARDOTA","2025-07-22","","22.38388889"
"TANQUES EPM - GIRARDOTA","2025-07-21","","22.50548611"
"TANQUES EPM - GIRARDOTA","2025-07-20","","23.08104167"
"TANQUES EPM - GIRARDOTA","2025-07-19","","22.49659722"
"TANQUES EPM - GIRARDOTA","2025-07-18","","23.08618056"
"TANQUES EPM - GIRARDOTA","2025-07-17","","23.04923611"
"TANQUES EPM - GIRARDOTA","2025-07-16","","22.47645833"
"TANQUES EPM - GIRARDOTA","2025-07-15","","22.76169147"
"TANQUES EPM - GIRARDOTA","2025-07-14","","22.09430556"
"TANQUES EPM - GIRARDOTA","2025-07-13","","22.00888889"
"TANQUES EPM - GIRARDOTA","2025-07-12","","21.56423611"
"TANQUES EPM - GIRARDOTA","2025-07-11","","21.25902778"
"TANQUES EPM - GIRARDOTA","2025-07-10","","21.826875"
"TANQUES EPM - GIRARDOTA","2025-07-09","","21.32881944"
"TANQUES EPM - GIRARDOTA","2025-07-08","","22.26541667"
"TANQUES EPM - GIRARDOTA","2025-07-07","","22.09136905"
"TANQUES EPM - GIRARDOTA","2025-07-06","","20.373125"
"TANQUES EPM - GIRARDOTA","2025-07-05","","20.905"
"TANQUES EPM - GIRARDOTA","2025-07-04","","20.86090278"
"TANQUES EPM - GIRARDOTA","2025-07-03","","21.76354167"
"TANQUES EPM - GIRARDOTA","2025-07-02","","22.33645833"
"TANQUES EPM - GIRARDOTA","2025-07-01","","22.27583333"
"TANQUES EPM - GIRARDOTA","2025-06-30","","22.51934575"
"TANQUES EPM - GIRARDOTA","2025-06-29","","21.03055556"
"TANQUES EPM - GIRARDOTA","2025-06-28","","20.94736111"
"TANQUES EPM - GIRARDOTA","2025-06-27","","21.24277778"
"TANQUES EPM - GIRARDOTA","2025-06-26","","22.06736111"
"TANQUES EPM - GIRARDOTA","2025-06-25","","21.59659722"
"TANQUES EPM - GIRARDOTA","2025-06-24","","19.06777778"
"TANQUES EPM - GIRARDOTA","2025-06-23","","19.90708333"
"TANQUES EPM - GIRARDOTA","2025-06-22","","19.98625"
"TANQUES EPM - GIRARDOTA","2025-06-21","","22.74930556"
"TANQUES EPM - GIRARDOTA","2025-06-20","","22.76784722"
"TANQUES EPM - GIRARDOTA","2025-06-19","","23.80574074"
"TANQUES EPM - GIRARDOTA","2025-05-28","","21.42254672"
"TANQUES EPM - GIRARDOTA","2025-05-27","","20.468125"
"TANQUES EPM - GIRARDOTA","2025-05-26","","21.82243056"
"TANQUES EPM - GIRARDOTA","2025-05-25","","23.06555556"
"TANQUES EPM - GIRARDOTA","2025-05-24","","22.07388889"
"TANQUES EPM - GIRARDOTA","2025-05-23","","23.1072076"
"TANQUES EPM - GIRARDOTA","2025-05-22","","20.71666667"
"TANQUES EPM - GIRARDOTA","2025-05-21","","20.91979167"
"TANQUES EPM - GIRARDOTA","2025-05-20","","21.04659722"
"TANQUES EPM - GIRARDOTA","2025-05-19","","20.41006944"
"TANQUES EPM - GIRARDOTA","2025-05-18","","19.7875"
"TANQUES EPM - GIRARDOTA","2025-05-17","","20.22465278"
"TANQUES EPM - GIRARDOTA","2025-05-16","","19.63833333"
"TANQUES EPM - GIRARDOTA","2025-05-15","","19.96986111"
"TANQUES EPM - GIRARDOTA","2025-05-14","","21.34861111"
"TANQUES EPM - GIRARDOTA","2025-05-13","","21.63277778"
"TANQUES EPM - GIRARDOTA","2025-05-12","","23.26194444"
"TANQUES EPM - GIRARDOTA","2025-05-11","","22.40805556"
"TANQUES EPM - GIRARDOTA","2025-05-10","","23.00923611"
"TANQUES EPM - GIRARDOTA","2025-05-09","","21.56944444"
"TANQUES EPM - GIRARDOTA","2025-05-08","","19.45388889"
"TANQUES EPM - GIRARDOTA","2025-05-07","","19.30944444"
"TANQUES EPM - GIRARDOTA","2025-05-06","","19.17118056"
"TANQUES EPM - GIRARDOTA","2025-05-05","","20.15020833"
"TANQUES EPM - GIRARDOTA","2025-05-04","","20.53548611"
"TANQUES EPM - GIRARDOTA","2025-05-03","","20.14916667"
"TANQUES EPM - GIRARDOTA","2025-05-02","","19.85979167"
"TANQUES EPM - GIRARDOTA","2025-05-01","","19.72972222"
"TANQUES EPM - GIRARDOTA","2025-04-30","","20.67282609"
"TANQUES EPM - GIRARDOTA","2025-04-29","","20.16458333"
"TANQUES EPM - GIRARDOTA","2025-04-28","","20.19979167"
"TANQUES EPM - GIRARDOTA","2025-04-27","","19.56284722"
"TANQUES EPM - GIRARDOTA","2025-04-26","","20.28451389"
"TANQUES EPM - GIRARDOTA","2025-04-25","","20.46173611"
"TANQUES EPM - GIRARDOTA","2025-04-24","","20.92652778"
"TANQUES EPM - GIRARDOTA","2025-04-23","","21.13284722"
"TANQUES EPM - GIRARDOTA","2025-04-22","","20.06736111"
"TANQUES EPM - GIRARDOTA","2025-04-21","","20.40861817"
"TANQUES EPM - GIRARDOTA","2025-04-20","","20.56583333"
"TANQUES EPM - GIRARDOTA","2025-04-19","","22.43413606"
"TANQUES EPM - GIRARDOTA","2025-04-18","","23.1075"
"TANQUES EPM - GIRARDOTA","2025-04-17","","21.77"
"TANQUES EPM - GIRARDOTA","2025-04-16","","22.86923611"
"TANQUES EPM - GIRARDOTA","2025-04-15","","23.17229167"
"TANQUES EPM - GIRARDOTA","2025-04-14","","23.09722222"
"TANQUES EPM - GIRARDOTA","2025-04-13","","23.20993056"
"TANQUES EPM - GIRARDOTA","2025-04-12","","21.76298611"
"TANQUES EPM - GIRARDOTA","2025-04-11","","21.00958333"
"TANQUES EPM - GIRARDOTA","2025-04-10","","19.85472222"
"TANQUES EPM - GIRARDOTA","2025-04-09","","20.94993056"
"TANQUES EPM - GIRARDOTA","2025-04-08","","20.61958333"
"TANQUES EPM - GIRARDOTA","2025-04-07","","21.15826389"
"TANQUES EPM - GIRARDOTA","2025-04-06","","19.20583333"
"TANQUES EPM - GIRARDOTA","2025-04-05","","20.59097222"
"TANQUES EPM - GIRARDOTA","2025-04-04","","19.72666667"
"TANQUES EPM - GIRARDOTA","2025-04-03","","20.47777778"
"TANQUES EPM - GIRARDOTA","2025-04-02","","20.46583333"
"TANQUES EPM - GIRARDOTA","2025-04-01","","21.03986111"
"TANQUES EPM - GIRARDOTA","2025-03-31","","20.77217391"
"TANQUES EPM - GIRARDOTA","2025-03-30","","20.57409722"
"TANQUES EPM - GIRARDOTA","2025-03-29","","20.26645833"
"TANQUES EPM - GIRARDOTA","2025-03-28","","20.29020833"
"TANQUES EPM - GIRARDOTA","2025-03-27","","21.46534722"
"TANQUES EPM - GIRARDOTA","2025-03-26","","21.93784722"
"TANQUES EPM - GIRARDOTA","2025-03-25","","21.49208333"
"TANQUES EPM - GIRARDOTA","2025-03-24","","22.865625"
"TANQUES EPM - GIRARDOTA","2025-03-23","","23.04375"
"TANQUES EPM - GIRARDOTA","2025-03-22","","22.87263889"
"TANQUES EPM - GIRARDOTA","2025-03-21","","21.75548611"
"TANQUES EPM - GIRARDOTA","2025-03-20","","21.93013889"
"TANQUES EPM - GIRARDOTA","2025-03-19","","21.69361111"
"TANQUES EPM - GIRARDOTA","2025-03-18","","20.31375"
"TANQUES EPM - GIRARDOTA","2025-03-17","","20.74708333"
"TANQUES EPM - GIRARDOTA","2025-03-16","","21.08083333"
"TANQUES EPM - GIRARDOTA","2025-03-15","","21.5725"
"TANQUES EPM - GIRARDOTA","2025-03-14","","21.07965278"
"TANQUES EPM - GIRARDOTA","2025-03-13","","20.78215278"
"TANQUES EPM - GIRARDOTA","2025-03-12","","20.00388889"
"TANQUES EPM - GIRARDOTA","2025-03-11","","20.27969203"
"TANQUES EPM - GIRARDOTA","2025-03-10","","22.00233025"
"TANQUES EPM - GIRARDOTA","2025-03-09","","22.55652778"
"TANQUES EPM - GIRARDOTA","2025-03-08","","22.06388889"
"TANQUES EPM - GIRARDOTA","2025-03-07","","19.96979755"
"TANQUES EPM - GIRARDOTA","2025-03-06","","20.65541667"
"TANQUES EPM - GIRARDOTA","2025-03-05","","20.92451389"
"TANQUES EPM - GIRARDOTA","2025-03-04","","20.42673611"
"TANQUES EPM - GIRARDOTA","2025-03-03","","21.53861111"
"TANQUES EPM - GIRARDOTA","2025-03-02","","21.58854167"
"TANQUES EPM - GIRARDOTA","2025-03-01","","21.41826389"
"TANQUES EPM - GIRARDOTA","2025-02-28","","20.40398551"
"TANQUES EPM - GIRARDOTA","2025-02-27","","22.00138889"
"TANQUES EPM - GIRARDOTA","2025-02-26","","21.55"
"TANQUES EPM - GIRARDOTA","2025-02-25","","19.40611111"
"TANQUES EPM - GIRARDOTA","2025-02-24","","20.24236111"
"TANQUES EPM - GIRARDOTA","2025-02-23","","20.94388889"
"TANQUES EPM - GIRARDOTA","2025-02-22","","20.46791667"
"TANQUES EPM - GIRARDOTA","2025-02-21","","21.01631944"
"TANQUES EPM - GIRARDOTA","2025-02-20","","21.71791667"
"TANQUES EPM - GIRARDOTA","2025-02-19","","21.16305556"
"TANQUES EPM - GIRARDOTA","2025-02-18","","20.43770833"
"TANQUES EPM - GIRARDOTA","2025-02-17","","20.06980629"
"TANQUES EPM - GIRARDOTA","2025-02-16","","20.52777778"
"TANQUES EPM - GIRARDOTA","2025-02-15","","20.99958333"
"TANQUES EPM - GIRARDOTA","2025-02-14","","20.24083333"
"TANQUES EPM - GIRARDOTA","2025-02-13","","20.61631944"
"TANQUES EPM - GIRARDOTA","2025-02-12","","20.31006944"
"TANQUES EPM - GIRARDOTA","2025-02-11","","20.23694444"
"TANQUES EPM - GIRARDOTA","2025-02-10","","21.33604167"
"TANQUES EPM - GIRARDOTA","2025-02-09","","19.73430556"
"TANQUES EPM - GIRARDOTA","2025-02-08","","20.93072152"
"TANQUES EPM - GIRARDOTA","2025-02-07","","21.46784722"
"TANQUES EPM - GIRARDOTA","2025-02-06","","21.30104167"
"TANQUES EPM - GIRARDOTA","2025-02-05","","20.03597222"
"TANQUES EPM - GIRARDOTA","2025-02-04","","21.12222222"
"TANQUES EPM - GIRARDOTA","2025-02-03","","21.84930555"
"TANQUES EPM - GIRARDOTA","2025-02-02","","21.90701389"
"TANQUES EPM - GIRARDOTA","2025-02-01","","22.51506944"
"TANQUES EPM - GIRARDOTA","2025-01-31","","22.54036232"
"TANQUES EPM - GIRARDOTA","2025-01-30","","22.55472222"
"TANQUES EPM - GIRARDOTA","2025-01-29","","22.23284722"
"TANQUES EPM - GIRARDOTA","2025-01-28","","21.81680555"
"TANQUES EPM - GIRARDOTA","2025-01-27","","21.86736111"
"TANQUES EPM - GIRARDOTA","2025-01-26","","20.356875"
"TANQUES EPM - GIRARDOTA","2025-01-25","","20.893125"
"TANQUES EPM - GIRARDOTA","2025-01-24","","20.09930556"
"TANQUES EPM - GIRARDOTA","2025-01-23","","21.66534722"
"TANQUES EPM - GIRARDOTA","2025-01-22","","21.48368056"
"TANQUES EPM - GIRARDOTA","2025-01-21","","21.40847222"
"TANQUES EPM - GIRARDOTA","2025-01-20","","20.92159722"
"TANQUES EPM - GIRARDOTA","2025-01-19","","21.063125"
"TANQUES EPM - GIRARDOTA","2025-01-18","","21.18048611"
"TANQUES EPM - GIRARDOTA","2025-01-17","","20.93347222"
"TANQUES EPM - GIRARDOTA","2025-01-16","","21.31201389"
"TANQUES EPM - GIRARDOTA","2025-01-15","","20.87555556"
"TANQUES EPM - GIRARDOTA","2025-01-14","","21.249375"
"TANQUES EPM - GIRARDOTA","2025-01-13","","21.07826389"
"TANQUES EPM - GIRARDOTA","2025-01-12","","21.77131944"
"TANQUES EPM - GIRARDOTA","2025-01-11","","21.68770833"
"TANQUES EPM - GIRARDOTA","2025-01-10","","21.45986111"
"TANQUES EPM - GIRARDOTA","2025-01-09","","21.39555556"
"TANQUES EPM - GIRARDOTA","2025-01-08","","21.62583333"
"TANQUES EPM - GIRARDOTA","2025-01-07","","21.61923611"
"TANQUES EPM - GIRARDOTA","2025-01-06","","21.33097222"
"TANQUES EPM - GIRARDOTA","2025-01-05","","20.28055556"
"TANQUES EPM - GIRARDOTA","2025-01-04","","20.14965278"
"TANQUES EPM - GIRARDOTA","2025-01-03","","20.16291667"
"TANQUES EPM - GIRARDOTA","2025-01-02","","20.45763889"
"TANQUES EPM - GIRARDOTA","2025-01-01","","20.00222222"
"TANQUES EPM - GIRARDOTA","2024-12-31","","19.5507971"
"TANQUES EPM - GIRARDOTA","2024-12-30","","19.66826389"
"TANQUES EPM - GIRARDOTA","2024-12-29","","20.21486111"
"TANQUES EPM - GIRARDOTA","2024-12-28","","20.41277778"
"TANQUES EPM - GIRARDOTA","2024-12-27","","19.36048611"
"TANQUES EPM - GIRARDOTA","2024-12-26","","20.46375"
"TANQUES EPM - GIRARDOTA","2024-12-25","","20.99805556"
"TANQUES EPM - GIRARDOTA","2024-12-24","","20.90381944"
"TANQUES EPM - GIRARDOTA","2024-12-23","","20.7575"
"TANQUES EPM - GIRARDOTA","2024-12-22","","21.24194445"
"TANQUES EPM - GIRARDOTA","2024-12-21","","20.13458333"
"TANQUES EPM - GIRARDOTA","2024-12-20","","20.92083333"
"TANQUES EPM - GIRARDOTA","2024-12-19","","20.44138889"
"TANQUES EPM - GIRARDOTA","2024-12-18","","22.1762098"
"TANQUES EPM - GIRARDOTA","2024-12-17","","21.57413919"
"TANQUES EPM - GIRARDOTA","2024-12-16","","19.78878342"
"TANQUES EPM - GIRARDOTA","2024-12-15","","19.34232227"
"TANQUES EPM - GIRARDOTA","2024-12-14","","20.86777778"
"TANQUES EPM - GIRARDOTA","2024-12-13","","21.11027778"
"TANQUES EPM - GIRARDOTA","2024-12-12","","21.09166667"
"TANQUES EPM - GIRARDOTA","2024-12-11","","21.25520833"
"TANQUES EPM - GIRARDOTA","2024-12-10","","21.14798611"
"TANQUES EPM - GIRARDOTA","2024-12-09","","21.26909722"
"TANQUES EPM - GIRARDOTA","2024-12-08","","20.18319444"
"TANQUES EPM - GIRARDOTA","2024-12-07","","20.46486111"
"TANQUES EPM - GIRARDOTA","2024-12-06","","21.21861111"
"TANQUES EPM - GIRARDOTA","2024-12-05","","21.60888889"
"TANQUES EPM - GIRARDOTA","2024-12-04","","21.41375"
"TANQUES EPM - GIRARDOTA","2024-12-03","","21.14069444"
"TANQUES EPM - GIRARDOTA","2024-12-02","","21.19881944"
"TANQUES EPM - GIRARDOTA","2024-12-01","","22.02083333"
"TANQUES EPM - GIRARDOTA","2024-11-30","","22.44514493"
"TANQUES EPM - GIRARDOTA","2024-11-29","","21.31222222"
"TANQUES EPM - GIRARDOTA","2024-11-28","","20.94666667"
"TANQUES EPM - GIRARDOTA","2024-11-27","","20.53402778"
"TANQUES EPM - GIRARDOTA","2024-11-26","","22.27527778"
"TANQUES EPM - GIRARDOTA","2024-11-25","","21.80722222"
"TANQUES EPM - GIRARDOTA","2024-11-24","","20.82940018"
"TANQUES EPM - GIRARDOTA","2024-11-23","","19.86270833"
"TANQUES EPM - GIRARDOTA","2024-11-22","","20.21277778"
"TANQUES EPM - GIRARDOTA","2024-11-21","","20.375625"
"TANQUES EPM - GIRARDOTA","2024-11-20","","19.81555556"
"TANQUES EPM - GIRARDOTA","2024-11-19","","20.08555556"
"TANQUES EPM - GIRARDOTA","2024-11-18","","20.47708333"
"TANQUES EPM - GIRARDOTA","2024-11-17","","20.18506945"
"TANQUES EPM - GIRARDOTA","2024-11-16","","19.99631944"
"TANQUES EPM - GIRARDOTA","2024-11-15","","20.33652778"
"TANQUES EPM - GIRARDOTA","2024-11-14","","19.32729167"
"TANQUES EPM - GIRARDOTA","2024-11-13","","20.23993056"
"TANQUES EPM - GIRARDOTA","2024-11-12","","20.12701389"
"TANQUES EPM - GIRARDOTA","2024-11-11","","19.47375"
"TANQUES EPM - GIRARDOTA","2024-11-10","","19.73508592"
"TANQUES EPM - GIRARDOTA","2024-11-09","","19.66270833"
"TANQUES EPM - GIRARDOTA","2024-11-08","","18.47993056"
"TANQUES EPM - GIRARDOTA","2024-11-07","","20.10854167"
"TANQUES EPM - GIRARDOTA","2024-11-06","","21.17840278"
"TANQUES EPM - GIRARDOTA","2024-11-05","","20.34666667"
"TANQUES EPM - GIRARDOTA","2024-11-04","","19.25083333"
"TANQUES EPM - GIRARDOTA","2024-11-03","","20.85215278"
"TANQUES EPM - GIRARDOTA","2024-11-02","","20.92555556"
"TANQUES EPM - GIRARDOTA","2024-11-01","","19.93569445"
"TANQUES EPM - GIRARDOTA","2024-10-31","","20.92876812"
"TANQUES EPM - GIRARDOTA","2024-10-30","","21.30986111"
"TANQUES EPM - GIRARDOTA","2024-10-29","","21.89541667"
"TANQUES EPM - GIRARDOTA","2024-10-28","","21.82496528"
"TANQUES EPM - GIRARDOTA","2024-10-27","","21.54243056"
"TANQUES EPM - GIRARDOTA","2024-10-26","","22.61215278"
"TANQUES EPM - GIRARDOTA","2024-10-25","","23.39680556"
"TANQUES EPM - GIRARDOTA","2024-10-24","","21.62618056"
"TANQUES EPM - GIRARDOTA","2024-10-23","","21.8775"
"TANQUES EPM - GIRARDOTA","2024-10-22","","20.73409722"
"TANQUES EPM - GIRARDOTA","2024-10-21","","21.06131944"
"TANQUES EPM - GIRARDOTA","2024-10-20","","21.65833333"
"TANQUES EPM - GIRARDOTA","2024-10-19","","21.41020833"
"TANQUES EPM - GIRARDOTA","2024-10-18","","23.07444444"
"TANQUES EPM - GIRARDOTA","2024-10-17","","22.36972222"
"TANQUES EPM - GIRARDOTA","2024-10-16","","21.50763889"
"TANQUES EPM - GIRARDOTA","2024-10-15","","22.16805556"
"TANQUES EPM - GIRARDOTA","2024-10-14","","22.58458333"
"TANQUES EPM - GIRARDOTA","2024-10-13","","22.94138889"
"TANQUES EPM - GIRARDOTA","2024-10-12","","22.61784722"
"TANQUES EPM - GIRARDOTA","2024-10-11","","21.99375"
"TANQUES EPM - GIRARDOTA","2024-10-10","","20.18833333"
"TANQUES EPM - GIRARDOTA","2024-10-09","","20.86083333"
"TANQUES EPM - GIRARDOTA","2024-10-08","","19.74125"
"TANQUES EPM - GIRARDOTA","2024-10-07","","20.42465278"
"TANQUES EPM - GIRARDOTA","2024-10-06","","20.58902778"
"TANQUES EPM - GIRARDOTA","2024-10-05","","20.29951389"
"TANQUES EPM - GIRARDOTA","2024-10-04","","20.60958333"
"TANQUES EPM - GIRARDOTA","2024-10-03","","22.04861111"
"TANQUES EPM - GIRARDOTA","2024-10-02","","21.07895833"
"TANQUES EPM - GIRARDOTA","2024-10-01","","20.44125"
"TANQUES EPM - GIRARDOTA","2024-09-30","","19.04074463"
"TANQUES EPM - GIRARDOTA","2024-09-29","","18.77701389"
"TANQUES EPM - GIRARDOTA","2024-09-28","","20.01152778"
"TANQUES EPM - GIRARDOTA","2024-09-27","","19.91552885"
"TANQUES EPM - GIRARDOTA","2024-09-26","","20.46083333"
"TANQUES EPM - GIRARDOTA","2024-09-25","","22.25229167"
"TANQUES EPM - GIRARDOTA","2024-09-24","","22.84451389"
"TANQUES EPM - GIRARDOTA","2024-09-23","","21.30618056"
"TANQUES EPM - GIRARDOTA","2024-09-22","","20.9103592"
"TANQUES EPM - GIRARDOTA","2024-09-21","","22.15277778"
"TANQUES EPM - GIRARDOTA","2024-09-20","","22.40458333"
"TANQUES EPM - GIRARDOTA","2024-09-19","","23.43743056"
"TANQUES EPM - GIRARDOTA","2024-09-18","","23.86402778"
"TANQUES EPM - GIRARDOTA","2024-09-17","","22.53951389"
"TANQUES EPM - GIRARDOTA","2024-09-16","","23.966875"
"TANQUES EPM - GIRARDOTA","2024-09-15","","24.62548611"
"TANQUES EPM - GIRARDOTA","2024-09-14","","23.53590278"
"TANQUES EPM - GIRARDOTA","2024-09-13","","21.96909722"
"TANQUES EPM - GIRARDOTA","2024-09-12","","22.50333333"
"TANQUES EPM - GIRARDOTA","2024-09-11","","23.23784722"
"TANQUES EPM - GIRARDOTA","2024-09-10","","22.56831333"
"TANQUES EPM - GIRARDOTA","2024-09-09","","23.57243056"
"TANQUES EPM - GIRARDOTA","2024-09-08","","22.74694445"
"TANQUES EPM - GIRARDOTA","2024-09-07","","22.13277778"
"TANQUES EPM - GIRARDOTA","2024-09-06","","23.54701389"
"TANQUES EPM - GIRARDOTA","2024-09-05","","22.53416667"
"TANQUES EPM - GIRARDOTA","2024-09-04","","22.86277778"
"TANQUES EPM - GIRARDOTA","2024-09-03","","22.17756945"
"TANQUES EPM - GIRARDOTA","2024-09-02","","21.83555555"
"TANQUES EPM - GIRARDOTA","2024-09-01","","21.11847222"
"TANQUES EPM - GIRARDOTA","2024-08-31","","22.24021739"
"TANQUES EPM - GIRARDOTA","2024-08-30","","22.79428161"
"TANQUES EPM - GIRARDOTA","2024-08-29","","22.16569444"
"TANQUES EPM - GIRARDOTA","2024-08-28","","23.11979167"
"TANQUES EPM - GIRARDOTA","2024-08-27","","21.90506944"
"TANQUES EPM - GIRARDOTA","2024-08-26","","21.71076389"
"TANQUES EPM - GIRARDOTA","2024-08-25","","20.29236111"
"TANQUES EPM - GIRARDOTA","2024-08-24","","21.75715278"
"TANQUES EPM - GIRARDOTA","2024-08-23","","20.86097222"
"TANQUES EPM - GIRARDOTA","2024-08-22","","22.181875"
"TANQUES EPM - GIRARDOTA","2024-08-21","","22.93888889"
"TANQUES EPM - GIRARDOTA","2024-08-20","","23.19847222"
"TANQUES EPM - GIRARDOTA","2024-08-19","","22.39722222"
"TANQUES EPM - GIRARDOTA","2024-08-18","","22.44569444"
"TANQUES EPM - GIRARDOTA","2024-08-17","","22.38256944"
"TANQUES EPM - GIRARDOTA","2024-08-16","","22.45805556"
"TANQUES EPM - GIRARDOTA","2024-08-15","","23.50590278"
"TANQUES EPM - GIRARDOTA","2024-08-14","","23.25694444"
"TANQUES EPM - GIRARDOTA","2024-08-13","","21.51555438"
"TANQUES EPM - GIRARDOTA","2024-08-12","","21.45215278"
"TANQUES EPM - GIRARDOTA","2024-08-11","","19.90256944"
"TANQUES EPM - GIRARDOTA","2024-08-10","","20.42763889"
"TANQUES EPM - GIRARDOTA","2024-08-09","","20.19604167"
"TANQUES EPM - GIRARDOTA","2024-08-08","","21.28833333"
"TANQUES EPM - GIRARDOTA","2024-08-07","","20.37270833"
"TANQUES EPM - GIRARDOTA","2024-08-06","","19.77416667"
"TANQUES EPM - GIRARDOTA","2024-08-05","","21.104375"
"TANQUES EPM - GIRARDOTA","2024-08-04","","22.4275"
"TANQUES EPM - GIRARDOTA","2024-08-03","","21.28381944"
"TANQUES EPM - GIRARDOTA","2024-08-02","","22.97611111"
"TANQUES EPM - GIRARDOTA","2024-08-01","","22.30993055"
"TANQUES EPM - GIRARDOTA","2024-07-31","","22.89782609"
"TANQUES EPM - GIRARDOTA","2024-07-30","","22.93597222"
"TANQUES EPM - GIRARDOTA","2024-07-29","","23.95069445"
"TANQUES EPM - GIRARDOTA","2024-07-28","","21.94068966"
"TANQUES EPM - GIRARDOTA","2024-07-27","","21.59291667"
"TANQUES EPM - GIRARDOTA","2024-07-26","","22.39534722"
"TANQUES EPM - GIRARDOTA","2024-07-25","","22.88493056"
"TANQUES EPM - GIRARDOTA","2024-07-24","","23.06972222"
"TANQUES EPM - GIRARDOTA","2024-07-23","","22.96847222"
"TANQUES EPM - GIRARDOTA","2024-07-22","","23.21763117"
"TANQUES EPM - GIRARDOTA","2024-07-21","","22.74423611"
"TANQUES EPM - GIRARDOTA","2024-07-20","","22.59715278"
"TANQUES EPM - GIRARDOTA","2024-07-19","","21.07263889"
"TANQUES EPM - GIRARDOTA","2024-07-18","","22.460625"
"TANQUES EPM - GIRARDOTA","2024-07-17","","23.52895833"
"TANQUES EPM - GIRARDOTA","2024-07-16","","23.02909722"
"TANQUES EPM - GIRARDOTA","2024-07-15","","23.03298611"
"TANQUES EPM - GIRARDOTA","2024-07-14","","23.07833333"
"TANQUES EPM - GIRARDOTA","2024-07-13","","22.22791667"
"TANQUES EPM - GIRARDOTA","2024-07-12","","20.59416667"
"TANQUES EPM - GIRARDOTA","2024-07-11","","22.88118056"
"TANQUES EPM - GIRARDOTA","2024-07-10","","22.59076389"
"TANQUES EPM - GIRARDOTA","2024-07-09","","22.98236111"
"TANQUES EPM - GIRARDOTA","2024-07-08","","22.95840278"
"TANQUES EPM - GIRARDOTA","2024-07-07","","22.76881945"
"TANQUES EPM - GIRARDOTA","2024-07-06","","21.73805556"
"TANQUES EPM - GIRARDOTA","2024-07-05","","19.27152778"
"TANQUES EPM - GIRARDOTA","2024-07-04","","20.475625"
"TANQUES EPM - GIRARDOTA","2024-07-03","","21.12006944"
"TANQUES EPM - GIRARDOTA","2024-07-02","","20.92625"
"TANQUES EPM - GIRARDOTA","2024-07-01","","21.49881945"
"TANQUES EPM - GIRARDOTA","2024-06-30","","21.56898551"
"TANQUES EPM - GIRARDOTA","2024-06-29","","20.88854167"
"TANQUES EPM - GIRARDOTA","2024-06-28","","19.66479167"
"TANQUES EPM - GIRARDOTA","2024-06-27","","19.70388889"
"TANQUES EPM - GIRARDOTA","2024-06-26","","20.54229167"
"TANQUES EPM - GIRARDOTA","2024-06-25","","22.80902778"
"TANQUES EPM - GIRARDOTA","2024-05-31","","19.83575757"
"TANQUES EPM - GIRARDOTA","2024-05-30","","21.23159722"
"TANQUES EPM - GIRARDOTA","2024-05-29","","20.64384769"
"TANQUES EPM - GIRARDOTA","2024-05-28","","22.30027778"
"TANQUES EPM - GIRARDOTA","2024-05-27","","22.17638889"
"TANQUES EPM - GIRARDOTA","2024-05-26","","23.06416667"
"TANQUES EPM - GIRARDOTA","2024-05-25","","21.72458333"
"TANQUES EPM - GIRARDOTA","2024-05-24","","21.97986111"
"TANQUES EPM - GIRARDOTA","2024-05-23","","21.76159722"
"TANQUES EPM - GIRARDOTA","2024-05-22","","23.32645833"
"TANQUES EPM - GIRARDOTA","2024-05-21","","21.78902778"
"TANQUES EPM - GIRARDOTA","2024-05-20","","23.56611111"
"TANQUES EPM - GIRARDOTA","2024-05-19","","23.121875"
"TANQUES EPM - GIRARDOTA","2024-05-18","","22.85318396"
"TANQUES EPM - GIRARDOTA","2024-05-17","","22.38027778"
"TANQUES EPM - GIRARDOTA","2024-05-16","","21.69409722"
"TANQUES EPM - GIRARDOTA","2024-05-15","","21.20361111"
"TANQUES EPM - GIRARDOTA","2024-05-14","","22.47069444"
"TANQUES EPM - GIRARDOTA","2024-05-13","","23.45118056"
"TANQUES EPM - GIRARDOTA","2024-05-12","","20.27104167"
"TANQUES EPM - GIRARDOTA","2024-05-11","","20.58409722"
"TANQUES EPM - GIRARDOTA","2024-05-10","","20.14118056"
"TANQUES EPM - GIRARDOTA","2024-05-09","","20.12777778"
"TANQUES EPM - GIRARDOTA","2024-05-08","","23.03305556"
"TANQUES EPM - GIRARDOTA","2024-05-03","","23.45361111"
"TANQUES EPM - GIRARDOTA","2024-05-01","","25.82912282"
"TANQUES EPM - GIRARDOTA","2024-04-30","","21.34926641"
"TANQUES EPM - GIRARDOTA","2024-04-29","","22.52038462"
"TANQUES EPM - GIRARDOTA","2024-04-28","","20.44506944"
"TANQUES EPM - GIRARDOTA","2024-04-27","","20.03255268"
"TANQUES EPM - GIRARDOTA","2024-04-26","","20.35368055"
"TANQUES EPM - GIRARDOTA","2024-04-25","","22.72222222"
"TANQUES EPM - GIRARDOTA","2024-04-24","","23.39076389"
"TANQUES EPM - GIRARDOTA","2024-04-23","","21.71576389"
"TANQUES EPM - GIRARDOTA","2024-04-22","","19.52340278"
"TANQUES EPM - GIRARDOTA","2024-04-21","","19.73097222"
"TANQUES EPM - GIRARDOTA","2024-04-20","","21.61347222"
"TANQUES EPM - GIRARDOTA","2024-04-19","","20.83548611"
"TANQUES EPM - GIRARDOTA","2024-04-18","","21.297008"
"TANQUES EPM - GIRARDOTA","2024-04-17","","22.65854167"
"TANQUES EPM - GIRARDOTA","2024-04-16","","23.65680556"
"TANQUES EPM - GIRARDOTA","2024-04-15","","23.52444445"
"TANQUES EPM - GIRARDOTA","2024-04-14","","23.75055556"
"TANQUES EPM - GIRARDOTA","2024-04-13","","24.25138889"
"TANQUES EPM - GIRARDOTA","2024-04-12","","23.85640975"
"TANQUES EPM - GIRARDOTA","2024-04-11","","23.53597222"
"TANQUES EPM - GIRARDOTA","2024-04-10","","24.29173611"
"TANQUES EPM - GIRARDOTA","2024-04-09","","23.37"
"TANQUES EPM - GIRARDOTA","2024-04-08","","23.97180556"
"TANQUES EPM - GIRARDOTA","2024-04-07","","23.72381944"
"TANQUES EPM - GIRARDOTA","2024-04-06","","22.45597222"
"TANQUES EPM - GIRARDOTA","2024-04-05","","22.36097222"
"TANQUES EPM - GIRARDOTA","2024-04-04","","19.99443789"
"TANQUES EPM - GIRARDOTA","2024-04-03","","21.06840278"
"TANQUES EPM - GIRARDOTA","2024-04-02","","21.03590278"
"TANQUES EPM - GIRARDOTA","2024-04-01","","22.031875"
"TANQUES EPM - GIRARDOTA","2024-03-31","","21.39318841"
"TANQUES EPM - GIRARDOTA","2024-03-30","","22.57458333"
"TANQUES EPM - GIRARDOTA","2024-03-29","","22.54537194"
"TANQUES EPM - GIRARDOTA","2024-03-28","","22.96763889"
"TANQUES EPM - GIRARDOTA","2024-03-27","","22.27625589"
"TANQUES EPM - GIRARDOTA","2024-03-26","","22.82868056"
"TANQUES EPM - GIRARDOTA","2024-03-25","","23.021875"
"TANQUES EPM - GIRARDOTA","2024-03-24","","23.51979167"
"TANQUES EPM - GIRARDOTA","2024-03-23","","23.37680556"
"TANQUES EPM - GIRARDOTA","2024-03-22","","24.09104167"
"TANQUES EPM - GIRARDOTA","2024-03-21","","21.88840278"
"TANQUES EPM - GIRARDOTA","2024-03-20","","22.238125"
"TANQUES EPM - GIRARDOTA","2024-03-19","","23.08349576"
"TANQUES EPM - GIRARDOTA","2024-03-18","","25.11979167"
"TANQUES EPM - GIRARDOTA","2024-03-17","","23.06444444"
"TANQUES EPM - GIRARDOTA","2024-03-16","","24.36902778"
"TANQUES EPM - GIRARDOTA","2024-03-15","","25.05861111"
"TANQUES EPM - GIRARDOTA","2024-03-14","","23.92208333"
"TANQUES EPM - GIRARDOTA","2024-03-13","","24.21715278"
"TANQUES EPM - GIRARDOTA","2024-03-12","","24.19347222"
"TANQUES EPM - GIRARDOTA","2024-03-11","","23.07548372"
"TANQUES EPM - GIRARDOTA","2024-03-10","","24.52173611"
"TANQUES EPM - GIRARDOTA","2024-03-09","","22.04409226"
"TANQUES EPM - GIRARDOTA","2024-03-08","","23.97631945"
"TANQUES EPM - GIRARDOTA","2024-03-07","","23.88129237"
"TANQUES EPM - GIRARDOTA","2024-03-06","","23.15250365"
"TANQUES EPM - GIRARDOTA","2024-03-05","","23.10194444"
"TANQUES EPM - GIRARDOTA","2024-03-04","","23.01222222"
"TANQUES EPM - GIRARDOTA","2024-03-03","","22.61256945"
"TANQUES EPM - GIRARDOTA","2024-03-02","","22.24409722"
"TANQUES EPM - GIRARDOTA","2024-03-01","","22.70347222"
"TANQUES EPM - GIRARDOTA","2024-02-29","","23.37130435"
"TANQUES EPM - GIRARDOTA","2024-02-28","","22.65222222"
"TANQUES EPM - GIRARDOTA","2024-02-27","","22.41825828"
"TANQUES EPM - GIRARDOTA","2024-02-26","","21.79722222"
"TANQUES EPM - GIRARDOTA","2024-02-25","","21.79784722"
"TANQUES EPM - GIRARDOTA","2024-02-24","","21.80125"
"TANQUES EPM - GIRARDOTA","2024-02-23","","21.86326389"
"TANQUES EPM - GIRARDOTA","2024-02-22","","21.17451389"
"TANQUES EPM - GIRARDOTA","2024-02-21","","21.261875"
"TANQUES EPM - GIRARDOTA","2024-02-20","","22.58756944"
"TANQUES EPM - GIRARDOTA","2024-02-19","","23.88430556"
"TANQUES EPM - GIRARDOTA","2024-02-18","","24.45083333"
"TANQUES EPM - GIRARDOTA","2024-02-17","","24.23166667"
"TANQUES EPM - GIRARDOTA","2024-02-16","","24.10465278"
"TANQUES EPM - GIRARDOTA","2024-02-15","","24.46451389"
"TANQUES EPM - GIRARDOTA","2024-02-14","","23.05777778"
"TANQUES EPM - GIRARDOTA","2024-02-13","","23.35548611"
"TANQUES EPM - GIRARDOTA","2024-02-12","","23.82520833"
"TANQUES EPM - GIRARDOTA","2024-02-11","","23.33625"
"TANQUES EPM - GIRARDOTA","2024-02-10","","22.92041667"
"TANQUES EPM - GIRARDOTA","2024-02-09","","21.23909722"
"TANQUES EPM - GIRARDOTA","2024-02-08","","20.24"
"TANQUES EPM - GIRARDOTA","2024-02-07","","21.11423611"
"TANQUES EPM - GIRARDOTA","2024-02-06","","20.991875"
"TANQUES EPM - GIRARDOTA","2024-02-05","","21.04895833"
"TANQUES EPM - GIRARDOTA","2024-02-04","","20.97444444"
"TANQUES EPM - GIRARDOTA","2024-02-03","","20.55996212"
"TANQUES EPM - GIRARDOTA","2024-02-02","","21.24020833"
"TANQUES EPM - GIRARDOTA","2024-02-01","","20.20833333"
"TANQUES EPM - GIRARDOTA","2024-01-31","","22.87275362"
"TANQUES EPM - GIRARDOTA","2024-01-30","","22.23361111"
"TANQUES EPM - GIRARDOTA","2024-01-29","","22.81784722"
"TANQUES EPM - GIRARDOTA","2024-01-28","","22.75944444"
"TANQUES EPM - GIRARDOTA","2024-01-27","","23.20583333"
"TANQUES EPM - GIRARDOTA","2024-01-26","","22.64055555"
"TANQUES EPM - GIRARDOTA","2024-01-25","","22.81333333"
"TANQUES EPM - GIRARDOTA","2024-01-24","","23.57673611"
"TANQUES EPM - GIRARDOTA","2024-01-23","","24.17194444"
"TANQUES EPM - GIRARDOTA","2024-01-22","","24.09708333"
"TANQUES EPM - GIRARDOTA","2024-01-21","","22.88263889"
"TANQUES EPM - GIRARDOTA","2024-01-20","","22.43243056"
"TANQUES EPM - GIRARDOTA","2024-01-19","","23.261875"
"TANQUES EPM - GIRARDOTA","2024-01-18","","23.90270833"
"TANQUES EPM - GIRARDOTA","2024-01-17","","23.055"
"TANQUES EPM - GIRARDOTA","2024-01-16","","22.81625"
"TANQUES EPM - GIRARDOTA","2024-01-15","","22.76201389"
"TANQUES EPM - GIRARDOTA","2024-01-14","","22.02840278"
"TANQUES EPM - GIRARDOTA","2024-01-13","","21.86951389"
"TANQUES EPM - GIRARDOTA","2024-01-12","","22.43097222"
"TANQUES EPM - GIRARDOTA","2024-01-11","","22.59968254"
"TANQUES EPM - GIRARDOTA","2024-01-10","","22.52125"
"TANQUES EPM - GIRARDOTA","2024-01-09","","22.39930556"
"TANQUES EPM - GIRARDOTA","2024-01-08","","22.13722222"
"TANQUES EPM - GIRARDOTA","2024-01-07","","22.28826389"
"TANQUES EPM - GIRARDOTA","2024-01-06","","21.53166667"
"TANQUES EPM - GIRARDOTA","2024-01-05","","21.01006944"
"TANQUES EPM - GIRARDOTA","2024-01-04","","21.89361111"
"TANQUES EPM - GIRARDOTA","2024-01-03","","22.28555556"
"TANQUES EPM - GIRARDOTA","2024-01-02","","21.51638889"
"TANQUES EPM - GIRARDOTA","2024-01-01","","21.00006945"
"TANQUES EPM - GIRARDOTA","2023-12-31","","21.76413044"
"TANQUES EPM - GIRARDOTA","2023-12-30","","21.3821185"
"TANQUES EPM - GIRARDOTA","2023-12-29","","20.89743056"
"TANQUES EPM - GIRARDOTA","2023-12-28","","21.37905797"
"TANQUES EPM - GIRARDOTA","2023-12-27","","21.41444444"
"TANQUES EPM - GIRARDOTA","2023-12-26","","21.64890122"
"TANQUES EPM - GIRARDOTA","2023-12-25","","21.8237809"
"TANQUES EPM - GIRARDOTA","2023-12-24","","22.25601449"
"TANQUES EPM - GIRARDOTA","2023-12-23","","22.14990118"
"TANQUES EPM - GIRARDOTA","2023-12-22","","22.46653736"
"TANQUES EPM - GIRARDOTA","2023-12-21","","21.99847222"
"TANQUES EPM - GIRARDOTA","2023-12-20","","21.45770833"
"TANQUES EPM - GIRARDOTA","2023-12-19","","21.54236111"
"TANQUES EPM - GIRARDOTA","2023-12-18","","21.57075816"
"TANQUES EPM - GIRARDOTA","2023-12-17","","21.12296196"
"TANQUES EPM - GIRARDOTA","2023-12-16","","20.20208316"
"TANQUES EPM - GIRARDOTA","2023-12-15","","21.3018116"
"TANQUES EPM - GIRARDOTA","2023-12-14","","22.34688557"
"TANQUES EPM - GIRARDOTA","2023-12-13","","22.83456522"
"TANQUES EPM - GIRARDOTA","2023-12-12","","23.46381944"
"TANQUES EPM - GIRARDOTA","2023-12-11","","23.20123188"
"TANQUES EPM - GIRARDOTA","2023-12-10","","22.34543478"
"TANQUES EPM - GIRARDOTA","2023-12-09","","22.7475"
"TANQUES EPM - GIRARDOTA","2023-12-08","","22.02311594"
"TANQUES EPM - GIRARDOTA","2023-12-07","","21.56347826"
"TANQUES EPM - GIRARDOTA","2023-12-06","","21.85137681"
"TANQUES EPM - GIRARDOTA","2023-12-05","","22.68543478"
"TANQUES EPM - GIRARDOTA","2023-12-04","","21.74701999"
"TANQUES EPM - GIRARDOTA","2023-12-03","","22.0494162"
"TANQUES EPM - GIRARDOTA","2023-12-02","","21.83957156"
"TANQUES EPM - GIRARDOTA","2023-12-01","","21.79518715"
"TANQUES EPM - GIRARDOTA","2023-11-30","","21.3534016"
"TANQUES EPM - GIRARDOTA","2023-11-29","","22.42842985"
"TANQUES EPM - GIRARDOTA","2023-11-28","","22.89457375"
"TANQUES EPM - GIRARDOTA","2023-11-27","","23.05844365"
"TANQUES EPM - GIRARDOTA","2023-11-26","","21.7639541"
"TANQUES EPM - GIRARDOTA","2023-11-25","","20.71999672"
"TANQUES EPM - GIRARDOTA","2023-11-24","","21.46631238"
"TANQUES EPM - GIRARDOTA","2023-11-23","","21.47725142"
"TANQUES EPM - GIRARDOTA","2023-11-22","","21.61206463"
"TANQUES EPM - GIRARDOTA","2023-11-21","","21.16985507"
"TANQUES EPM - GIRARDOTA","2023-11-20","","19.85841006"
"TANQUES EPM - GIRARDOTA","2023-11-19","","20.09706267"
"TANQUES EPM - GIRARDOTA","2023-11-18","","20.75081696"
"TANQUES EPM - GIRARDOTA","2023-11-17","","21.46184386"
"TANQUES EPM - GIRARDOTA","2023-11-16","","21.48262597"
"TANQUES EPM - GIRARDOTA","2023-11-15","","20.85715278"
"TANQUES EPM - GIRARDOTA","2023-11-14","","23.10671055"
"TANQUES EPM - GIRARDOTA","2023-11-13","","22.71166667"
"TANQUES EPM - GIRARDOTA","2023-11-12","","21.93431818"
"TANQUES EPM - GIRARDOTA","2023-11-11","","23.06657529"
"TANQUES EPM - GIRARDOTA","2023-11-10","","22.46503849"
"TANQUES EPM - GIRARDOTA","2023-11-09","","23.28191267"
"TANQUES EPM - GIRARDOTA","2023-11-08","","22.30775362"
"TANQUES EPM - GIRARDOTA","2023-11-07","","21.38625623"
"TANQUES EPM - GIRARDOTA","2023-11-06","","20.49107609"
"TANQUES EPM - GIRARDOTA","2023-11-05","","20.93412675"
"TANQUES EPM - GIRARDOTA","2023-11-04","","21.01732775"
"TANQUES EPM - GIRARDOTA","2023-11-03","","20.23365423"
"TANQUES EPM - GIRARDOTA","2023-11-02","","19.76564815"
"TANQUES EPM - GIRARDOTA","2023-11-01","","19.77482759"
"TANQUES EPM - GIRARDOTA","2023-10-31","","20.74389731"
"TANQUES EPM - GIRARDOTA","2023-10-30","","19.9251396"
"TANQUES EPM - GIRARDOTA","2023-10-29","","20.23444444"
"TANQUES EPM - GIRARDOTA","2023-10-28","","20.90521739"
"TANQUES EPM - GIRARDOTA","2023-10-27","","20.13702224"
"TANQUES EPM - GIRARDOTA","2023-10-26","","19.88385342"
"TANQUES EPM - GIRARDOTA","2023-10-25","","19.76773751"
"TANQUES EPM - GIRARDOTA","2023-10-24","","19.58277433"
"TANQUES EPM - GIRARDOTA","2023-10-23","","21.52992754"
"TANQUES EPM - GIRARDOTA","2023-10-22","","20.02013889"
"TANQUES EPM - GIRARDOTA","2023-10-21","","19.57277592"
"TANQUES EPM - GIRARDOTA","2023-10-20","","20.41028985"
"TANQUES EPM - GIRARDOTA","2023-10-19","","22.81798611"
"TANQUES EPM - GIRARDOTA","2023-10-18","","22.89913949"
"TANQUES EPM - GIRARDOTA","2023-10-17","","20.98905797"
"TANQUES EPM - GIRARDOTA","2023-10-16","","21.13121636"
"TANQUES EPM - GIRARDOTA","2023-10-15","","22.26016203"
"TANQUES EPM - GIRARDOTA","2023-10-14","","20.92569042"
"TANQUES EPM - GIRARDOTA","2023-10-13","","21.10048611"
"TANQUES EPM - GIRARDOTA","2023-10-12","","21.67284245"
"TANQUES EPM - GIRARDOTA","2023-10-11","","21.81528541"
"TANQUES EPM - GIRARDOTA","2023-10-10","","22.56946762"
"TANQUES EPM - GIRARDOTA","2023-10-09","","22.54115231"
"TANQUES EPM - GIRARDOTA","2023-10-08","","20.30597222"
"TANQUES EPM - GIRARDOTA","2023-10-07","","21.62340364"
"TANQUES EPM - GIRARDOTA","2023-10-06","","21.37154573"
"TANQUES EPM - GIRARDOTA","2023-10-05","","20.82043388"
"TANQUES EPM - GIRARDOTA","2023-10-04","","19.65369565"
"TANQUES EPM - GIRARDOTA","2023-10-03","","20.82417801"
"TANQUES EPM - GIRARDOTA","2023-10-02","","22.76014493"
"TANQUES EPM - GIRARDOTA","2023-10-01","","22.18347222"
"TANQUES EPM - GIRARDOTA","2023-09-30","","23.63343171"
"TANQUES EPM - GIRARDOTA","2023-09-29","","22.5523913"
"TANQUES EPM - GIRARDOTA","2023-09-28","","22.02836627"
"TANQUES EPM - GIRARDOTA","2023-09-27","","22.37775194"
"TANQUES EPM - GIRARDOTA","2023-09-26","","22.0831447"
"TANQUES EPM - GIRARDOTA","2023-09-25","","24.20050725"
"TANQUES EPM - GIRARDOTA","2023-09-24","","22.63604167"
"TANQUES EPM - GIRARDOTA","2023-09-23","","22.72263889"
"TANQUES EPM - GIRARDOTA","2023-09-22","","23.00389948"
"TANQUES EPM - GIRARDOTA","2023-09-21","","22.46493056"
"TANQUES EPM - GIRARDOTA","2023-09-20","","22.21666667"
"TANQUES EPM - GIRARDOTA","2023-09-19","","23.11975111"
"TANQUES EPM - GIRARDOTA","2023-09-18","","22.80270833"
"TANQUES EPM - GIRARDOTA","2023-09-17","","21.94047821"
"TANQUES EPM - GIRARDOTA","2023-09-16","","22.85347222"
"TANQUES EPM - GIRARDOTA","2023-09-15","","22.71673611"
"TANQUES EPM - GIRARDOTA","2023-09-14","","22.22416667"
"TANQUES EPM - GIRARDOTA","2023-09-13","","21.44805556"
"TANQUES EPM - GIRARDOTA","2023-09-12","","22.53534722"
"TANQUES EPM - GIRARDOTA","2023-09-11","","22.49986568"
"TANQUES EPM - GIRARDOTA","2023-09-10","","22.00606505"
"TANQUES EPM - GIRARDOTA","2023-09-09","","22.95645833"
"TANQUES EPM - GIRARDOTA","2023-09-08","","22.20541667"
"TANQUES EPM - GIRARDOTA","2023-09-07","","23.34715278"
"TANQUES EPM - GIRARDOTA","2023-09-06","","23.36263889"
"TANQUES EPM - GIRARDOTA","2023-09-05","","22.99152778"
"TANQUES EPM - GIRARDOTA","2023-09-04","","21.420625"
"TANQUES EPM - GIRARDOTA","2023-09-03","","20.98895833"
"TANQUES EPM - GIRARDOTA","2023-09-02","","20.03798611"
"TANQUES EPM - GIRARDOTA","2023-09-01","","23.093125"
"TANQUES EPM - GIRARDOTA","2023-08-31","","23.10361111"
"TANQUES EPM - GIRARDOTA","2023-08-30","","24.21869565"
"TANQUES EPM - GIRARDOTA","2023-08-29","","21.89902778"
"TANQUES EPM - GIRARDOTA","2023-08-28","","23.74099576"
"TANQUES EPM - GIRARDOTA","2023-08-27","","23.47680556"
"TANQUES EPM - GIRARDOTA","2023-08-26","","22.97143001"
"TANQUES EPM - GIRARDOTA","2023-08-25","","21.91583621"
"TANQUES EPM - GIRARDOTA","2023-08-24","","22.18492063"
"TANQUES EPM - GIRARDOTA","2023-08-23","","21.165"
"TANQUES EPM - GIRARDOTA","2023-08-22","","19.88776042"
"TANQUES EPM - GIRARDOTA","2023-08-21","","20.34145833"
"TANQUES EPM - GIRARDOTA","2023-08-20","","21.35534722"
"TANQUES EPM - GIRARDOTA","2023-08-19","","21.82074074"
"TANQUES EPM - GIRARDOTA","2023-08-18","","21.94916667"
"TANQUES EPM - GIRARDOTA","2023-08-17","","22.88668625"
"TANQUES EPM - GIRARDOTA","2023-08-16","","21.92694461"
"TANQUES EPM - GIRARDOTA","2023-08-15","","21.88105476"
"TANQUES EPM - GIRARDOTA","2023-08-14","","22.80131944"
"TANQUES EPM - GIRARDOTA","2023-08-13","","22.01756944"
"TANQUES EPM - GIRARDOTA","2023-08-12","","23.40850367"
"TANQUES EPM - GIRARDOTA","2023-08-11","","23.36583333"
"TANQUES EPM - GIRARDOTA","2023-08-10","","22.43406636"
"TANQUES EPM - GIRARDOTA","2023-08-09","","22.84652187"
"TANQUES EPM - GIRARDOTA","2023-08-08","","24.04265152"
"TANQUES EPM - GIRARDOTA","2023-08-07","","22.49250441"
"TANQUES EPM - GIRARDOTA","2023-08-06","","23.44472222"
"TANQUES EPM - GIRARDOTA","2023-08-05","","24.01715278"
"TANQUES EPM - GIRARDOTA","2023-08-04","","23.48472222"
"TANQUES EPM - GIRARDOTA","2023-08-03","","22.99902778"
"TANQUES EPM - GIRARDOTA","2023-08-02","","22.61416667"
"TANQUES EPM - GIRARDOTA","2023-08-01","","22.44920635"
"TANQUES EPM - GIRARDOTA","2023-07-31","","23.50833333"
"TANQUES EPM - GIRARDOTA","2023-07-30","","23.18618056"
"TANQUES EPM - GIRARDOTA","2023-07-29","","23.01402778"
"TANQUES EPM - GIRARDOTA","2023-07-28","","22.06969782"
"TANQUES EPM - GIRARDOTA","2023-07-27","","21.59234351"
"TANQUES EPM - GIRARDOTA","2023-07-26","","20.17194445"
"TANQUES EPM - GIRARDOTA","2023-07-25","","22.65125"
"TANQUES EPM - GIRARDOTA","2023-07-24","","23.51888889"
"TANQUES EPM - GIRARDOTA","2023-07-23","","23.17166667"
"TANQUES EPM - GIRARDOTA","2023-07-22","","21.91263889"
"TANQUES EPM - GIRARDOTA","2023-07-21","","22.65819445"
"TANQUES EPM - GIRARDOTA","2023-07-20","","23.36395833"
"TANQUES EPM - GIRARDOTA","2023-07-19","","22.82736111"
"TANQUES EPM - GIRARDOTA","2023-07-18","","22.81269645"
"TANQUES EPM - GIRARDOTA","2023-07-17","","22.05975262"
"TANQUES EPM - GIRARDOTA","2023-07-16","","22.40236111"
"TANQUES EPM - GIRARDOTA","2023-07-15","","23.48865079"
"TANQUES EPM - GIRARDOTA","2023-07-14","","22.14619318"
"TANQUES EPM - GIRARDOTA","2023-07-13","","23.76037879"
"TANQUES EPM - GIRARDOTA","2023-07-12","","22.93902778"
"TANQUES EPM - GIRARDOTA","2023-07-11","","22.23152778"
"TANQUES EPM - GIRARDOTA","2023-07-10","","22.835625"
"TANQUES EPM - GIRARDOTA","2023-07-09","","22.324375"
"TANQUES EPM - GIRARDOTA","2023-07-08","","21.37584957"
"TANQUES EPM - GIRARDOTA","2023-07-07","","20.77909722"
"TANQUES EPM - GIRARDOTA","2023-07-06","","20.94486111"
"TANQUES EPM - GIRARDOTA","2023-07-05","","22.13962512"
"TANQUES EPM - GIRARDOTA","2023-07-04","","20.81603403"
"TANQUES EPM - GIRARDOTA","2023-07-03","","21.10452083"
"TANQUES EPM - GIRARDOTA","2023-07-02","","21.05464704"
"TANQUES EPM - GIRARDOTA","2023-07-01","","22.96361111"
"TANQUES EPM - GIRARDOTA","2023-06-30","","23.13006945"
"TANQUES EPM - GIRARDOTA","2023-06-29","","23.42861111"
"TANQUES EPM - GIRARDOTA","2023-06-28","","22.16199582"
"TANQUES EPM - GIRARDOTA","2023-06-27","","21.9466469"
"TANQUES EPM - GIRARDOTA","2023-06-26","","19.74884058"
"TANQUES EPM - GIRARDOTA","2023-06-25","","19.82451389"
"TANQUES EPM - GIRARDOTA","2023-06-24","","21.42987886"
"TANQUES EPM - GIRARDOTA","2023-06-23","","21.7923718"
"TANQUES EPM - GIRARDOTA","2023-06-22","","22.16888889"
"TANQUES EPM - GIRARDOTA","2023-06-21","","22.58201389"
"TANQUES EPM - GIRARDOTA","2023-06-20","","23.44951389"
"TANQUES EPM - GIRARDOTA","2023-06-19","","22.74194444"
"TANQUES EPM - GIRARDOTA","2023-06-18","","22.41756945"
"TANQUES EPM - GIRARDOTA","2023-06-17","","22.56442029"
"TANQUES EPM - GIRARDOTA","2023-06-16","","22.33428195"
"TANQUES EPM - GIRARDOTA","2023-06-15","","23.07189626"
"TANQUES EPM - GIRARDOTA","2023-06-14","","22.3767504"
"TANQUES EPM - GIRARDOTA","2023-06-13","","23.96590278"
"TANQUES EPM - GIRARDOTA","2023-06-12","","22.31614524"
"TANQUES EPM - GIRARDOTA","2023-06-11","","21.50152778"
"TANQUES EPM - GIRARDOTA","2023-06-10","","21.60208333"
"TANQUES EPM - GIRARDOTA","2023-06-09","","22.20619047"
"TANQUES EPM - GIRARDOTA","2023-06-08","","20.46354167"
"TANQUES EPM - GIRARDOTA","2023-06-07","","24.87484848"
"TANQUES EPM - GIRARDOTA","2023-05-25","","20.17358974"
"TANQUES EPM - GIRARDOTA","2023-05-24","","22.34444773"
"TANQUES EPM - GIRARDOTA","2023-05-11","","21.55107143"
"TANQUES EPM - GIRARDOTA","2023-05-10","","21.94504941"
"TANQUES EPM - GIRARDOTA","2023-05-09","","23.51506944"
"TANQUES EPM - GIRARDOTA","2023-05-08","","23.41840278"
"TANQUES EPM - GIRARDOTA","2023-05-07","","23.11593848"
"TANQUES EPM - GIRARDOTA","2023-05-06","","22.92125"
"TANQUES EPM - GIRARDOTA","2023-05-05","","23.66104167"
"TANQUES EPM - GIRARDOTA","2023-05-04","","23.67833333"
"TANQUES EPM - GIRARDOTA","2023-05-03","","23.19347222"
"TANQUES EPM - GIRARDOTA","2023-05-02","","23.21666667"
"TANQUES EPM - GIRARDOTA","2023-05-01","","22.38347222"
"TANQUES EPM - GIRARDOTA","2023-04-30","","20.59770833"
"TANQUES EPM - GIRARDOTA","2023-04-29","","20.95263889"
"TANQUES EPM - GIRARDOTA","2023-04-28","","21.43006945"
"TANQUES EPM - GIRARDOTA","2023-04-27","","20.76104167"
"TANQUES EPM - GIRARDOTA","2023-04-26","","19.96111111"
"TANQUES EPM - GIRARDOTA","2023-04-25","","20.68861111"
"TANQUES EPM - GIRARDOTA","2023-04-24","","20.13979167"
"TANQUES EPM - GIRARDOTA","2023-04-23","","20.44798611"
"TANQUES EPM - GIRARDOTA","2023-04-22","","19.48763889"
"TANQUES EPM - GIRARDOTA","2023-04-21","","20.161875"
"TANQUES EPM - GIRARDOTA","2023-04-20","","20.41173611"
"TANQUES EPM - GIRARDOTA","2023-04-19","","21.72520833"
"TANQUES EPM - GIRARDOTA","2023-04-18","","20.14125"
"TANQUES EPM - GIRARDOTA","2023-04-17","","19.82347222"
"TANQUES EPM - GIRARDOTA","2023-04-16","","20.05833333"
"TANQUES EPM - GIRARDOTA","2023-04-15","","21.77625"
"TANQUES EPM - GIRARDOTA","2023-04-14","","20.53354167"
"TANQUES EPM - GIRARDOTA","2023-04-13","","21.08444444"
"TANQUES EPM - GIRARDOTA","2023-04-12","","21.33027778"
"TANQUES EPM - GIRARDOTA","2023-04-11","","20.92680556"
"TANQUES EPM - GIRARDOTA","2023-04-10","","21.74694445"
"TANQUES EPM - GIRARDOTA","2023-04-09","","21.80352623"
"TANQUES EPM - GIRARDOTA","2023-04-08","","20.4225"
"TANQUES EPM - GIRARDOTA","2023-04-07","","19.54701389"
"TANQUES EPM - GIRARDOTA","2023-04-06","","20.61013889"
"TANQUES EPM - GIRARDOTA","2023-04-05","","21.66243056"
"TANQUES EPM - GIRARDOTA","2023-04-04","","21.42034722"
"TANQUES EPM - GIRARDOTA","2023-04-03","","22.24381944"
"TANQUES EPM - GIRARDOTA","2023-04-02","","19.94006944"
"TANQUES EPM - GIRARDOTA","2023-04-01","","21.39159722"
"TANQUES EPM - GIRARDOTA","2023-03-31","","20.45791667"
"TANQUES EPM - GIRARDOTA","2023-03-30","","20.88090424"
"TANQUES EPM - GIRARDOTA","2023-03-29","","20.82586957"
"TANQUES EPM - GIRARDOTA","2023-03-28","","20.68145833"
"TANQUES EPM - GIRARDOTA","2023-03-27","","20.15847826"
"TANQUES EPM - GIRARDOTA","2023-03-26","","20.50166667"
"TANQUES EPM - GIRARDOTA","2023-03-25","","20.34340278"
"TANQUES EPM - GIRARDOTA","2023-03-24","","21.29492754"
"TANQUES EPM - GIRARDOTA","2023-03-23","","21.35229508"
"TANQUES EPM - GIRARDOTA","2023-03-22","","20.900625"
"TANQUES EPM - GIRARDOTA","2023-03-21","","20.83826389"
"TANQUES EPM - GIRARDOTA","2023-03-20","","20.89048611"
"TANQUES EPM - GIRARDOTA","2023-03-19","","20.88347222"
"TANQUES EPM - GIRARDOTA","2023-03-18","","20.6309708"
"TANQUES EPM - GIRARDOTA","2023-03-17","","19.96069365"
"TANQUES EPM - GIRARDOTA","2023-03-16","","20.56299252"
"TANQUES EPM - GIRARDOTA","2023-03-15","","19.21369565"
"TANQUES EPM - GIRARDOTA","2023-03-14","","19.94516307"
"TANQUES EPM - GIRARDOTA","2023-03-13","","19.02182116"
"TANQUES EPM - GIRARDOTA","2023-03-12","","19.26724638"
"TANQUES EPM - GIRARDOTA","2023-03-11","","19.87320513"
"TANQUES EPM - GIRARDOTA","2023-03-10","","20.25300894"
"TANQUES EPM - GIRARDOTA","2023-03-09","","19.09727153"
"TANQUES EPM - GIRARDOTA","2023-03-08","","19.31631548"
"TANQUES EPM - GIRARDOTA","2023-03-07","","20.25789795"
"TANQUES EPM - GIRARDOTA","2023-03-06","","20.62895833"
"TANQUES EPM - GIRARDOTA","2023-03-05","","20.67121212"
"TANQUES EPM - GIRARDOTA","2023-03-04","","21.52072464"
"TANQUES EPM - GIRARDOTA","2023-03-03","","22.56"
"TANQUES EPM - GIRARDOTA","2023-03-02","","22.12993502"
"TANQUES EPM - GIRARDOTA","2023-03-01","","22.32551901"
"TANQUES EPM - GIRARDOTA","2023-02-28","","23.20744461"
"TANQUES EPM - GIRARDOTA","2023-02-27","","22.42957619"
"TANQUES EPM - GIRARDOTA","2023-02-26","","21.95409091"
"TANQUES EPM - GIRARDOTA","2023-02-25","","20.79472222"
"TANQUES EPM - GIRARDOTA","2023-02-24","","21.5469697"
"TANQUES EPM - GIRARDOTA","2023-02-23","","21.49108634"
"TANQUES EPM - GIRARDOTA","2023-02-22","","19.40430555"
"TANQUES EPM - GIRARDOTA","2023-02-21","","20.16819445"
"TANQUES EPM - GIRARDOTA","2023-02-20","","20.13210145"
"TANQUES EPM - GIRARDOTA","2023-02-19","","20.91702899"
"TANQUES EPM - GIRARDOTA","2023-02-18","","20.77313097"
"TANQUES EPM - GIRARDOTA","2023-02-17","","20.93333333"
"TANQUES EPM - GIRARDOTA","2023-02-16","","20.17704546"
"TANQUES EPM - GIRARDOTA","2023-02-15","","20.880625"
"TANQUES EPM - GIRARDOTA","2023-02-14","","21.31301136"
"TANQUES EPM - GIRARDOTA","2023-02-13","","20.25219697"
"TANQUES EPM - GIRARDOTA","2023-02-12","","20.28202899"
"TANQUES EPM - GIRARDOTA","2023-02-11","","20.8357971"
"TANQUES EPM - GIRARDOTA","2023-02-10","","21.44112787"
"TANQUES EPM - GIRARDOTA","2023-02-09","","20.69819444"
"TANQUES EPM - GIRARDOTA","2023-02-08","","20.24950126"
"TANQUES EPM - GIRARDOTA","2023-02-07","","21.94180556"
"TANQUES EPM - GIRARDOTA","2023-02-06","","21.38369565"
"TANQUES EPM - GIRARDOTA","2023-02-05","","21.93514493"
"TANQUES EPM - GIRARDOTA","2023-02-04","","20.53645733"
"TANQUES EPM - GIRARDOTA","2023-02-03","","21.15534722"
"TANQUES EPM - GIRARDOTA","2023-02-02","","20.84243056"
"TANQUES EPM - GIRARDOTA","2023-02-01","","20.61862319"
"TANQUES EPM - GIRARDOTA","2023-01-31","","20.67784722"
"TANQUES EPM - GIRARDOTA","2023-01-30","","21.05847222"
"TANQUES EPM - GIRARDOTA","2023-01-29","","21.28701389"
"TANQUES EPM - GIRARDOTA","2023-01-28","","21.04194444"
"TANQUES EPM - GIRARDOTA","2023-01-27","","21.01756944"
"TANQUES EPM - GIRARDOTA","2023-01-26","","21.15861111"
"TANQUES EPM - GIRARDOTA","2023-01-25","","21.33111111"
"TANQUES EPM - GIRARDOTA","2023-01-24","","20.52548611"
"TANQUES EPM - GIRARDOTA","2023-01-23","","20.74847826"
"TANQUES EPM - GIRARDOTA","2023-01-22","","19.34221362"
"TANQUES EPM - GIRARDOTA","2023-01-21","","21.5800319"
"TANQUES EPM - GIRARDOTA","2023-01-20","","19.97972222"
"TANQUES EPM - GIRARDOTA","2023-01-19","","20.29317362"
"TANQUES EPM - GIRARDOTA","2023-01-18","","19.60622515"
"TANQUES EPM - GIRARDOTA","2023-01-17","","20.44861559"
"TANQUES EPM - GIRARDOTA","2023-01-16","","20.12861111"
"TANQUES EPM - GIRARDOTA","2023-01-15","","20.91785526"
"TANQUES EPM - GIRARDOTA","2023-01-14","","20.21469697"
"TANQUES EPM - GIRARDOTA","2023-01-13","","20.35458866"
"TANQUES EPM - GIRARDOTA","2023-01-12","","19.86201389"
"TANQUES EPM - GIRARDOTA","2023-01-11","","19.24651515"
"TANQUES EPM - GIRARDOTA","2023-01-10","","18.71107572"
"TANQUES EPM - GIRARDOTA","2023-01-09","","18.52057121"
"TANQUES EPM - GIRARDOTA","2023-01-08","","18.55498932"
"TANQUES EPM - GIRARDOTA","2023-01-07","","19.74325"
"TANQUES EPM - GIRARDOTA","2023-01-06","","20.06320513"
"TANQUES EPM - GIRARDOTA","2023-01-05","","19.94595282"
"TANQUES EPM - GIRARDOTA","2023-01-04","","19.82201389"
"TANQUES EPM - GIRARDOTA","2023-01-03","","18.24416667"
"TANQUES EPM - GIRARDOTA","2023-01-02","","20.40895833"
"TANQUES EPM - GIRARDOTA","2023-01-01","","20.01083333"
"TANQUES EPM - GIRARDOTA","2022-11-30","","19.51753623"
"TANQUES EPM - GIRARDOTA","2022-11-29","","18.94305556"
"TANQUES EPM - GIRARDOTA","2022-11-28","","18.38444444"
"TANQUES EPM - GIRARDOTA","2022-11-27","","19.49701389"
"TANQUES EPM - GIRARDOTA","2022-11-26","","18.97194444"
"TANQUES EPM - GIRARDOTA","2022-11-25","","20.50520833"
"TANQUES EPM - GIRARDOTA","2022-11-24","","19.24604167"
"TANQUES EPM - GIRARDOTA","2022-11-23","","19.49229167"
"TANQUES EPM - GIRARDOTA","2022-11-22","","20.65590278"
"TANQUES EPM - GIRARDOTA","2022-11-21","","20.23270833"
"TANQUES EPM - GIRARDOTA","2022-11-20","","19.86611111"
"TANQUES EPM - GIRARDOTA","2022-11-19","","20.50222222"
"TANQUES EPM - GIRARDOTA","2022-11-18","","18.84430556"
"TANQUES EPM - GIRARDOTA","2022-11-17","","21.13"
"TANQUES EPM - GIRARDOTA","2022-11-16","","21.23145833"
"TANQUES EPM - GIRARDOTA","2022-11-15","","20.36861111"
"TANQUES EPM - GIRARDOTA","2022-11-14","","19.85597222"
"TANQUES EPM - GIRARDOTA","2022-11-13","","19.70618056"
"TANQUES EPM - GIRARDOTA","2022-11-12","","19.57743055"
"TANQUES EPM - GIRARDOTA","2022-11-11","","19.473125"
"TANQUES EPM - GIRARDOTA","2022-11-10","","19.31729167"
"TANQUES EPM - GIRARDOTA","2022-11-09","","19.66034722"
"TANQUES EPM - GIRARDOTA","2022-11-08","","19.79472222"
"TANQUES EPM - GIRARDOTA","2022-11-07","","19.55291667"
"TANQUES EPM - GIRARDOTA","2022-11-06","","19.45944444"
"TANQUES EPM - GIRARDOTA","2022-11-05","","19.35236111"
"TANQUES EPM - GIRARDOTA","2022-11-04","","18.76604167"
"TANQUES EPM - GIRARDOTA","2022-11-03","","19.61895833"
"TANQUES EPM - GIRARDOTA","2022-11-02","","21.08194444"
"TANQUES EPM - GIRARDOTA","2022-11-01","","20.95520833"
"TANQUES EPM - GIRARDOTA","2022-10-31","","21.00094203"
"TANQUES EPM - GIRARDOTA","2022-10-30","","20.97120995"
"TANQUES EPM - GIRARDOTA","2022-10-29","","19.90430556"
"TANQUES EPM - GIRARDOTA","2022-10-28","","18.78784722"
"TANQUES EPM - GIRARDOTA","2022-10-27","","19.85805556"
"TANQUES EPM - GIRARDOTA","2022-10-26","","19.66340278"
"TANQUES EPM - GIRARDOTA","2022-10-25","","20.66652778"
"TANQUES EPM - GIRARDOTA","2022-10-24","","19.23041667"
"TANQUES EPM - GIRARDOTA","2022-10-23","","19.44361111"
"TANQUES EPM - GIRARDOTA","2022-10-22","","20.34902778"
"TANQUES EPM - GIRARDOTA","2022-10-21","","19.67006944"
"TANQUES EPM - GIRARDOTA","2022-10-20","","19.36902778"
"TANQUES EPM - GIRARDOTA","2022-10-19","","19.90680556"
"TANQUES EPM - GIRARDOTA","2022-10-18","","19.94680556"
"TANQUES EPM - GIRARDOTA","2022-10-17","","19.98708333"
"TANQUES EPM - GIRARDOTA","2022-10-16","","21.08381944"
"TANQUES EPM - GIRARDOTA","2022-10-15","","20.506875"
"TANQUES EPM - GIRARDOTA","2022-10-14","","19.97618055"
"TANQUES EPM - GIRARDOTA","2022-10-13","","19.79993055"
"TANQUES EPM - GIRARDOTA","2022-10-12","","20.77270833"
"TANQUES EPM - GIRARDOTA","2022-10-11","","21.18541667"
"TANQUES EPM - GIRARDOTA","2022-10-10","","21.36531538"
"TANQUES EPM - GIRARDOTA","2022-10-09","","18.59111111"
"TANQUES EPM - GIRARDOTA","2022-10-08","","20.01652778"
"TANQUES EPM - GIRARDOTA","2022-10-07","","19.11027778"
"TANQUES EPM - GIRARDOTA","2022-10-06","","19.57493056"
"TANQUES EPM - GIRARDOTA","2022-10-05","","19.63083333"
"TANQUES EPM - GIRARDOTA","2022-10-04","","20.58743056"
"TANQUES EPM - GIRARDOTA","2022-10-03","","22.35722222"
"TANQUES EPM - GIRARDOTA","2022-10-02","","21.96069445"
"TANQUES EPM - GIRARDOTA","2022-10-01","","19.174375"
"TANQUES EPM - GIRARDOTA","2022-09-30","","18.49536232"
"TANQUES EPM - GIRARDOTA","2022-09-29","","19.65020833"
"TANQUES EPM - GIRARDOTA","2022-09-28","","20.22368056"
"TANQUES EPM - GIRARDOTA","2022-09-27","","20.79479167"
"TANQUES EPM - GIRARDOTA","2022-09-26","","21.58965278"
"TANQUES EPM - GIRARDOTA","2022-09-25","","20.48701389"
"TANQUES EPM - GIRARDOTA","2022-09-24","","18.70826389"
"TANQUES EPM - GIRARDOTA","2022-09-23","","19.35486111"
"TANQUES EPM - GIRARDOTA","2022-09-22","","18.59444444"
"TANQUES EPM - GIRARDOTA","2022-09-21","","19.27354167"
"TANQUES EPM - GIRARDOTA","2022-09-20","","19.38412698"
"TANQUES EPM - GIRARDOTA","2022-09-19","","19.09520834"
"TANQUES EPM - GIRARDOTA","2022-09-18","","19.76145833"
"TANQUES EPM - GIRARDOTA","2022-09-17","","20.66366619"
"TANQUES EPM - GIRARDOTA","2022-09-16","","20.41277778"
"TANQUES EPM - GIRARDOTA","2022-09-15","","21.42340278"
"TANQUES EPM - GIRARDOTA","2022-09-14","","19.56243056"
"TANQUES EPM - GIRARDOTA","2022-09-13","","20.09486111"
"TANQUES EPM - GIRARDOTA","2022-09-12","","20.17618056"
"TANQUES EPM - GIRARDOTA","2022-09-11","","21.99097222"
"TANQUES EPM - GIRARDOTA","2022-09-10","","21.49673611"
"TANQUES EPM - GIRARDOTA","2022-09-09","","19.74590278"
"TANQUES EPM - GIRARDOTA","2022-09-08","","20.68805556"
"TANQUES EPM - GIRARDOTA","2022-09-07","","21.89555556"
"TANQUES EPM - GIRARDOTA","2022-09-06","","21.69930556"
"TANQUES EPM - GIRARDOTA","2022-09-05","","21.34977778"
"TANQUES EPM - GIRARDOTA","2022-09-04","","21.02701389"
"TANQUES EPM - GIRARDOTA","2022-09-03","","21.51958334"
"TANQUES EPM - GIRARDOTA","2022-09-02","","20.98005685"
"TANQUES EPM - GIRARDOTA","2022-09-01","","19.07236111"
"TANQUES EPM - GIRARDOTA","2022-08-31","","20.10065217"
"TANQUES EPM - GIRARDOTA","2022-08-30","","22.08430556"
"TANQUES EPM - GIRARDOTA","2022-08-29","","19.88472222"
"TANQUES EPM - GIRARDOTA","2022-08-28","","19.91902778"
"TANQUES EPM - GIRARDOTA","2022-08-27","","19.63673611"
"TANQUES EPM - GIRARDOTA","2022-08-26","","21.13763889"
"TANQUES EPM - GIRARDOTA","2022-08-25","","21.15611111"
"TANQUES EPM - GIRARDOTA","2022-08-24","","21.824375"
"TANQUES EPM - GIRARDOTA","2022-08-23","","20.74458333"
"TANQUES EPM - GIRARDOTA","2022-08-22","","19.14506944"
"TANQUES EPM - GIRARDOTA","2022-08-21","","19.33791667"
"TANQUES EPM - GIRARDOTA","2022-08-20","","20.97631945"
"TANQUES EPM - GIRARDOTA","2022-08-19","","22.63694444"
"TANQUES EPM - GIRARDOTA","2022-08-18","","21.96013889"
"TANQUES EPM - GIRARDOTA","2022-08-17","","21.90361111"
"TANQUES EPM - GIRARDOTA","2022-08-16","","19.84472222"
"TANQUES EPM - GIRARDOTA","2022-08-15","","20.81708333"
"TANQUES EPM - GIRARDOTA","2022-08-14","","20.37972222"
"TANQUES EPM - GIRARDOTA","2022-08-13","","19.90486111"
"TANQUES EPM - GIRARDOTA","2022-08-12","","20.89069445"
"TANQUES EPM - GIRARDOTA","2022-08-11","","22.07402778"
"TANQUES EPM - GIRARDOTA","2022-08-10","","22.34041667"
"TANQUES EPM - GIRARDOTA","2022-08-09","","21.63"
"TANQUES EPM - GIRARDOTA","2022-08-08","","22.83083333"
"TANQUES EPM - GIRARDOTA","2022-08-07","","21.99006944"
"TANQUES EPM - GIRARDOTA","2022-08-06","","19.95222222"
"TANQUES EPM - GIRARDOTA","2022-08-05","","20.13222222"
"TANQUES EPM - GIRARDOTA","2022-08-04","","21.51986111"
"TANQUES EPM - GIRARDOTA","2022-08-03","","20.94597222"
"TANQUES EPM - GIRARDOTA","2022-08-02","","19.59951389"
"TANQUES EPM - GIRARDOTA","2022-08-01","","19.93118056"
"TANQUES EPM - GIRARDOTA","2022-07-31","","20.98340278"
"TANQUES EPM - GIRARDOTA","2022-07-30","","22.16770833"
"TANQUES EPM - GIRARDOTA","2022-07-29","","21.02055556"
"TANQUES EPM - GIRARDOTA","2022-07-28","","18.71689903"
"TANQUES EPM - GIRARDOTA","2022-07-27","","19.40208333"
"TANQUES EPM - GIRARDOTA","2022-07-26","","18.90534722"
"TANQUES EPM - GIRARDOTA","2022-07-25","","19.40131944"
"TANQUES EPM - GIRARDOTA","2022-07-24","","20.38854167"
"TANQUES EPM - GIRARDOTA","2022-07-23","","18.8574257"
"TANQUES EPM - GIRARDOTA","2022-07-22","","19.57902778"
"TANQUES EPM - GIRARDOTA","2022-07-21","","21.13597222"
"TANQUES EPM - GIRARDOTA","2022-07-20","","22.650625"
"TANQUES EPM - GIRARDOTA","2022-07-19","","22.82020833"
"TANQUES EPM - GIRARDOTA","2022-07-18","","24.61589744"
"TANQUES EPM - GIRARDOTA","2022-07-15","","21.74783713"
"TANQUES EPM - GIRARDOTA","2022-07-14","","20.85444444"
"TANQUES EPM - GIRARDOTA","2022-07-13","","21.07243056"
"TANQUES EPM - GIRARDOTA","2022-07-12","","20.69083333"
"TANQUES EPM - GIRARDOTA","2022-07-11","","19.39048611"
"TANQUES EPM - GIRARDOTA","2022-07-10","","22.07340278"
"TANQUES EPM - GIRARDOTA","2022-07-09","","22.49222222"
"TANQUES EPM - GIRARDOTA","2022-07-08","","21.9325"
"TANQUES EPM - GIRARDOTA","2022-07-07","","21.56958334"
"TANQUES EPM - GIRARDOTA","2022-07-06","","21.06333333"
"TANQUES EPM - GIRARDOTA","2022-07-05","","21.57652778"
"TANQUES EPM - GIRARDOTA","2022-07-04","","21.58048611"
"TANQUES EPM - GIRARDOTA","2022-07-03","","22.11611111"
"TANQUES EPM - GIRARDOTA","2022-07-02","","20.20284722"
"TANQUES EPM - GIRARDOTA","2022-07-01","","20.37402778"
"TANQUES EPM - GIRARDOTA","2022-06-30","","19.55756944"
"TANQUES EPM - GIRARDOTA","2022-06-29","","21.22222222"
"TANQUES EPM - GIRARDOTA","2022-04-08","","17.671"
"TANQUES EPM - GIRARDOTA","2022-04-07","","19.59851389"
"TANQUES EPM - GIRARDOTA","2022-04-06","","21.87533333"
"TANQUES EPM - GIRARDOTA","2022-04-05","","21.10019445"
"TANQUES EPM - GIRARDOTA","2022-04-04","","20.06263889"
"TANQUES EPM - GIRARDOTA","2022-04-03","","20.83935417"
"TANQUES EPM - GIRARDOTA","2022-04-02","","21.49303968"
"TANQUES EPM - GIRARDOTA","2022-04-01","","18.84961111"
"TANQUES EPM - GIRARDOTA","2022-03-31","","19.12460869"
"TANQUES EPM - GIRARDOTA","2022-03-30","","19.30071528"
"TANQUES EPM - GIRARDOTA","2022-03-29","","19.87039583"
"TANQUES EPM - GIRARDOTA","2022-03-28","","21.2045"
"TANQUES EPM - GIRARDOTA","2022-03-27","","19.82703472"
"TANQUES EPM - GIRARDOTA","2022-03-26","","20.83102778"
"TANQUES EPM - GIRARDOTA","2022-03-25","","20.33751389"
"TANQUES EPM - GIRARDOTA","2022-03-24","","21.69113194"
"TANQUES EPM - GIRARDOTA","2022-03-23","","20.2791875"
"TANQUES EPM - GIRARDOTA","2022-03-22","","21.59228472"
"TANQUES EPM - GIRARDOTA","2022-03-21","","21.43681297"
"TANQUES EPM - GIRARDOTA","2022-03-20","","21.26609722"
"TANQUES EPM - GIRARDOTA","2022-03-19","","21.56917361"
"TANQUES EPM - GIRARDOTA","2022-03-18","","21.32513889"
"TANQUES EPM - GIRARDOTA","2022-03-17","","20.86284028"
"TANQUES EPM - GIRARDOTA","2022-03-16","","21.06570139"
"TANQUES EPM - GIRARDOTA","2022-03-15","","20.74744444"
"TANQUES EPM - GIRARDOTA","2022-03-14","","20.57409028"
"TANQUES EPM - GIRARDOTA","2022-03-13","","21.11328472"
"TANQUES EPM - GIRARDOTA","2022-03-12","","19.97095833"
"TANQUES EPM - GIRARDOTA","2022-03-11","","20.83914207"
"TANQUES EPM - GIRARDOTA","2022-03-10","","20.3533125"
"TANQUES EPM - GIRARDOTA","2022-03-09","","19.98130556"
"TANQUES EPM - GIRARDOTA","2022-03-08","","19.99300718"
"TANQUES EPM - GIRARDOTA","2022-03-07","","19.91080556"
"TANQUES EPM - GIRARDOTA","2022-03-06","","18.22887888"
"TANQUES EPM - GIRARDOTA","2022-03-05","","18.86759028"
"TANQUES EPM - GIRARDOTA","2022-03-04","","19.9733125"
"TANQUES EPM - GIRARDOTA","2022-03-03","","21.02216667"
"TANQUES EPM - GIRARDOTA","2022-03-02","","19.53422222"
"TANQUES EPM - GIRARDOTA","2022-03-01","","20.10460417"
"TANQUES EPM - GIRARDOTA","2022-02-28","","19.19088406"
"TANQUES EPM - GIRARDOTA","2022-02-27","","19.99426389"
"TANQUES EPM - GIRARDOTA","2022-02-26","","19.90809028"
"TANQUES EPM - GIRARDOTA","2022-02-25","","21.30728472"
"TANQUES EPM - GIRARDOTA","2022-02-24","","20.82641667"
"TANQUES EPM - GIRARDOTA","2022-02-23","","20.90754167"
"TANQUES EPM - GIRARDOTA","2022-02-22","","20.43260417"
"TANQUES EPM - GIRARDOTA","2022-02-21","","19.42015278"
"TANQUES EPM - GIRARDOTA","2022-02-20","","18.76661327"
"TANQUES EPM - GIRARDOTA","2022-02-19","","19.63076894"
"TANQUES EPM - GIRARDOTA","2022-02-18","","18.28460476"
"TANQUES EPM - GIRARDOTA","2022-02-17","","21.62279167"
"TANQUES EPM - GIRARDOTA","2022-02-16","","20.92440278"
"TANQUES EPM - GIRARDOTA","2022-02-15","","20.63325"
"TANQUES EPM - GIRARDOTA","2022-02-14","","19.94039583"
"TANQUES EPM - GIRARDOTA","2022-02-13","","20.87667361"
"TANQUES EPM - GIRARDOTA","2022-02-12","","21.49179861"
"TANQUES EPM - GIRARDOTA","2022-02-11","","20.99670139"
"TANQUES EPM - GIRARDOTA","2022-02-10","","20.509625"
"TANQUES EPM - GIRARDOTA","2022-02-09","","18.66642361"
"TANQUES EPM - GIRARDOTA","2022-02-08","","18.47313889"
"TANQUES EPM - GIRARDOTA","2022-02-07","","19.04771528"
"TANQUES EPM - GIRARDOTA","2022-02-06","","19.15013487"
"TANQUES EPM - GIRARDOTA","2022-02-05","","20.12046528"
"TANQUES EPM - GIRARDOTA","2022-02-04","","20.55329861"
"TANQUES EPM - GIRARDOTA","2022-02-03","","21.4398125"
"TANQUES EPM - GIRARDOTA","2022-02-02","","20.81529861"
"TANQUES EPM - GIRARDOTA","2022-02-01","","20.25842361"
"TANQUES EPM - GIRARDOTA","2022-01-31","","20.15351449"
"TANQUES EPM - GIRARDOTA","2022-01-30","","19.8795"
"TANQUES EPM - GIRARDOTA","2022-01-29","","19.96957639"
"TANQUES EPM - GIRARDOTA","2022-01-28","","21.06440972"
"TANQUES EPM - GIRARDOTA","2022-01-27","","20.18126389"
"TANQUES EPM - GIRARDOTA","2022-01-26","","20.48024306"
"TANQUES EPM - GIRARDOTA","2022-01-25","","20.86511111"
"TANQUES EPM - GIRARDOTA","2022-01-24","","21.3093125"
"TANQUES EPM - GIRARDOTA","2022-01-23","","21.58085417"
"TANQUES EPM - GIRARDOTA","2022-01-22","","21.22277083"
"TANQUES EPM - GIRARDOTA","2022-01-21","","21.92355556"
"TANQUES EPM - GIRARDOTA","2022-01-20","","22.42313889"
"TANQUES EPM - GIRARDOTA","2022-01-19","","21.65575694"
"TANQUES EPM - GIRARDOTA","2022-01-18","","19.75986111"
"TANQUES EPM - GIRARDOTA","2022-01-17","","20.74702083"
"TANQUES EPM - GIRARDOTA","2022-01-16","","21.08223611"
"TANQUES EPM - GIRARDOTA","2022-01-15","","20.12926389"
"TANQUES EPM - GIRARDOTA","2022-01-14","","19.2684375"
"TANQUES EPM - GIRARDOTA","2022-01-13","","19.72308333"
"TANQUES EPM - GIRARDOTA","2022-01-12","","19.91111806"
"TANQUES EPM - GIRARDOTA","2022-01-11","","18.98567361"
"TANQUES EPM - GIRARDOTA","2022-01-10","","19.64455556"
"TANQUES EPM - GIRARDOTA","2022-01-09","","20.51654167"
"TANQUES EPM - GIRARDOTA","2022-01-08","","19.98232639"
"TANQUES EPM - GIRARDOTA","2022-01-07","","18.40205556"
"TANQUES EPM - GIRARDOTA","2022-01-06","","18.59656944"
"TANQUES EPM - GIRARDOTA","2022-01-05","","20.68319444"
"TANQUES EPM - GIRARDOTA","2022-01-04","","20.54836806"
"TANQUES EPM - GIRARDOTA","2022-01-03","","21.13514583"
"TANQUES EPM - GIRARDOTA","2022-01-02","","20.23826389"
"TANQUES EPM - GIRARDOTA","2022-01-01","","20.61874306"
"TANQUES EPM - GIRARDOTA","2021-12-31","","21.23163768"
"TANQUES EPM - GIRARDOTA","2021-12-30","","20.84441667"
"TANQUES EPM - GIRARDOTA","2021-12-29","","20.03863426"
"TANQUES EPM - GIRARDOTA","2021-12-28","","20.29397917"
"TANQUES EPM - GIRARDOTA","2021-12-27","","20.08691667"
"TANQUES EPM - GIRARDOTA","2021-12-26","","21.70838194"
"TANQUES EPM - GIRARDOTA","2021-12-25","","21.86811806"
"TANQUES EPM - GIRARDOTA","2021-12-24","","21.45327778"
"TANQUES EPM - GIRARDOTA","2021-12-23","","20.98853472"
"TANQUES EPM - GIRARDOTA","2021-12-22","","21.40526389"
"TANQUES EPM - GIRARDOTA","2021-12-21","","22.22254085"
"TANQUES EPM - GIRARDOTA","2021-12-10","","20.4721774"
"TANQUES EPM - GIRARDOTA","2021-12-09","","23.00675383"
"TANQUES EPM - GIRARDOTA","2021-12-06","","20.29591667"
"TANQUES EPM - GIRARDOTA","2021-12-05","","21.77102778"
"TANQUES EPM - GIRARDOTA","2021-12-04","","21.181625"
"TANQUES EPM - GIRARDOTA","2021-12-03","","20.9573125"
"TANQUES EPM - GIRARDOTA","2021-12-02","","21.51234604"
"TANQUES EPM - GIRARDOTA","2021-12-01","","20.30155556"
"TANQUES EPM - GIRARDOTA","2021-11-30","","20.80834783"
"TANQUES EPM - GIRARDOTA","2021-11-29","","20.81552083"
"TANQUES EPM - GIRARDOTA","2021-11-28","","21.27229861"
"TANQUES EPM - GIRARDOTA","2021-11-27","","20.76360145"
"TANQUES EPM - GIRARDOTA","2021-11-26","","18.6537094"
"TANQUES EPM - GIRARDOTA","2021-11-25","","19.21231944"
"TANQUES EPM - GIRARDOTA","2021-11-24","","19.29591667"
"TANQUES EPM - GIRARDOTA","2021-11-23","","18.84601389"
"TANQUES EPM - GIRARDOTA","2021-11-22","","18.80306944"
"TANQUES EPM - GIRARDOTA","2021-11-21","","19.38531945"
"TANQUES EPM - GIRARDOTA","2021-11-20","","20.18745139"
"TANQUES EPM - GIRARDOTA","2021-11-19","","20.13835566"
"TANQUES EPM - GIRARDOTA","2021-11-18","","21.35005556"
"TANQUES EPM - GIRARDOTA","2021-11-17","","21.26929167"
"TANQUES EPM - GIRARDOTA","2021-11-16","","20.96699306"
"TANQUES EPM - GIRARDOTA","2021-11-15","","19.70502778"
"TANQUES EPM - GIRARDOTA","2021-11-14","","19.81580556"
"TANQUES EPM - GIRARDOTA","2021-11-13","","19.88284722"
"TANQUES EPM - GIRARDOTA","2021-11-12","","21.13161806"
"TANQUES EPM - GIRARDOTA","2021-11-11","","21.04072222"
"TANQUES EPM - GIRARDOTA","2021-11-10","","19.90968056"
"TANQUES EPM - GIRARDOTA","2021-11-09","","20.09545139"
"TANQUES EPM - GIRARDOTA","2021-11-08","","20.33690278"
"TANQUES EPM - GIRARDOTA","2021-11-07","","21.20624306"
"TANQUES EPM - GIRARDOTA","2021-11-06","","21.29084028"
"TANQUES EPM - GIRARDOTA","2021-11-05","","20.984625"
"TANQUES EPM - GIRARDOTA","2021-11-04","","19.51641667"
"TANQUES EPM - GIRARDOTA","2021-11-03","","19.62234736"
"TANQUES EPM - GIRARDOTA","2021-11-02","","19.572475"
"TANQUES EPM - GIRARDOTA","2021-11-01","","19.59361805"
"TANQUES EPM - GIRARDOTA","2021-10-31","","18.77225362"
"TANQUES EPM - GIRARDOTA","2021-10-30","","19.42103472"
"TANQUES EPM - GIRARDOTA","2021-10-29","","18.92089583"
"TANQUES EPM - GIRARDOTA","2021-10-28","","19.26123611"
"TANQUES EPM - GIRARDOTA","2021-10-27","","19.17140278"
"TANQUES EPM - GIRARDOTA","2021-10-26","","20.91255556"
"TANQUES EPM - GIRARDOTA","2021-10-25","","21.43518056"
"TANQUES EPM - GIRARDOTA","2021-10-24","","20.94467361"
"TANQUES EPM - GIRARDOTA","2021-10-23","","20.51404104"
"TANQUES EPM - GIRARDOTA","2021-10-22","","19.78523611"
"TANQUES EPM - GIRARDOTA","2021-10-21","","19.48939583"
"TANQUES EPM - GIRARDOTA","2021-10-20","","20.28259028"
"TANQUES EPM - GIRARDOTA","2021-10-19","","21.3555625"
"TANQUES EPM - GIRARDOTA","2021-10-18","","21.33635417"
"TANQUES EPM - GIRARDOTA","2021-10-17","","20.36661111"
"TANQUES EPM - GIRARDOTA","2021-10-16","","21.04379861"
"TANQUES EPM - GIRARDOTA","2021-10-15","","21.08789583"
"TANQUES EPM - GIRARDOTA","2021-10-14","","20.16004167"
"TANQUES EPM - GIRARDOTA","2021-10-13","","20.60799305"
"TANQUES EPM - GIRARDOTA","2021-10-12","","21.46392361"
"TANQUES EPM - GIRARDOTA","2021-10-11","","20.15790972"
"TANQUES EPM - GIRARDOTA","2021-10-10","","19.75507639"
"TANQUES EPM - GIRARDOTA","2021-10-09","","19.64352778"
"TANQUES EPM - GIRARDOTA","2021-10-08","","20.869375"
"TANQUES EPM - GIRARDOTA","2021-10-07","","21.65210417"
"TANQUES EPM - GIRARDOTA","2021-10-06","","21.13876389"
"TANQUES EPM - GIRARDOTA","2021-10-05","","21.32322222"
"TANQUES EPM - GIRARDOTA","2021-10-04","","21.75220069"
"TANQUES EPM - GIRARDOTA","2021-10-03","","21.58375"
"TANQUES EPM - GIRARDOTA","2021-10-02","","20.53120833"
"TANQUES EPM - GIRARDOTA","2021-10-01","","20.8006875"
"TANQUES EPM - GIRARDOTA","2021-09-30","","20.72597826"
"TANQUES EPM - GIRARDOTA","2021-09-29","","19.90070139"
"TANQUES EPM - GIRARDOTA","2021-09-28","","19.44377083"
"TANQUES EPM - GIRARDOTA","2021-09-27","","22.30095833"
"TANQUES EPM - GIRARDOTA","2021-09-26","","22.26765278"
"TANQUES EPM - GIRARDOTA","2021-09-25","","22.28551389"
"TANQUES EPM - GIRARDOTA","2021-09-24","","20.78325"
"TANQUES EPM - GIRARDOTA","2021-09-23","","19.42634028"
"TANQUES EPM - GIRARDOTA","2021-09-22","","20.21134722"
"TANQUES EPM - GIRARDOTA","2021-09-21","","20.20610417"
"TANQUES EPM - GIRARDOTA","2021-09-20","","21.37422222"
"TANQUES EPM - GIRARDOTA","2021-09-19","","21.23558333"
"TANQUES EPM - GIRARDOTA","2021-09-18","","22.59827083"
"TANQUES EPM - GIRARDOTA","2021-09-17","","22.48386806"
"TANQUES EPM - GIRARDOTA","2021-09-16","","22.853"
"TANQUES EPM - GIRARDOTA","2021-09-15","","20.23976667"
"TANQUES EPM - GIRARDOTA","2021-09-14","","20.99518056"
"TANQUES EPM - GIRARDOTA","2021-09-13","","21.63238889"
"TANQUES EPM - GIRARDOTA","2021-09-12","","20.61251389"
"TANQUES EPM - GIRARDOTA","2021-09-11","","20.49459722"
"TANQUES EPM - GIRARDOTA","2021-09-10","","21.68321528"
"TANQUES EPM - GIRARDOTA","2021-09-09","","21.392625"
"TANQUES EPM - GIRARDOTA","2021-09-08","","18.77893056"
"TANQUES EPM - GIRARDOTA","2021-09-07","","18.73267361"
"TANQUES EPM - GIRARDOTA","2021-09-06","","19.02254861"
"TANQUES EPM - GIRARDOTA","2021-09-05","","19.42490972"
"TANQUES EPM - GIRARDOTA","2021-09-04","","20.92735417"
"TANQUES EPM - GIRARDOTA","2021-09-03","","21.70395139"
"TANQUES EPM - GIRARDOTA","2021-09-02","","21.90369444"
"TANQUES EPM - GIRARDOTA","2021-09-01","","19.90378472"
"TANQUES EPM - GIRARDOTA","2021-08-31","","18.8150942"
"TANQUES EPM - GIRARDOTA","2021-08-30","","19.62173611"
"TANQUES EPM - GIRARDOTA","2021-08-29","","21.59126389"
"TANQUES EPM - GIRARDOTA","2021-08-28","","21.19079861"
"TANQUES EPM - GIRARDOTA","2021-08-27","","21.31522917"
"TANQUES EPM - GIRARDOTA","2021-08-26","","20.10145139"
"TANQUES EPM - GIRARDOTA","2021-08-25","","19.21052083"
"TANQUES EPM - GIRARDOTA","2021-08-24","","19.79030556"
"TANQUES EPM - GIRARDOTA","2021-08-23","","21.57923611"
"TANQUES EPM - GIRARDOTA","2021-08-22","","23.76173039"
"TANQUES EPM - GIRARDOTA","2021-08-21","","21.23309722"
"TANQUES EPM - GIRARDOTA","2021-08-20","","19.32952778"
"TANQUES EPM - GIRARDOTA","2021-08-19","","20.08627083"
"TANQUES EPM - GIRARDOTA","2021-08-18","","20.88598611"
"TANQUES EPM - GIRARDOTA","2021-08-17","","20.18852778"
"TANQUES EPM - GIRARDOTA","2021-08-16","","18.98377778"
"TANQUES EPM - GIRARDOTA","2021-08-15","","19.85067361"
"TANQUES EPM - GIRARDOTA","2021-08-14","","18.94136111"
"TANQUES EPM - GIRARDOTA","2021-08-13","","20.37252083"
"TANQUES EPM - GIRARDOTA","2021-08-12","","20.08590972"
"TANQUES EPM - GIRARDOTA","2021-08-11","","20.93121528"
"TANQUES EPM - GIRARDOTA","2021-08-10","","20.8823125"
"TANQUES EPM - GIRARDOTA","2021-08-09","","22.43768056"
"TANQUES EPM - GIRARDOTA","2021-08-08","","21.20138889"
"TANQUES EPM - GIRARDOTA","2021-08-07","","21.87739583"
"TANQUES EPM - GIRARDOTA","2021-08-06","","22.19138889"
"TANQUES EPM - GIRARDOTA","2021-08-05","","22.43661111"
"TANQUES EPM - GIRARDOTA","2021-08-04","","21.82740278"
"TANQUES EPM - GIRARDOTA","2021-08-03","","21.99663912"
"TANQUES EPM - GIRARDOTA","2021-08-02","","22.94173611"
"TANQUES EPM - GIRARDOTA","2021-08-01","","23.1276875"
"TANQUES EPM - GIRARDOTA","2021-07-31","","22.82778986"
"TANQUES EPM - GIRARDOTA","2021-07-30","","22.15036911"
"TANQUES EPM - GIRARDOTA","2021-07-29","","21.94431944"
"TANQUES EPM - GIRARDOTA","2021-07-28","","20.97455556"
"TANQUES EPM - GIRARDOTA","2021-07-27","","19.00277778"
"TANQUES EPM - GIRARDOTA","2021-07-26","","20.4386875"
"TANQUES EPM - GIRARDOTA","2021-07-25","","18.72743526"
"TANQUES EPM - GIRARDOTA","2021-07-24","","20.40161111"
"TANQUES EPM - GIRARDOTA","2021-07-23","","22.85670833"
"TANQUES EPM - GIRARDOTA","2021-07-22","","22.47338653"
"TANQUES EPM - GIRARDOTA","2021-07-21","","22.72783333"
"TANQUES EPM - GIRARDOTA","2021-07-20","","22.74937811"
"TANQUES EPM - GIRARDOTA","2021-07-19","","22.76523957"
"TANQUES EPM - GIRARDOTA","2021-07-18","","21.82041767"
"TANQUES EPM - GIRARDOTA","2021-07-17","","21.19442361"
"TANQUES EPM - GIRARDOTA","2021-07-16","","20.57950694"
"TANQUES EPM - GIRARDOTA","2021-07-15","","22.32318353"
"TANQUES EPM - GIRARDOTA","2021-07-14","","21.70597208"
"TANQUES EPM - GIRARDOTA","2021-07-13","","20.68871528"
"TANQUES EPM - GIRARDOTA","2021-07-12","","21.68215972"
"TANQUES EPM - GIRARDOTA","2021-07-11","","20.62920139"
"TANQUES EPM - GIRARDOTA","2021-07-10","","20.94569444"
"TANQUES EPM - GIRARDOTA","2021-07-09","","20.73285417"
"TANQUES EPM - GIRARDOTA","2021-07-08","","21.6961875"
"TANQUES EPM - GIRARDOTA","2021-07-07","","23.03089583"
"TANQUES EPM - GIRARDOTA","2021-07-06","","22.00140972"
"TANQUES EPM - GIRARDOTA","2021-07-05","","21.24313889"
"TANQUES EPM - GIRARDOTA","2021-07-04","","21.8164375"
"TANQUES EPM - GIRARDOTA","2021-07-03","","22.38729861"
"TANQUES EPM - GIRARDOTA","2021-07-02","","21.41593056"
"TANQUES EPM - GIRARDOTA","2021-07-01","","20.98772222"
"TANQUES EPM - GIRARDOTA","2021-06-30","","21.62989983"
"TANQUES EPM - GIRARDOTA","2021-06-29","","21.72448611"
"TANQUES EPM - GIRARDOTA","2021-06-28","","20.97063194"
"TANQUES EPM - GIRARDOTA","2021-06-27","","19.62500695"
"TANQUES EPM - GIRARDOTA","2021-06-26","","19.68716667"
"TANQUES EPM - GIRARDOTA","2021-06-25","","20.49451389"
"TANQUES EPM - GIRARDOTA","2021-06-24","","19.0350625"
"TANQUES EPM - GIRARDOTA","2021-06-23","","20.289875"
"TANQUES EPM - GIRARDOTA","2021-06-22","","19.02533333"
"TANQUES EPM - GIRARDOTA","2021-06-21","","20.91343056"
"TANQUES EPM - GIRARDOTA","2021-06-20","","19.93136805"
"TANQUES EPM - GIRARDOTA","2021-06-19","","21.09899306"
"TANQUES EPM - GIRARDOTA","2021-06-18","","21.5139375"
"TANQUES EPM - GIRARDOTA","2021-06-17","","22.41018056"
"TANQUES EPM - GIRARDOTA","2021-06-16","","20.79275"
"TANQUES EPM - GIRARDOTA","2021-06-15","","20.37088889"
"TANQUES EPM - GIRARDOTA","2021-06-14","","19.72475694"
"TANQUES EPM - GIRARDOTA","2021-06-13","","19.55827778"
"TANQUES EPM - GIRARDOTA","2021-06-12","","19.41325"
"TANQUES EPM - GIRARDOTA","2021-06-11","","20.8251875"
"TANQUES EPM - GIRARDOTA","2021-06-10","","20.16124306"
"TANQUES EPM - GIRARDOTA","2021-06-09","","18.60966667"
"TANQUES EPM - GIRARDOTA","2021-06-08","","19.12899306"
"TANQUES EPM - GIRARDOTA","2021-06-07","","20.15965278"
"TANQUES EPM - GIRARDOTA","2021-06-06","","20.36543056"
"TANQUES EPM - GIRARDOTA","2021-06-05","","21.75847222"
"TANQUES EPM - GIRARDOTA","2021-06-04","","21.75371916"
"TANQUES EPM - GIRARDOTA","2021-06-03","","21.81093855"
"TANQUES EPM - GIRARDOTA","2021-06-02","","21.1415625"
"TANQUES EPM - GIRARDOTA","2021-06-01","","19.43203472"
"TANQUES EPM - GIRARDOTA","2021-05-31","","21.43146377"
"TANQUES EPM - GIRARDOTA","2021-05-30","","20.45805556"
"TANQUES EPM - GIRARDOTA","2021-05-29","","19.40398611"
"TANQUES EPM - GIRARDOTA","2021-05-28","","20.31147222"
"TANQUES EPM - GIRARDOTA","2021-05-27","","20.79920833"
"TANQUES EPM - GIRARDOTA","2021-05-26","","21.56676389"
"TANQUES EPM - GIRARDOTA","2021-05-25","","21.65252899"
"TANQUES EPM - GIRARDOTA","2021-05-24","","21.30706944"
"TANQUES EPM - GIRARDOTA","2021-05-23","","21.78024306"
"TANQUES EPM - GIRARDOTA","2021-05-22","","21.65906945"
"TANQUES EPM - GIRARDOTA","2021-05-21","","21.6065625"
"TANQUES EPM - GIRARDOTA","2021-05-20","","22.56439855"
"TANQUES EPM - GIRARDOTA","2021-05-19","","21.56527778"
"TANQUES EPM - GIRARDOTA","2021-05-18","","19.11629861"
"TANQUES EPM - GIRARDOTA","2021-05-17","","20.30253472"
"TANQUES EPM - GIRARDOTA","2021-05-16","","20.95586111"
"TANQUES EPM - GIRARDOTA","2021-05-15","","22.13567391"
"TANQUES EPM - GIRARDOTA","2021-05-14","","22.48594444"
"TANQUES EPM - GIRARDOTA","2021-05-13","","22.58872222"
"TANQUES EPM - GIRARDOTA","2021-05-12","","22.80059722"
"TANQUES EPM - GIRARDOTA","2021-05-11","","22.15859722"
"TANQUES EPM - GIRARDOTA","2021-05-10","","21.47718841"
"TANQUES EPM - GIRARDOTA","2021-05-09","","21.04566667"
"TANQUES EPM - GIRARDOTA","2021-05-08","","19.7178125"
"TANQUES EPM - GIRARDOTA","2021-05-07","","20.09532639"
"TANQUES EPM - GIRARDOTA","2021-05-06","","19.36638889"
"TANQUES EPM - GIRARDOTA","2021-05-04","","19.49718116"
"TANQUES EPM - GIRARDOTA","2021-05-03","","18.52997917"
"TANQUES EPM - GIRARDOTA","2021-05-02","","19.2505"
"TANQUES EPM - GIRARDOTA","2021-05-01","","19.48959722"
"TANQUES EPM - GIRARDOTA","2021-04-30","","18.62113889"
"TANQUES EPM - GIRARDOTA","2021-04-29","","18.86127083"
"TANQUES EPM - GIRARDOTA","2021-04-28","","19.33096528"
"TANQUES EPM - GIRARDOTA","2021-04-27","","19.10163889"
"TANQUES EPM - GIRARDOTA","2021-04-26","","21.78688194"
"TANQUES EPM - GIRARDOTA","2021-04-25","","22.14375694"
"TANQUES EPM - GIRARDOTA","2021-04-24","","21.16800694"
"TANQUES EPM - GIRARDOTA","2021-04-23","","20.73794445"
"TANQUES EPM - GIRARDOTA","2021-04-22","","22.483125"
"TANQUES EPM - GIRARDOTA","2021-04-21","","21.794875"
"TANQUES EPM - GIRARDOTA","2021-04-20","","21.38363409"
"TANQUES EPM - GIRARDOTA","2021-04-19","","21.83945139"
"TANQUES EPM - GIRARDOTA","2021-04-18","","21.40923611"
"TANQUES EPM - GIRARDOTA","2021-04-17","","22.14075"
"TANQUES EPM - GIRARDOTA","2021-04-16","","20.73795139"
"TANQUES EPM - GIRARDOTA","2021-04-15","","21.43984028"
"TANQUES EPM - GIRARDOTA","2021-04-14","","21.75855556"
"TANQUES EPM - GIRARDOTA","2021-04-13","","22.76620139"
"TANQUES EPM - GIRARDOTA","2021-04-12","","22.03076389"
"TANQUES EPM - GIRARDOTA","2021-04-11","","21.89247917"
"TANQUES EPM - GIRARDOTA","2021-04-10","","20.75945139"
"TANQUES EPM - GIRARDOTA","2021-04-09","","20.0546875"
"TANQUES EPM - GIRARDOTA","2021-04-08","","21.94127083"
"TANQUES EPM - GIRARDOTA","2021-04-07","","21.31747222"
"TANQUES EPM - GIRARDOTA","2021-04-06","","20.83607639"
"TANQUES EPM - GIRARDOTA","2021-04-05","","21.51970833"
"TANQUES EPM - GIRARDOTA","2021-04-04","","21.27852083"
"TANQUES EPM - GIRARDOTA","2021-04-03","","20.05184028"
"TANQUES EPM - GIRARDOTA","2021-04-02","","20.59718056"
"TANQUES EPM - GIRARDOTA","2021-04-01","","21.06096377"
"TANQUES EPM - GIRARDOTA","2021-03-31","","22.58657971"
"TANQUES EPM - GIRARDOTA","2021-03-30","","21.81426389"
"TANQUES EPM - GIRARDOTA","2021-03-29","","21.79170833"
"TANQUES EPM - GIRARDOTA","2021-03-28","","21.15864583"
"TANQUES EPM - GIRARDOTA","2021-03-27","","19.98641667"
"TANQUES EPM - GIRARDOTA","2021-03-26","","19.89842361"
"TANQUES EPM - GIRARDOTA","2021-03-25","","20.44645115"
"TANQUES EPM - GIRARDOTA","2021-03-24","","19.38082242"
"TANQUES EPM - GIRARDOTA","2021-03-23","","19.33282958"
"TANQUES EPM - GIRARDOTA","2021-03-22","","18.53204446"
"TANQUES EPM - GIRARDOTA","2021-03-21","","20.3025246"
"TANQUES EPM - GIRARDOTA","2021-03-20","","18.94136029"
"TANQUES EPM - GIRARDOTA","2021-03-19","","20.27017575"
"TANQUES EPM - GIRARDOTA","2021-03-18","","18.97416704"
"TANQUES EPM - GIRARDOTA","2021-03-17","","19.49917361"
"TANQUES EPM - GIRARDOTA","2021-03-16","","19.98020263"
"TANQUES EPM - GIRARDOTA","2021-03-15","","20.00403053"
"TANQUES EPM - GIRARDOTA","2021-03-14","","19.89214338"
"TANQUES EPM - GIRARDOTA","2021-03-13","","19.68893111"
"TANQUES EPM - GIRARDOTA","2021-03-12","","17.68490462"
"TANQUES EPM - GIRARDOTA","2021-03-11","","18.91567528"
"TANQUES EPM - GIRARDOTA","2021-03-10","","19.70256663"
"TANQUES EPM - GIRARDOTA","2021-03-09","","20.77558811"
"TANQUES EPM - GIRARDOTA","2021-03-08","","20.04865987"
"TANQUES EPM - GIRARDOTA","2021-03-07","","20.6469706"
"TANQUES EPM - GIRARDOTA","2021-03-06","","20.85071014"
"TANQUES EPM - GIRARDOTA","2021-03-05","","19.48231942"
"TANQUES EPM - GIRARDOTA","2021-03-04","","20.39770909"
"TANQUES EPM - GIRARDOTA","2021-03-03","","20.74388266"
"TANQUES EPM - GIRARDOTA","2021-03-02","","21.06335515"
"TANQUES EPM - GIRARDOTA","2021-03-01","","21.2218256"
"TANQUES EPM - GIRARDOTA","2021-02-28","","21.45158989"
"TANQUES EPM - GIRARDOTA","2021-02-27","","20.49210001"
"TANQUES EPM - GIRARDOTA","2021-02-26","","20.9476025"
"TANQUES EPM - GIRARDOTA","2021-02-25","","21.41394625"
"TANQUES EPM - GIRARDOTA","2021-02-24","","21.28495159"
"TANQUES EPM - GIRARDOTA","2021-02-23","","20.06575964"
"TANQUES EPM - GIRARDOTA","2021-02-22","","20.67257958"
"TANQUES EPM - GIRARDOTA","2021-02-21","","19.91316667"
"TANQUES EPM - GIRARDOTA","2021-02-20","","20.05653472"
"TANQUES EPM - GIRARDOTA","2021-02-19","","19.4855811"
"TANQUES EPM - GIRARDOTA","2021-02-18","","20.23837657"
"TANQUES EPM - GIRARDOTA","2021-02-17","","20.59529743"
"TANQUES EPM - GIRARDOTA","2021-02-16","","21.39798989"
"TANQUES EPM - GIRARDOTA","2021-02-15","","21.84708837"
"TANQUES EPM - GIRARDOTA","2021-02-14","","20.62383241"
"TANQUES EPM - GIRARDOTA","2021-02-13","","20.34576935"
"TANQUES EPM - GIRARDOTA","2021-02-12","","20.56228472"
"TANQUES EPM - GIRARDOTA","2021-02-11","","20.90411542"
"TANQUES EPM - GIRARDOTA","2021-02-10","","20.1238517"
"TANQUES EPM - GIRARDOTA","2021-02-09","","20.68485396"
"TANQUES EPM - GIRARDOTA","2021-02-08","","21.67525694"
"TANQUES EPM - GIRARDOTA","2021-02-07","","22.42808333"
"TANQUES EPM - GIRARDOTA","2021-02-06","","21.93154861"
"TANQUES EPM - GIRARDOTA","2021-02-05","","21.73586111"
"TANQUES EPM - GIRARDOTA","2021-02-04","","22.78477778"
"TANQUES EPM - GIRARDOTA","2021-02-03","","21.71084028"
"TANQUES EPM - GIRARDOTA","2021-02-02","","21.82998611"
"TANQUES EPM - GIRARDOTA","2021-02-01","","21.87984028"
"TANQUES EPM - GIRARDOTA","2021-01-31","","22.6499375"
"TANQUES EPM - GIRARDOTA","2021-01-30","","22.18336111"
"TANQUES EPM - GIRARDOTA","2021-01-29","","20.81886806"
"TANQUES EPM - GIRARDOTA","2021-01-28","","21.3565"
"TANQUES EPM - GIRARDOTA","2021-01-27","","21.60533333"
"TANQUES EPM - GIRARDOTA","2021-01-26","","20.97755556"
"TANQUES EPM - GIRARDOTA","2021-01-25","","21.74397917"
"TANQUES EPM - GIRARDOTA","2021-01-24","","18.8286601"
"TANQUES EPM - GIRARDOTA","2021-01-23","","20.77830556"
"TANQUES EPM - GIRARDOTA","2021-01-22","","21.74624306"
"TANQUES EPM - GIRARDOTA","2021-01-21","","23.24717522"
"TANQUES EPM - GIRARDOTA","2021-01-06","","19.20114286"
"TANQUES EPM - GIRARDOTA","2021-01-05","","20.45503472"
"TANQUES EPM - GIRARDOTA","2021-01-04","","20.4354375"
"TANQUES EPM - GIRARDOTA","2021-01-03","","21.23389583"
"TANQUES EPM - GIRARDOTA","2021-01-02","","21.0215"
"TANQUES EPM - GIRARDOTA","2021-01-01","","19.73140278"
"TANQUES EPM - GIRARDOTA","2020-12-31","","20.76897917"
"TANQUES EPM - GIRARDOTA","2020-12-30","","20.69871528"
"TANQUES EPM - GIRARDOTA","2020-12-29","","20.29013314"
"TANQUES EPM - GIRARDOTA","2020-12-28","","20.28481848"
