"Estacion","Fecha inicial","Fecha final","O3"
"MED-Villahermosa","2015-06-30","","37.81666667"
"MED-Villahermosa","2015-06-29","","26.65833333"
"MED-Villahermosa","2015-06-28","","25.9375"
"MED-Villahermosa","2015-06-27","","38.07916667"
"MED-Villahermosa","2015-06-26","","32.43333333"
"MED-Villahermosa","2015-06-25","","31.19583333"
"MED-Villahermosa","2015-06-24","","31.5875"
"MED-Villahermosa","2015-06-23","","27.84166667"
"MED-Villahermosa","2015-06-22","","25.24166667"
"MED-Villahermosa","2015-06-21","","33.27916667"
"MED-Villahermosa","2015-06-20","","31.65416667"
"MED-Villahermosa","2015-06-19","","29.645"
"MED-Villahermosa","2015-06-18","","33.98333333"
"MED-Villahermosa","2015-06-17","","25.51666667"
"MED-Villahermosa","2015-06-16","","31.32916667"
"MED-Villahermosa","2015-06-15","","29.1875"
"MED-Villahermosa","2015-06-14","","27.40416667"
"MED-Villahermosa","2015-06-13","","30.65"
"MED-Villahermosa","2015-06-12","","27.31666667"
"MED-Villahermosa","2015-06-11","","29.25416667"
"MED-Villahermosa","2015-06-10","","30.70416667"
"MED-Villahermosa","2015-06-09","","25.50416667"
"MED-Villahermosa","2015-06-08","","30.075"
"MED-Villahermosa","2015-06-07","","28.34166667"
"MED-Villahermosa","2015-06-06","","29.63333333"
"MED-Villahermosa","2015-06-05","","18.22083333"
"MED-Villahermosa","2015-06-04","","28.54166667"
"MED-Villahermosa","2015-06-03","","31.1375"
"MED-Villahermosa","2015-06-02","","27.4875"
"MED-Villahermosa","2015-06-01","","23.59583333"
"MED-Villahermosa","2015-05-31","","28.025"
"MED-Villahermosa","2015-05-30","","30.54166667"
"MED-Villahermosa","2015-05-29","","25.43333333"
"MED-Villahermosa","2015-05-28","","17.825"
"MED-Villahermosa","2015-05-27","","24.0375"
"MED-Villahermosa","2015-05-26","","17.675"
"MED-Villahermosa","2015-05-25","","24.07083333"
"MED-Villahermosa","2015-05-24","","29.02083333"
"MED-Villahermosa","2015-05-23","","37.7"
"MED-Villahermosa","2015-05-22","","22.42083333"
"MED-Villahermosa","2015-05-21","","33.95238095"
"MED-Villahermosa","2015-05-20","","29.80416667"
"MED-Villahermosa","2015-05-19","","22.1"
"MED-Villahermosa","2015-05-18","","34.63333333"
"MED-Villahermosa","2015-05-17","","29.23333333"
"MED-Villahermosa","2015-05-16","","27.87916667"
"MED-Villahermosa","2015-05-15","","25.62083333"
"MED-Villahermosa","2015-05-14","","40.9375"
"MED-Villahermosa","2015-05-13","","44.325"
"MED-Villahermosa","2015-05-12","","42.52083333"
"MED-Villahermosa","2015-05-11","","38.1875"
"MED-Villahermosa","2015-05-10","","35.57916667"
"MED-Villahermosa","2015-05-09","","36.51666667"
"MED-Villahermosa","2015-05-08","","45.31666667"
"MED-Villahermosa","2015-05-07","","51.19583333"
"MED-Villahermosa","2015-05-06","","33.32916667"
"MED-Villahermosa","2015-05-05","","45.19166667"
"MED-Villahermosa","2015-05-04","","28.30416667"
"MED-Villahermosa","2015-05-03","","33.1875"
"MED-Villahermosa","2015-05-02","","31.0"
"MED-Villahermosa","2015-05-01","","26.55833333"
"MED-Villahermosa","2015-04-30","","25.35833333"
"MED-Villahermosa","2015-04-29","","35.42916667"
"MED-Villahermosa","2015-04-28","","43.60769231"
"MED-Villahermosa","2015-04-27","","24.29090909"
"MED-Villahermosa","2015-04-26","","34.275"
"MED-Villahermosa","2015-04-25","","28.31666667"
"MED-Villahermosa","2015-04-24","","40.57916667"
"MED-Villahermosa","2015-04-23","","45.3625"
"MED-Villahermosa","2015-04-22","","40.05416667"
"MED-Villahermosa","2015-04-21","","34.7"
"MED-Villahermosa","2015-04-20","","26.42916667"
"MED-Villahermosa","2015-04-19","","28.39583333"
"MED-Villahermosa","2015-04-18","","47.52"
"MED-Villahermosa","2015-04-16","","38.91666667"
"MED-Villahermosa","2015-04-15","","38.6375"
"MED-Villahermosa","2015-04-14","","33.0375"
"MED-Villahermosa","2015-04-13","","37.0625"
"MED-Villahermosa","2015-04-12","","45.80416667"
"MED-Villahermosa","2015-04-11","","29.02083333"
"MED-Villahermosa","2015-04-10","","40.525"
"MED-Villahermosa","2015-04-09","","37.97083333"
"MED-Villahermosa","2015-04-08","","50.76666667"
"MED-Villahermosa","2015-04-07","","42.97083333"
"MED-Villahermosa","2015-04-06","","26.16363636"
"MED-Villahermosa","2015-04-05","","26.225"
"MED-Villahermosa","2015-04-04","","23.90416667"
"MED-Villahermosa","2015-04-03","","35.0875"
"MED-Villahermosa","2015-04-02","","50.39583333"
"MED-Villahermosa","2015-04-01","","33.45217391"
"MED-Villahermosa","2015-03-31","","36.13333333"
"MED-Villahermosa","2015-03-30","","27.5875"
"MED-Villahermosa","2015-03-29","","25.96666667"
"MED-Villahermosa","2015-03-28","","34.69583333"
"MED-Villahermosa","2015-03-27","","50.42916667"
"MED-Villahermosa","2015-03-26","","44.50416667"
"MED-Villahermosa","2015-03-25","","29.8"
"MED-Villahermosa","2015-03-24","","34.325"
"MED-Villahermosa","2015-03-23","","34.42916667"
"MED-Villahermosa","2015-03-22","","34.825"
"MED-Villahermosa","2015-03-21","","29.75833333"
"MED-Villahermosa","2015-03-20","","39.84166667"
"MED-Villahermosa","2015-03-19","","18.05"
"MED-Villahermosa","2015-03-18","","45.89166667"
"MED-Villahermosa","2015-03-17","","61.6625"
"MED-Villahermosa","2015-03-16","","33.70416667"
"MED-Villahermosa","2015-03-15","","42.84583333"
"MED-Villahermosa","2015-03-14","","39.22083333"
"MED-Villahermosa","2015-03-13","","35.42916667"
"MED-Villahermosa","2015-03-12","","43.41666667"
"MED-Villahermosa","2015-03-11","","45.68333333"
"MED-Villahermosa","2015-03-10","","40.9875"
"MED-Villahermosa","2015-03-09","","47.0875"
"MED-Villahermosa","2015-03-08","","45.85833333"
"MED-Villahermosa","2015-03-07","","38.50833333"
"MED-Villahermosa","2015-03-06","","37.5125"
"MED-Villahermosa","2015-03-05","","47.37083333"
"MED-Villahermosa","2015-03-04","","49.7375"
"MED-Villahermosa","2015-03-03","","39.67916667"
"MED-Villahermosa","2015-03-02","","32.125"
"MED-Villahermosa","2015-03-01","","25.46666667"
"MED-Villahermosa","2015-02-28","","26.52916667"
"MED-Villahermosa","2015-02-27","","43.49583333"
"MED-Villahermosa","2015-02-26","","42.0"
"MED-Villahermosa","2015-02-25","","53.9"
"MED-Villahermosa","2015-02-24","","45.22916667"
"MED-Villahermosa","2015-02-23","","48.65833333"
"MED-Villahermosa","2015-02-22","","44.06666667"
"MED-Villahermosa","2015-02-21","","42.81666667"
"MED-Villahermosa","2015-02-20","","47.31666667"
"MED-Villahermosa","2015-02-19","","29.92380952"
"MED-Villahermosa","2015-02-18","","33.00833333"
"MED-Villahermosa","2015-02-17","","36.90833333"
"MED-Villahermosa","2015-02-16","","28.79583333"
"MED-Villahermosa","2015-02-15","","30.47083333"
"MED-Villahermosa","2015-02-14","","25.06666667"
"MED-Villahermosa","2015-02-13","","22.72083333"
"MED-Villahermosa","2015-02-12","","25.80416667"
"MED-Villahermosa","2015-02-11","","12.96666667"
"MED-Villahermosa","2015-02-10","","18.17916667"
"MED-Villahermosa","2015-02-09","","30.92857143"
"MED-Villahermosa","2015-02-08","","28.80416667"
"MED-Villahermosa","2015-02-07","","23.85833333"
"MED-Villahermosa","2015-02-06","","11.5375"
"MED-Villahermosa","2015-02-05","","24.6125"
"MED-Villahermosa","2015-02-04","","33.9375"
"MED-Villahermosa","2015-02-03","","32.64583333"
"MED-Villahermosa","2015-02-02","","30.47916667"
"MED-Villahermosa","2015-02-01","","27.63333333"
"MED-Villahermosa","2015-01-31","","20.54583333"
"MED-Villahermosa","2015-01-30","","18.69166667"
"MED-Villahermosa","2015-01-29","","29.70833333"
"MED-Villahermosa","2015-01-28","","18.89583333"
"MED-Villahermosa","2015-01-27","","22.60833333"
"MED-Villahermosa","2015-01-26","","25.6375"
"MED-Villahermosa","2015-01-25","","25.22083333"
"MED-Villahermosa","2015-01-24","","22.75833333"
"MED-Villahermosa","2015-01-23","","20.12083333"
"MED-Villahermosa","2015-01-22","","17.39"
"MED-Villahermosa","2015-01-17","","32.75"
"MED-Villahermosa","2015-01-16","","27.35"
"MED-Villahermosa","2015-01-15","","25.90416667"
"MED-Villahermosa","2015-01-14","","23.31666667"
"MED-Villahermosa","2015-01-13","","19.05833333"
"MED-Villahermosa","2015-01-12","","35.075"
"MED-Villahermosa","2015-01-11","","35.65833333"
"MED-Villahermosa","2015-01-10","","36.20416667"
"MED-Villahermosa","2015-01-09","","47.96666667"
"MED-Villahermosa","2015-01-08","","45.4125"
"MED-Villahermosa","2015-01-07","","49.025"
"MED-Villahermosa","2015-01-06","","51.48333333"
"MED-Villahermosa","2015-01-05","","35.975"
"MED-Villahermosa","2015-01-04","","39.92916667"
"MED-Villahermosa","2015-01-03","","34.98333333"
"MED-Villahermosa","2015-01-02","","39.49583333"
"MED-Villahermosa","2015-01-01","","34.525"
"MED-Villahermosa","2014-12-31","","36.20833333"
"MED-Villahermosa","2014-12-30","","39.85"
"MED-Villahermosa","2014-12-29","","38.55416667"
"MED-Villahermosa","2014-12-28","","33.95833333"
"MED-Villahermosa","2014-12-27","","30.63333333"
"MED-Villahermosa","2014-12-26","","30.25"
"MED-Villahermosa","2014-12-25","","31.29166667"
"MED-Villahermosa","2014-12-24","","34.98461538"
"MED-Villahermosa","2014-12-18","","8.95416667"
"MED-Villahermosa","2014-12-17","","8.94583333"
"MED-Villahermosa","2014-12-16","","9.90416667"
"MED-Villahermosa","2014-12-15","","9.175"
"MED-Villahermosa","2014-12-14","","11.50416667"
"MED-Villahermosa","2014-12-13","","5.25"
"MED-Villahermosa","2014-12-12","","18.0625"
"MED-Villahermosa","2014-12-11","","16.1125"
"MED-Villahermosa","2014-12-10","","14.84583333"
"MED-Villahermosa","2014-12-09","","6.85833333"
"MED-Villahermosa","2014-12-08","","15.08333333"
"MED-Villahermosa","2014-12-07","","16.15"
"MED-Villahermosa","2014-12-06","","14.45416667"
"MED-Villahermosa","2014-12-05","","16.1"
"MED-Villahermosa","2014-12-04","","22.88333333"
"MED-Villahermosa","2014-12-03","","24.09583333"
"MED-Villahermosa","2014-12-02","","24.6375"
"MED-Villahermosa","2014-12-01","","17.32083333"
"MED-Villahermosa","2014-11-30","","17.17916667"
"MED-Villahermosa","2014-11-29","","23.22083333"
"MED-Villahermosa","2014-11-28","","21.44090909"
"MED-Villahermosa","2014-11-27","","13.1125"
"MED-Villahermosa","2014-11-26","","8.02083333"
"MED-Villahermosa","2014-11-25","","17.25416667"
"MED-Villahermosa","2014-11-24","","13.7625"
"MED-Villahermosa","2014-11-23","","17.40416667"
"MED-Villahermosa","2014-11-22","","23.7875"
"MED-Villahermosa","2014-11-21","","25.32916667"
"MED-Villahermosa","2014-11-20","","17.57916667"
"MED-Villahermosa","2014-11-19","","20.89583333"
"MED-Villahermosa","2014-11-18","","19.9"
"MED-Villahermosa","2014-11-17","","21.8625"
"MED-Villahermosa","2014-11-16","","14.00416667"
"MED-Villahermosa","2014-11-15","","14.98333333"
"MED-Villahermosa","2014-11-14","","12.7125"
"MED-Villahermosa","2014-11-13","","10.69166667"
"MED-Villahermosa","2014-11-12","","9.81666667"
"MED-Villahermosa","2014-11-11","","17.17083333"
"MED-Villahermosa","2014-11-10","","12.47916667"
"MED-Villahermosa","2014-11-09","","16.40416667"
"MED-Villahermosa","2014-11-08","","16.67916667"
"MED-Villahermosa","2014-11-07","","22.95"
"MED-Villahermosa","2014-11-06","","16.59166667"
"MED-Villahermosa","2014-11-05","","21.60416667"
"MED-Villahermosa","2014-11-04","","28.9"
"MED-Villahermosa","2014-11-03","","20.65833333"
"MED-Villahermosa","2014-11-02","","19.17916667"
"MED-Villahermosa","2014-11-01","","19.3875"
"MED-Villahermosa","2014-10-31","","17.85"
"MED-Villahermosa","2014-10-30","","28.19583333"
"MED-Villahermosa","2014-10-29","","22.8826087"
"MED-Villahermosa","2014-10-28","","24.37727273"
"MED-Villahermosa","2014-10-27","","17.7"
"MED-Villahermosa","2014-10-26","","13.04583333"
"MED-Villahermosa","2014-10-25","","21.35"
"MED-Villahermosa","2014-10-24","","28.58333333"
"MED-Villahermosa","2014-10-23","","16.79583333"
"MED-Villahermosa","2014-10-22","","20.50416667"
"MED-Villahermosa","2014-10-21","","9.495"
"MED-Villahermosa","2014-10-20","","15.37142857"
"MED-Villahermosa","2014-10-19","","24.8625"
"MED-Villahermosa","2014-10-18","","19.25833333"
"MED-Villahermosa","2014-10-17","","17.2125"
"MED-Villahermosa","2014-10-16","","20.00833333"
"MED-Villahermosa","2014-10-15","","13.91666667"
"MED-Villahermosa","2014-10-14","","16.55416667"
"MED-Villahermosa","2014-10-13","","19.70416667"
"MED-Villahermosa","2014-10-12","","24.45"
"MED-Villahermosa","2014-10-11","","12.51666667"
"MED-Villahermosa","2014-10-10","","12.48333333"
"MED-Villahermosa","2014-10-09","","8.35416667"
"MED-Villahermosa","2014-10-08","","13.55"
"MED-Villahermosa","2014-10-07","","28.8"
"MED-Villahermosa","2014-10-06","","29.00416667"
"MED-Villahermosa","2014-10-05","","28.27916667"
"MED-Villahermosa","2014-10-04","","30.15833333"
"MED-Villahermosa","2014-10-03","","34.77916667"
"MED-Villahermosa","2014-10-02","","35.75416667"
"MED-Villahermosa","2014-10-01","","41.02916667"
"MED-Villahermosa","2014-09-30","","52.75416667"
"MED-Villahermosa","2014-09-29","","46.53913043"
"MED-Villahermosa","2014-09-28","","34.42083333"
"MED-Villahermosa","2014-09-27","","41.77916667"
"MED-Villahermosa","2014-09-26","","38.0"
"MED-Villahermosa","2014-09-25","","33.33333333"
"MED-Villahermosa","2014-09-24","","35.0125"
"MED-Villahermosa","2014-09-23","","27.49166667"
"MED-Villahermosa","2014-09-22","","25.41666667"
"MED-Villahermosa","2014-09-21","","25.50416667"
"MED-Villahermosa","2014-09-20","","33.83333333"
"MED-Villahermosa","2014-09-19","","25.93333333"
"MED-Villahermosa","2014-09-18","","30.30416667"
"MED-Villahermosa","2014-09-17","","43.36666667"
"MED-Villahermosa","2014-09-16","","29.67083333"
"MED-Villahermosa","2014-09-15","","20.07142857"
"MED-Villahermosa","2014-09-14","","31.98333333"
"MED-Villahermosa","2014-09-13","","32.49166667"
"MED-Villahermosa","2014-09-12","","28.04583333"
"MED-Villahermosa","2014-09-11","","29.8125"
"MED-Villahermosa","2014-09-10","","46.625"
"MED-Villahermosa","2014-09-09","","47.325"
"MED-Villahermosa","2014-09-08","","48.15833333"
"MED-Villahermosa","2014-09-07","","39.76666667"
"MED-Villahermosa","2014-09-06","","46.35833333"
"MED-Villahermosa","2014-09-05","","35.70833333"
"MED-Villahermosa","2014-09-04","","33.50416667"
"MED-Villahermosa","2014-09-03","","40.575"
"MED-Villahermosa","2014-09-02","","36.475"
"MED-Villahermosa","2014-09-01","","59.05"
"MED-Villahermosa","2014-08-31","","50.025"
"MED-Villahermosa","2014-08-30","","57.82916667"
"MED-Villahermosa","2014-08-29","","34.9625"
"MED-Villahermosa","2014-08-28","","16.13809524"
"MED-Villahermosa","2014-08-27","","17.47916667"
"MED-Villahermosa","2014-08-26","","23.40416667"
"MED-Villahermosa","2014-08-25","","30.8875"
"MED-Villahermosa","2014-08-24","","29.43333333"
"MED-Villahermosa","2014-08-23","","31.46666667"
"MED-Villahermosa","2014-08-22","","44.25"
"MED-Villahermosa","2014-08-21","","43.95416667"
"MED-Villahermosa","2014-08-20","","46.7"
"MED-Villahermosa","2014-08-19","","31.66666667"
"MED-Villahermosa","2014-08-18","","37.17916667"
"MED-Villahermosa","2014-08-17","","37.25"
"MED-Villahermosa","2014-08-16","","39.4875"
"MED-Villahermosa","2014-08-15","","30.40416667"
"MED-Villahermosa","2014-08-14","","26.44166667"
"MED-Villahermosa","2014-08-13","","21.305"
"MED-Villahermosa","2014-08-12","","26.57083333"
"MED-Villahermosa","2014-08-11","","28.26666667"
"MED-Villahermosa","2014-08-10","","35.08333333"
"MED-Villahermosa","2014-08-09","","36.89166667"
"MED-Villahermosa","2014-08-08","","26.2875"
"MED-Villahermosa","2014-08-07","","35.97916667"
"MED-Villahermosa","2014-08-06","","34.12916667"
"MED-Villahermosa","2014-08-05","","36.89583333"
"MED-Villahermosa","2014-08-04","","32.3875"
"MED-Villahermosa","2014-08-03","","35.7625"
"MED-Villahermosa","2014-08-02","","29.82916667"
"MED-Villahermosa","2014-08-01","","41.16666667"
"MED-Villahermosa","2014-07-31","","34.35416667"
"MED-Villahermosa","2014-07-30","","44.67916667"
"MED-Villahermosa","2014-07-29","","43.22083333"
"MED-Villahermosa","2014-07-28","","36.90416667"
"MED-Villahermosa","2014-07-27","","35.3125"
"MED-Villahermosa","2014-07-26","","42.8375"
"MED-Villahermosa","2014-07-25","","38.825"
"MED-Villahermosa","2014-07-24","","31.925"
"MED-Villahermosa","2014-07-23","","35.4952381"
"MED-Villahermosa","2014-07-22","","35.0625"
"MED-Villahermosa","2014-07-21","","34.0375"
"MED-Villahermosa","2014-07-20","","25.65416667"
"MED-Villahermosa","2014-07-19","","39.62083333"
"MED-Villahermosa","2014-07-18","","36.39166667"
"MED-Villahermosa","2014-07-17","","31.59583333"
"MED-Villahermosa","2014-07-16","","28.62916667"
"MED-Villahermosa","2014-07-15","","28.225"
"MED-Villahermosa","2014-07-14","","27.95833333"
"MED-Villahermosa","2014-07-13","","24.97916667"
"MED-Villahermosa","2014-07-12","","25.65"
"MED-Villahermosa","2014-07-11","","23.89166667"
"MED-Villahermosa","2014-07-10","","21.51904762"
"MED-Villahermosa","2014-07-09","","23.77083333"
"MED-Villahermosa","2014-07-08","","20.68333333"
"MED-Villahermosa","2014-07-07","","17.57083333"
"MED-Villahermosa","2014-07-06","","24.07916667"
"MED-Villahermosa","2014-07-05","","32.3375"
"MED-Villahermosa","2014-07-04","","25.79166667"
"MED-Villahermosa","2014-07-03","","25.45416667"
"MED-Villahermosa","2014-07-02","","26.92916667"
"MED-Villahermosa","2014-07-01","","20.05416667"
"MED-Villahermosa","2014-06-30","","22.72916667"
"MED-Villahermosa","2014-06-29","","29.075"
"MED-Villahermosa","2014-06-28","","20.54583333"
"MED-Villahermosa","2014-06-27","","17.90952381"
"MED-Villahermosa","2014-06-26","","19.72916667"
"MED-Villahermosa","2014-06-25","","13.84166667"
"MED-Villahermosa","2014-06-24","","20.01666667"
"MED-Villahermosa","2014-06-23","","22.99583333"
"MED-Villahermosa","2014-06-22","","25.02083333"
"MED-Villahermosa","2014-06-21","","21.0"
"MED-Villahermosa","2014-06-20","","21.79166667"
"MED-Villahermosa","2014-06-19","","23.47083333"
"MED-Villahermosa","2014-06-18","","25.2125"
"MED-Villahermosa","2014-06-17","","27.39166667"
"MED-Villahermosa","2014-06-16","","24.91666667"
"MED-Villahermosa","2014-06-15","","24.55833333"
"MED-Villahermosa","2014-06-14","","25.3"
"MED-Villahermosa","2014-06-13","","25.2875"
"MED-Villahermosa","2014-06-12","","18.63333333"
"MED-Villahermosa","2014-06-11","","24.50833333"
"MED-Villahermosa","2014-06-10","","20.47916667"
"MED-Villahermosa","2014-06-09","","12.95789474"
"MED-Villahermosa","2014-06-08","","19.825"
"MED-Villahermosa","2014-06-07","","26.6125"
"MED-Villahermosa","2014-06-06","","21.4125"
"MED-Villahermosa","2014-06-05","","16.19166667"
"MED-Villahermosa","2014-06-04","","22.26666667"
"MED-Villahermosa","2014-06-03","","18.45833333"
"MED-Villahermosa","2014-06-02","","20.09166667"
"MED-Villahermosa","2014-06-01","","21.49583333"
"MED-Villahermosa","2014-05-31","","26.0875"
"MED-Villahermosa","2014-05-30","","20.875"
"MED-Villahermosa","2014-05-29","","12.30833333"
"MED-Villahermosa","2014-05-28","","20.75"
"MED-Villahermosa","2014-05-27","","19.55416667"
"MED-Villahermosa","2014-05-26","","13.86666667"
"MED-Villahermosa","2014-05-25","","16.9375"
"MED-Villahermosa","2014-05-24","","17.90416667"
"MED-Villahermosa","2014-05-23","","3.93888889"
"MED-Villahermosa","2014-05-22","","18.55416667"
"MED-Villahermosa","2014-05-21","","11.28571429"
"MED-Villahermosa","2014-05-20","","16.7875"
"MED-Villahermosa","2014-05-19","","15.465"
"MED-Villahermosa","2014-05-18","","23.18333333"
"MED-Villahermosa","2014-05-17","","26.44583333"
"MED-Villahermosa","2014-05-16","","33.62083333"
"MED-Villahermosa","2014-05-15","","25.25"
"MED-Villahermosa","2014-05-14","","26.70416667"
"MED-Villahermosa","2014-05-13","","34.2625"
"MED-Villahermosa","2014-05-12","","36.58333333"
"MED-Villahermosa","2014-05-11","","30.825"
"MED-Villahermosa","2014-05-10","","26.6952381"
"MED-Villahermosa","2014-05-09","","27.2375"
"MED-Villahermosa","2014-05-08","","26.77083333"
"MED-Villahermosa","2014-05-07","","22.12083333"
"MED-Villahermosa","2014-05-06","","34.66666667"
"MED-Villahermosa","2014-05-05","","27.70833333"
"MED-Villahermosa","2014-05-04","","29.95416667"
"MED-Villahermosa","2014-05-03","","30.49166667"
"MED-Villahermosa","2014-05-02","","15.34583333"
"MED-Villahermosa","2014-05-01","","27.19166667"
"MED-Villahermosa","2014-04-30","","29.19166667"
"MED-Villahermosa","2014-04-29","","34.34166667"
"MED-Villahermosa","2014-04-28","","29.09166667"
"MED-Villahermosa","2014-04-27","","25.54166667"
"MED-Villahermosa","2014-04-26","","18.28333333"
"MED-Villahermosa","2014-04-25","","35.33478261"
"MED-Villahermosa","2014-04-24","","28.125"
"MED-Villahermosa","2014-04-23","","26.34166667"
"MED-Villahermosa","2014-04-22","","53.05"
"MED-Villahermosa","2014-04-21","","23.7875"
"MED-Villahermosa","2014-04-20","","37.17916667"
"MED-Villahermosa","2014-04-19","","44.9375"
"MED-Villahermosa","2014-04-18","","39.52083333"
"MED-Villahermosa","2014-04-17","","40.16666667"
"MED-Villahermosa","2014-04-16","","32.53809524"
"MED-Villahermosa","2014-04-15","","34.69583333"
"MED-Villahermosa","2014-04-14","","58.35416667"
"MED-Villahermosa","2014-04-13","","44.5375"
"MED-Villahermosa","2014-04-12","","26.78333333"
"MED-Villahermosa","2014-04-11","","35.37142857"
"MED-Villahermosa","2014-03-13","","23.27916667"
"MED-Villahermosa","2014-03-12","","46.10416667"
"MED-Villahermosa","2014-03-11","","51.15"
"MED-Villahermosa","2014-03-10","","41.79166667"
"MED-Villahermosa","2014-03-09","","35.54166667"
"MED-Villahermosa","2014-03-08","","30.87083333"
"MED-Villahermosa","2014-03-07","","35.325"
"MED-Villahermosa","2014-03-06","","39.89583333"
"MED-Villahermosa","2014-03-05","","39.10416667"
"MED-Villahermosa","2014-03-04","","45.39166667"
"MED-Villahermosa","2014-03-03","","35.33333333"
"MED-Villahermosa","2014-03-02","","42.7625"
"MED-Villahermosa","2014-03-01","","26.50416667"
"MED-Villahermosa","2014-02-28","","24.57916667"
"MED-Villahermosa","2014-02-27","","25.46190476"
"MED-Villahermosa","2014-02-26","","37.03333333"
"MED-Villahermosa","2014-02-25","","29.5875"
"MED-Villahermosa","2014-02-24","","40.42083333"
"MED-Villahermosa","2014-02-23","","40.55416667"
"MED-Villahermosa","2014-02-22","","29.20833333"
"MED-Villahermosa","2014-02-21","","37.82916667"
"MED-Villahermosa","2014-02-20","","28.46666667"
"MED-Villahermosa","2014-02-19","","24.305"
"MED-Villahermosa","2014-02-18","","31.33333333"
"MED-Villahermosa","2014-02-17","","32.02916667"
"MED-Villahermosa","2014-02-16","","40.74583333"
"MED-Villahermosa","2014-02-15","","28.01666667"
"MED-Villahermosa","2014-02-14","","25.34583333"
"MED-Villahermosa","2014-02-13","","32.64166667"
"MED-Villahermosa","2014-02-12","","33.29583333"
"MED-Villahermosa","2014-02-11","","34.80416667"
"MED-Villahermosa","2014-02-10","","33.0875"
"MED-Villahermosa","2014-02-09","","38.7875"
"MED-Villahermosa","2014-02-08","","34.30833333"
"MED-Villahermosa","2014-02-07","","33.29583333"
"MED-Villahermosa","2014-02-06","","41.78333333"
"MED-Villahermosa","2014-02-05","","43.89583333"
"MED-Villahermosa","2014-02-04","","36.99583333"
"MED-Villahermosa","2014-02-03","","23.14583333"
"MED-Villahermosa","2014-02-02","","29.75416667"
"MED-Villahermosa","2014-02-01","","29.6125"
"MED-Villahermosa","2014-01-31","","32.10833333"
"MED-Villahermosa","2014-01-30","","29.44583333"
"MED-Villahermosa","2014-01-29","","37.29166667"
"MED-Villahermosa","2014-01-28","","31.80416667"
"MED-Villahermosa","2014-01-27","","38.8375"
"MED-Villahermosa","2014-01-26","","41.2"
"MED-Villahermosa","2014-01-25","","32.8625"
"MED-Villahermosa","2014-01-24","","29.81666667"
"MED-Villahermosa","2014-01-23","","29.09583333"
"MED-Villahermosa","2014-01-22","","15.29166667"
"MED-Villahermosa","2014-01-21","","30.82173913"
"MED-Villahermosa","2014-01-20","","22.675"
"MED-Villahermosa","2014-01-19","","29.975"
"MED-Villahermosa","2014-01-18","","29.7875"
"MED-Villahermosa","2014-01-17","","35.64583333"
"MED-Villahermosa","2014-01-16","","30.21666667"
"MED-Villahermosa","2014-01-15","","29.71666667"
"MED-Villahermosa","2014-01-14","","34.5125"
"MED-Villahermosa","2014-01-13","","34.42083333"
"MED-Villahermosa","2014-01-12","","24.02916667"
"MED-Villahermosa","2014-01-11","","32.79166667"
"MED-Villahermosa","2014-01-10","","27.90416667"
"MED-Villahermosa","2014-01-09","","23.27916667"
"MED-Villahermosa","2014-01-08","","14.44583333"
"MED-Villahermosa","2014-01-07","","27.62916667"
"MED-Villahermosa","2014-01-06","","12.05833333"
"MED-Villahermosa","2014-01-05","","28.1625"
"MED-Villahermosa","2014-01-04","","22.89166667"
"MED-Villahermosa","2014-01-03","","16.76666667"
"MED-Villahermosa","2014-01-02","","19.39166667"
"MED-Villahermosa","2014-01-01","","22.44583333"
"MED-Villahermosa","2013-12-31","","23.72916667"
"MED-Villahermosa","2013-12-30","","19.5625"
"MED-Villahermosa","2013-12-29","","19.32083333"
"MED-Villahermosa","2013-12-28","","19.45"
"MED-Villahermosa","2013-12-27","","17.375"
"MED-Villahermosa","2013-12-26","","14.2125"
"MED-Villahermosa","2013-12-25","","21.38333333"
"MED-Villahermosa","2013-12-24","","18.275"
"MED-Villahermosa","2013-12-23","","16.25833333"
"MED-Villahermosa","2013-12-22","","19.07083333"
"MED-Villahermosa","2013-12-21","","25.6"
"MED-Villahermosa","2013-12-20","","21.10416667"
"MED-Villahermosa","2013-12-19","","28.15833333"
"MED-Villahermosa","2013-12-18","","12.38333333"
"MED-Villahermosa","2013-12-17","","17.75416667"
"MED-Villahermosa","2013-12-16","","15.74166667"
"MED-Villahermosa","2013-12-15","","25.1375"
"MED-Villahermosa","2013-12-14","","23.025"
"MED-Villahermosa","2013-12-13","","12.95833333"
"MED-Villahermosa","2013-12-12","","27.375"
"MED-Villahermosa","2013-12-11","","23.60833333"
"MED-Villahermosa","2013-12-10","","21.73636364"
"MED-Villahermosa","2013-12-09","","13.11666667"
"MED-Villahermosa","2013-12-08","","22.325"
"MED-Villahermosa","2013-12-07","","20.51666667"
"MED-Villahermosa","2013-12-06","","25.80416667"
"MED-Villahermosa","2013-12-05","","25.02916667"
"MED-Villahermosa","2013-12-04","","18.41666667"
"MED-Villahermosa","2013-12-03","","13.20833333"
"MED-Villahermosa","2013-12-02","","21.49166667"
"MED-Villahermosa","2013-12-01","","26.875"
"MED-Villahermosa","2013-11-30","","13.94583333"
"MED-Villahermosa","2013-11-29","","35.775"
"MED-Villahermosa","2013-11-28","","14.78333333"
"MED-Villahermosa","2013-11-27","","37.92083333"
"MED-Villahermosa","2013-11-26","","39.775"
"MED-Villahermosa","2013-11-25","","32.62083333"
"MED-Villahermosa","2013-11-24","","17.30833333"
"MED-Villahermosa","2013-11-23","","20.525"
"MED-Villahermosa","2013-11-22","","26.9625"
"MED-Villahermosa","2013-11-21","","19.925"
"MED-Villahermosa","2013-11-20","","22.36666667"
"MED-Villahermosa","2013-11-19","","23.16818182"
"MED-Villahermosa","2013-11-18","","27.40833333"
"MED-Villahermosa","2013-11-17","","20.89583333"
"MED-Villahermosa","2013-11-16","","17.72083333"
"MED-Villahermosa","2013-11-15","","24.7125"
"MED-Villahermosa","2013-11-14","","24.12083333"
"MED-Villahermosa","2013-11-13","","25.97391304"
"MED-Villahermosa","2013-11-12","","27.425"
"MED-Villahermosa","2013-11-11","","25.44166667"
"MED-Villahermosa","2013-11-10","","22.47916667"
"MED-Villahermosa","2013-11-09","","20.76666667"
"MED-Villahermosa","2013-11-08","","36.15416667"
"MED-Villahermosa","2013-11-07","","23.975"
"MED-Villahermosa","2013-11-06","","30.69166667"
"MED-Villahermosa","2013-11-05","","29.76666667"
"MED-Villahermosa","2013-11-04","","28.375"
"MED-Villahermosa","2013-11-03","","33.04583333"
"MED-Villahermosa","2013-11-02","","25.25"
"MED-Villahermosa","2013-11-01","","23.53333333"
"MED-Villahermosa","2013-10-31","","32.24166667"
"MED-Villahermosa","2013-10-30","","29.47916667"
"MED-Villahermosa","2013-10-29","","30.25416667"
"MED-Villahermosa","2013-10-28","","26.10833333"
"MED-Villahermosa","2013-10-27","","32.76666667"
"MED-Villahermosa","2013-10-26","","33.25416667"
"MED-Villahermosa","2013-10-25","","29.1375"
"MED-Villahermosa","2013-10-24","","36.94166667"
"MED-Villahermosa","2013-10-23","","21.125"
"MED-Villahermosa","2013-10-22","","30.875"
"MED-Villahermosa","2013-10-21","","30.67916667"
"MED-Villahermosa","2013-10-20","","36.28333333"
"MED-Villahermosa","2013-10-19","","38.88333333"
"MED-Villahermosa","2013-10-18","","27.48333333"
"MED-Villahermosa","2013-10-17","","39.9625"
"MED-Villahermosa","2013-10-16","","16.59166667"
"MED-Villahermosa","2013-10-15","","22.47083333"
"MED-Villahermosa","2013-10-14","","18.10833333"
"MED-Villahermosa","2013-10-13","","33.35"
"MED-Villahermosa","2013-10-12","","33.29166667"
"MED-Villahermosa","2013-10-11","","42.9"
"MED-Villahermosa","2013-10-10","","46.9875"
"MED-Villahermosa","2013-10-09","","37.2375"
"MED-Villahermosa","2013-10-08","","41.40833333"
"MED-Villahermosa","2013-10-07","","35.16666667"
"MED-Villahermosa","2013-10-06","","37.5375"
"MED-Villahermosa","2013-10-05","","35.27083333"
"MED-Villahermosa","2013-10-04","","40.39583333"
"MED-Villahermosa","2013-10-03","","36.08333333"
"MED-Villahermosa","2013-10-02","","39.5625"
"MED-Villahermosa","2013-10-01","","30.65833333"
"MED-Villahermosa","2013-09-30","","39.8625"
"MED-Villahermosa","2013-09-29","","34.36666667"
"MED-Villahermosa","2013-09-28","","45.45416667"
"MED-Villahermosa","2013-09-27","","30.7875"
"MED-Villahermosa","2013-09-26","","42.0625"
"MED-Villahermosa","2013-09-25","","59.8"
"MED-Villahermosa","2013-09-24","","57.49583333"
"MED-Villahermosa","2013-09-23","","44.4125"
"MED-Villahermosa","2013-09-22","","46.61666667"
"MED-Villahermosa","2013-09-21","","49.5875"
"MED-Villahermosa","2013-09-20","","49.8375"
"MED-Villahermosa","2013-09-19","","34.0"
"MED-Villahermosa","2013-09-18","","49.15416667"
"MED-Villahermosa","2013-09-17","","24.43333333"
"MED-Villahermosa","2013-09-16","","36.48333333"
"MED-Villahermosa","2013-09-15","","33.10833333"
"MED-Villahermosa","2013-09-14","","19.27916667"
"MED-Villahermosa","2013-09-13","","24.60416667"
"MED-Villahermosa","2013-09-12","","13.07142857"
"MED-Villahermosa","2013-09-11","","26.26666667"
"MED-Villahermosa","2013-09-10","","38.225"
"MED-Villahermosa","2013-09-09","","25.475"
"MED-Villahermosa","2013-09-08","","26.16666667"
"MED-Villahermosa","2013-09-07","","18.39583333"
"MED-Villahermosa","2013-09-06","","21.61666667"
"MED-Villahermosa","2013-09-05","","34.85"
"MED-Villahermosa","2013-09-04","","24.7"
"MED-Villahermosa","2013-09-03","","33.2"
"MED-Villahermosa","2013-09-02","","36.9375"
"MED-Villahermosa","2013-09-01","","37.30833333"
"MED-Villahermosa","2013-08-31","","48.1"
"MED-Villahermosa","2013-08-30","","43.42916667"
"MED-Villahermosa","2013-08-29","","39.64583333"
"MED-Villahermosa","2013-08-28","","39.125"
"MED-Villahermosa","2013-08-27","","26.075"
"MED-Villahermosa","2013-08-26","","38.15384615"
"MED-Villahermosa","2013-08-14","","30.6875"
"MED-Villahermosa","2013-08-13","","19.74166667"
"MED-Villahermosa","2013-08-12","","33.56666667"
"MED-Villahermosa","2013-08-11","","22.26666667"
"MED-Villahermosa","2013-08-10","","38.69166667"
"MED-Villahermosa","2013-08-09","","25.7375"
"MED-Villahermosa","2013-08-08","","17.75833333"
"MED-Villahermosa","2013-08-07","","26.7125"
"MED-Villahermosa","2013-08-06","","26.22916667"
"MED-Villahermosa","2013-08-05","","26.575"
"MED-Villahermosa","2013-08-04","","32.14583333"
"MED-Villahermosa","2013-08-03","","42.71666667"
"MED-Villahermosa","2013-08-02","","27.23333333"
"MED-Villahermosa","2013-08-01","","36.525"
"MED-Villahermosa","2013-07-31","","40.82083333"
"MED-Villahermosa","2013-07-30","","29.71666667"
"MED-Villahermosa","2013-07-29","","37.08333333"
"MED-Villahermosa","2013-07-28","","30.09583333"
"MED-Villahermosa","2013-07-27","","28.57916667"
"MED-Villahermosa","2013-07-26","","16.225"
"MED-Villahermosa","2013-07-25","","44.59583333"
"MED-Villahermosa","2013-07-24","","45.03333333"
"MED-Villahermosa","2013-07-23","","37.21666667"
"MED-Villahermosa","2013-07-22","","22.90416667"
"MED-Villahermosa","2013-07-21","","30.56666667"
"MED-Villahermosa","2013-07-20","","31.4875"
"MED-Villahermosa","2013-07-19","","28.78695652"
"MED-Villahermosa","2013-07-18","","26.47083333"
"MED-Villahermosa","2013-07-17","","33.45416667"
"MED-Villahermosa","2013-07-16","","34.89166667"
"MED-Villahermosa","2013-07-15","","22.65833333"
"MED-Villahermosa","2013-07-14","","40.19583333"
"MED-Villahermosa","2013-07-13","","30.37083333"
"MED-Villahermosa","2013-07-12","","32.025"
"MED-Villahermosa","2013-07-11","","29.38333333"
"MED-Villahermosa","2013-07-10","","22.62916667"
"MED-Villahermosa","2013-07-09","","41.65416667"
"MED-Villahermosa","2013-07-08","","34.625"
"MED-Villahermosa","2013-07-07","","29.025"
"MED-Villahermosa","2013-07-06","","31.8375"
"MED-Villahermosa","2013-07-05","","30.59166667"
"MED-Villahermosa","2013-07-04","","24.925"
"MED-Villahermosa","2013-07-03","","19.09583333"
"MED-Villahermosa","2013-07-02","","24.34583333"
"MED-Villahermosa","2013-07-01","","22.475"
"MED-Villahermosa","2013-06-30","","25.45"
"MED-Villahermosa","2013-06-29","","19.51666667"
"MED-Villahermosa","2013-06-28","","27.94166667"
"MED-Villahermosa","2013-06-27","","30.95"
"MED-Villahermosa","2013-06-26","","31.99583333"
"MED-Villahermosa","2013-06-25","","27.375"
"MED-Villahermosa","2013-06-24","","38.49583333"
"MED-Villahermosa","2013-06-23","","37.67083333"
"MED-Villahermosa","2013-06-22","","27.50833333"
"MED-Villahermosa","2013-06-21","","32.5875"
"MED-Villahermosa","2013-06-20","","32.4625"
"MED-Villahermosa","2013-06-19","","27.125"
"MED-Villahermosa","2013-06-18","","33.55416667"
"MED-Villahermosa","2013-06-17","","28.75833333"
"MED-Villahermosa","2013-06-16","","27.04583333"
"MED-Villahermosa","2013-06-15","","19.325"
"MED-Villahermosa","2013-06-14","","27.33333333"
"MED-Villahermosa","2013-06-13","","39.94583333"
"MED-Villahermosa","2013-06-12","","36.09166667"
"MED-Villahermosa","2013-06-11","","24.17083333"
"MED-Villahermosa","2013-06-10","","30.1625"
"MED-Villahermosa","2013-06-09","","29.7125"
"MED-Villahermosa","2013-06-08","","25.37083333"
"MED-Villahermosa","2013-06-07","","26.5625"
"MED-Villahermosa","2013-06-06","","24.59166667"
"MED-Villahermosa","2013-06-05","","29.08333333"
"MED-Villahermosa","2013-06-04","","27.25"
"MED-Villahermosa","2013-06-03","","28.21666667"
"MED-Villahermosa","2013-06-02","","31.5"
"MED-Villahermosa","2013-06-01","","25.27916667"
"MED-Villahermosa","2013-05-31","","21.125"
"MED-Villahermosa","2013-05-30","","20.94166667"
"MED-Villahermosa","2013-05-29","","22.02083333"
"MED-Villahermosa","2013-05-28","","15.64166667"
"MED-Villahermosa","2013-05-27","","30.0375"
"MED-Villahermosa","2013-05-26","","19.3125"
"MED-Villahermosa","2013-05-25","","18.87083333"
"MED-Villahermosa","2013-05-24","","27.1625"
"MED-Villahermosa","2013-05-23","","25.62083333"
"MED-Villahermosa","2013-05-22","","21.6625"
"MED-Villahermosa","2013-05-21","","24.62916667"
"MED-Villahermosa","2013-05-20","","21.75416667"
"MED-Villahermosa","2013-05-19","","31.06666667"
"MED-Villahermosa","2013-05-18","","20.97916667"
"MED-Villahermosa","2013-05-17","","28.5375"
"MED-Villahermosa","2013-05-16","","25.24583333"
"MED-Villahermosa","2013-05-15","","17.90833333"
"MED-Villahermosa","2013-05-14","","19.325"
"MED-Villahermosa","2013-05-13","","22.57916667"
"MED-Villahermosa","2013-05-12","","22.80833333"
"MED-Villahermosa","2013-05-11","","16.91666667"
"MED-Villahermosa","2013-05-10","","20.25833333"
"MED-Villahermosa","2013-05-09","","27.3"
"MED-Villahermosa","2013-05-08","","16.10833333"
"MED-Villahermosa","2013-05-07","","22.22916667"
"MED-Villahermosa","2013-05-06","","22.6625"
"MED-Villahermosa","2013-05-05","","34.12083333"
"MED-Villahermosa","2013-05-04","","34.36666667"
"MED-Villahermosa","2013-05-03","","39.33333333"
"MED-Villahermosa","2013-05-02","","16.27916667"
"MED-Villahermosa","2013-05-01","","23.82083333"
"MED-Villahermosa","2013-04-30","","33.59090909"
"MED-Villahermosa","2013-04-29","","15.0875"
"MED-Villahermosa","2013-04-28","","38.97916667"
"MED-Villahermosa","2013-04-27","","30.39583333"
"MED-Villahermosa","2013-04-26","","37.17916667"
"MED-Villahermosa","2013-04-25","","29.33333333"
"MED-Villahermosa","2013-04-24","","27.62916667"
"MED-Villahermosa","2013-04-23","","39.65833333"
"MED-Villahermosa","2013-04-22","","32.22380952"
"MED-Villahermosa","2013-04-21","","29.27619048"
"MED-Villahermosa","2013-04-20","","33.23043478"
"MED-Villahermosa","2013-04-19","","19.575"
"MED-Villahermosa","2013-04-18","","33.20833333"
"MED-Villahermosa","2013-04-04","","10.53333333"
"MED-Villahermosa","2013-04-03","","33.52083333"
"MED-Villahermosa","2013-04-02","","36.375"
"MED-Villahermosa","2013-04-01","","37.77083333"
"MED-Villahermosa","2013-02-28","","19.010725"
"MED-Villahermosa","2013-02-27","","17.51760833"
"MED-Villahermosa","2013-02-26","","20.92326667"
"MED-Villahermosa","2013-02-25","","21.73267917"
"MED-Villahermosa","2013-02-24","","21.792125"
"MED-Villahermosa","2013-02-23","","18.244375"
"MED-Villahermosa","2013-02-22","","13.8456625"
"MED-Villahermosa","2013-02-21","","15.35983333"
"MED-Villahermosa","2013-02-20","","19.86458333"
"MED-Villahermosa","2013-02-19","","17.81170417"
"MED-Villahermosa","2013-02-18","","19.49740417"
"MED-Villahermosa","2013-02-17","","12.46118333"
"MED-Villahermosa","2013-02-16","","19.12106667"
"MED-Villahermosa","2013-02-15","","18.74722083"
"MED-Villahermosa","2013-02-14","","15.58015"
"MED-Villahermosa","2013-02-13","","16.48515833"
"MED-Villahermosa","2013-02-12","","15.89695"
"MED-Villahermosa","2013-02-11","","18.35158259"
"MED-Villahermosa","2013-01-02","","14.19230769"
"MED-Villahermosa","2013-01-01","","16.4125"
"MED-Villahermosa","2012-12-31","","13.79166667"
"MED-Villahermosa","2012-12-30","","15.45833333"
"MED-Villahermosa","2012-12-29","","15.41666667"
"MED-Villahermosa","2012-12-28","","16.08333333"
"MED-Villahermosa","2012-12-27","","11.5"
"MED-Villahermosa","2012-12-26","","11.79166667"
"MED-Villahermosa","2012-12-25","","13.0"
"MED-Villahermosa","2012-12-24","","19.45833333"
"MED-Villahermosa","2012-12-23","","13.33333333"
"MED-Villahermosa","2012-12-22","","12.375"
"MED-Villahermosa","2012-12-21","","10.33333333"
"MED-Villahermosa","2012-12-20","","11.58333333"
"MED-Villahermosa","2012-12-19","","13.08333333"
"MED-Villahermosa","2012-12-18","","12.41666667"
"MED-Villahermosa","2012-12-17","","12.58333333"
"MED-Villahermosa","2012-12-16","","13.16666667"
"MED-Villahermosa","2012-12-15","","18.2"
"MED-Villahermosa","2012-12-14","","16.85714286"
"MED-Villahermosa","2012-12-13","","12.75"
"MED-Villahermosa","2012-12-12","","8.16666667"
"MED-Villahermosa","2012-12-11","","10.5"
"MED-Villahermosa","2012-12-10","","12.58333333"
"MED-Villahermosa","2012-12-09","","11.375"
"MED-Villahermosa","2012-12-08","","12.33333333"
"MED-Villahermosa","2012-12-07","","12.375"
"MED-Villahermosa","2012-12-06","","11.125"
"MED-Villahermosa","2012-12-05","","11.33333333"
"MED-Villahermosa","2012-12-04","","10.54166667"
"MED-Villahermosa","2012-12-03","","11.625"
"MED-Villahermosa","2012-12-02","","14.375"
"MED-Villahermosa","2012-12-01","","8.0"
"MED-Villahermosa","2012-11-30","","10.0"
"MED-Villahermosa","2012-11-29","","11.25"
"MED-Villahermosa","2012-11-28","","12.625"
"MED-Villahermosa","2012-11-27","","9.5"
"MED-Villahermosa","2012-11-26","","14.375"
"MED-Villahermosa","2012-11-25","","13.79166667"
"MED-Villahermosa","2012-11-24","","20.2"
"MED-Villahermosa","2012-11-22","","9.13333333"
"MED-Villahermosa","2012-11-21","","8.16666667"
"MED-Villahermosa","2012-11-20","","10.66666667"
"MED-Villahermosa","2012-11-19","","11.91666667"
"MED-Villahermosa","2012-11-18","","7.29166667"
"MED-Villahermosa","2012-11-17","","9.875"
"MED-Villahermosa","2012-11-16","","12.91666667"
"MED-Villahermosa","2012-11-15","","10.08333333"
"MED-Villahermosa","2012-11-14","","14.125"
"MED-Villahermosa","2012-11-13","","11.0"
"MED-Villahermosa","2012-11-12","","9.375"
"MED-Villahermosa","2012-11-11","","10.75"
"MED-Villahermosa","2012-11-10","","9.66666667"
"MED-Villahermosa","2012-11-09","","13.20833333"
"MED-Villahermosa","2012-11-08","","10.16666667"
"MED-Villahermosa","2012-11-07","","10.16666667"
"MED-Villahermosa","2012-11-06","","10.91666667"
"MED-Villahermosa","2012-11-05","","11.45833333"
"MED-Villahermosa","2012-11-04","","11.375"
"MED-Villahermosa","2012-11-03","","14.70833333"
"MED-Villahermosa","2012-11-02","","7.125"
"MED-Villahermosa","2012-11-01","","15.5"
"MED-Villahermosa","2012-10-31","","16.625"
"MED-Villahermosa","2012-10-30","","12.08333333"
"MED-Villahermosa","2012-10-29","","16.5"
"MED-Villahermosa","2012-10-28","","16.66666667"
"MED-Villahermosa","2012-10-27","","14.79166667"
"MED-Villahermosa","2012-10-26","","11.83333333"
"MED-Villahermosa","2012-10-25","","18.75"
"MED-Villahermosa","2012-10-24","","9.54166667"
"MED-Villahermosa","2012-10-23","","10.08333333"
"MED-Villahermosa","2012-10-22","","9.83333333"
"MED-Villahermosa","2012-10-21","","13.45833333"
"MED-Villahermosa","2012-10-20","","17.79166667"
"MED-Villahermosa","2012-10-19","","13.95833333"
"MED-Villahermosa","2012-10-18","","8.08333333"
"MED-Villahermosa","2012-10-17","","12.58333333"
"MED-Villahermosa","2012-10-16","","8.125"
"MED-Villahermosa","2012-10-15","","13.625"
"MED-Villahermosa","2012-10-14","","16.66666667"
"MED-Villahermosa","2012-10-13","","16.83333333"
"MED-Villahermosa","2012-10-12","","19.58333333"
"MED-Villahermosa","2012-10-11","","14.66666667"
"MED-Villahermosa","2012-10-10","","14.79166667"
"MED-Villahermosa","2012-10-09","","15.58333333"
"MED-Villahermosa","2012-10-08","","11.5"
"MED-Villahermosa","2012-10-07","","14.04166667"
"MED-Villahermosa","2012-10-06","","14.875"
"MED-Villahermosa","2012-10-05","","17.58333333"
"MED-Villahermosa","2012-10-04","","18.26086957"
"MED-Villahermosa","2012-10-03","","19.5"
"MED-Villahermosa","2012-10-02","","15.83333333"
"MED-Villahermosa","2012-10-01","","16.75"
"MED-Villahermosa","2012-09-30","","23.125"
"MED-Villahermosa","2012-09-29","","22.66666667"
"MED-Villahermosa","2012-09-28","","15.0"
"MED-Villahermosa","2012-09-27","","20.125"
"MED-Villahermosa","2012-09-26","","16.16666667"
"MED-Villahermosa","2012-09-25","","12.16666667"
"MED-Villahermosa","2012-09-24","","8.375"
"MED-Villahermosa","2012-09-23","","20.5"
"MED-Villahermosa","2012-09-22","","19.04166667"
"MED-Villahermosa","2012-09-21","","21.16666667"
"MED-Villahermosa","2012-09-20","","16.45833333"
"MED-Villahermosa","2012-09-19","","22.25"
"MED-Villahermosa","2012-09-18","","14.625"
"MED-Villahermosa","2012-09-17","","12.875"
"MED-Villahermosa","2012-09-16","","19.16666667"
"MED-Villahermosa","2012-09-15","","23.04166667"
"MED-Villahermosa","2012-09-14","","30.125"
"MED-Villahermosa","2012-09-13","","21.875"
"MED-Villahermosa","2012-09-12","","16.20833333"
"MED-Villahermosa","2012-09-11","","27.38461538"
