"Estacion","Fecha inicial","Fecha final","NOx"
"POLITÉCNICO COLOMBIANO JAIME ISAZA CADAVID (S)","2015-12-31","","61.58333333"
"POLITÉCNICO COLOMBIANO JAIME ISAZA CADAVID (S)","2015-12-30","","74.41666667"
"POLITÉCNICO COLOMBIANO JAIME ISAZA CADAVID (S)","2015-12-29","","74.74583333"
"POLITÉCNICO COLOMBIANO JAIME ISAZA CADAVID (S)","2015-12-28","","87.80416667"
"POLITÉCNICO COLOMBIANO JAIME ISAZA CADAVID (S)","2015-12-27","","68.16666667"
"POLITÉCNICO COLOMBIANO JAIME ISAZA CADAVID (S)","2015-12-26","","71.67916667"
"POLITÉCNICO COLOMBIANO JAIME ISAZA CADAVID (S)","2015-12-25","","42.075"
"POLITÉCNICO COLOMBIANO JAIME ISAZA CADAVID (S)","2015-12-24","","78.29583333"
"POLITÉCNICO COLOMBIANO JAIME ISAZA CADAVID (S)","2015-12-23","","84.95652174"
"POLITÉCNICO COLOMBIANO JAIME ISAZA CADAVID (S)","2015-12-22","","105.125"
"POLITÉCNICO COLOMBIANO JAIME ISAZA CADAVID (S)","2015-12-21","","75.41304348"
"POLITÉCNICO COLOMBIANO JAIME ISAZA CADAVID (S)","2015-12-20","","58.87916667"
"POLITÉCNICO COLOMBIANO JAIME ISAZA CADAVID (S)","2015-12-19","","105.64166667"
"POLITÉCNICO COLOMBIANO JAIME ISAZA CADAVID (S)","2015-12-18","","129.7"
"POLITÉCNICO COLOMBIANO JAIME ISAZA CADAVID (S)","2015-12-17","","104.8875"
"POLITÉCNICO COLOMBIANO JAIME ISAZA CADAVID (S)","2015-12-16","","136.35416667"
"POLITÉCNICO COLOMBIANO JAIME ISAZA CADAVID (S)","2015-12-15","","102.7875"
"POLITÉCNICO COLOMBIANO JAIME ISAZA CADAVID (S)","2015-12-14","","97.25"
"POLITÉCNICO COLOMBIANO JAIME ISAZA CADAVID (S)","2015-12-13","","67.96666667"
"POLITÉCNICO COLOMBIANO JAIME ISAZA CADAVID (S)","2015-12-12","","92.50416667"
"POLITÉCNICO COLOMBIANO JAIME ISAZA CADAVID (S)","2015-12-11","","130.00416667"
"POLITÉCNICO COLOMBIANO JAIME ISAZA CADAVID (S)","2015-12-10","","106.1"
"POLITÉCNICO COLOMBIANO JAIME ISAZA CADAVID (S)","2015-12-09","","109.96086957"
"POLITÉCNICO COLOMBIANO JAIME ISAZA CADAVID (S)","2015-12-08","","80.24583333"
"POLITÉCNICO COLOMBIANO JAIME ISAZA CADAVID (S)","2015-12-07","","115.42916667"
"POLITÉCNICO COLOMBIANO JAIME ISAZA CADAVID (S)","2015-12-06","","89.91666667"
"POLITÉCNICO COLOMBIANO JAIME ISAZA CADAVID (S)","2015-12-05","","79.64166667"
"POLITÉCNICO COLOMBIANO JAIME ISAZA CADAVID (S)","2015-12-04","","105.06086957"
"POLITÉCNICO COLOMBIANO JAIME ISAZA CADAVID (S)","2015-12-03","","134.41666667"
"POLITÉCNICO COLOMBIANO JAIME ISAZA CADAVID (S)","2015-12-02","","109.21666667"
"POLITÉCNICO COLOMBIANO JAIME ISAZA CADAVID (S)","2015-12-01","","98.32083333"
"POLITÉCNICO COLOMBIANO JAIME ISAZA CADAVID (S)","2015-11-30","","106.59166667"
"POLITÉCNICO COLOMBIANO JAIME ISAZA CADAVID (S)","2015-11-29","","71.72916667"
"POLITÉCNICO COLOMBIANO JAIME ISAZA CADAVID (S)","2015-11-28","","108.54583333"
"POLITÉCNICO COLOMBIANO JAIME ISAZA CADAVID (S)","2015-11-27","","105.69166667"
"POLITÉCNICO COLOMBIANO JAIME ISAZA CADAVID (S)","2015-11-26","","116.43913043"
"POLITÉCNICO COLOMBIANO JAIME ISAZA CADAVID (S)","2015-11-25","","108.20909091"
"POLITÉCNICO COLOMBIANO JAIME ISAZA CADAVID (S)","2015-11-24","","102.71428571"
"POLITÉCNICO COLOMBIANO JAIME ISAZA CADAVID (S)","2015-11-23","","111.02916667"
"POLITÉCNICO COLOMBIANO JAIME ISAZA CADAVID (S)","2015-11-22","","62.33333333"
"POLITÉCNICO COLOMBIANO JAIME ISAZA CADAVID (S)","2015-11-21","","91.14166667"
"POLITÉCNICO COLOMBIANO JAIME ISAZA CADAVID (S)","2015-11-20","","138.025"
"POLITÉCNICO COLOMBIANO JAIME ISAZA CADAVID (S)","2015-11-19","","123.88333333"
"POLITÉCNICO COLOMBIANO JAIME ISAZA CADAVID (S)","2015-11-18","","108.0"
"POLITÉCNICO COLOMBIANO JAIME ISAZA CADAVID (S)","2015-11-17","","103.57083333"
"POLITÉCNICO COLOMBIANO JAIME ISAZA CADAVID (S)","2015-11-16","","77.8"
"POLITÉCNICO COLOMBIANO JAIME ISAZA CADAVID (S)","2015-11-15","","68.52083333"
"POLITÉCNICO COLOMBIANO JAIME ISAZA CADAVID (S)","2015-11-14","","97.3875"
"POLITÉCNICO COLOMBIANO JAIME ISAZA CADAVID (S)","2015-11-13","","104.95"
"POLITÉCNICO COLOMBIANO JAIME ISAZA CADAVID (S)","2015-11-12","","115.20833333"
"POLITÉCNICO COLOMBIANO JAIME ISAZA CADAVID (S)","2015-11-11","","127.0375"
"POLITÉCNICO COLOMBIANO JAIME ISAZA CADAVID (S)","2015-11-10","","108.41818182"
"POLITÉCNICO COLOMBIANO JAIME ISAZA CADAVID (S)","2015-11-09","","99.56666667"
"POLITÉCNICO COLOMBIANO JAIME ISAZA CADAVID (S)","2015-11-08","","87.40833333"
"POLITÉCNICO COLOMBIANO JAIME ISAZA CADAVID (S)","2015-11-07","","115.1875"
"POLITÉCNICO COLOMBIANO JAIME ISAZA CADAVID (S)","2015-11-06","","98.8625"
"POLITÉCNICO COLOMBIANO JAIME ISAZA CADAVID (S)","2015-11-05","","125.69583333"
"POLITÉCNICO COLOMBIANO JAIME ISAZA CADAVID (S)","2015-11-04","","111.15"
"POLITÉCNICO COLOMBIANO JAIME ISAZA CADAVID (S)","2015-11-03","","135.37083333"
"POLITÉCNICO COLOMBIANO JAIME ISAZA CADAVID (S)","2015-11-02","","67.89166667"
"POLITÉCNICO COLOMBIANO JAIME ISAZA CADAVID (S)","2015-11-01","","67.57826087"
"POLITÉCNICO COLOMBIANO JAIME ISAZA CADAVID (S)","2015-10-31","","109.075"
"POLITÉCNICO COLOMBIANO JAIME ISAZA CADAVID (S)","2015-10-30","","133.35833333"
"POLITÉCNICO COLOMBIANO JAIME ISAZA CADAVID (S)","2015-10-29","","111.44166667"
"POLITÉCNICO COLOMBIANO JAIME ISAZA CADAVID (S)","2015-10-28","","126.50416667"
"POLITÉCNICO COLOMBIANO JAIME ISAZA CADAVID (S)","2015-10-27","","135.55833333"
"POLITÉCNICO COLOMBIANO JAIME ISAZA CADAVID (S)","2015-10-26","","153.49090909"
"POLITÉCNICO COLOMBIANO JAIME ISAZA CADAVID (S)","2015-10-25","","96.7625"
"POLITÉCNICO COLOMBIANO JAIME ISAZA CADAVID (S)","2015-10-24","","137.22916667"
"POLITÉCNICO COLOMBIANO JAIME ISAZA CADAVID (S)","2015-10-23","","131.61666667"
"POLITÉCNICO COLOMBIANO JAIME ISAZA CADAVID (S)","2015-10-22","","94.6875"
"POLITÉCNICO COLOMBIANO JAIME ISAZA CADAVID (S)","2015-10-21","","120.99166667"
"POLITÉCNICO COLOMBIANO JAIME ISAZA CADAVID (S)","2015-10-20","","102.68333333"
"POLITÉCNICO COLOMBIANO JAIME ISAZA CADAVID (S)","2015-10-19","","88.275"
"POLITÉCNICO COLOMBIANO JAIME ISAZA CADAVID (S)","2015-10-18","","59.2375"
"POLITÉCNICO COLOMBIANO JAIME ISAZA CADAVID (S)","2015-10-17","","99.10833333"
"POLITÉCNICO COLOMBIANO JAIME ISAZA CADAVID (S)","2015-10-16","","146.2125"
"POLITÉCNICO COLOMBIANO JAIME ISAZA CADAVID (S)","2015-10-15","","139.32083333"
"POLITÉCNICO COLOMBIANO JAIME ISAZA CADAVID (S)","2015-10-14","","114.06666667"
"POLITÉCNICO COLOMBIANO JAIME ISAZA CADAVID (S)","2015-10-13","","116.17916667"
"POLITÉCNICO COLOMBIANO JAIME ISAZA CADAVID (S)","2015-10-12","","61.1"
"POLITÉCNICO COLOMBIANO JAIME ISAZA CADAVID (S)","2015-10-11","","80.51304348"
"POLITÉCNICO COLOMBIANO JAIME ISAZA CADAVID (S)","2015-10-10","","82.2875"
"POLITÉCNICO COLOMBIANO JAIME ISAZA CADAVID (S)","2015-10-09","","98.73181818"
"POLITÉCNICO COLOMBIANO JAIME ISAZA CADAVID (S)","2015-10-08","","72.12608696"
"POLITÉCNICO COLOMBIANO JAIME ISAZA CADAVID (S)","2015-10-07","","77.60833333"
"POLITÉCNICO COLOMBIANO JAIME ISAZA CADAVID (S)","2015-10-06","","96.49583333"
"POLITÉCNICO COLOMBIANO JAIME ISAZA CADAVID (S)","2015-10-05","","81.41428571"
"POLITÉCNICO COLOMBIANO JAIME ISAZA CADAVID (S)","2015-10-04","","59.04166667"
"POLITÉCNICO COLOMBIANO JAIME ISAZA CADAVID (S)","2015-10-03","","116.95833333"
"POLITÉCNICO COLOMBIANO JAIME ISAZA CADAVID (S)","2015-10-02","","95.86086957"
"POLITÉCNICO COLOMBIANO JAIME ISAZA CADAVID (S)","2015-10-01","","157.36190476"
"POLITÉCNICO COLOMBIANO JAIME ISAZA CADAVID (S)","2015-09-30","","117.27142857"
"POLITÉCNICO COLOMBIANO JAIME ISAZA CADAVID (S)","2015-09-29","","84.23181818"
"POLITÉCNICO COLOMBIANO JAIME ISAZA CADAVID (S)","2015-09-28","","86.95263158"
"POLITÉCNICO COLOMBIANO JAIME ISAZA CADAVID (S)","2015-09-27","","51.14285714"
"POLITÉCNICO COLOMBIANO JAIME ISAZA CADAVID (S)","2015-09-26","","82.00416667"
"POLITÉCNICO COLOMBIANO JAIME ISAZA CADAVID (S)","2015-09-25","","76.51333333"
"POLITÉCNICO COLOMBIANO JAIME ISAZA CADAVID (S)","2015-09-24","","75.92727273"
"POLITÉCNICO COLOMBIANO JAIME ISAZA CADAVID (S)","2015-09-23","","90.13333333"
"POLITÉCNICO COLOMBIANO JAIME ISAZA CADAVID (S)","2015-09-22","","92.03333333"
"POLITÉCNICO COLOMBIANO JAIME ISAZA CADAVID (S)","2015-09-21","","130.225"
"POLITÉCNICO COLOMBIANO JAIME ISAZA CADAVID (S)","2015-09-20","","98.89166667"
"POLITÉCNICO COLOMBIANO JAIME ISAZA CADAVID (S)","2015-09-19","","110.42916667"
"POLITÉCNICO COLOMBIANO JAIME ISAZA CADAVID (S)","2015-09-18","","141.57083333"
"POLITÉCNICO COLOMBIANO JAIME ISAZA CADAVID (S)","2015-09-17","","105.43333333"
"POLITÉCNICO COLOMBIANO JAIME ISAZA CADAVID (S)","2015-09-16","","80.12083333"
"POLITÉCNICO COLOMBIANO JAIME ISAZA CADAVID (S)","2015-09-15","","84.41666667"
"POLITÉCNICO COLOMBIANO JAIME ISAZA CADAVID (S)","2015-09-14","","102.85"
"POLITÉCNICO COLOMBIANO JAIME ISAZA CADAVID (S)","2015-09-13","","67.45833333"
"POLITÉCNICO COLOMBIANO JAIME ISAZA CADAVID (S)","2015-09-12","","86.22916667"
"POLITÉCNICO COLOMBIANO JAIME ISAZA CADAVID (S)","2015-09-11","","139.6125"
"POLITÉCNICO COLOMBIANO JAIME ISAZA CADAVID (S)","2015-09-10","","106.1125"
"POLITÉCNICO COLOMBIANO JAIME ISAZA CADAVID (S)","2015-09-09","","88.77083333"
"POLITÉCNICO COLOMBIANO JAIME ISAZA CADAVID (S)","2015-09-08","","77.49"
"POLITÉCNICO COLOMBIANO JAIME ISAZA CADAVID (S)","2015-09-07","","79.87083333"
"POLITÉCNICO COLOMBIANO JAIME ISAZA CADAVID (S)","2015-09-06","","63.27916667"
"POLITÉCNICO COLOMBIANO JAIME ISAZA CADAVID (S)","2015-09-05","","63.77916667"
"POLITÉCNICO COLOMBIANO JAIME ISAZA CADAVID (S)","2015-09-04","","71.32916667"
"POLITÉCNICO COLOMBIANO JAIME ISAZA CADAVID (S)","2015-09-03","","85.21666667"
"POLITÉCNICO COLOMBIANO JAIME ISAZA CADAVID (S)","2015-09-02","","77.50416667"
"POLITÉCNICO COLOMBIANO JAIME ISAZA CADAVID (S)","2015-09-01","","73.6826087"
"POLITÉCNICO COLOMBIANO JAIME ISAZA CADAVID (S)","2015-08-31","","64.5"
"POLITÉCNICO COLOMBIANO JAIME ISAZA CADAVID (S)","2015-08-30","","75.6375"
"POLITÉCNICO COLOMBIANO JAIME ISAZA CADAVID (S)","2015-08-29","","79.12916667"
"POLITÉCNICO COLOMBIANO JAIME ISAZA CADAVID (S)","2015-08-28","","88.97083333"
"POLITÉCNICO COLOMBIANO JAIME ISAZA CADAVID (S)","2015-08-27","","98.91666667"
"POLITÉCNICO COLOMBIANO JAIME ISAZA CADAVID (S)","2015-08-26","","122.82916667"
"POLITÉCNICO COLOMBIANO JAIME ISAZA CADAVID (S)","2015-08-25","","82.6"
"POLITÉCNICO COLOMBIANO JAIME ISAZA CADAVID (S)","2015-08-24","","105.04583333"
"POLITÉCNICO COLOMBIANO JAIME ISAZA CADAVID (S)","2015-08-23","","53.60416667"
"POLITÉCNICO COLOMBIANO JAIME ISAZA CADAVID (S)","2015-08-22","","87.9"
"POLITÉCNICO COLOMBIANO JAIME ISAZA CADAVID (S)","2015-08-21","","112.77916667"
"POLITÉCNICO COLOMBIANO JAIME ISAZA CADAVID (S)","2015-08-20","","87.85416667"
"POLITÉCNICO COLOMBIANO JAIME ISAZA CADAVID (S)","2015-08-19","","78.39583333"
"POLITÉCNICO COLOMBIANO JAIME ISAZA CADAVID (S)","2015-08-18","","76.86666667"
"POLITÉCNICO COLOMBIANO JAIME ISAZA CADAVID (S)","2015-08-17","","56.51666667"
"POLITÉCNICO COLOMBIANO JAIME ISAZA CADAVID (S)","2015-08-16","","50.98333333"
"POLITÉCNICO COLOMBIANO JAIME ISAZA CADAVID (S)","2015-08-15","","82.0875"
"POLITÉCNICO COLOMBIANO JAIME ISAZA CADAVID (S)","2015-08-14","","89.625"
"POLITÉCNICO COLOMBIANO JAIME ISAZA CADAVID (S)","2015-08-13","","92.25833333"
"POLITÉCNICO COLOMBIANO JAIME ISAZA CADAVID (S)","2015-08-12","","100.03333333"
"POLITÉCNICO COLOMBIANO JAIME ISAZA CADAVID (S)","2015-08-11","","82.025"
"POLITÉCNICO COLOMBIANO JAIME ISAZA CADAVID (S)","2015-08-10","","90.8125"
"POLITÉCNICO COLOMBIANO JAIME ISAZA CADAVID (S)","2015-08-09","","64.47083333"
"POLITÉCNICO COLOMBIANO JAIME ISAZA CADAVID (S)","2015-08-08","","88.43333333"
"POLITÉCNICO COLOMBIANO JAIME ISAZA CADAVID (S)","2015-08-07","","65.04583333"
"POLITÉCNICO COLOMBIANO JAIME ISAZA CADAVID (S)","2015-08-06","","92.74166667"
"POLITÉCNICO COLOMBIANO JAIME ISAZA CADAVID (S)","2015-08-05","","85.6"
"POLITÉCNICO COLOMBIANO JAIME ISAZA CADAVID (S)","2015-08-04","","76.65"
"POLITÉCNICO COLOMBIANO JAIME ISAZA CADAVID (S)","2015-08-03","","69.83333333"
"POLITÉCNICO COLOMBIANO JAIME ISAZA CADAVID (S)","2015-08-02","","51.05833333"
"POLITÉCNICO COLOMBIANO JAIME ISAZA CADAVID (S)","2015-08-01","","66.26666667"
"POLITÉCNICO COLOMBIANO JAIME ISAZA CADAVID (S)","2015-07-31","","86.47083333"
"POLITÉCNICO COLOMBIANO JAIME ISAZA CADAVID (S)","2015-07-30","","87.26666667"
"POLITÉCNICO COLOMBIANO JAIME ISAZA CADAVID (S)","2015-07-29","","74.6375"
"POLITÉCNICO COLOMBIANO JAIME ISAZA CADAVID (S)","2015-07-28","","82.64166667"
"POLITÉCNICO COLOMBIANO JAIME ISAZA CADAVID (S)","2015-07-27","","60.82380952"
"POLITÉCNICO COLOMBIANO JAIME ISAZA CADAVID (S)","2015-07-26","","74.03333333"
"POLITÉCNICO COLOMBIANO JAIME ISAZA CADAVID (S)","2015-07-25","","87.46666667"
"POLITÉCNICO COLOMBIANO JAIME ISAZA CADAVID (S)","2015-07-24","","72.78333333"
"POLITÉCNICO COLOMBIANO JAIME ISAZA CADAVID (S)","2015-07-23","","88.81666667"
"POLITÉCNICO COLOMBIANO JAIME ISAZA CADAVID (S)","2015-07-22","","108.825"
"POLITÉCNICO COLOMBIANO JAIME ISAZA CADAVID (S)","2015-07-21","","103.29166667"
"POLITÉCNICO COLOMBIANO JAIME ISAZA CADAVID (S)","2015-07-20","","67.5125"
"POLITÉCNICO COLOMBIANO JAIME ISAZA CADAVID (S)","2015-07-19","","65.17083333"
"POLITÉCNICO COLOMBIANO JAIME ISAZA CADAVID (S)","2015-07-18","","94.70833333"
"POLITÉCNICO COLOMBIANO JAIME ISAZA CADAVID (S)","2015-07-17","","87.92083333"
"POLITÉCNICO COLOMBIANO JAIME ISAZA CADAVID (S)","2015-07-16","","97.45416667"
"POLITÉCNICO COLOMBIANO JAIME ISAZA CADAVID (S)","2015-07-15","","105.025"
"POLITÉCNICO COLOMBIANO JAIME ISAZA CADAVID (S)","2015-07-14","","85.35416667"
"POLITÉCNICO COLOMBIANO JAIME ISAZA CADAVID (S)","2015-07-13","","81.74583333"
"POLITÉCNICO COLOMBIANO JAIME ISAZA CADAVID (S)","2015-07-12","","64.73333333"
"POLITÉCNICO COLOMBIANO JAIME ISAZA CADAVID (S)","2015-07-11","","67.975"
"POLITÉCNICO COLOMBIANO JAIME ISAZA CADAVID (S)","2015-07-10","","76.105"
"POLITÉCNICO COLOMBIANO JAIME ISAZA CADAVID (S)","2015-07-09","","81.79130435"
"POLITÉCNICO COLOMBIANO JAIME ISAZA CADAVID (S)","2015-07-08","","85.00434783"
"POLITÉCNICO COLOMBIANO JAIME ISAZA CADAVID (S)","2015-07-07","","104.3625"
"POLITÉCNICO COLOMBIANO JAIME ISAZA CADAVID (S)","2015-07-06","","98.005"
"POLITÉCNICO COLOMBIANO JAIME ISAZA CADAVID (S)","2015-07-05","","58.725"
"POLITÉCNICO COLOMBIANO JAIME ISAZA CADAVID (S)","2015-07-04","","90.275"
"POLITÉCNICO COLOMBIANO JAIME ISAZA CADAVID (S)","2015-07-03","","93.42608696"
"POLITÉCNICO COLOMBIANO JAIME ISAZA CADAVID (S)","2015-07-02","","83.96086957"
"POLITÉCNICO COLOMBIANO JAIME ISAZA CADAVID (S)","2015-07-01","","91.73333333"
"POLITÉCNICO COLOMBIANO JAIME ISAZA CADAVID (S)","2015-06-30","","57.39090909"
"POLITÉCNICO COLOMBIANO JAIME ISAZA CADAVID (S)","2015-06-29","","51.19583333"
"POLITÉCNICO COLOMBIANO JAIME ISAZA CADAVID (S)","2015-06-28","","52.50833333"
"POLITÉCNICO COLOMBIANO JAIME ISAZA CADAVID (S)","2015-06-27","","51.14583333"
"POLITÉCNICO COLOMBIANO JAIME ISAZA CADAVID (S)","2015-06-26","","67.73333333"
"POLITÉCNICO COLOMBIANO JAIME ISAZA CADAVID (S)","2015-06-25","","81.37083333"
"POLITÉCNICO COLOMBIANO JAIME ISAZA CADAVID (S)","2015-06-24","","83.45833333"
"POLITÉCNICO COLOMBIANO JAIME ISAZA CADAVID (S)","2015-06-23","","70.9875"
"POLITÉCNICO COLOMBIANO JAIME ISAZA CADAVID (S)","2015-06-22","","69.7173913"
"POLITÉCNICO COLOMBIANO JAIME ISAZA CADAVID (S)","2015-06-21","","44.39047619"
"POLITÉCNICO COLOMBIANO JAIME ISAZA CADAVID (S)","2015-06-20","","88.46956522"
"POLITÉCNICO COLOMBIANO JAIME ISAZA CADAVID (S)","2015-06-19","","88.49090909"
"POLITÉCNICO COLOMBIANO JAIME ISAZA CADAVID (S)","2015-06-18","","81.87083333"
"POLITÉCNICO COLOMBIANO JAIME ISAZA CADAVID (S)","2015-06-17","","86.91666667"
"POLITÉCNICO COLOMBIANO JAIME ISAZA CADAVID (S)","2015-06-16","","81.36521739"
"POLITÉCNICO COLOMBIANO JAIME ISAZA CADAVID (S)","2015-06-15","","48.86086957"
"POLITÉCNICO COLOMBIANO JAIME ISAZA CADAVID (S)","2015-06-14","","44.9375"
"POLITÉCNICO COLOMBIANO JAIME ISAZA CADAVID (S)","2015-06-13","","87.87916667"
"POLITÉCNICO COLOMBIANO JAIME ISAZA CADAVID (S)","2015-06-12","","87.41818182"
"POLITÉCNICO COLOMBIANO JAIME ISAZA CADAVID (S)","2015-06-11","","70.17083333"
"POLITÉCNICO COLOMBIANO JAIME ISAZA CADAVID (S)","2015-06-10","","106.025"
"POLITÉCNICO COLOMBIANO JAIME ISAZA CADAVID (S)","2015-06-09","","113.0875"
"POLITÉCNICO COLOMBIANO JAIME ISAZA CADAVID (S)","2015-06-08","","49.32916667"
"POLITÉCNICO COLOMBIANO JAIME ISAZA CADAVID (S)","2015-06-07","","49.10833333"
"POLITÉCNICO COLOMBIANO JAIME ISAZA CADAVID (S)","2015-06-06","","99.65833333"
"POLITÉCNICO COLOMBIANO JAIME ISAZA CADAVID (S)","2015-06-05","","109.45833333"
"POLITÉCNICO COLOMBIANO JAIME ISAZA CADAVID (S)","2015-06-04","","75.34583333"
"POLITÉCNICO COLOMBIANO JAIME ISAZA CADAVID (S)","2015-06-03","","79.02083333"
"POLITÉCNICO COLOMBIANO JAIME ISAZA CADAVID (S)","2015-06-02","","83.40416667"
"POLITÉCNICO COLOMBIANO JAIME ISAZA CADAVID (S)","2015-06-01","","90.425"
"POLITÉCNICO COLOMBIANO JAIME ISAZA CADAVID (S)","2015-05-31","","86.5875"
"POLITÉCNICO COLOMBIANO JAIME ISAZA CADAVID (S)","2015-05-30","","103.82916667"
"POLITÉCNICO COLOMBIANO JAIME ISAZA CADAVID (S)","2015-05-29","","126.45"
"POLITÉCNICO COLOMBIANO JAIME ISAZA CADAVID (S)","2015-05-28","","146.51666667"
"POLITÉCNICO COLOMBIANO JAIME ISAZA CADAVID (S)","2015-05-27","","118.025"
"POLITÉCNICO COLOMBIANO JAIME ISAZA CADAVID (S)","2015-05-26","","125.32857143"
"POLITÉCNICO COLOMBIANO JAIME ISAZA CADAVID (S)","2015-05-25","","101.17391304"
"POLITÉCNICO COLOMBIANO JAIME ISAZA CADAVID (S)","2015-05-24","","61.77916667"
"POLITÉCNICO COLOMBIANO JAIME ISAZA CADAVID (S)","2015-05-23","","84.025"
"POLITÉCNICO COLOMBIANO JAIME ISAZA CADAVID (S)","2015-05-22","","103.81666667"
"POLITÉCNICO COLOMBIANO JAIME ISAZA CADAVID (S)","2015-05-21","","111.74583333"
"POLITÉCNICO COLOMBIANO JAIME ISAZA CADAVID (S)","2015-05-20","","78.225"
"POLITÉCNICO COLOMBIANO JAIME ISAZA CADAVID (S)","2015-05-19","","80.94782609"
"POLITÉCNICO COLOMBIANO JAIME ISAZA CADAVID (S)","2015-05-18","","54.30833333"
"POLITÉCNICO COLOMBIANO JAIME ISAZA CADAVID (S)","2015-05-17","","52.12083333"
"POLITÉCNICO COLOMBIANO JAIME ISAZA CADAVID (S)","2015-05-16","","83.475"
"POLITÉCNICO COLOMBIANO JAIME ISAZA CADAVID (S)","2015-05-15","","95.2625"
"POLITÉCNICO COLOMBIANO JAIME ISAZA CADAVID (S)","2015-05-14","","68.72083333"
"POLITÉCNICO COLOMBIANO JAIME ISAZA CADAVID (S)","2015-05-13","","80.85833333"
"POLITÉCNICO COLOMBIANO JAIME ISAZA CADAVID (S)","2015-05-12","","51.91904762"
"POLITÉCNICO COLOMBIANO JAIME ISAZA CADAVID (S)","2015-05-11","","66.85"
"POLITÉCNICO COLOMBIANO JAIME ISAZA CADAVID (S)","2015-05-10","","44.87083333"
"POLITÉCNICO COLOMBIANO JAIME ISAZA CADAVID (S)","2015-05-09","","63.4875"
"POLITÉCNICO COLOMBIANO JAIME ISAZA CADAVID (S)","2015-05-08","","76.04166667"
"POLITÉCNICO COLOMBIANO JAIME ISAZA CADAVID (S)","2015-05-07","","98.175"
"POLITÉCNICO COLOMBIANO JAIME ISAZA CADAVID (S)","2015-05-06","","145.38333333"
"POLITÉCNICO COLOMBIANO JAIME ISAZA CADAVID (S)","2015-05-05","","95.85909091"
"POLITÉCNICO COLOMBIANO JAIME ISAZA CADAVID (S)","2015-05-04","","92.0125"
"POLITÉCNICO COLOMBIANO JAIME ISAZA CADAVID (S)","2015-05-03","","60.51666667"
"POLITÉCNICO COLOMBIANO JAIME ISAZA CADAVID (S)","2015-05-02","","83.71666667"
"POLITÉCNICO COLOMBIANO JAIME ISAZA CADAVID (S)","2015-05-01","","69.2"
"POLITÉCNICO COLOMBIANO JAIME ISAZA CADAVID (S)","2015-04-30","","129.6625"
"POLITÉCNICO COLOMBIANO JAIME ISAZA CADAVID (S)","2015-04-29","","97.74166667"
"POLITÉCNICO COLOMBIANO JAIME ISAZA CADAVID (S)","2015-04-28","","77.16086957"
"POLITÉCNICO COLOMBIANO JAIME ISAZA CADAVID (S)","2015-04-27","","73.09166667"
"POLITÉCNICO COLOMBIANO JAIME ISAZA CADAVID (S)","2015-04-26","","51.04166667"
"POLITÉCNICO COLOMBIANO JAIME ISAZA CADAVID (S)","2015-04-25","","86.68333333"
"POLITÉCNICO COLOMBIANO JAIME ISAZA CADAVID (S)","2015-04-24","","89.21304348"
"POLITÉCNICO COLOMBIANO JAIME ISAZA CADAVID (S)","2015-04-23","","106.08333333"
"POLITÉCNICO COLOMBIANO JAIME ISAZA CADAVID (S)","2015-04-22","","75.84166667"
"POLITÉCNICO COLOMBIANO JAIME ISAZA CADAVID (S)","2015-04-21","","109.19166667"
"POLITÉCNICO COLOMBIANO JAIME ISAZA CADAVID (S)","2015-04-20","","123.67916667"
"POLITÉCNICO COLOMBIANO JAIME ISAZA CADAVID (S)","2015-04-19","","89.3"
"POLITÉCNICO COLOMBIANO JAIME ISAZA CADAVID (S)","2015-04-18","","124.02916667"
"POLITÉCNICO COLOMBIANO JAIME ISAZA CADAVID (S)","2015-04-17","","157.09166667"
"POLITÉCNICO COLOMBIANO JAIME ISAZA CADAVID (S)","2015-04-16","","140.6375"
"POLITÉCNICO COLOMBIANO JAIME ISAZA CADAVID (S)","2015-04-15","","143.18333333"
"POLITÉCNICO COLOMBIANO JAIME ISAZA CADAVID (S)","2015-04-14","","143.25833333"
"POLITÉCNICO COLOMBIANO JAIME ISAZA CADAVID (S)","2015-04-13","","96.44545455"
"POLITÉCNICO COLOMBIANO JAIME ISAZA CADAVID (S)","2015-04-12","","82.1875"
"POLITÉCNICO COLOMBIANO JAIME ISAZA CADAVID (S)","2015-04-11","","122.65416667"
"POLITÉCNICO COLOMBIANO JAIME ISAZA CADAVID (S)","2015-04-10","","125.75833333"
"POLITÉCNICO COLOMBIANO JAIME ISAZA CADAVID (S)","2015-04-09","","133.25416667"
"POLITÉCNICO COLOMBIANO JAIME ISAZA CADAVID (S)","2015-04-08","","102.6"
"POLITÉCNICO COLOMBIANO JAIME ISAZA CADAVID (S)","2015-04-07","","110.30833333"
"POLITÉCNICO COLOMBIANO JAIME ISAZA CADAVID (S)","2015-04-06","","100.54285714"
"POLITÉCNICO COLOMBIANO JAIME ISAZA CADAVID (S)","2015-04-05","","75.39565217"
"POLITÉCNICO COLOMBIANO JAIME ISAZA CADAVID (S)","2015-04-04","","106.45416667"
"POLITÉCNICO COLOMBIANO JAIME ISAZA CADAVID (S)","2015-04-03","","56.05416667"
"POLITÉCNICO COLOMBIANO JAIME ISAZA CADAVID (S)","2015-04-02","","39.6375"
"POLITÉCNICO COLOMBIANO JAIME ISAZA CADAVID (S)","2015-04-01","","105.5"
"POLITÉCNICO COLOMBIANO JAIME ISAZA CADAVID (S)","2015-03-31","","117.5375"
"POLITÉCNICO COLOMBIANO JAIME ISAZA CADAVID (S)","2015-03-30","","120.27916667"
"POLITÉCNICO COLOMBIANO JAIME ISAZA CADAVID (S)","2015-03-29","","84.93333333"
"POLITÉCNICO COLOMBIANO JAIME ISAZA CADAVID (S)","2015-03-28","","95.55909091"
"POLITÉCNICO COLOMBIANO JAIME ISAZA CADAVID (S)","2015-03-27","","80.225"
"POLITÉCNICO COLOMBIANO JAIME ISAZA CADAVID (S)","2015-03-26","","96.14583333"
"POLITÉCNICO COLOMBIANO JAIME ISAZA CADAVID (S)","2015-03-25","","109.9"
"POLITÉCNICO COLOMBIANO JAIME ISAZA CADAVID (S)","2015-03-24","","86.0"
"POLITÉCNICO COLOMBIANO JAIME ISAZA CADAVID (S)","2015-03-23","","55.52083333"
"POLITÉCNICO COLOMBIANO JAIME ISAZA CADAVID (S)","2015-03-22","","62.90833333"
"POLITÉCNICO COLOMBIANO JAIME ISAZA CADAVID (S)","2015-03-21","","102.9375"
"POLITÉCNICO COLOMBIANO JAIME ISAZA CADAVID (S)","2015-03-20","","132.97916667"
"POLITÉCNICO COLOMBIANO JAIME ISAZA CADAVID (S)","2015-03-19","","126.07916667"
"POLITÉCNICO COLOMBIANO JAIME ISAZA CADAVID (S)","2015-03-18","","129.17391304"
"POLITÉCNICO COLOMBIANO JAIME ISAZA CADAVID (S)","2015-03-17","","118.34285714"
"POLITÉCNICO COLOMBIANO JAIME ISAZA CADAVID (S)","2015-03-16","","88.78695652"
"POLITÉCNICO COLOMBIANO JAIME ISAZA CADAVID (S)","2015-03-15","","66.50416667"
"POLITÉCNICO COLOMBIANO JAIME ISAZA CADAVID (S)","2015-03-14","","105.70833333"
"POLITÉCNICO COLOMBIANO JAIME ISAZA CADAVID (S)","2015-03-13","","120.85833333"
"POLITÉCNICO COLOMBIANO JAIME ISAZA CADAVID (S)","2015-03-12","","97.23"
"POLITÉCNICO COLOMBIANO JAIME ISAZA CADAVID (S)","2015-03-11","","67.43"
"POLITÉCNICO COLOMBIANO JAIME ISAZA CADAVID (S)","2015-03-10","","64.41818182"
"POLITÉCNICO COLOMBIANO JAIME ISAZA CADAVID (S)","2015-03-09","","74.25"
"POLITÉCNICO COLOMBIANO JAIME ISAZA CADAVID (S)","2015-03-08","","50.63157895"
"POLITÉCNICO COLOMBIANO JAIME ISAZA CADAVID (S)","2015-03-07","","107.25416667"
"POLITÉCNICO COLOMBIANO JAIME ISAZA CADAVID (S)","2015-03-06","","100.71818182"
"POLITÉCNICO COLOMBIANO JAIME ISAZA CADAVID (S)","2015-03-05","","87.2952381"
"POLITÉCNICO COLOMBIANO JAIME ISAZA CADAVID (S)","2015-03-04","","82.4"
"POLITÉCNICO COLOMBIANO JAIME ISAZA CADAVID (S)","2015-03-03","","86.7375"
"POLITÉCNICO COLOMBIANO JAIME ISAZA CADAVID (S)","2015-03-02","","98.66666667"
"POLITÉCNICO COLOMBIANO JAIME ISAZA CADAVID (S)","2015-03-01","","67.48333333"
"POLITÉCNICO COLOMBIANO JAIME ISAZA CADAVID (S)","2015-02-28","","89.24583333"
"POLITÉCNICO COLOMBIANO JAIME ISAZA CADAVID (S)","2015-02-27","","77.25"
"POLITÉCNICO COLOMBIANO JAIME ISAZA CADAVID (S)","2015-02-26","","97.09130435"
"POLITÉCNICO COLOMBIANO JAIME ISAZA CADAVID (S)","2015-02-25","","94.4"
"POLITÉCNICO COLOMBIANO JAIME ISAZA CADAVID (S)","2015-02-24","","93.25416667"
"POLITÉCNICO COLOMBIANO JAIME ISAZA CADAVID (S)","2015-02-23","","93.11666667"
"POLITÉCNICO COLOMBIANO JAIME ISAZA CADAVID (S)","2015-02-22","","47.42916667"
"POLITÉCNICO COLOMBIANO JAIME ISAZA CADAVID (S)","2015-02-21","","81.07916667"
"POLITÉCNICO COLOMBIANO JAIME ISAZA CADAVID (S)","2015-02-20","","109.7875"
"POLITÉCNICO COLOMBIANO JAIME ISAZA CADAVID (S)","2015-02-19","","83.58333333"
"POLITÉCNICO COLOMBIANO JAIME ISAZA CADAVID (S)","2015-02-18","","92.825"
"POLITÉCNICO COLOMBIANO JAIME ISAZA CADAVID (S)","2015-02-17","","78.23333333"
"POLITÉCNICO COLOMBIANO JAIME ISAZA CADAVID (S)","2015-02-16","","68.73333333"
"POLITÉCNICO COLOMBIANO JAIME ISAZA CADAVID (S)","2015-02-15","","31.05416667"
"POLITÉCNICO COLOMBIANO JAIME ISAZA CADAVID (S)","2015-02-14","","70.69166667"
"POLITÉCNICO COLOMBIANO JAIME ISAZA CADAVID (S)","2015-02-13","","77.22083333"
"POLITÉCNICO COLOMBIANO JAIME ISAZA CADAVID (S)","2015-02-12","","61.17916667"
"POLITÉCNICO COLOMBIANO JAIME ISAZA CADAVID (S)","2015-02-11","","88.12083333"
"POLITÉCNICO COLOMBIANO JAIME ISAZA CADAVID (S)","2015-02-10","","88.2375"
"POLITÉCNICO COLOMBIANO JAIME ISAZA CADAVID (S)","2015-02-09","","91.1"
"POLITÉCNICO COLOMBIANO JAIME ISAZA CADAVID (S)","2015-02-07","","92.1"
"POLITÉCNICO COLOMBIANO JAIME ISAZA CADAVID (S)","2015-02-06","","88.38095238"
"POLITÉCNICO COLOMBIANO JAIME ISAZA CADAVID (S)","2015-02-05","","100.12083333"
"POLITÉCNICO COLOMBIANO JAIME ISAZA CADAVID (S)","2015-02-04","","65.075"
"POLITÉCNICO COLOMBIANO JAIME ISAZA CADAVID (S)","2015-02-03","","50.69583333"
"POLITÉCNICO COLOMBIANO JAIME ISAZA CADAVID (S)","2015-02-02","","70.70416667"
"POLITÉCNICO COLOMBIANO JAIME ISAZA CADAVID (S)","2015-02-01","","36.17083333"
"POLITÉCNICO COLOMBIANO JAIME ISAZA CADAVID (S)","2015-01-31","","72.52916667"
"POLITÉCNICO COLOMBIANO JAIME ISAZA CADAVID (S)","2015-01-30","","67.475"
"POLITÉCNICO COLOMBIANO JAIME ISAZA CADAVID (S)","2015-01-29","","65.09583333"
"POLITÉCNICO COLOMBIANO JAIME ISAZA CADAVID (S)","2015-01-28","","86.73333333"
"POLITÉCNICO COLOMBIANO JAIME ISAZA CADAVID (S)","2015-01-27","","95.3"
"POLITÉCNICO COLOMBIANO JAIME ISAZA CADAVID (S)","2015-01-26","","100.79090909"
"POLITÉCNICO COLOMBIANO JAIME ISAZA CADAVID (S)","2015-01-25","","44.35"
"POLITÉCNICO COLOMBIANO JAIME ISAZA CADAVID (S)","2015-01-24","","78.27083333"
"POLITÉCNICO COLOMBIANO JAIME ISAZA CADAVID (S)","2015-01-23","","108.075"
"POLITÉCNICO COLOMBIANO JAIME ISAZA CADAVID (S)","2015-01-22","","85.18333333"
"POLITÉCNICO COLOMBIANO JAIME ISAZA CADAVID (S)","2015-01-21","","99.7"
"POLITÉCNICO COLOMBIANO JAIME ISAZA CADAVID (S)","2015-01-20","","107.30909091"
"POLITÉCNICO COLOMBIANO JAIME ISAZA CADAVID (S)","2015-01-19","","91.975"
"POLITÉCNICO COLOMBIANO JAIME ISAZA CADAVID (S)","2015-01-18","","61.47"
"POLITÉCNICO COLOMBIANO JAIME ISAZA CADAVID (S)","2015-01-17","","95.54166667"
"POLITÉCNICO COLOMBIANO JAIME ISAZA CADAVID (S)","2015-01-16","","103.825"
"POLITÉCNICO COLOMBIANO JAIME ISAZA CADAVID (S)","2015-01-15","","81.68181818"
"POLITÉCNICO COLOMBIANO JAIME ISAZA CADAVID (S)","2015-01-14","","105.36666667"
"POLITÉCNICO COLOMBIANO JAIME ISAZA CADAVID (S)","2015-01-13","","94.1375"
"POLITÉCNICO COLOMBIANO JAIME ISAZA CADAVID (S)","2015-01-12","","66.48"
"POLITÉCNICO COLOMBIANO JAIME ISAZA CADAVID (S)","2015-01-11","","42.97333333"
"POLITÉCNICO COLOMBIANO JAIME ISAZA CADAVID (S)","2015-01-10","","53.66666667"
"POLITÉCNICO COLOMBIANO JAIME ISAZA CADAVID (S)","2015-01-09","","92.41764706"
"POLITÉCNICO COLOMBIANO JAIME ISAZA CADAVID (S)","2015-01-08","","74.805"
"POLITÉCNICO COLOMBIANO JAIME ISAZA CADAVID (S)","2015-01-07","","70.8047619"
"POLITÉCNICO COLOMBIANO JAIME ISAZA CADAVID (S)","2015-01-06","","75.38333333"
"POLITÉCNICO COLOMBIANO JAIME ISAZA CADAVID (S)","2015-01-05","","75.03636364"
"POLITÉCNICO COLOMBIANO JAIME ISAZA CADAVID (S)","2015-01-04","","62.98181818"
"POLITÉCNICO COLOMBIANO JAIME ISAZA CADAVID (S)","2015-01-03","","72.0173913"
"POLITÉCNICO COLOMBIANO JAIME ISAZA CADAVID (S)","2015-01-02","","52.10909091"
"POLITÉCNICO COLOMBIANO JAIME ISAZA CADAVID (S)","2015-01-01","","74.55454545"
"POLITÉCNICO COLOMBIANO JAIME ISAZA CADAVID (S)","2014-12-31","","60.92941176"
"POLITÉCNICO COLOMBIANO JAIME ISAZA CADAVID (S)","2014-12-30","","66.55833333"
"POLITÉCNICO COLOMBIANO JAIME ISAZA CADAVID (S)","2014-12-29","","86.32"
"POLITÉCNICO COLOMBIANO JAIME ISAZA CADAVID (S)","2014-12-28","","60.56315789"
"POLITÉCNICO COLOMBIANO JAIME ISAZA CADAVID (S)","2014-12-27","","83.18"
"POLITÉCNICO COLOMBIANO JAIME ISAZA CADAVID (S)","2014-12-26","","81.02"
"POLITÉCNICO COLOMBIANO JAIME ISAZA CADAVID (S)","2014-12-25","","36.61666667"
"POLITÉCNICO COLOMBIANO JAIME ISAZA CADAVID (S)","2014-12-24","","63.4173913"
"POLITÉCNICO COLOMBIANO JAIME ISAZA CADAVID (S)","2014-12-23","","93.57916667"
"POLITÉCNICO COLOMBIANO JAIME ISAZA CADAVID (S)","2014-12-22","","98.56956522"
"POLITÉCNICO COLOMBIANO JAIME ISAZA CADAVID (S)","2014-12-21","","103.60833333"
"POLITÉCNICO COLOMBIANO JAIME ISAZA CADAVID (S)","2014-12-20","","121.375"
"POLITÉCNICO COLOMBIANO JAIME ISAZA CADAVID (S)","2014-12-19","","138.10416667"
"POLITÉCNICO COLOMBIANO JAIME ISAZA CADAVID (S)","2014-12-18","","130.28333333"
"POLITÉCNICO COLOMBIANO JAIME ISAZA CADAVID (S)","2014-12-17","","96.86666667"
"POLITÉCNICO COLOMBIANO JAIME ISAZA CADAVID (S)","2014-12-16","","93.73913043"
"POLITÉCNICO COLOMBIANO JAIME ISAZA CADAVID (S)","2014-12-15","","107.4625"
"POLITÉCNICO COLOMBIANO JAIME ISAZA CADAVID (S)","2014-12-14","","78.27916667"
"POLITÉCNICO COLOMBIANO JAIME ISAZA CADAVID (S)","2014-12-13","","129.22083333"
"POLITÉCNICO COLOMBIANO JAIME ISAZA CADAVID (S)","2014-12-12","","132.62272727"
"POLITÉCNICO COLOMBIANO JAIME ISAZA CADAVID (S)","2014-12-11","","130.91666667"
"POLITÉCNICO COLOMBIANO JAIME ISAZA CADAVID (S)","2014-12-10","","106.1375"
"POLITÉCNICO COLOMBIANO JAIME ISAZA CADAVID (S)","2014-12-09","","144.06666667"
"POLITÉCNICO COLOMBIANO JAIME ISAZA CADAVID (S)","2014-12-08","","92.35833333"
"POLITÉCNICO COLOMBIANO JAIME ISAZA CADAVID (S)","2014-12-07","","98.13333333"
"POLITÉCNICO COLOMBIANO JAIME ISAZA CADAVID (S)","2014-12-06","","114.08333333"
"POLITÉCNICO COLOMBIANO JAIME ISAZA CADAVID (S)","2014-12-05","","115.8125"
"POLITÉCNICO COLOMBIANO JAIME ISAZA CADAVID (S)","2014-12-04","","155.5"
"POLITÉCNICO COLOMBIANO JAIME ISAZA CADAVID (S)","2014-12-03","","141.60416667"
"POLITÉCNICO COLOMBIANO JAIME ISAZA CADAVID (S)","2014-12-02","","112.74583333"
"POLITÉCNICO COLOMBIANO JAIME ISAZA CADAVID (S)","2014-12-01","","83.29583333"
"POLITÉCNICO COLOMBIANO JAIME ISAZA CADAVID (S)","2014-11-30","","59.49583333"
"POLITÉCNICO COLOMBIANO JAIME ISAZA CADAVID (S)","2014-11-29","","86.19166667"
"POLITÉCNICO COLOMBIANO JAIME ISAZA CADAVID (S)","2014-11-28","","82.225"
"POLITÉCNICO COLOMBIANO JAIME ISAZA CADAVID (S)","2014-11-27","","115.3375"
"POLITÉCNICO COLOMBIANO JAIME ISAZA CADAVID (S)","2014-11-26","","122.72272727"
"POLITÉCNICO COLOMBIANO JAIME ISAZA CADAVID (S)","2014-11-25","","103.48695652"
"POLITÉCNICO COLOMBIANO JAIME ISAZA CADAVID (S)","2014-11-24","","95.02727273"
"POLITÉCNICO COLOMBIANO JAIME ISAZA CADAVID (S)","2014-11-23","","64.5"
"POLITÉCNICO COLOMBIANO JAIME ISAZA CADAVID (S)","2014-11-22","","93.77916667"
"POLITÉCNICO COLOMBIANO JAIME ISAZA CADAVID (S)","2014-11-21","","105.71666667"
"POLITÉCNICO COLOMBIANO JAIME ISAZA CADAVID (S)","2014-11-20","","99.29583333"
"POLITÉCNICO COLOMBIANO JAIME ISAZA CADAVID (S)","2014-11-19","","117.33333333"
"POLITÉCNICO COLOMBIANO JAIME ISAZA CADAVID (S)","2014-11-18","","107.77916667"
"POLITÉCNICO COLOMBIANO JAIME ISAZA CADAVID (S)","2014-11-17","","65.62916667"
"POLITÉCNICO COLOMBIANO JAIME ISAZA CADAVID (S)","2014-11-16","","62.9625"
"POLITÉCNICO COLOMBIANO JAIME ISAZA CADAVID (S)","2014-11-15","","99.13333333"
"POLITÉCNICO COLOMBIANO JAIME ISAZA CADAVID (S)","2014-11-14","","147.92916667"
"POLITÉCNICO COLOMBIANO JAIME ISAZA CADAVID (S)","2014-11-13","","131.865"
"POLITÉCNICO COLOMBIANO JAIME ISAZA CADAVID (S)","2014-11-12","","121.60909091"
"POLITÉCNICO COLOMBIANO JAIME ISAZA CADAVID (S)","2014-11-11","","131.20869565"
"POLITÉCNICO COLOMBIANO JAIME ISAZA CADAVID (S)","2014-11-10","","146.28695652"
"POLITÉCNICO COLOMBIANO JAIME ISAZA CADAVID (S)","2014-11-09","","92.9"
"POLITÉCNICO COLOMBIANO JAIME ISAZA CADAVID (S)","2014-11-08","","146.775"
"POLITÉCNICO COLOMBIANO JAIME ISAZA CADAVID (S)","2014-11-07","","129.32916667"
"POLITÉCNICO COLOMBIANO JAIME ISAZA CADAVID (S)","2014-11-06","","125.62916667"
"POLITÉCNICO COLOMBIANO JAIME ISAZA CADAVID (S)","2014-11-05","","145.76666667"
"POLITÉCNICO COLOMBIANO JAIME ISAZA CADAVID (S)","2014-11-04","","135.70833333"
"POLITÉCNICO COLOMBIANO JAIME ISAZA CADAVID (S)","2014-11-03","","62.97916667"
"POLITÉCNICO COLOMBIANO JAIME ISAZA CADAVID (S)","2014-11-02","","70.84583333"
"POLITÉCNICO COLOMBIANO JAIME ISAZA CADAVID (S)","2014-11-01","","130.82"
"POLITÉCNICO COLOMBIANO JAIME ISAZA CADAVID (S)","2014-10-31","","168.4"
"POLITÉCNICO COLOMBIANO JAIME ISAZA CADAVID (S)","2014-10-25","","104.47272727"
"POLITÉCNICO COLOMBIANO JAIME ISAZA CADAVID (S)","2014-10-24","","102.9625"
"POLITÉCNICO COLOMBIANO JAIME ISAZA CADAVID (S)","2014-10-23","","110.30833333"
"POLITÉCNICO COLOMBIANO JAIME ISAZA CADAVID (S)","2014-10-22","","114.24166667"
"POLITÉCNICO COLOMBIANO JAIME ISAZA CADAVID (S)","2014-10-21","","121.3875"
"POLITÉCNICO COLOMBIANO JAIME ISAZA CADAVID (S)","2014-10-20","","113.00833333"
"POLITÉCNICO COLOMBIANO JAIME ISAZA CADAVID (S)","2014-10-19","","78.84583333"
"POLITÉCNICO COLOMBIANO JAIME ISAZA CADAVID (S)","2014-10-18","","110.5"
"POLITÉCNICO COLOMBIANO JAIME ISAZA CADAVID (S)","2014-10-17","","110.07083333"
"POLITÉCNICO COLOMBIANO JAIME ISAZA CADAVID (S)","2014-10-16","","112.95416667"
"POLITÉCNICO COLOMBIANO JAIME ISAZA CADAVID (S)","2014-10-15","","159.80833333"
"POLITÉCNICO COLOMBIANO JAIME ISAZA CADAVID (S)","2014-10-14","","130.49"
"POLITÉCNICO COLOMBIANO JAIME ISAZA CADAVID (S)","2014-10-13","","72.80909091"
"POLITÉCNICO COLOMBIANO JAIME ISAZA CADAVID (S)","2014-10-12","","85.48333333"
"POLITÉCNICO COLOMBIANO JAIME ISAZA CADAVID (S)","2014-10-11","","118.8125"
"POLITÉCNICO COLOMBIANO JAIME ISAZA CADAVID (S)","2014-10-10","","160.10416667"
"POLITÉCNICO COLOMBIANO JAIME ISAZA CADAVID (S)","2014-10-09","","152.11666667"
"POLITÉCNICO COLOMBIANO JAIME ISAZA CADAVID (S)","2014-10-08","","119.93043478"
"POLITÉCNICO COLOMBIANO JAIME ISAZA CADAVID (S)","2014-10-07","","111.21304348"
"POLITÉCNICO COLOMBIANO JAIME ISAZA CADAVID (S)","2014-10-06","","117.70833333"
"POLITÉCNICO COLOMBIANO JAIME ISAZA CADAVID (S)","2014-10-05","","87.1"
"POLITÉCNICO COLOMBIANO JAIME ISAZA CADAVID (S)","2014-10-04","","74.81428571"
"POLITÉCNICO COLOMBIANO JAIME ISAZA CADAVID (S)","2014-10-03","","102.145"
"POLITÉCNICO COLOMBIANO JAIME ISAZA CADAVID (S)","2014-10-02","","76.31304348"
"POLITÉCNICO COLOMBIANO JAIME ISAZA CADAVID (S)","2014-10-01","","83.52916667"
"POLITÉCNICO COLOMBIANO JAIME ISAZA CADAVID (S)","2014-09-30","","88.8625"
"POLITÉCNICO COLOMBIANO JAIME ISAZA CADAVID (S)","2014-09-29","","98.4125"
"POLITÉCNICO COLOMBIANO JAIME ISAZA CADAVID (S)","2014-09-28","","87.77916667"
"POLITÉCNICO COLOMBIANO JAIME ISAZA CADAVID (S)","2014-09-27","","85.30833333"
"POLITÉCNICO COLOMBIANO JAIME ISAZA CADAVID (S)","2014-09-26","","128.26956522"
"POLITÉCNICO COLOMBIANO JAIME ISAZA CADAVID (S)","2014-09-25","","90.17916667"
"POLITÉCNICO COLOMBIANO JAIME ISAZA CADAVID (S)","2014-09-24","","105.63333333"
"POLITÉCNICO COLOMBIANO JAIME ISAZA CADAVID (S)","2014-09-23","","106.80454545"
"POLITÉCNICO COLOMBIANO JAIME ISAZA CADAVID (S)","2014-09-22","","122.15833333"
"POLITÉCNICO COLOMBIANO JAIME ISAZA CADAVID (S)","2014-09-21","","75.24583333"
"POLITÉCNICO COLOMBIANO JAIME ISAZA CADAVID (S)","2014-09-20","","103.45"
"POLITÉCNICO COLOMBIANO JAIME ISAZA CADAVID (S)","2014-09-19","","127.8875"
"POLITÉCNICO COLOMBIANO JAIME ISAZA CADAVID (S)","2014-09-18","","113.8"
"POLITÉCNICO COLOMBIANO JAIME ISAZA CADAVID (S)","2014-09-17","","98.13333333"
"POLITÉCNICO COLOMBIANO JAIME ISAZA CADAVID (S)","2014-09-16","","70.025"
"POLITÉCNICO COLOMBIANO JAIME ISAZA CADAVID (S)","2014-09-15","","106.39583333"
"POLITÉCNICO COLOMBIANO JAIME ISAZA CADAVID (S)","2014-09-14","","64.4"
"POLITÉCNICO COLOMBIANO JAIME ISAZA CADAVID (S)","2014-09-13","","98.875"
"POLITÉCNICO COLOMBIANO JAIME ISAZA CADAVID (S)","2014-09-12","","141.21"
"POLITÉCNICO COLOMBIANO JAIME ISAZA CADAVID (S)","2014-09-11","","98.39583333"
"POLITÉCNICO COLOMBIANO JAIME ISAZA CADAVID (S)","2014-09-10","","78.38333333"
"POLITÉCNICO COLOMBIANO JAIME ISAZA CADAVID (S)","2014-09-09","","68.3625"
"POLITÉCNICO COLOMBIANO JAIME ISAZA CADAVID (S)","2014-09-08","","58.20416667"
"POLITÉCNICO COLOMBIANO JAIME ISAZA CADAVID (S)","2014-09-07","","35.19166667"
"POLITÉCNICO COLOMBIANO JAIME ISAZA CADAVID (S)","2014-09-06","","56.87083333"
"POLITÉCNICO COLOMBIANO JAIME ISAZA CADAVID (S)","2014-09-05","","67.87083333"
"POLITÉCNICO COLOMBIANO JAIME ISAZA CADAVID (S)","2014-09-04","","77.93333333"
"POLITÉCNICO COLOMBIANO JAIME ISAZA CADAVID (S)","2014-09-03","","64.3"
"POLITÉCNICO COLOMBIANO JAIME ISAZA CADAVID (S)","2014-09-02","","79.625"
"POLITÉCNICO COLOMBIANO JAIME ISAZA CADAVID (S)","2014-09-01","","64.97083333"
"POLITÉCNICO COLOMBIANO JAIME ISAZA CADAVID (S)","2014-08-31","","51.05833333"
"POLITÉCNICO COLOMBIANO JAIME ISAZA CADAVID (S)","2014-08-30","","67.03333333"
"POLITÉCNICO COLOMBIANO JAIME ISAZA CADAVID (S)","2014-08-29","","84.15882353"
"POLITÉCNICO COLOMBIANO JAIME ISAZA CADAVID (S)","2014-08-28","","116.275"
"POLITÉCNICO COLOMBIANO JAIME ISAZA CADAVID (S)","2014-08-27","","104.51666667"
"POLITÉCNICO COLOMBIANO JAIME ISAZA CADAVID (S)","2014-08-26","","102.89166667"
"POLITÉCNICO COLOMBIANO JAIME ISAZA CADAVID (S)","2014-08-25","","98.67083333"
"POLITÉCNICO COLOMBIANO JAIME ISAZA CADAVID (S)","2014-08-24","","45.95416667"
"POLITÉCNICO COLOMBIANO JAIME ISAZA CADAVID (S)","2014-08-23","","103.0125"
"POLITÉCNICO COLOMBIANO JAIME ISAZA CADAVID (S)","2014-08-22","","106.48333333"
"POLITÉCNICO COLOMBIANO JAIME ISAZA CADAVID (S)","2014-08-21","","82.925"
"POLITÉCNICO COLOMBIANO JAIME ISAZA CADAVID (S)","2014-08-20","","83.075"
"POLITÉCNICO COLOMBIANO JAIME ISAZA CADAVID (S)","2014-08-19","","105.10416667"
"POLITÉCNICO COLOMBIANO JAIME ISAZA CADAVID (S)","2014-08-18","","35.0625"
"POLITÉCNICO COLOMBIANO JAIME ISAZA CADAVID (S)","2014-08-17","","41.6"
"POLITÉCNICO COLOMBIANO JAIME ISAZA CADAVID (S)","2014-08-16","","63.89166667"
"POLITÉCNICO COLOMBIANO JAIME ISAZA CADAVID (S)","2014-08-15","","96.60833333"
"POLITÉCNICO COLOMBIANO JAIME ISAZA CADAVID (S)","2014-08-14","","120.00833333"
"POLITÉCNICO COLOMBIANO JAIME ISAZA CADAVID (S)","2014-08-13","","71.03"
"POLITÉCNICO COLOMBIANO JAIME ISAZA CADAVID (S)","2014-08-12","","105.6625"
"POLITÉCNICO COLOMBIANO JAIME ISAZA CADAVID (S)","2014-08-11","","86.74583333"
"POLITÉCNICO COLOMBIANO JAIME ISAZA CADAVID (S)","2014-08-10","","51.74166667"
"POLITÉCNICO COLOMBIANO JAIME ISAZA CADAVID (S)","2014-08-09","","78.17083333"
"POLITÉCNICO COLOMBIANO JAIME ISAZA CADAVID (S)","2014-08-08","","90.87916667"
"POLITÉCNICO COLOMBIANO JAIME ISAZA CADAVID (S)","2014-08-07","","70.28333333"
"POLITÉCNICO COLOMBIANO JAIME ISAZA CADAVID (S)","2014-08-06","","86.87083333"
"POLITÉCNICO COLOMBIANO JAIME ISAZA CADAVID (S)","2014-08-05","","79.17083333"
"POLITÉCNICO COLOMBIANO JAIME ISAZA CADAVID (S)","2014-08-04","","76.15"
"POLITÉCNICO COLOMBIANO JAIME ISAZA CADAVID (S)","2014-08-03","","67.9"
"POLITÉCNICO COLOMBIANO JAIME ISAZA CADAVID (S)","2014-08-02","","104.39166667"
"POLITÉCNICO COLOMBIANO JAIME ISAZA CADAVID (S)","2014-08-01","","79.63333333"
"POLITÉCNICO COLOMBIANO JAIME ISAZA CADAVID (S)","2014-07-31","","75.80833333"
"POLITÉCNICO COLOMBIANO JAIME ISAZA CADAVID (S)","2014-07-30","","61.8625"
"POLITÉCNICO COLOMBIANO JAIME ISAZA CADAVID (S)","2014-07-29","","72.0625"
"POLITÉCNICO COLOMBIANO JAIME ISAZA CADAVID (S)","2014-07-28","","58.25"
"POLITÉCNICO COLOMBIANO JAIME ISAZA CADAVID (S)","2014-07-27","","50.30833333"
"POLITÉCNICO COLOMBIANO JAIME ISAZA CADAVID (S)","2014-07-26","","71.29583333"
"POLITÉCNICO COLOMBIANO JAIME ISAZA CADAVID (S)","2014-07-25","","71.74583333"
"POLITÉCNICO COLOMBIANO JAIME ISAZA CADAVID (S)","2014-07-24","","69.91666667"
"POLITÉCNICO COLOMBIANO JAIME ISAZA CADAVID (S)","2014-07-23","","65.55833333"
"POLITÉCNICO COLOMBIANO JAIME ISAZA CADAVID (S)","2014-07-22","","59.15416667"
"POLITÉCNICO COLOMBIANO JAIME ISAZA CADAVID (S)","2014-07-21","","67.66818182"
"POLITÉCNICO COLOMBIANO JAIME ISAZA CADAVID (S)","2014-07-20","","61.25"
"POLITÉCNICO COLOMBIANO JAIME ISAZA CADAVID (S)","2014-07-19","","74.0125"
"POLITÉCNICO COLOMBIANO JAIME ISAZA CADAVID (S)","2014-07-18","","84.4625"
"POLITÉCNICO COLOMBIANO JAIME ISAZA CADAVID (S)","2014-07-17","","90.42916667"
"POLITÉCNICO COLOMBIANO JAIME ISAZA CADAVID (S)","2014-07-16","","83.575"
"POLITÉCNICO COLOMBIANO JAIME ISAZA CADAVID (S)","2014-07-15","","74.16666667"
"POLITÉCNICO COLOMBIANO JAIME ISAZA CADAVID (S)","2014-07-14","","61.33333333"
"POLITÉCNICO COLOMBIANO JAIME ISAZA CADAVID (S)","2014-07-13","","39.69583333"
"POLITÉCNICO COLOMBIANO JAIME ISAZA CADAVID (S)","2014-07-12","","62.30416667"
"POLITÉCNICO COLOMBIANO JAIME ISAZA CADAVID (S)","2014-07-11","","70.15"
"POLITÉCNICO COLOMBIANO JAIME ISAZA CADAVID (S)","2014-07-10","","62.37083333"
"POLITÉCNICO COLOMBIANO JAIME ISAZA CADAVID (S)","2014-07-09","","65.75833333"
"POLITÉCNICO COLOMBIANO JAIME ISAZA CADAVID (S)","2014-07-08","","78.73333333"
"POLITÉCNICO COLOMBIANO JAIME ISAZA CADAVID (S)","2014-07-07","","86.95"
"POLITÉCNICO COLOMBIANO JAIME ISAZA CADAVID (S)","2014-07-06","","48.57916667"
"POLITÉCNICO COLOMBIANO JAIME ISAZA CADAVID (S)","2014-07-05","","71.0"
"POLITÉCNICO COLOMBIANO JAIME ISAZA CADAVID (S)","2014-07-04","","75.21666667"
"POLITÉCNICO COLOMBIANO JAIME ISAZA CADAVID (S)","2014-07-03","","67.55833333"
"POLITÉCNICO COLOMBIANO JAIME ISAZA CADAVID (S)","2014-07-02","","79.8"
"POLITÉCNICO COLOMBIANO JAIME ISAZA CADAVID (S)","2014-07-01","","87.475"
"POLITÉCNICO COLOMBIANO JAIME ISAZA CADAVID (S)","2014-06-30","","50.6"
"POLITÉCNICO COLOMBIANO JAIME ISAZA CADAVID (S)","2014-06-29","","51.3125"
"POLITÉCNICO COLOMBIANO JAIME ISAZA CADAVID (S)","2014-06-28","","89.15833333"
"POLITÉCNICO COLOMBIANO JAIME ISAZA CADAVID (S)","2014-06-27","","101.5"
"POLITÉCNICO COLOMBIANO JAIME ISAZA CADAVID (S)","2014-06-26","","80.74782609"
"POLITÉCNICO COLOMBIANO JAIME ISAZA CADAVID (S)","2014-06-25","","107.0"
"POLITÉCNICO COLOMBIANO JAIME ISAZA CADAVID (S)","2014-06-24","","77.14166667"
"POLITÉCNICO COLOMBIANO JAIME ISAZA CADAVID (S)","2014-06-23","","41.29583333"
"POLITÉCNICO COLOMBIANO JAIME ISAZA CADAVID (S)","2014-06-22","","44.525"
"POLITÉCNICO COLOMBIANO JAIME ISAZA CADAVID (S)","2014-06-21","","82.49583333"
"POLITÉCNICO COLOMBIANO JAIME ISAZA CADAVID (S)","2014-06-20","","79.29583333"
"POLITÉCNICO COLOMBIANO JAIME ISAZA CADAVID (S)","2014-06-19","","67.925"
"POLITÉCNICO COLOMBIANO JAIME ISAZA CADAVID (S)","2014-06-18","","62.80833333"
"POLITÉCNICO COLOMBIANO JAIME ISAZA CADAVID (S)","2014-06-17","","68.1625"
"POLITÉCNICO COLOMBIANO JAIME ISAZA CADAVID (S)","2014-06-16","","66.62083333"
"POLITÉCNICO COLOMBIANO JAIME ISAZA CADAVID (S)","2014-06-15","","48.7625"
"POLITÉCNICO COLOMBIANO JAIME ISAZA CADAVID (S)","2014-06-14","","77.8375"
"POLITÉCNICO COLOMBIANO JAIME ISAZA CADAVID (S)","2014-06-13","","112.37916667"
"POLITÉCNICO COLOMBIANO JAIME ISAZA CADAVID (S)","2014-06-12","","118.3375"
"POLITÉCNICO COLOMBIANO JAIME ISAZA CADAVID (S)","2014-06-11","","82.70416667"
"POLITÉCNICO COLOMBIANO JAIME ISAZA CADAVID (S)","2014-06-10","","94.55454545"
"POLITÉCNICO COLOMBIANO JAIME ISAZA CADAVID (S)","2014-06-09","","81.95833333"
"POLITÉCNICO COLOMBIANO JAIME ISAZA CADAVID (S)","2014-06-08","","68.675"
"POLITÉCNICO COLOMBIANO JAIME ISAZA CADAVID (S)","2014-06-07","","109.85416667"
"POLITÉCNICO COLOMBIANO JAIME ISAZA CADAVID (S)","2014-06-06","","91.18333333"
"POLITÉCNICO COLOMBIANO JAIME ISAZA CADAVID (S)","2014-06-05","","99.21666667"
"POLITÉCNICO COLOMBIANO JAIME ISAZA CADAVID (S)","2014-06-04","","86.30416667"
"POLITÉCNICO COLOMBIANO JAIME ISAZA CADAVID (S)","2014-06-03","","102.07249667"
"POLITÉCNICO COLOMBIANO JAIME ISAZA CADAVID (S)","2014-06-02","","76.50416667"
"POLITÉCNICO COLOMBIANO JAIME ISAZA CADAVID (S)","2014-06-01","","57.37083333"
"POLITÉCNICO COLOMBIANO JAIME ISAZA CADAVID (S)","2014-05-31","","73.18333333"
"POLITÉCNICO COLOMBIANO JAIME ISAZA CADAVID (S)","2014-05-30","","123.99047619"
"POLITÉCNICO COLOMBIANO JAIME ISAZA CADAVID (S)","2014-05-29","","128.68333333"
"POLITÉCNICO COLOMBIANO JAIME ISAZA CADAVID (S)","2014-05-28","","88.6625"
"POLITÉCNICO COLOMBIANO JAIME ISAZA CADAVID (S)","2014-05-27","","100.67083333"
"POLITÉCNICO COLOMBIANO JAIME ISAZA CADAVID (S)","2014-05-26","","74.9625"
"POLITÉCNICO COLOMBIANO JAIME ISAZA CADAVID (S)","2014-05-25","","49.3625"
"POLITÉCNICO COLOMBIANO JAIME ISAZA CADAVID (S)","2014-05-24","","108.225"
"POLITÉCNICO COLOMBIANO JAIME ISAZA CADAVID (S)","2014-05-23","","144.76666667"
"POLITÉCNICO COLOMBIANO JAIME ISAZA CADAVID (S)","2014-05-22","","120.5875"
"POLITÉCNICO COLOMBIANO JAIME ISAZA CADAVID (S)","2014-05-21","","117.79583333"
"POLITÉCNICO COLOMBIANO JAIME ISAZA CADAVID (S)","2014-05-20","","111.25833333"
"POLITÉCNICO COLOMBIANO JAIME ISAZA CADAVID (S)","2014-05-19","","100.55833333"
"POLITÉCNICO COLOMBIANO JAIME ISAZA CADAVID (S)","2014-05-18","","99.55"
"POLITÉCNICO COLOMBIANO JAIME ISAZA CADAVID (S)","2014-05-17","","121.52083333"
"POLITÉCNICO COLOMBIANO JAIME ISAZA CADAVID (S)","2014-05-16","","107.93333333"
"POLITÉCNICO COLOMBIANO JAIME ISAZA CADAVID (S)","2014-05-15","","110.54583333"
"POLITÉCNICO COLOMBIANO JAIME ISAZA CADAVID (S)","2014-05-14","","112.17916667"
"POLITÉCNICO COLOMBIANO JAIME ISAZA CADAVID (S)","2014-05-13","","70.28571429"
"POLITÉCNICO COLOMBIANO JAIME ISAZA CADAVID (S)","2014-05-12","","79.04583333"
"POLITÉCNICO COLOMBIANO JAIME ISAZA CADAVID (S)","2014-05-11","","63.29166667"
"POLITÉCNICO COLOMBIANO JAIME ISAZA CADAVID (S)","2014-05-10","","100.975"
"POLITÉCNICO COLOMBIANO JAIME ISAZA CADAVID (S)","2014-05-09","","160.57083333"
"POLITÉCNICO COLOMBIANO JAIME ISAZA CADAVID (S)","2014-05-08","","151.35416667"
"POLITÉCNICO COLOMBIANO JAIME ISAZA CADAVID (S)","2014-05-07","","160.8375"
"POLITÉCNICO COLOMBIANO JAIME ISAZA CADAVID (S)","2014-05-06","","135.35833333"
"POLITÉCNICO COLOMBIANO JAIME ISAZA CADAVID (S)","2014-05-05","","114.39166667"
"POLITÉCNICO COLOMBIANO JAIME ISAZA CADAVID (S)","2014-05-04","","58.12083333"
"POLITÉCNICO COLOMBIANO JAIME ISAZA CADAVID (S)","2014-05-03","","97.5"
"POLITÉCNICO COLOMBIANO JAIME ISAZA CADAVID (S)","2014-05-02","","129.51666667"
"POLITÉCNICO COLOMBIANO JAIME ISAZA CADAVID (S)","2014-05-01","","72.42916667"
"POLITÉCNICO COLOMBIANO JAIME ISAZA CADAVID (S)","2014-04-30","","117.76818182"
"POLITÉCNICO COLOMBIANO JAIME ISAZA CADAVID (S)","2014-04-29","","98.9875"
"POLITÉCNICO COLOMBIANO JAIME ISAZA CADAVID (S)","2014-04-28","","111.57083333"
"POLITÉCNICO COLOMBIANO JAIME ISAZA CADAVID (S)","2014-04-27","","105.78333333"
"POLITÉCNICO COLOMBIANO JAIME ISAZA CADAVID (S)","2014-04-26","","114.57916667"
"POLITÉCNICO COLOMBIANO JAIME ISAZA CADAVID (S)","2014-04-25","","115.5"
"POLITÉCNICO COLOMBIANO JAIME ISAZA CADAVID (S)","2014-04-24","","125.4125"
"POLITÉCNICO COLOMBIANO JAIME ISAZA CADAVID (S)","2014-04-23","","117.65"
"POLITÉCNICO COLOMBIANO JAIME ISAZA CADAVID (S)","2014-04-22","","115.6625"
"POLITÉCNICO COLOMBIANO JAIME ISAZA CADAVID (S)","2014-04-21","","119.6625"
"POLITÉCNICO COLOMBIANO JAIME ISAZA CADAVID (S)","2014-04-20","","66.0375"
"POLITÉCNICO COLOMBIANO JAIME ISAZA CADAVID (S)","2014-04-19","","59.175"
"POLITÉCNICO COLOMBIANO JAIME ISAZA CADAVID (S)","2014-04-18","","56.4"
"POLITÉCNICO COLOMBIANO JAIME ISAZA CADAVID (S)","2014-04-17","","79.43333333"
"POLITÉCNICO COLOMBIANO JAIME ISAZA CADAVID (S)","2014-04-16","","128.65833333"
"POLITÉCNICO COLOMBIANO JAIME ISAZA CADAVID (S)","2014-04-15","","93.06521739"
"POLITÉCNICO COLOMBIANO JAIME ISAZA CADAVID (S)","2014-04-14","","74.29166667"
"POLITÉCNICO COLOMBIANO JAIME ISAZA CADAVID (S)","2014-04-13","","83.01666667"
"POLITÉCNICO COLOMBIANO JAIME ISAZA CADAVID (S)","2014-04-12","","125.4625"
"POLITÉCNICO COLOMBIANO JAIME ISAZA CADAVID (S)","2014-04-11","","127.95384615"
"POLITÉCNICO COLOMBIANO JAIME ISAZA CADAVID (S)","2014-04-08","","66.93571429"
"POLITÉCNICO COLOMBIANO JAIME ISAZA CADAVID (S)","2014-04-07","","73.97916667"
"POLITÉCNICO COLOMBIANO JAIME ISAZA CADAVID (S)","2014-04-06","","52.06086957"
"POLITÉCNICO COLOMBIANO JAIME ISAZA CADAVID (S)","2014-04-05","","83.81666667"
"POLITÉCNICO COLOMBIANO JAIME ISAZA CADAVID (S)","2014-04-04","","117.87083333"
"POLITÉCNICO COLOMBIANO JAIME ISAZA CADAVID (S)","2014-04-03","","121.84583333"
"POLITÉCNICO COLOMBIANO JAIME ISAZA CADAVID (S)","2014-04-02","","97.10833333"
"POLITÉCNICO COLOMBIANO JAIME ISAZA CADAVID (S)","2014-04-01","","73.25416667"
"POLITÉCNICO COLOMBIANO JAIME ISAZA CADAVID (S)","2014-03-31","","67.79583333"
"POLITÉCNICO COLOMBIANO JAIME ISAZA CADAVID (S)","2014-03-30","","62.7875"
"POLITÉCNICO COLOMBIANO JAIME ISAZA CADAVID (S)","2014-03-29","","86.60416667"
"POLITÉCNICO COLOMBIANO JAIME ISAZA CADAVID (S)","2014-03-28","","71.42727273"
"POLITÉCNICO COLOMBIANO JAIME ISAZA CADAVID (S)","2014-03-27","","74.27083333"
"POLITÉCNICO COLOMBIANO JAIME ISAZA CADAVID (S)","2014-03-26","","115.10833333"
"POLITÉCNICO COLOMBIANO JAIME ISAZA CADAVID (S)","2014-03-25","","111.52916667"
"POLITÉCNICO COLOMBIANO JAIME ISAZA CADAVID (S)","2014-03-24","","62.14166667"
"POLITÉCNICO COLOMBIANO JAIME ISAZA CADAVID (S)","2014-03-23","","59.7375"
"POLITÉCNICO COLOMBIANO JAIME ISAZA CADAVID (S)","2014-03-22","","90.3375"
"POLITÉCNICO COLOMBIANO JAIME ISAZA CADAVID (S)","2014-03-21","","105.4375"
"POLITÉCNICO COLOMBIANO JAIME ISAZA CADAVID (S)","2014-03-20","","85.60833333"
"POLITÉCNICO COLOMBIANO JAIME ISAZA CADAVID (S)","2014-03-19","","82.31363636"
"POLITÉCNICO COLOMBIANO JAIME ISAZA CADAVID (S)","2014-03-18","","139.99583333"
"POLITÉCNICO COLOMBIANO JAIME ISAZA CADAVID (S)","2014-03-17","","178.05833333"
"POLITÉCNICO COLOMBIANO JAIME ISAZA CADAVID (S)","2014-03-16","","100.69166667"
"POLITÉCNICO COLOMBIANO JAIME ISAZA CADAVID (S)","2014-03-15","","118.18333333"
"POLITÉCNICO COLOMBIANO JAIME ISAZA CADAVID (S)","2014-03-14","","150.76956522"
"POLITÉCNICO COLOMBIANO JAIME ISAZA CADAVID (S)","2014-03-13","","154.17619048"
"POLITÉCNICO COLOMBIANO JAIME ISAZA CADAVID (S)","2014-03-12","","122.51666667"
"POLITÉCNICO COLOMBIANO JAIME ISAZA CADAVID (S)","2014-03-11","","91.84583333"
"POLITÉCNICO COLOMBIANO JAIME ISAZA CADAVID (S)","2014-03-10","","102.1375"
"POLITÉCNICO COLOMBIANO JAIME ISAZA CADAVID (S)","2014-03-09","","70.1875"
"POLITÉCNICO COLOMBIANO JAIME ISAZA CADAVID (S)","2014-03-08","","132.28333333"
"POLITÉCNICO COLOMBIANO JAIME ISAZA CADAVID (S)","2014-03-07","","148.25833333"
"POLITÉCNICO COLOMBIANO JAIME ISAZA CADAVID (S)","2014-03-06","","132.15416667"
"POLITÉCNICO COLOMBIANO JAIME ISAZA CADAVID (S)","2014-03-05","","118.53333333"
"POLITÉCNICO COLOMBIANO JAIME ISAZA CADAVID (S)","2014-03-04","","121.1"
"POLITÉCNICO COLOMBIANO JAIME ISAZA CADAVID (S)","2014-03-03","","100.96956522"
"POLITÉCNICO COLOMBIANO JAIME ISAZA CADAVID (S)","2014-03-02","","75.75416667"
"POLITÉCNICO COLOMBIANO JAIME ISAZA CADAVID (S)","2014-03-01","","112.14166667"
"POLITÉCNICO COLOMBIANO JAIME ISAZA CADAVID (S)","2014-02-28","","155.72727273"
"POLITÉCNICO COLOMBIANO JAIME ISAZA CADAVID (S)","2014-02-27","","124.5125"
"POLITÉCNICO COLOMBIANO JAIME ISAZA CADAVID (S)","2014-02-26","","90.94615385"
"POLITÉCNICO COLOMBIANO JAIME ISAZA CADAVID (S)","2014-02-25","","87.13333333"
"POLITÉCNICO COLOMBIANO JAIME ISAZA CADAVID (S)","2014-02-24","","139.55833333"
"POLITÉCNICO COLOMBIANO JAIME ISAZA CADAVID (S)","2014-02-23","","69.69166667"
"POLITÉCNICO COLOMBIANO JAIME ISAZA CADAVID (S)","2014-02-22","","106.1"
"POLITÉCNICO COLOMBIANO JAIME ISAZA CADAVID (S)","2014-02-21","","111.00588235"
"POLITÉCNICO COLOMBIANO JAIME ISAZA CADAVID (S)","2014-02-20","","118.17083333"
"POLITÉCNICO COLOMBIANO JAIME ISAZA CADAVID (S)","2014-02-19","","109.2125"
"POLITÉCNICO COLOMBIANO JAIME ISAZA CADAVID (S)","2014-02-18","","122.49047619"
"POLITÉCNICO COLOMBIANO JAIME ISAZA CADAVID (S)","2014-02-17","","117.47916667"
"POLITÉCNICO COLOMBIANO JAIME ISAZA CADAVID (S)","2014-02-16","","62.17916667"
"POLITÉCNICO COLOMBIANO JAIME ISAZA CADAVID (S)","2014-02-15","","116.175"
"POLITÉCNICO COLOMBIANO JAIME ISAZA CADAVID (S)","2014-02-14","","202.47083333"
"POLITÉCNICO COLOMBIANO JAIME ISAZA CADAVID (S)","2014-02-13","","118.35"
"POLITÉCNICO COLOMBIANO JAIME ISAZA CADAVID (S)","2014-02-12","","76.52083333"
"POLITÉCNICO COLOMBIANO JAIME ISAZA CADAVID (S)","2014-02-11","","100.75833333"
"POLITÉCNICO COLOMBIANO JAIME ISAZA CADAVID (S)","2014-02-10","","91.9375"
"POLITÉCNICO COLOMBIANO JAIME ISAZA CADAVID (S)","2014-02-09","","47.00416667"
"POLITÉCNICO COLOMBIANO JAIME ISAZA CADAVID (S)","2014-02-08","","85.1"
"POLITÉCNICO COLOMBIANO JAIME ISAZA CADAVID (S)","2014-02-07","","90.95"
"POLITÉCNICO COLOMBIANO JAIME ISAZA CADAVID (S)","2014-02-06","","101.86666667"
"POLITÉCNICO COLOMBIANO JAIME ISAZA CADAVID (S)","2014-02-05","","94.22916667"
"POLITÉCNICO COLOMBIANO JAIME ISAZA CADAVID (S)","2014-02-04","","106.9125"
"POLITÉCNICO COLOMBIANO JAIME ISAZA CADAVID (S)","2014-02-03","","112.62083333"
"POLITÉCNICO COLOMBIANO JAIME ISAZA CADAVID (S)","2014-02-02","","69.6875"
"POLITÉCNICO COLOMBIANO JAIME ISAZA CADAVID (S)","2014-02-01","","87.10833333"
"POLITÉCNICO COLOMBIANO JAIME ISAZA CADAVID (S)","2014-01-31","","110.7"
"POLITÉCNICO COLOMBIANO JAIME ISAZA CADAVID (S)","2014-01-30","","118.19166667"
"POLITÉCNICO COLOMBIANO JAIME ISAZA CADAVID (S)","2014-01-29","","87.60833333"
"POLITÉCNICO COLOMBIANO JAIME ISAZA CADAVID (S)","2014-01-28","","98.2047619"
"POLITÉCNICO COLOMBIANO JAIME ISAZA CADAVID (S)","2014-01-27","","91.09583333"
"POLITÉCNICO COLOMBIANO JAIME ISAZA CADAVID (S)","2014-01-26","","48.09166667"
"POLITÉCNICO COLOMBIANO JAIME ISAZA CADAVID (S)","2014-01-25","","72.43333333"
"POLITÉCNICO COLOMBIANO JAIME ISAZA CADAVID (S)","2014-01-24","","82.04583333"
"POLITÉCNICO COLOMBIANO JAIME ISAZA CADAVID (S)","2014-01-23","","77.45"
"POLITÉCNICO COLOMBIANO JAIME ISAZA CADAVID (S)","2014-01-22","","97.31666667"
"POLITÉCNICO COLOMBIANO JAIME ISAZA CADAVID (S)","2014-01-21","","96.775"
"POLITÉCNICO COLOMBIANO JAIME ISAZA CADAVID (S)","2014-01-20","","86.65833333"
"POLITÉCNICO COLOMBIANO JAIME ISAZA CADAVID (S)","2014-01-19","","43.1"
"POLITÉCNICO COLOMBIANO JAIME ISAZA CADAVID (S)","2014-01-18","","77.425"
"POLITÉCNICO COLOMBIANO JAIME ISAZA CADAVID (S)","2014-01-17","","103.45"
"POLITÉCNICO COLOMBIANO JAIME ISAZA CADAVID (S)","2014-01-16","","80.71666667"
"POLITÉCNICO COLOMBIANO JAIME ISAZA CADAVID (S)","2014-01-15","","77.11666667"
"POLITÉCNICO COLOMBIANO JAIME ISAZA CADAVID (S)","2014-01-14","","71.58333333"
"POLITÉCNICO COLOMBIANO JAIME ISAZA CADAVID (S)","2014-01-13","","65.54166667"
"POLITÉCNICO COLOMBIANO JAIME ISAZA CADAVID (S)","2014-01-12","","71.51666667"
"POLITÉCNICO COLOMBIANO JAIME ISAZA CADAVID (S)","2014-01-11","","90.34583333"
"POLITÉCNICO COLOMBIANO JAIME ISAZA CADAVID (S)","2014-01-10","","95.375"
"POLITÉCNICO COLOMBIANO JAIME ISAZA CADAVID (S)","2014-01-09","","77.5625"
"POLITÉCNICO COLOMBIANO JAIME ISAZA CADAVID (S)","2014-01-08","","83.12083333"
"POLITÉCNICO COLOMBIANO JAIME ISAZA CADAVID (S)","2014-01-07","","81.9125"
"POLITÉCNICO COLOMBIANO JAIME ISAZA CADAVID (S)","2014-01-06","","64.55833333"
"POLITÉCNICO COLOMBIANO JAIME ISAZA CADAVID (S)","2014-01-05","","59.08333333"
"POLITÉCNICO COLOMBIANO JAIME ISAZA CADAVID (S)","2014-01-04","","56.47916667"
"POLITÉCNICO COLOMBIANO JAIME ISAZA CADAVID (S)","2014-01-03","","72.3375"
"POLITÉCNICO COLOMBIANO JAIME ISAZA CADAVID (S)","2014-01-02","","67.45833333"
"POLITÉCNICO COLOMBIANO JAIME ISAZA CADAVID (S)","2014-01-01","","32.82916667"
"POLITÉCNICO COLOMBIANO JAIME ISAZA CADAVID (S)","2013-12-31","","62.80399284"
"POLITÉCNICO COLOMBIANO JAIME ISAZA CADAVID (S)","2013-12-30","","62.91692136"
"POLITÉCNICO COLOMBIANO JAIME ISAZA CADAVID (S)","2013-12-29","","46.54032209"
"POLITÉCNICO COLOMBIANO JAIME ISAZA CADAVID (S)","2013-12-28","","67.3583998"
"POLITÉCNICO COLOMBIANO JAIME ISAZA CADAVID (S)","2013-12-27","","80.59864008"
"POLITÉCNICO COLOMBIANO JAIME ISAZA CADAVID (S)","2013-12-26","","94.3780317"
"POLITÉCNICO COLOMBIANO JAIME ISAZA CADAVID (S)","2013-12-25","","50.1508589"
"POLITÉCNICO COLOMBIANO JAIME ISAZA CADAVID (S)","2013-12-24","","97.01296524"
"POLITÉCNICO COLOMBIANO JAIME ISAZA CADAVID (S)","2013-12-23","","104.18765337"
"POLITÉCNICO COLOMBIANO JAIME ISAZA CADAVID (S)","2013-12-22","","64.08554703"
"POLITÉCNICO COLOMBIANO JAIME ISAZA CADAVID (S)","2013-12-21","","86.32468303"
"POLITÉCNICO COLOMBIANO JAIME ISAZA CADAVID (S)","2013-12-20","","92.13348671"
"POLITÉCNICO COLOMBIANO JAIME ISAZA CADAVID (S)","2013-12-19","","105.16632924"
"POLITÉCNICO COLOMBIANO JAIME ISAZA CADAVID (S)","2013-12-18","","114.48350716"
"POLITÉCNICO COLOMBIANO JAIME ISAZA CADAVID (S)","2013-12-17","","92.18887526"
"POLITÉCNICO COLOMBIANO JAIME ISAZA CADAVID (S)","2013-12-16","","81.58049591"
"POLITÉCNICO COLOMBIANO JAIME ISAZA CADAVID (S)","2013-12-15","","50.05484151"
"POLITÉCNICO COLOMBIANO JAIME ISAZA CADAVID (S)","2013-12-14","","77.0703272"
"POLITÉCNICO COLOMBIANO JAIME ISAZA CADAVID (S)","2013-12-13","","104.01388037"
"POLITÉCNICO COLOMBIANO JAIME ISAZA CADAVID (S)","2013-12-12","","89.99292945"
"POLITÉCNICO COLOMBIANO JAIME ISAZA CADAVID (S)","2013-12-11","","66.42428425"
"POLITÉCNICO COLOMBIANO JAIME ISAZA CADAVID (S)","2013-12-10","","103.540409"
"POLITÉCNICO COLOMBIANO JAIME ISAZA CADAVID (S)","2013-12-09","","135.25691718"
"POLITÉCNICO COLOMBIANO JAIME ISAZA CADAVID (S)","2013-12-08","","75.75132413"
"POLITÉCNICO COLOMBIANO JAIME ISAZA CADAVID (S)","2013-12-07","","92.45462679"
"POLITÉCNICO COLOMBIANO JAIME ISAZA CADAVID (S)","2013-12-06","","111.95720348"
"POLITÉCNICO COLOMBIANO JAIME ISAZA CADAVID (S)","2013-12-05","","102.53139571"
"POLITÉCNICO COLOMBIANO JAIME ISAZA CADAVID (S)","2013-12-04","","104.00412577"
"POLITÉCNICO COLOMBIANO JAIME ISAZA CADAVID (S)","2013-12-03","","96.29368098"
"POLITÉCNICO COLOMBIANO JAIME ISAZA CADAVID (S)","2013-12-02","","110.28246933"
"POLITÉCNICO COLOMBIANO JAIME ISAZA CADAVID (S)","2013-12-01","","71.56165133"
"POLITÉCNICO COLOMBIANO JAIME ISAZA CADAVID (S)","2013-11-30","","123.05604652"
"POLITÉCNICO COLOMBIANO JAIME ISAZA CADAVID (S)","2013-11-29","","112.22836094"
"POLITÉCNICO COLOMBIANO JAIME ISAZA CADAVID (S)","2013-11-28","","103.09281237"
"POLITÉCNICO COLOMBIANO JAIME ISAZA CADAVID (S)","2013-11-27","","111.60509663"
"POLITÉCNICO COLOMBIANO JAIME ISAZA CADAVID (S)","2013-11-26","","109.74030982"
"POLITÉCNICO COLOMBIANO JAIME ISAZA CADAVID (S)","2013-11-25","","115.13636401"
"POLITÉCNICO COLOMBIANO JAIME ISAZA CADAVID (S)","2013-11-24","","96.18155573"
"POLITÉCNICO COLOMBIANO JAIME ISAZA CADAVID (S)","2013-11-23","","99.8499228"
"POLITÉCNICO COLOMBIANO JAIME ISAZA CADAVID (S)","2013-11-22","","99.52267638"
"POLITÉCNICO COLOMBIANO JAIME ISAZA CADAVID (S)","2013-11-21","","106.47783333"
"POLITÉCNICO COLOMBIANO JAIME ISAZA CADAVID (S)","2013-11-20","","108.25286605"
"POLITÉCNICO COLOMBIANO JAIME ISAZA CADAVID (S)","2013-11-19","","81.78587577"
"POLITÉCNICO COLOMBIANO JAIME ISAZA CADAVID (S)","2013-11-18","","103.24825299"
"POLITÉCNICO COLOMBIANO JAIME ISAZA CADAVID (S)","2013-11-17","","63.85013446"
"POLITÉCNICO COLOMBIANO JAIME ISAZA CADAVID (S)","2013-11-16","","79.75164315"
"POLITÉCNICO COLOMBIANO JAIME ISAZA CADAVID (S)","2013-11-15","","86.51398313"
"POLITÉCNICO COLOMBIANO JAIME ISAZA CADAVID (S)","2013-11-14","","89.9763773"
"POLITÉCNICO COLOMBIANO JAIME ISAZA CADAVID (S)","2013-11-13","","101.48613701"
"POLITÉCNICO COLOMBIANO JAIME ISAZA CADAVID (S)","2013-11-12","","85.52847904"
"POLITÉCNICO COLOMBIANO JAIME ISAZA CADAVID (S)","2013-11-11","","64.93705112"
"POLITÉCNICO COLOMBIANO JAIME ISAZA CADAVID (S)","2013-11-10","","70.31023211"
"POLITÉCNICO COLOMBIANO JAIME ISAZA CADAVID (S)","2013-11-09","","93.77278476"
"POLITÉCNICO COLOMBIANO JAIME ISAZA CADAVID (S)","2013-11-08","","105.10186912"
"POLITÉCNICO COLOMBIANO JAIME ISAZA CADAVID (S)","2013-11-07","","124.08208282"
"POLITÉCNICO COLOMBIANO JAIME ISAZA CADAVID (S)","2013-11-06","","91.94455982"
"POLITÉCNICO COLOMBIANO JAIME ISAZA CADAVID (S)","2013-11-05","","105.10197904"
"POLITÉCNICO COLOMBIANO JAIME ISAZA CADAVID (S)","2013-11-04","","48.14419836"
"POLITÉCNICO COLOMBIANO JAIME ISAZA CADAVID (S)","2013-11-03","","52.87147802"
"POLITÉCNICO COLOMBIANO JAIME ISAZA CADAVID (S)","2013-11-02","","65.15485429"
"POLITÉCNICO COLOMBIANO JAIME ISAZA CADAVID (S)","2013-11-01","","77.81905266"
"POLITÉCNICO COLOMBIANO JAIME ISAZA CADAVID (S)","2013-10-31","","104.4221135"
"POLITÉCNICO COLOMBIANO JAIME ISAZA CADAVID (S)","2013-10-30","","107.38931697"
"POLITÉCNICO COLOMBIANO JAIME ISAZA CADAVID (S)","2013-10-29","","121.85893962"
"POLITÉCNICO COLOMBIANO JAIME ISAZA CADAVID (S)","2013-10-28","","96.32228885"
"POLITÉCNICO COLOMBIANO JAIME ISAZA CADAVID (S)","2013-10-27","","46.80002761"
"POLITÉCNICO COLOMBIANO JAIME ISAZA CADAVID (S)","2013-10-26","","83.78408027"
"POLITÉCNICO COLOMBIANO JAIME ISAZA CADAVID (S)","2013-10-25","","102.14082311"
"POLITÉCNICO COLOMBIANO JAIME ISAZA CADAVID (S)","2013-10-24","","97.32923722"
"POLITÉCNICO COLOMBIANO JAIME ISAZA CADAVID (S)","2013-10-23","","103.91269479"
"POLITÉCNICO COLOMBIANO JAIME ISAZA CADAVID (S)","2013-10-22","","121.90860787"
"POLITÉCNICO COLOMBIANO JAIME ISAZA CADAVID (S)","2013-10-21","","89.31585481"
"POLITÉCNICO COLOMBIANO JAIME ISAZA CADAVID (S)","2013-10-20","","49.97028425"
"POLITÉCNICO COLOMBIANO JAIME ISAZA CADAVID (S)","2013-10-19","","96.45151892"
"POLITÉCNICO COLOMBIANO JAIME ISAZA CADAVID (S)","2013-10-18","","122.63999489"
"POLITÉCNICO COLOMBIANO JAIME ISAZA CADAVID (S)","2013-10-17","","105.05694121"
"POLITÉCNICO COLOMBIANO JAIME ISAZA CADAVID (S)","2013-10-16","","101.41150767"
"POLITÉCNICO COLOMBIANO JAIME ISAZA CADAVID (S)","2013-10-15","","111.40628221"
"POLITÉCNICO COLOMBIANO JAIME ISAZA CADAVID (S)","2013-10-14","","67.71791053"
"POLITÉCNICO COLOMBIANO JAIME ISAZA CADAVID (S)","2013-10-13","","60.66182004"
"POLITÉCNICO COLOMBIANO JAIME ISAZA CADAVID (S)","2013-10-12","","78.95101125"
"POLITÉCNICO COLOMBIANO JAIME ISAZA CADAVID (S)","2013-10-11","","88.9697684"
"POLITÉCNICO COLOMBIANO JAIME ISAZA CADAVID (S)","2013-10-10","","83.44810685"
"POLITÉCNICO COLOMBIANO JAIME ISAZA CADAVID (S)","2013-10-09","","58.93130317"
"POLITÉCNICO COLOMBIANO JAIME ISAZA CADAVID (S)","2013-10-08","","80.62669785"
"POLITÉCNICO COLOMBIANO JAIME ISAZA CADAVID (S)","2013-10-07","","71.93257771"
"POLITÉCNICO COLOMBIANO JAIME ISAZA CADAVID (S)","2013-10-06","","64.43700716"
"POLITÉCNICO COLOMBIANO JAIME ISAZA CADAVID (S)","2013-10-05","","70.33806442"
"POLITÉCNICO COLOMBIANO JAIME ISAZA CADAVID (S)","2013-10-04","","110.26958436"
"POLITÉCNICO COLOMBIANO JAIME ISAZA CADAVID (S)","2013-10-03","","108.15946115"
"POLITÉCNICO COLOMBIANO JAIME ISAZA CADAVID (S)","2013-10-02","","86.55515951"
"POLITÉCNICO COLOMBIANO JAIME ISAZA CADAVID (S)","2013-10-01","","109.91481697"
"POLITÉCNICO COLOMBIANO JAIME ISAZA CADAVID (S)","2013-09-30","","103.21925153"
"POLITÉCNICO COLOMBIANO JAIME ISAZA CADAVID (S)","2013-09-29","","70.25711656"
"POLITÉCNICO COLOMBIANO JAIME ISAZA CADAVID (S)","2013-09-28","","102.14043098"
"POLITÉCNICO COLOMBIANO JAIME ISAZA CADAVID (S)","2013-09-27","","126.46690622"
"POLITÉCNICO COLOMBIANO JAIME ISAZA CADAVID (S)","2013-09-26","","131.76004192"
"POLITÉCNICO COLOMBIANO JAIME ISAZA CADAVID (S)","2013-09-25","","85.76917025"
"POLITÉCNICO COLOMBIANO JAIME ISAZA CADAVID (S)","2013-09-24","","73.34394427"
"POLITÉCNICO COLOMBIANO JAIME ISAZA CADAVID (S)","2013-09-23","","64.48958845"
"POLITÉCNICO COLOMBIANO JAIME ISAZA CADAVID (S)","2013-09-22","","49.27240798"
"POLITÉCNICO COLOMBIANO JAIME ISAZA CADAVID (S)","2013-09-21","","62.77923569"
"POLITÉCNICO COLOMBIANO JAIME ISAZA CADAVID (S)","2013-09-20","","68.74237014"
"POLITÉCNICO COLOMBIANO JAIME ISAZA CADAVID (S)","2013-09-19","","74.89512935"
"POLITÉCNICO COLOMBIANO JAIME ISAZA CADAVID (S)","2013-09-18","","86.95464417"
"POLITÉCNICO COLOMBIANO JAIME ISAZA CADAVID (S)","2013-09-17","","82.23707771"
"POLITÉCNICO COLOMBIANO JAIME ISAZA CADAVID (S)","2013-09-16","","66.71980573"
"POLITÉCNICO COLOMBIANO JAIME ISAZA CADAVID (S)","2013-09-15","","42.55313497"
"POLITÉCNICO COLOMBIANO JAIME ISAZA CADAVID (S)","2013-09-14","","90.36521524"
"POLITÉCNICO COLOMBIANO JAIME ISAZA CADAVID (S)","2013-09-13","","113.26296728"
"POLITÉCNICO COLOMBIANO JAIME ISAZA CADAVID (S)","2013-09-12","","112.71940695"
"POLITÉCNICO COLOMBIANO JAIME ISAZA CADAVID (S)","2013-09-11","","94.60710429"
"POLITÉCNICO COLOMBIANO JAIME ISAZA CADAVID (S)","2013-09-10","","87.95475613"
"POLITÉCNICO COLOMBIANO JAIME ISAZA CADAVID (S)","2013-09-09","","86.22262117"
"POLITÉCNICO COLOMBIANO JAIME ISAZA CADAVID (S)","2013-09-08","","66.35169172"
"POLITÉCNICO COLOMBIANO JAIME ISAZA CADAVID (S)","2013-09-07","","114.11446319"
"POLITÉCNICO COLOMBIANO JAIME ISAZA CADAVID (S)","2013-09-06","","130.90468303"
"POLITÉCNICO COLOMBIANO JAIME ISAZA CADAVID (S)","2013-09-05","","146.75505982"
"POLITÉCNICO COLOMBIANO JAIME ISAZA CADAVID (S)","2013-09-02","","75.39012679"
"POLITÉCNICO COLOMBIANO JAIME ISAZA CADAVID (S)","2013-09-01","","40.12785736"
"POLITÉCNICO COLOMBIANO JAIME ISAZA CADAVID (S)","2013-08-31","","62.24583333"
"POLITÉCNICO COLOMBIANO JAIME ISAZA CADAVID (S)","2013-08-30","","78.73333333"
"POLITÉCNICO COLOMBIANO JAIME ISAZA CADAVID (S)","2013-08-29","","84.14"
"POLITÉCNICO COLOMBIANO JAIME ISAZA CADAVID (S)","2013-08-28","","61.3375"
"POLITÉCNICO COLOMBIANO JAIME ISAZA CADAVID (S)","2013-08-27","","85.575"
"POLITÉCNICO COLOMBIANO JAIME ISAZA CADAVID (S)","2013-08-26","","83.72083333"
"POLITÉCNICO COLOMBIANO JAIME ISAZA CADAVID (S)","2013-08-25","","46.98333333"
"POLITÉCNICO COLOMBIANO JAIME ISAZA CADAVID (S)","2013-08-24","","76.58703388"
"POLITÉCNICO COLOMBIANO JAIME ISAZA CADAVID (S)","2013-08-23","","84.75"
"POLITÉCNICO COLOMBIANO JAIME ISAZA CADAVID (S)","2013-08-22","","81.90833333"
"POLITÉCNICO COLOMBIANO JAIME ISAZA CADAVID (S)","2013-08-21","","86.5625"
"POLITÉCNICO COLOMBIANO JAIME ISAZA CADAVID (S)","2013-08-20","","91.57916667"
"POLITÉCNICO COLOMBIANO JAIME ISAZA CADAVID (S)","2013-08-19","","46.85833333"
"POLITÉCNICO COLOMBIANO JAIME ISAZA CADAVID (S)","2013-08-18","","65.2625"
"POLITÉCNICO COLOMBIANO JAIME ISAZA CADAVID (S)","2013-08-17","","75.72916667"
"POLITÉCNICO COLOMBIANO JAIME ISAZA CADAVID (S)","2013-08-16","","113.78"
"POLITÉCNICO COLOMBIANO JAIME ISAZA CADAVID (S)","2013-08-02","","74.3"
"POLITÉCNICO COLOMBIANO JAIME ISAZA CADAVID (S)","2013-08-01","","74.54540389"
"POLITÉCNICO COLOMBIANO JAIME ISAZA CADAVID (S)","2013-07-31","","65.05"
"POLITÉCNICO COLOMBIANO JAIME ISAZA CADAVID (S)","2013-07-30","","76.17916667"
"POLITÉCNICO COLOMBIANO JAIME ISAZA CADAVID (S)","2013-07-29","","44.7375"
"POLITÉCNICO COLOMBIANO JAIME ISAZA CADAVID (S)","2013-07-28","","43.17916667"
"POLITÉCNICO COLOMBIANO JAIME ISAZA CADAVID (S)","2013-07-27","","63.55"
"POLITÉCNICO COLOMBIANO JAIME ISAZA CADAVID (S)","2013-07-26","","106.775"
"POLITÉCNICO COLOMBIANO JAIME ISAZA CADAVID (S)","2013-07-25","","65.02083333"
"POLITÉCNICO COLOMBIANO JAIME ISAZA CADAVID (S)","2013-07-24","","77.63333333"
"POLITÉCNICO COLOMBIANO JAIME ISAZA CADAVID (S)","2013-07-23","","65.4625"
"POLITÉCNICO COLOMBIANO JAIME ISAZA CADAVID (S)","2013-07-22","","75.44583333"
"POLITÉCNICO COLOMBIANO JAIME ISAZA CADAVID (S)","2013-07-21","","38.6"
"POLITÉCNICO COLOMBIANO JAIME ISAZA CADAVID (S)","2013-07-20","","50.525"
"POLITÉCNICO COLOMBIANO JAIME ISAZA CADAVID (S)","2013-07-19","","81.3"
"POLITÉCNICO COLOMBIANO JAIME ISAZA CADAVID (S)","2013-07-18","","76.68333333"
"POLITÉCNICO COLOMBIANO JAIME ISAZA CADAVID (S)","2013-07-17","","71.54090909"
"POLITÉCNICO COLOMBIANO JAIME ISAZA CADAVID (S)","2013-07-16","","70.4"
"POLITÉCNICO COLOMBIANO JAIME ISAZA CADAVID (S)","2013-07-15","","103.55416667"
"POLITÉCNICO COLOMBIANO JAIME ISAZA CADAVID (S)","2013-07-14","","57.425"
"POLITÉCNICO COLOMBIANO JAIME ISAZA CADAVID (S)","2013-07-13","","76.25"
"POLITÉCNICO COLOMBIANO JAIME ISAZA CADAVID (S)","2013-07-12","","70.0875"
"POLITÉCNICO COLOMBIANO JAIME ISAZA CADAVID (S)","2013-07-11","","81.225"
"POLITÉCNICO COLOMBIANO JAIME ISAZA CADAVID (S)","2013-07-10","","91.8"
"POLITÉCNICO COLOMBIANO JAIME ISAZA CADAVID (S)","2013-07-09","","82.13333333"
"POLITÉCNICO COLOMBIANO JAIME ISAZA CADAVID (S)","2013-07-08","","88.42916667"
"POLITÉCNICO COLOMBIANO JAIME ISAZA CADAVID (S)","2013-07-07","","73.85"
"POLITÉCNICO COLOMBIANO JAIME ISAZA CADAVID (S)","2013-07-06","","89.48333333"
"POLITÉCNICO COLOMBIANO JAIME ISAZA CADAVID (S)","2013-07-05","","141.30833333"
"POLITÉCNICO COLOMBIANO JAIME ISAZA CADAVID (S)","2013-07-04","","127.86666667"
"POLITÉCNICO COLOMBIANO JAIME ISAZA CADAVID (S)","2013-07-03","","114.05416667"
"POLITÉCNICO COLOMBIANO JAIME ISAZA CADAVID (S)","2013-07-02","","100.775"
"POLITÉCNICO COLOMBIANO JAIME ISAZA CADAVID (S)","2013-07-01","","63.71666667"
