"Estacion","Fecha inicial","Fecha final","PST"
"HOSPITAL SANTA MARGARITA - COPACABANA","2008-04-09","","62.22820961"
"HOSPITAL SANTA MARGARITA - COPACABANA","2008-04-06","","62.22820961"
"HOSPITAL SANTA MARGARITA - COPACABANA","2008-04-03","","66.94635404"
"HOSPITAL SANTA MARGARITA - COPACABANA","2008-03-31","","57.65534112"
"HOSPITAL SANTA MARGARITA - COPACABANA","2008-03-28","","116.15358029"
"HOSPITAL SANTA MARGARITA - COPACABANA","2007-12-29","","56.0"
"HOSPITAL SANTA MARGARITA - COPACABANA","2007-12-26","","62.0"
"HOSPITAL SANTA MARGARITA - COPACABANA","2007-12-23","","33.0"
"HOSPITAL SANTA MARGARITA - COPACABANA","2007-12-20","","96.0"
"HOSPITAL SANTA MARGARITA - COPACABANA","2007-12-17","","74.0"
"HOSPITAL SANTA MARGARITA - COPACABANA","2007-12-14","","74.14387158"
"HOSPITAL SANTA MARGARITA - COPACABANA","2007-12-11","","123.80141044"
"HOSPITAL SANTA MARGARITA - COPACABANA","2007-12-08","","90.91922712"
"HOSPITAL SANTA MARGARITA - COPACABANA","2007-12-05","","108.78394081"
"HOSPITAL SANTA MARGARITA - COPACABANA","2007-12-02","","75.67966269"
"HOSPITAL SANTA MARGARITA - COPACABANA","2007-11-29","","99.12058712"
"HOSPITAL SANTA MARGARITA - COPACABANA","2007-11-26","","90.50582573"
"HOSPITAL SANTA MARGARITA - COPACABANA","2007-11-23","","103.25433755"
"HOSPITAL SANTA MARGARITA - COPACABANA","2007-11-20","","151.66916177"
"HOSPITAL SANTA MARGARITA - COPACABANA","2007-11-17","","75.5891034"
"HOSPITAL SANTA MARGARITA - COPACABANA","2007-11-14","","81.1620862"
"HOSPITAL SANTA MARGARITA - COPACABANA","2007-11-11","","48.67012565"
"HOSPITAL SANTA MARGARITA - COPACABANA","2007-11-08","","81.40530972"
"HOSPITAL SANTA MARGARITA - COPACABANA","2007-11-05","","51.32585113"
"HOSPITAL SANTA MARGARITA - COPACABANA","2007-11-02","","91.084921"
"HOSPITAL SANTA MARGARITA - COPACABANA","2007-10-30","","72.65168386"
"HOSPITAL SANTA MARGARITA - COPACABANA","2007-10-27","","92.65604174"
"HOSPITAL SANTA MARGARITA - COPACABANA","2007-10-24","","105.55231097"
"HOSPITAL SANTA MARGARITA - COPACABANA","2007-10-21","","63.68694963"
"HOSPITAL SANTA MARGARITA - COPACABANA","2007-10-18","","75.86096301"
"HOSPITAL SANTA MARGARITA - COPACABANA","2007-10-15","","71.08242907"
"HOSPITAL SANTA MARGARITA - COPACABANA","2007-10-12","","96.41932602"
"HOSPITAL SANTA MARGARITA - COPACABANA","2007-10-09","","83.40402378"
"HOSPITAL SANTA MARGARITA - COPACABANA","2007-10-06","","88.21334941"
"HOSPITAL SANTA MARGARITA - COPACABANA","2007-10-03","","73.56076966"
"HOSPITAL SANTA MARGARITA - COPACABANA","2007-09-30","","85.7744483"
"HOSPITAL SANTA MARGARITA - COPACABANA","2007-09-27","","118.62634195"
"HOSPITAL SANTA MARGARITA - COPACABANA","2007-09-24","","74.0"
"HOSPITAL SANTA MARGARITA - COPACABANA","2007-09-21","","67.0"
"HOSPITAL SANTA MARGARITA - COPACABANA","2007-09-18","","69.0"
"HOSPITAL SANTA MARGARITA - COPACABANA","2007-09-15","","118.0"
"HOSPITAL SANTA MARGARITA - COPACABANA","2007-09-12","","109.0"
"HOSPITAL SANTA MARGARITA - COPACABANA","2007-09-09","","55.0"
"HOSPITAL SANTA MARGARITA - COPACABANA","2007-09-06","","95.0"
"HOSPITAL SANTA MARGARITA - COPACABANA","2007-09-03","","111.0"
"HOSPITAL SANTA MARGARITA - COPACABANA","2007-08-31","","132.0"
"HOSPITAL SANTA MARGARITA - COPACABANA","2007-08-28","","82.0"
"HOSPITAL SANTA MARGARITA - COPACABANA","2007-08-25","","66.0"
"HOSPITAL SANTA MARGARITA - COPACABANA","2007-08-22","","92.0"
"HOSPITAL SANTA MARGARITA - COPACABANA","2007-08-19","","53.0"
"HOSPITAL SANTA MARGARITA - COPACABANA","2007-08-16","","58.0"
"HOSPITAL SANTA MARGARITA - COPACABANA","2007-08-13","","61.0"
"HOSPITAL SANTA MARGARITA - COPACABANA","2007-08-10","","77.0"
"HOSPITAL SANTA MARGARITA - COPACABANA","2007-08-07","","48.0"
"HOSPITAL SANTA MARGARITA - COPACABANA","2007-08-04","","103.0"
"HOSPITAL SANTA MARGARITA - COPACABANA","2007-08-01","","145.0"
"HOSPITAL SANTA MARGARITA - COPACABANA","2007-07-29","","56.0"
"HOSPITAL SANTA MARGARITA - COPACABANA","2007-07-26","","81.4862606"
"HOSPITAL SANTA MARGARITA - COPACABANA","2007-07-23","","54.21280187"
"HOSPITAL SANTA MARGARITA - COPACABANA","2007-07-20","","87.54638513"
"HOSPITAL SANTA MARGARITA - COPACABANA","2007-07-17","","64.30165494"
"HOSPITAL SANTA MARGARITA - COPACABANA","2007-07-14","","64.51230542"
"HOSPITAL SANTA MARGARITA - COPACABANA","2007-07-11","","82.60542809"
"HOSPITAL SANTA MARGARITA - COPACABANA","2007-07-08","","73.7564388"
"HOSPITAL SANTA MARGARITA - COPACABANA","2007-07-05","","123.3124466"
"HOSPITAL SANTA MARGARITA - COPACABANA","2007-07-02","","83.71405757"
"HOSPITAL SANTA MARGARITA - COPACABANA","2007-06-29","","107.29854565"
"HOSPITAL SANTA MARGARITA - COPACABANA","2007-06-26","","91.345159"
"HOSPITAL SANTA MARGARITA - COPACABANA","2007-06-23","","63.68277444"
"HOSPITAL SANTA MARGARITA - COPACABANA","2007-06-20","","88.54190721"
"HOSPITAL SANTA MARGARITA - COPACABANA","2007-06-17","","77.85778292"
"HOSPITAL SANTA MARGARITA - COPACABANA","2007-06-14","","46.3178102"
"HOSPITAL SANTA MARGARITA - COPACABANA","2007-06-11","","74.74853791"
"HOSPITAL SANTA MARGARITA - COPACABANA","2007-06-05","","62.0"
"HOSPITAL SANTA MARGARITA - COPACABANA","2007-05-30","","133.35719049"
"HOSPITAL SANTA MARGARITA - COPACABANA","2007-05-24","","134.73642831"
"HOSPITAL SANTA MARGARITA - COPACABANA","2007-05-21","","94.96235648"
"HOSPITAL SANTA MARGARITA - COPACABANA","2007-05-18","","123.25677144"
"HOSPITAL SANTA MARGARITA - COPACABANA","2007-05-06","","187.89518985"
"HOSPITAL SANTA MARGARITA - COPACABANA","2007-05-03","","169.05671397"
"HOSPITAL SANTA MARGARITA - COPACABANA","2007-04-30","","64.66734302"
"HOSPITAL SANTA MARGARITA - COPACABANA","2007-04-27","","91.40908606"
"HOSPITAL SANTA MARGARITA - COPACABANA","2007-04-24","","69.21426558"
"HOSPITAL SANTA MARGARITA - COPACABANA","2007-04-21","","60.13389526"
"HOSPITAL SANTA MARGARITA - COPACABANA","2007-04-18","","54.59376968"
"HOSPITAL SANTA MARGARITA - COPACABANA","2007-04-15","","48.23707369"
"HOSPITAL SANTA MARGARITA - COPACABANA","2007-04-12","","66.99100536"
"HOSPITAL SANTA MARGARITA - COPACABANA","2007-04-09","","62.32248777"
"HOSPITAL SANTA MARGARITA - COPACABANA","2007-04-06","","36.04884761"
"HOSPITAL SANTA MARGARITA - COPACABANA","2007-04-03","","75.97402741"
"HOSPITAL SANTA MARGARITA - COPACABANA","2007-03-31","","67.34378452"
"HOSPITAL SANTA MARGARITA - COPACABANA","2007-03-28","","107.64066825"
"HOSPITAL SANTA MARGARITA - COPACABANA","2007-03-25","","62.71374305"
"HOSPITAL SANTA MARGARITA - COPACABANA","2007-03-22","","89.34319213"
"HOSPITAL SANTA MARGARITA - COPACABANA","2007-03-19","","29.59013054"
"HOSPITAL SANTA MARGARITA - COPACABANA","2007-03-16","","119.22403579"
"HOSPITAL SANTA MARGARITA - COPACABANA","2007-03-13","","48.77254927"
"HOSPITAL SANTA MARGARITA - COPACABANA","2007-03-10","","78.98658759"
"HOSPITAL SANTA MARGARITA - COPACABANA","2007-03-07","","91.90897115"
"HOSPITAL SANTA MARGARITA - COPACABANA","2007-03-04","","134.27870966"
"HOSPITAL SANTA MARGARITA - COPACABANA","2007-03-01","","125.63915233"
"HOSPITAL SANTA MARGARITA - COPACABANA","2007-02-26","","88.02055671"
"HOSPITAL SANTA MARGARITA - COPACABANA","2007-02-23","","157.32641496"
"HOSPITAL SANTA MARGARITA - COPACABANA","2007-02-20","","145.71993089"
"HOSPITAL SANTA MARGARITA - COPACABANA","2007-02-17","","139.08800792"
"HOSPITAL SANTA MARGARITA - COPACABANA","2007-02-14","","152.83900669"
"HOSPITAL SANTA MARGARITA - COPACABANA","2007-02-11","","124.76046632"
"HOSPITAL SANTA MARGARITA - COPACABANA","2007-02-08","","153.94667357"
"HOSPITAL SANTA MARGARITA - COPACABANA","2007-02-05","","118.43790284"
"HOSPITAL SANTA MARGARITA - COPACABANA","2007-02-02","","106.52470075"
"HOSPITAL SANTA MARGARITA - COPACABANA","2007-01-30","","113.2079063"
"HOSPITAL SANTA MARGARITA - COPACABANA","2007-01-27","","88.83076319"
"HOSPITAL SANTA MARGARITA - COPACABANA","2007-01-24","","103.15803035"
"HOSPITAL SANTA MARGARITA - COPACABANA","2007-01-21","","42.79061408"
"HOSPITAL SANTA MARGARITA - COPACABANA","2007-01-18","","71.37086087"
"HOSPITAL SANTA MARGARITA - COPACABANA","2007-01-15","","66.11991946"
"HOSPITAL SANTA MARGARITA - COPACABANA","2007-01-12","","59.39036956"
"HOSPITAL SANTA MARGARITA - COPACABANA","2007-01-09","","48.81728845"
"HOSPITAL SANTA MARGARITA - COPACABANA","2007-01-06","","65.09485257"
"HOSPITAL SANTA MARGARITA - COPACABANA","2007-01-03","","84.99423028"
"HOSPITAL SANTA MARGARITA - COPACABANA","2006-12-31","","81.80534071"
"HOSPITAL SANTA MARGARITA - COPACABANA","2006-12-28","","39.33155305"
"HOSPITAL SANTA MARGARITA - COPACABANA","2006-12-25","","56.75592397"
"HOSPITAL SANTA MARGARITA - COPACABANA","2006-12-22","","67.35982608"
"HOSPITAL SANTA MARGARITA - COPACABANA","2006-12-19","","75.57449539"
"HOSPITAL SANTA MARGARITA - COPACABANA","2006-09-08","","44.26217816"
"HOSPITAL SANTA MARGARITA - COPACABANA","2006-09-05","","59.44132403"
"HOSPITAL SANTA MARGARITA - COPACABANA","2006-09-02","","49.69467428"
"HOSPITAL SANTA MARGARITA - COPACABANA","2006-08-30","","89.66053095"
"HOSPITAL SANTA MARGARITA - COPACABANA","2006-08-27","","45.62634675"
"HOSPITAL SANTA MARGARITA - COPACABANA","2006-08-24","","86.93875174"
"HOSPITAL SANTA MARGARITA - COPACABANA","2006-08-21","","39.21131308"
"HOSPITAL SANTA MARGARITA - COPACABANA","2006-08-18","","44.06938211"
"HOSPITAL SANTA MARGARITA - COPACABANA","2006-08-15","","66.66547322"
"HOSPITAL SANTA MARGARITA - COPACABANA","2006-08-12","","87.18341504"
"HOSPITAL SANTA MARGARITA - COPACABANA","2006-08-06","","69.30950763"
"HOSPITAL SANTA MARGARITA - COPACABANA","2006-08-03","","89.5665495"
"HOSPITAL SANTA MARGARITA - COPACABANA","2006-07-31","","38.61039035"
"HOSPITAL SANTA MARGARITA - COPACABANA","2006-07-28","","77.12525546"
"HOSPITAL SANTA MARGARITA - COPACABANA","2006-07-25","","48.02799227"
"HOSPITAL SANTA MARGARITA - COPACABANA","2006-07-22","","38.61628095"
"HOSPITAL SANTA MARGARITA - COPACABANA","2006-07-19","","61.47350294"
"HOSPITAL SANTA MARGARITA - COPACABANA","2006-07-16","","41.53832383"
"HOSPITAL SANTA MARGARITA - COPACABANA","2006-07-13","","62.97664265"
"HOSPITAL SANTA MARGARITA - COPACABANA","2006-07-10","","71.33261009"
"HOSPITAL SANTA MARGARITA - COPACABANA","2006-07-07","","96.94468596"
"HOSPITAL SANTA MARGARITA - COPACABANA","2006-07-04","","106.53198306"
"HOSPITAL SANTA MARGARITA - COPACABANA","2006-07-01","","120.09755949"
"HOSPITAL SANTA MARGARITA - COPACABANA","2006-06-28","","105.32826647"
"HOSPITAL SANTA MARGARITA - COPACABANA","2006-06-25","","70.19081584"
"HOSPITAL SANTA MARGARITA - COPACABANA","2006-06-22","","69.55984893"
"HOSPITAL SANTA MARGARITA - COPACABANA","2006-06-19","","39.01247223"
"HOSPITAL SANTA MARGARITA - COPACABANA","2006-06-16","","57.94928082"
"HOSPITAL SANTA MARGARITA - COPACABANA","2006-06-13","","113.56096107"
"HOSPITAL SANTA MARGARITA - COPACABANA","2006-06-10","","51.74752545"
"HOSPITAL SANTA MARGARITA - COPACABANA","2006-06-07","","49.33782911"
"HOSPITAL SANTA MARGARITA - COPACABANA","2006-06-04","","38.76405435"
"HOSPITAL SANTA MARGARITA - COPACABANA","2006-06-01","","85.03789289"
"HOSPITAL SANTA MARGARITA - COPACABANA","2006-05-29","","50.93550921"
"HOSPITAL SANTA MARGARITA - COPACABANA","2006-05-26","","83.55106898"
"HOSPITAL SANTA MARGARITA - COPACABANA","2006-05-23","","83.06266091"
"HOSPITAL SANTA MARGARITA - COPACABANA","2006-05-20","","70.15827851"
"HOSPITAL SANTA MARGARITA - COPACABANA","2006-05-17","","60.67391146"
"HOSPITAL SANTA MARGARITA - COPACABANA","2006-05-14","","53.4506507"
"HOSPITAL SANTA MARGARITA - COPACABANA","2006-05-11","","106.81849031"
"HOSPITAL SANTA MARGARITA - COPACABANA","2006-05-08","","69.86403502"
"HOSPITAL SANTA MARGARITA - COPACABANA","2006-05-05","","65.31008124"
"HOSPITAL SANTA MARGARITA - COPACABANA","2006-05-02","","59.76089261"
"HOSPITAL SANTA MARGARITA - COPACABANA","2006-04-29","","48.5539762"
"HOSPITAL SANTA MARGARITA - COPACABANA","2006-04-26","","60.59670585"
"HOSPITAL SANTA MARGARITA - COPACABANA","2006-04-23","","83.18472809"
"HOSPITAL SANTA MARGARITA - COPACABANA","2006-04-20","","84.07185593"
"HOSPITAL SANTA MARGARITA - COPACABANA","2006-04-17","","63.38515811"
"HOSPITAL SANTA MARGARITA - COPACABANA","2006-04-11","","66.82245375"
"HOSPITAL SANTA MARGARITA - COPACABANA","2006-04-08","","59.46148982"
"HOSPITAL SANTA MARGARITA - COPACABANA","2006-04-05","","77.71567582"
"HOSPITAL SANTA MARGARITA - COPACABANA","2006-04-02","","94.51935227"
"HOSPITAL SANTA MARGARITA - COPACABANA","2006-03-30","","106.0"
"HOSPITAL SANTA MARGARITA - COPACABANA","2006-03-27","","59.85177105"
"HOSPITAL SANTA MARGARITA - COPACABANA","2006-03-24","","69.59840189"
"HOSPITAL SANTA MARGARITA - COPACABANA","2006-03-21","","66.41387916"
"HOSPITAL SANTA MARGARITA - COPACABANA","2006-03-18","","75.84757007"
"HOSPITAL SANTA MARGARITA - COPACABANA","2006-03-15","","118.26145711"
"HOSPITAL SANTA MARGARITA - COPACABANA","2006-03-12","","56.60484598"
"HOSPITAL SANTA MARGARITA - COPACABANA","2006-03-09","","38.40413234"
"HOSPITAL SANTA MARGARITA - COPACABANA","2006-03-06","","66.28504278"
"HOSPITAL SANTA MARGARITA - COPACABANA","2006-03-03","","118.90601449"
"HOSPITAL SANTA MARGARITA - COPACABANA","2006-02-28","","84.0"
"HOSPITAL SANTA MARGARITA - COPACABANA","2006-02-25","","107.0"
"HOSPITAL SANTA MARGARITA - COPACABANA","2006-02-22","","143.0"
"HOSPITAL SANTA MARGARITA - COPACABANA","2006-02-19","","93.91801165"
"HOSPITAL SANTA MARGARITA - COPACABANA","2006-02-16","","118.09795102"
"HOSPITAL SANTA MARGARITA - COPACABANA","2006-02-13","","90.78406996"
"HOSPITAL SANTA MARGARITA - COPACABANA","2006-02-10","","122.0"
"HOSPITAL SANTA MARGARITA - COPACABANA","2006-02-07","","95.0"
"HOSPITAL SANTA MARGARITA - COPACABANA","2006-02-01","","59.0"
"HOSPITAL SANTA MARGARITA - COPACABANA","2006-01-29","","42.13226973"
"HOSPITAL SANTA MARGARITA - COPACABANA","2006-01-26","","90.01039015"
"HOSPITAL SANTA MARGARITA - COPACABANA","2006-01-23","","79.66177518"
"HOSPITAL SANTA MARGARITA - COPACABANA","2006-01-20","","94.48103492"
"HOSPITAL SANTA MARGARITA - COPACABANA","2006-01-17","","83.80745449"
"HOSPITAL SANTA MARGARITA - COPACABANA","2006-01-14","","81.84879597"
"HOSPITAL SANTA MARGARITA - COPACABANA","2006-01-11","","62.45915196"
"HOSPITAL SANTA MARGARITA - COPACABANA","2006-01-08","","39.04824003"
"HOSPITAL SANTA MARGARITA - COPACABANA","2006-01-05","","58.49519716"
"HOSPITAL SANTA MARGARITA - COPACABANA","2006-01-03","","68.40292091"
"HOSPITAL SANTA MARGARITA - COPACABANA","2005-12-30","","64.0"
"HOSPITAL SANTA MARGARITA - COPACABANA","2005-12-27","","68.0"
"HOSPITAL SANTA MARGARITA - COPACABANA","2005-12-24","","36.06848699"
"HOSPITAL SANTA MARGARITA - COPACABANA","2005-12-21","","54.75005744"
"HOSPITAL SANTA MARGARITA - COPACABANA","2005-12-18","","53.78457269"
"HOSPITAL SANTA MARGARITA - COPACABANA","2005-12-15","","93.01316249"
"HOSPITAL SANTA MARGARITA - COPACABANA","2005-12-12","","64.15287503"
"HOSPITAL SANTA MARGARITA - COPACABANA","2005-12-09","","84.14783824"
"HOSPITAL SANTA MARGARITA - COPACABANA","2005-12-06","","69.29309359"
"HOSPITAL SANTA MARGARITA - COPACABANA","2005-12-03","","69.75925935"
"HOSPITAL SANTA MARGARITA - COPACABANA","2005-11-30","","73.85353182"
"HOSPITAL SANTA MARGARITA - COPACABANA","2005-11-27","","53.06876908"
"HOSPITAL SANTA MARGARITA - COPACABANA","2005-11-24","","64.57283721"
"HOSPITAL SANTA MARGARITA - COPACABANA","2005-11-21","","72.62117947"
"HOSPITAL SANTA MARGARITA - COPACABANA","2005-11-18","","34.94986579"
"HOSPITAL SANTA MARGARITA - COPACABANA","2005-11-15","","48.68757578"
"HOSPITAL SANTA MARGARITA - COPACABANA","2005-11-12","","77.11643048"
"HOSPITAL SANTA MARGARITA - COPACABANA","2005-11-09","","54.23646075"
"HOSPITAL SANTA MARGARITA - COPACABANA","2005-07-24","","61.99597445"
"HOSPITAL SANTA MARGARITA - COPACABANA","2005-07-21","","57.7821754"
"HOSPITAL SANTA MARGARITA - COPACABANA","2005-07-18","","42.48646189"
"HOSPITAL SANTA MARGARITA - COPACABANA","2005-07-15","","45.43428292"
"HOSPITAL SANTA MARGARITA - COPACABANA","2005-07-12","","69.34044961"
"HOSPITAL SANTA MARGARITA - COPACABANA","2005-07-09","","72.29857362"
"HOSPITAL SANTA MARGARITA - COPACABANA","2005-07-06","","63.22651318"
"HOSPITAL SANTA MARGARITA - COPACABANA","2005-07-03","","37.15869098"
"HOSPITAL SANTA MARGARITA - COPACABANA","2005-06-30","","93.28644279"
"HOSPITAL SANTA MARGARITA - COPACABANA","2005-06-27","","76.11946113"
"HOSPITAL SANTA MARGARITA - COPACABANA","2005-06-24","","69.78665229"
"HOSPITAL SANTA MARGARITA - COPACABANA","2005-06-21","","67.0"
"HOSPITAL SANTA MARGARITA - COPACABANA","2005-06-18","","49.72112717"
"HOSPITAL SANTA MARGARITA - COPACABANA","2005-06-15","","42.74494861"
"HOSPITAL SANTA MARGARITA - COPACABANA","2005-06-12","","52.57936625"
"HOSPITAL SANTA MARGARITA - COPACABANA","2005-06-09","","81.7853748"
"HOSPITAL SANTA MARGARITA - COPACABANA","2005-06-06","","34.63790941"
"HOSPITAL SANTA MARGARITA - COPACABANA","2005-06-03","","35.72598572"
"HOSPITAL SANTA MARGARITA - COPACABANA","2005-05-31","","60.64962158"
"HOSPITAL SANTA MARGARITA - COPACABANA","2005-05-28","","47.6939149"
"HOSPITAL SANTA MARGARITA - COPACABANA","2005-05-25","","67.74650712"
"HOSPITAL SANTA MARGARITA - COPACABANA","2005-05-22","","50.2692931"
"HOSPITAL SANTA MARGARITA - COPACABANA","2005-05-19","","48.21188409"
"HOSPITAL SANTA MARGARITA - COPACABANA","2005-05-16","","60.2576278"
"HOSPITAL SANTA MARGARITA - COPACABANA","2005-05-13","","58.74328689"
"HOSPITAL SANTA MARGARITA - COPACABANA","2005-05-10","","46.59153595"
"HOSPITAL SANTA MARGARITA - COPACABANA","2005-05-07","","50.51002437"
"HOSPITAL SANTA MARGARITA - COPACABANA","2005-05-04","","38.31635005"
"HOSPITAL SANTA MARGARITA - COPACABANA","2005-05-01","","67.48561884"
"HOSPITAL SANTA MARGARITA - COPACABANA","2005-04-28","","68.75727581"
"HOSPITAL SANTA MARGARITA - COPACABANA","2005-04-25","","45.98632626"
"HOSPITAL SANTA MARGARITA - COPACABANA","2005-04-22","","87.74296811"
"HOSPITAL SANTA MARGARITA - COPACABANA","2005-04-19","","58.9655949"
"HOSPITAL SANTA MARGARITA - COPACABANA","2005-04-16","","58.89299597"
"HOSPITAL SANTA MARGARITA - COPACABANA","2005-04-13","","58.33675031"
"HOSPITAL SANTA MARGARITA - COPACABANA","2005-04-10","","54.4367077"
"HOSPITAL SANTA MARGARITA - COPACABANA","2005-04-07","","72.0713458"
"HOSPITAL SANTA MARGARITA - COPACABANA","2005-04-04","","56.4532545"
"HOSPITAL SANTA MARGARITA - COPACABANA","2005-04-01","","91.91546784"
"HOSPITAL SANTA MARGARITA - COPACABANA","2005-03-29","","85.05302472"
"HOSPITAL SANTA MARGARITA - COPACABANA","2005-03-23","","78.04903018"
"HOSPITAL SANTA MARGARITA - COPACABANA","2005-03-20","","49.40594998"
"HOSPITAL SANTA MARGARITA - COPACABANA","2005-03-17","","223.40129935"
"HOSPITAL SANTA MARGARITA - COPACABANA","2005-03-14","","152.9122758"
"HOSPITAL SANTA MARGARITA - COPACABANA","2005-03-11","","156.99916864"
"HOSPITAL SANTA MARGARITA - COPACABANA","2005-03-08","","119.74786996"
"HOSPITAL SANTA MARGARITA - COPACABANA","2005-03-05","","68.6120289"
"HOSPITAL SANTA MARGARITA - COPACABANA","2005-03-02","","109.03174595"
"HOSPITAL SANTA MARGARITA - COPACABANA","2005-02-27","","147.43573735"
"HOSPITAL SANTA MARGARITA - COPACABANA","2005-02-24","","171.34299355"
"HOSPITAL SANTA MARGARITA - COPACABANA","2005-02-21","","122.0"
"HOSPITAL SANTA MARGARITA - COPACABANA","2005-02-18","","85.01673737"
"HOSPITAL SANTA MARGARITA - COPACABANA","2005-02-15","","106.44115433"
"HOSPITAL SANTA MARGARITA - COPACABANA","2005-02-12","","60.52172869"
"HOSPITAL SANTA MARGARITA - COPACABANA","2005-02-09","","65.12656301"
"HOSPITAL SANTA MARGARITA - COPACABANA","2005-02-06","","80.63227994"
"HOSPITAL SANTA MARGARITA - COPACABANA","2005-02-03","","91.98383467"
"HOSPITAL SANTA MARGARITA - COPACABANA","2005-01-31","","92.91221214"
"HOSPITAL SANTA MARGARITA - COPACABANA","2005-01-25","","80.86774475"
"HOSPITAL SANTA MARGARITA - COPACABANA","2005-01-22","","49.93818479"
"HOSPITAL SANTA MARGARITA - COPACABANA","2005-01-19","","57.22442879"
"HOSPITAL SANTA MARGARITA - COPACABANA","2005-01-16","","54.23263074"
"HOSPITAL SANTA MARGARITA - COPACABANA","2005-01-13","","69.72296925"
"HOSPITAL SANTA MARGARITA - COPACABANA","2004-12-16","","78.29866263"
"HOSPITAL SANTA MARGARITA - COPACABANA","2004-12-13","","42.82650758"
"HOSPITAL SANTA MARGARITA - COPACABANA","2004-12-10","","83.34144955"
"HOSPITAL SANTA MARGARITA - COPACABANA","2004-12-07","","69.54975284"
"HOSPITAL SANTA MARGARITA - COPACABANA","2004-12-04","","66.91804204"
"HOSPITAL SANTA MARGARITA - COPACABANA","2004-12-01","","51.74590477"
"HOSPITAL SANTA MARGARITA - COPACABANA","2004-11-28","","44.26379162"
"HOSPITAL SANTA MARGARITA - COPACABANA","2004-11-25","","62.98794348"
"HOSPITAL SANTA MARGARITA - COPACABANA","2004-11-19","","63.6415999"
"HOSPITAL SANTA MARGARITA - COPACABANA","2004-11-16","","46.32175039"
"HOSPITAL SANTA MARGARITA - COPACABANA","2004-11-13","","50.07911529"
"HOSPITAL SANTA MARGARITA - COPACABANA","2004-11-10","","60.05668238"
"HOSPITAL SANTA MARGARITA - COPACABANA","2004-11-04","","92.50598177"
"HOSPITAL SANTA MARGARITA - COPACABANA","2004-11-01","","44.86236117"
"HOSPITAL SANTA MARGARITA - COPACABANA","2004-10-29","","38.12144179"
"HOSPITAL SANTA MARGARITA - COPACABANA","2004-10-26","","52.88309574"
"HOSPITAL SANTA MARGARITA - COPACABANA","2004-10-23","","53.8468372"
"HOSPITAL SANTA MARGARITA - COPACABANA","2004-10-20","","54.66394199"
"HOSPITAL SANTA MARGARITA - COPACABANA","2004-10-17","","37.1419958"
"HOSPITAL SANTA MARGARITA - COPACABANA","2004-10-14","","53.66954978"
"HOSPITAL SANTA MARGARITA - COPACABANA","2004-10-08","","83.30921117"
"HOSPITAL SANTA MARGARITA - COPACABANA","2004-10-02","","46.47382351"
"HOSPITAL SANTA MARGARITA - COPACABANA","2004-09-29","","103.47419079"
"HOSPITAL SANTA MARGARITA - COPACABANA","2004-09-26","","57.70455388"
"HOSPITAL SANTA MARGARITA - COPACABANA","2004-09-23","","78.78715182"
"HOSPITAL SANTA MARGARITA - COPACABANA","2004-09-20","","36.56251701"
"HOSPITAL SANTA MARGARITA - COPACABANA","2004-09-17","","58.20058903"
"HOSPITAL SANTA MARGARITA - COPACABANA","2004-09-14","","67.62288172"
"HOSPITAL SANTA MARGARITA - COPACABANA","2004-09-11","","98.89864092"
"HOSPITAL SANTA MARGARITA - COPACABANA","2004-09-08","","84.96081852"
"HOSPITAL SANTA MARGARITA - COPACABANA","2004-09-05","","34.83691771"
"HOSPITAL SANTA MARGARITA - COPACABANA","2004-09-02","","65.3142155"
"HOSPITAL SANTA MARGARITA - COPACABANA","2004-08-30","","44.87803103"
"HOSPITAL SANTA MARGARITA - COPACABANA","2004-08-27","","40.4819467"
"HOSPITAL SANTA MARGARITA - COPACABANA","2004-08-24","","65.03640633"
"HOSPITAL SANTA MARGARITA - COPACABANA","2004-08-21","","39.31696626"
"HOSPITAL SANTA MARGARITA - COPACABANA","2004-08-18","","43.66510391"
"HOSPITAL SANTA MARGARITA - COPACABANA","2004-08-15","","82.37766498"
"HOSPITAL SANTA MARGARITA - COPACABANA","2004-08-12","","103.77241894"
"HOSPITAL SANTA MARGARITA - COPACABANA","2004-08-09","","85.70938608"
"HOSPITAL SANTA MARGARITA - COPACABANA","2004-08-06","","78.30613809"
"HOSPITAL SANTA MARGARITA - COPACABANA","2004-08-03","","104.68145818"
"HOSPITAL SANTA MARGARITA - COPACABANA","2004-07-31","","68.44847415"
"HOSPITAL SANTA MARGARITA - COPACABANA","2004-07-28","","57.51401305"
"HOSPITAL SANTA MARGARITA - COPACABANA","2004-07-25","","81.3615162"
"HOSPITAL SANTA MARGARITA - COPACABANA","2004-07-22","","52.06934189"
"HOSPITAL SANTA MARGARITA - COPACABANA","2004-07-19","","49.84983344"
"HOSPITAL SANTA MARGARITA - COPACABANA","2004-07-16","","287.71676783"
"HOSPITAL SANTA MARGARITA - COPACABANA","2004-07-13","","42.08752267"
"HOSPITAL SANTA MARGARITA - COPACABANA","2004-07-07","","48.73080644"
"HOSPITAL SANTA MARGARITA - COPACABANA","2004-07-04","","47.57247916"
"HOSPITAL SANTA MARGARITA - COPACABANA","2004-07-01","","92.56022383"
"HOSPITAL SANTA MARGARITA - COPACABANA","2004-06-28","","58.30545718"
"HOSPITAL SANTA MARGARITA - COPACABANA","2004-06-25","","151.71935846"
"HOSPITAL SANTA MARGARITA - COPACABANA","2004-06-22","","102.30062559"
"HOSPITAL SANTA MARGARITA - COPACABANA","2004-06-19","","93.85860026"
"HOSPITAL SANTA MARGARITA - COPACABANA","2004-06-16","","110.64027284"
"HOSPITAL SANTA MARGARITA - COPACABANA","2004-06-13","","147.21234076"
"HOSPITAL SANTA MARGARITA - COPACABANA","2004-06-07","","54.36128203"
"HOSPITAL SANTA MARGARITA - COPACABANA","2004-06-04","","54.98436729"
"HOSPITAL SANTA MARGARITA - COPACABANA","2004-05-29","","58.7887457"
"HOSPITAL SANTA MARGARITA - COPACABANA","2004-05-23","","69.20375261"
"HOSPITAL SANTA MARGARITA - COPACABANA","2004-05-17","","44.6106839"
"HOSPITAL SANTA MARGARITA - COPACABANA","2004-05-14","","57.117711"
"HOSPITAL SANTA MARGARITA - COPACABANA","2004-05-11","","51.30344877"
"HOSPITAL SANTA MARGARITA - COPACABANA","2004-05-08","","39.14646359"
"HOSPITAL SANTA MARGARITA - COPACABANA","2004-05-05","","36.07932121"
"HOSPITAL SANTA MARGARITA - COPACABANA","2004-05-02","","37.24349699"
"HOSPITAL SANTA MARGARITA - COPACABANA","2004-04-29","","61.81471012"
"HOSPITAL SANTA MARGARITA - COPACABANA","2004-04-26","","65.08775585"
"HOSPITAL SANTA MARGARITA - COPACABANA","2004-04-23","","75.96177685"
"HOSPITAL SANTA MARGARITA - COPACABANA","2004-04-20","","65.48322874"
"HOSPITAL SANTA MARGARITA - COPACABANA","2004-04-17","","47.8004935"
"HOSPITAL SANTA MARGARITA - COPACABANA","2004-04-14","","52.3803586"
"HOSPITAL SANTA MARGARITA - COPACABANA","2004-04-08","","53.97201949"
"HOSPITAL SANTA MARGARITA - COPACABANA","2004-04-05","","62.32640795"
"HOSPITAL SANTA MARGARITA - COPACABANA","2004-04-02","","109.57210791"
"HOSPITAL SANTA MARGARITA - COPACABANA","2004-03-30","","95.85282796"
"HOSPITAL SANTA MARGARITA - COPACABANA","2004-03-27","","87.573476"
"HOSPITAL SANTA MARGARITA - COPACABANA","2004-03-24","","58.61932123"
"HOSPITAL SANTA MARGARITA - COPACABANA","2004-03-21","","110.76385004"
"HOSPITAL SANTA MARGARITA - COPACABANA","2004-03-18","","91.47217868"
"HOSPITAL SANTA MARGARITA - COPACABANA","2004-03-15","","93.82669623"
"HOSPITAL SANTA MARGARITA - COPACABANA","2004-03-12","","79.91240397"
"HOSPITAL SANTA MARGARITA - COPACABANA","2004-03-03","","82.90243155"
"HOSPITAL SANTA MARGARITA - COPACABANA","2004-02-29","","47.50017111"
"HOSPITAL SANTA MARGARITA - COPACABANA","2004-02-26","","117.11021805"
"HOSPITAL SANTA MARGARITA - COPACABANA","2004-02-17","","136.0"
"HOSPITAL SANTA MARGARITA - COPACABANA","2004-02-14","","245.64030985"
"HOSPITAL SANTA MARGARITA - COPACABANA","2004-02-08","","145.44310107"
"HOSPITAL SANTA MARGARITA - COPACABANA","2004-02-05","","236.88131749"
"HOSPITAL SANTA MARGARITA - COPACABANA","2004-02-02","","273.67218285"
"HOSPITAL SANTA MARGARITA - COPACABANA","2004-01-30","","214.15811323"
"HOSPITAL SANTA MARGARITA - COPACABANA","2004-01-27","","132.55459819"
