"Estacion","Fecha inicial","Fecha final","NO"
"UNIVERSIDAD NACIONAL - NÚCLEO EL VOLADOR","2020-02-25","","19.8634796"
"UNIVERSIDAD NACIONAL - NÚCLEO EL VOLADOR","2020-02-24","","18.35102302"
"UNIVERSIDAD NACIONAL - NÚCLEO EL VOLADOR","2020-02-23","","17.22396783"
"UNIVERSIDAD NACIONAL - NÚCLEO EL VOLADOR","2020-02-22","","28.54995595"
"UNIVERSIDAD NACIONAL - NÚCLEO EL VOLADOR","2020-02-21","","48.71721568"
"UNIVERSIDAD NACIONAL - NÚCLEO EL VOLADOR","2020-02-20","","33.71499999"
"UNIVERSIDAD NACIONAL - NÚCLEO EL VOLADOR","2020-02-19","","30.60484237"
"UNIVERSIDAD NACIONAL - NÚCLEO EL VOLADOR","2020-02-18","","30.12533021"
"UNIVERSIDAD NACIONAL - NÚCLEO EL VOLADOR","2020-02-17","","19.39016108"
"UNIVERSIDAD NACIONAL - NÚCLEO EL VOLADOR","2020-02-16","","12.44511217"
"UNIVERSIDAD NACIONAL - NÚCLEO EL VOLADOR","2020-02-15","","18.04602154"
"UNIVERSIDAD NACIONAL - NÚCLEO EL VOLADOR","2020-02-14","","16.70574024"
"UNIVERSIDAD NACIONAL - NÚCLEO EL VOLADOR","2020-02-13","","25.13054622"
"UNIVERSIDAD NACIONAL - NÚCLEO EL VOLADOR","2020-02-12","","23.26128421"
"UNIVERSIDAD NACIONAL - NÚCLEO EL VOLADOR","2020-02-11","","23.39999744"
"UNIVERSIDAD NACIONAL - NÚCLEO EL VOLADOR","2020-02-10","","20.97525508"
"UNIVERSIDAD NACIONAL - NÚCLEO EL VOLADOR","2020-02-09","","13.86241549"
"UNIVERSIDAD NACIONAL - NÚCLEO EL VOLADOR","2020-02-08","","20.06337812"
"UNIVERSIDAD NACIONAL - NÚCLEO EL VOLADOR","2020-02-07","","29.06626719"
"UNIVERSIDAD NACIONAL - NÚCLEO EL VOLADOR","2020-02-06","","31.78055246"
"UNIVERSIDAD NACIONAL - NÚCLEO EL VOLADOR","2020-02-05","","39.01177662"
"UNIVERSIDAD NACIONAL - NÚCLEO EL VOLADOR","2020-02-04","","30.96681317"
"UNIVERSIDAD NACIONAL - NÚCLEO EL VOLADOR","2020-02-03","","33.15773503"
"UNIVERSIDAD NACIONAL - NÚCLEO EL VOLADOR","2020-02-02","","14.29900137"
"UNIVERSIDAD NACIONAL - NÚCLEO EL VOLADOR","2020-02-01","","21.86158579"
"UNIVERSIDAD NACIONAL - NÚCLEO EL VOLADOR","2020-01-31","","17.32823271"
"UNIVERSIDAD NACIONAL - NÚCLEO EL VOLADOR","2020-01-30","","33.84249106"
"UNIVERSIDAD NACIONAL - NÚCLEO EL VOLADOR","2020-01-29","","41.35096792"
"UNIVERSIDAD NACIONAL - NÚCLEO EL VOLADOR","2020-01-28","","34.55952867"
"UNIVERSIDAD NACIONAL - NÚCLEO EL VOLADOR","2020-01-27","","54.67286481"
"UNIVERSIDAD NACIONAL - NÚCLEO EL VOLADOR","2020-01-26","","17.94982066"
"UNIVERSIDAD NACIONAL - NÚCLEO EL VOLADOR","2020-01-25","","22.04041465"
"UNIVERSIDAD NACIONAL - NÚCLEO EL VOLADOR","2020-01-24","","29.19942044"
"UNIVERSIDAD NACIONAL - NÚCLEO EL VOLADOR","2020-01-23","","46.99359754"
"UNIVERSIDAD NACIONAL - NÚCLEO EL VOLADOR","2020-01-22","","51.1160643"
"UNIVERSIDAD NACIONAL - NÚCLEO EL VOLADOR","2020-01-21","","49.02383201"
"UNIVERSIDAD NACIONAL - NÚCLEO EL VOLADOR","2020-01-20","","57.47186306"
"UNIVERSIDAD NACIONAL - NÚCLEO EL VOLADOR","2020-01-19","","16.2804634"
"UNIVERSIDAD NACIONAL - NÚCLEO EL VOLADOR","2020-01-18","","45.05015082"
"UNIVERSIDAD NACIONAL - NÚCLEO EL VOLADOR","2020-01-17","","42.91308102"
"UNIVERSIDAD NACIONAL - NÚCLEO EL VOLADOR","2020-01-16","","21.28705322"
"UNIVERSIDAD NACIONAL - NÚCLEO EL VOLADOR","2020-01-15","","24.06189522"
"UNIVERSIDAD NACIONAL - NÚCLEO EL VOLADOR","2020-01-14","","21.30454057"
"UNIVERSIDAD NACIONAL - NÚCLEO EL VOLADOR","2020-01-13","","27.028909"
"UNIVERSIDAD NACIONAL - NÚCLEO EL VOLADOR","2020-01-12","","24.63965748"
"UNIVERSIDAD NACIONAL - NÚCLEO EL VOLADOR","2020-01-11","","26.44620511"
"UNIVERSIDAD NACIONAL - NÚCLEO EL VOLADOR","2020-01-10","","34.64816123"
"UNIVERSIDAD NACIONAL - NÚCLEO EL VOLADOR","2020-01-09","","31.29058468"
"UNIVERSIDAD NACIONAL - NÚCLEO EL VOLADOR","2020-01-08","","36.70204092"
"UNIVERSIDAD NACIONAL - NÚCLEO EL VOLADOR","2020-01-07","","29.35092979"
"UNIVERSIDAD NACIONAL - NÚCLEO EL VOLADOR","2020-01-06","","16.23040828"
"UNIVERSIDAD NACIONAL - NÚCLEO EL VOLADOR","2020-01-05","","15.51946211"
"UNIVERSIDAD NACIONAL - NÚCLEO EL VOLADOR","2020-01-04","","51.70468979"
"UNIVERSIDAD NACIONAL - NÚCLEO EL VOLADOR","2020-01-03","","18.81552121"
"UNIVERSIDAD NACIONAL - NÚCLEO EL VOLADOR","2020-01-02","","12.80985273"
"UNIVERSIDAD NACIONAL - NÚCLEO EL VOLADOR","2020-01-01","","28.75585504"
"UNIVERSIDAD NACIONAL - NÚCLEO EL VOLADOR","2019-12-31","","39.7690474"
"UNIVERSIDAD NACIONAL - NÚCLEO EL VOLADOR","2019-12-30","","43.52372787"
"UNIVERSIDAD NACIONAL - NÚCLEO EL VOLADOR","2019-12-29","","30.51335317"
"UNIVERSIDAD NACIONAL - NÚCLEO EL VOLADOR","2019-12-28","","24.40575521"
"UNIVERSIDAD NACIONAL - NÚCLEO EL VOLADOR","2019-12-27","","21.38050375"
"UNIVERSIDAD NACIONAL - NÚCLEO EL VOLADOR","2019-12-26","","38.06053012"
"UNIVERSIDAD NACIONAL - NÚCLEO EL VOLADOR","2019-12-25","","6.14532199"
"UNIVERSIDAD NACIONAL - NÚCLEO EL VOLADOR","2019-12-24","","20.12649509"
"UNIVERSIDAD NACIONAL - NÚCLEO EL VOLADOR","2019-12-23","","26.26322671"
"UNIVERSIDAD NACIONAL - NÚCLEO EL VOLADOR","2019-12-22","","22.8813968"
"UNIVERSIDAD NACIONAL - NÚCLEO EL VOLADOR","2019-12-21","","33.6672973"
"UNIVERSIDAD NACIONAL - NÚCLEO EL VOLADOR","2019-12-20","","24.57266181"
"UNIVERSIDAD NACIONAL - NÚCLEO EL VOLADOR","2019-12-19","","23.23618256"
"UNIVERSIDAD NACIONAL - NÚCLEO EL VOLADOR","2019-12-18","","34.95871403"
"UNIVERSIDAD NACIONAL - NÚCLEO EL VOLADOR","2019-12-17","","44.85271102"
"UNIVERSIDAD NACIONAL - NÚCLEO EL VOLADOR","2019-12-16","","32.59429687"
"UNIVERSIDAD NACIONAL - NÚCLEO EL VOLADOR","2019-12-15","","27.9124495"
"UNIVERSIDAD NACIONAL - NÚCLEO EL VOLADOR","2019-12-14","","20.48278326"
"UNIVERSIDAD NACIONAL - NÚCLEO EL VOLADOR","2019-12-13","","26.35527293"
"UNIVERSIDAD NACIONAL - NÚCLEO EL VOLADOR","2019-12-12","","31.77530421"
"UNIVERSIDAD NACIONAL - NÚCLEO EL VOLADOR","2019-12-11","","31.3608407"
"UNIVERSIDAD NACIONAL - NÚCLEO EL VOLADOR","2019-12-10","","28.70167993"
"UNIVERSIDAD NACIONAL - NÚCLEO EL VOLADOR","2019-12-09","","28.87952616"
"UNIVERSIDAD NACIONAL - NÚCLEO EL VOLADOR","2019-12-08","","37.00953111"
"UNIVERSIDAD NACIONAL - NÚCLEO EL VOLADOR","2019-12-07","","55.7194281"
"UNIVERSIDAD NACIONAL - NÚCLEO EL VOLADOR","2019-12-06","","29.03894767"
"UNIVERSIDAD NACIONAL - NÚCLEO EL VOLADOR","2019-12-05","","41.69612592"
"UNIVERSIDAD NACIONAL - NÚCLEO EL VOLADOR","2019-12-04","","59.03058886"
"UNIVERSIDAD NACIONAL - NÚCLEO EL VOLADOR","2019-12-03","","72.1705664"
"UNIVERSIDAD NACIONAL - NÚCLEO EL VOLADOR","2019-12-02","","45.61921832"
"UNIVERSIDAD NACIONAL - NÚCLEO EL VOLADOR","2019-12-01","","26.95218849"
"UNIVERSIDAD NACIONAL - NÚCLEO EL VOLADOR","2019-11-30","","46.97571874"
"UNIVERSIDAD NACIONAL - NÚCLEO EL VOLADOR","2019-11-29","","62.96704662"
"UNIVERSIDAD NACIONAL - NÚCLEO EL VOLADOR","2019-11-28","","31.17221545"
"UNIVERSIDAD NACIONAL - NÚCLEO EL VOLADOR","2019-11-27","","33.48456504"
"UNIVERSIDAD NACIONAL - NÚCLEO EL VOLADOR","2019-11-26","","26.41611072"
"UNIVERSIDAD NACIONAL - NÚCLEO EL VOLADOR","2019-11-25","","27.78892215"
"UNIVERSIDAD NACIONAL - NÚCLEO EL VOLADOR","2019-11-24","","24.59052732"
"UNIVERSIDAD NACIONAL - NÚCLEO EL VOLADOR","2019-11-23","","63.83732535"
"UNIVERSIDAD NACIONAL - NÚCLEO EL VOLADOR","2019-11-22","","57.25492691"
"UNIVERSIDAD NACIONAL - NÚCLEO EL VOLADOR","2019-11-21","","21.2641081"
"UNIVERSIDAD NACIONAL - NÚCLEO EL VOLADOR","2019-11-20","","31.53205015"
"UNIVERSIDAD NACIONAL - NÚCLEO EL VOLADOR","2019-11-19","","38.12037141"
"UNIVERSIDAD NACIONAL - NÚCLEO EL VOLADOR","2019-11-18","","22.55744643"
"UNIVERSIDAD NACIONAL - NÚCLEO EL VOLADOR","2019-11-17","","17.783328"
"UNIVERSIDAD NACIONAL - NÚCLEO EL VOLADOR","2019-11-16","","54.84146046"
"UNIVERSIDAD NACIONAL - NÚCLEO EL VOLADOR","2019-11-15","","71.48364304"
"UNIVERSIDAD NACIONAL - NÚCLEO EL VOLADOR","2019-11-14","","69.46574842"
"UNIVERSIDAD NACIONAL - NÚCLEO EL VOLADOR","2019-11-13","","93.46180801"
"UNIVERSIDAD NACIONAL - NÚCLEO EL VOLADOR","2019-11-12","","47.78101894"
"UNIVERSIDAD NACIONAL - NÚCLEO EL VOLADOR","2019-11-11","","5.40989762"
"UNIVERSIDAD NACIONAL - NÚCLEO EL VOLADOR","2019-11-10","","119.29846495"
"UNIVERSIDAD NACIONAL - NÚCLEO EL VOLADOR","2019-11-09","","72.23073066"
"UNIVERSIDAD NACIONAL - NÚCLEO EL VOLADOR","2019-11-08","","42.41500323"
"UNIVERSIDAD NACIONAL - NÚCLEO EL VOLADOR","2019-11-07","","36.37219549"
"UNIVERSIDAD NACIONAL - NÚCLEO EL VOLADOR","2019-11-06","","28.88614354"
"UNIVERSIDAD NACIONAL - NÚCLEO EL VOLADOR","2019-11-05","","23.77255672"
"UNIVERSIDAD NACIONAL - NÚCLEO EL VOLADOR","2019-11-04","","17.66437108"
"UNIVERSIDAD NACIONAL - NÚCLEO EL VOLADOR","2019-11-03","","28.17813766"
"UNIVERSIDAD NACIONAL - NÚCLEO EL VOLADOR","2019-11-02","","39.5863194"
"UNIVERSIDAD NACIONAL - NÚCLEO EL VOLADOR","2019-11-01","","36.21136281"
"UNIVERSIDAD NACIONAL - NÚCLEO EL VOLADOR","2019-10-31","","24.24611542"
"UNIVERSIDAD NACIONAL - NÚCLEO EL VOLADOR","2019-10-30","","18.66798765"
"UNIVERSIDAD NACIONAL - NÚCLEO EL VOLADOR","2019-10-29","","21.38129686"
"UNIVERSIDAD NACIONAL - NÚCLEO EL VOLADOR","2019-10-28","","35.81413114"
"UNIVERSIDAD NACIONAL - NÚCLEO EL VOLADOR","2019-10-27","","11.95396903"
"UNIVERSIDAD NACIONAL - NÚCLEO EL VOLADOR","2019-10-26","","28.70994324"
"UNIVERSIDAD NACIONAL - NÚCLEO EL VOLADOR","2019-10-25","","60.4235818"
"UNIVERSIDAD NACIONAL - NÚCLEO EL VOLADOR","2019-10-24","","51.06250753"
"UNIVERSIDAD NACIONAL - NÚCLEO EL VOLADOR","2019-10-23","","33.22279635"
"UNIVERSIDAD NACIONAL - NÚCLEO EL VOLADOR","2019-10-22","","35.4173134"
"UNIVERSIDAD NACIONAL - NÚCLEO EL VOLADOR","2019-10-21","","60.53978428"
"UNIVERSIDAD NACIONAL - NÚCLEO EL VOLADOR","2019-10-20","","22.3722655"
"UNIVERSIDAD NACIONAL - NÚCLEO EL VOLADOR","2019-10-19","","47.43343356"
"UNIVERSIDAD NACIONAL - NÚCLEO EL VOLADOR","2019-10-18","","41.49993235"
"UNIVERSIDAD NACIONAL - NÚCLEO EL VOLADOR","2019-10-17","","38.35977233"
"UNIVERSIDAD NACIONAL - NÚCLEO EL VOLADOR","2019-10-16","","49.48508517"
"UNIVERSIDAD NACIONAL - NÚCLEO EL VOLADOR","2019-10-15","","30.08690096"
"UNIVERSIDAD NACIONAL - NÚCLEO EL VOLADOR","2019-10-14","","10.21919516"
"UNIVERSIDAD NACIONAL - NÚCLEO EL VOLADOR","2019-10-13","","17.427326"
"UNIVERSIDAD NACIONAL - NÚCLEO EL VOLADOR","2019-10-12","","45.16547434"
"UNIVERSIDAD NACIONAL - NÚCLEO EL VOLADOR","2019-10-11","","35.5076579"
"UNIVERSIDAD NACIONAL - NÚCLEO EL VOLADOR","2019-10-10","","28.66861136"
"UNIVERSIDAD NACIONAL - NÚCLEO EL VOLADOR","2019-10-09","","93.86973037"
"UNIVERSIDAD NACIONAL - NÚCLEO EL VOLADOR","2019-09-30","","26.17522271"
"UNIVERSIDAD NACIONAL - NÚCLEO EL VOLADOR","2019-09-17","","28.95489436"
"UNIVERSIDAD NACIONAL - NÚCLEO EL VOLADOR","2019-09-16","","17.29716737"
"UNIVERSIDAD NACIONAL - NÚCLEO EL VOLADOR","2019-09-15","","14.29289459"
"UNIVERSIDAD NACIONAL - NÚCLEO EL VOLADOR","2019-09-14","","17.27241321"
"UNIVERSIDAD NACIONAL - NÚCLEO EL VOLADOR","2019-09-13","","16.56336295"
"UNIVERSIDAD NACIONAL - NÚCLEO EL VOLADOR","2019-09-12","","17.99659499"
"UNIVERSIDAD NACIONAL - NÚCLEO EL VOLADOR","2019-09-11","","21.95066294"
"UNIVERSIDAD NACIONAL - NÚCLEO EL VOLADOR","2019-09-10","","17.80482691"
"UNIVERSIDAD NACIONAL - NÚCLEO EL VOLADOR","2019-09-09","","23.92125031"
"UNIVERSIDAD NACIONAL - NÚCLEO EL VOLADOR","2019-09-08","","14.29971169"
"UNIVERSIDAD NACIONAL - NÚCLEO EL VOLADOR","2019-09-07","","22.77387157"
"UNIVERSIDAD NACIONAL - NÚCLEO EL VOLADOR","2019-09-06","","24.88862715"
"UNIVERSIDAD NACIONAL - NÚCLEO EL VOLADOR","2019-09-05","","21.27824"
"UNIVERSIDAD NACIONAL - NÚCLEO EL VOLADOR","2019-09-04","","13.98008229"
"UNIVERSIDAD NACIONAL - NÚCLEO EL VOLADOR","2019-09-03","","21.28542816"
"UNIVERSIDAD NACIONAL - NÚCLEO EL VOLADOR","2019-09-02","","13.3670751"
"UNIVERSIDAD NACIONAL - NÚCLEO EL VOLADOR","2019-09-01","","7.0180221"
"UNIVERSIDAD NACIONAL - NÚCLEO EL VOLADOR","2019-08-31","","19.15185377"
"UNIVERSIDAD NACIONAL - NÚCLEO EL VOLADOR","2019-08-30","","24.2953225"
"UNIVERSIDAD NACIONAL - NÚCLEO EL VOLADOR","2019-08-29","","26.22622323"
"UNIVERSIDAD NACIONAL - NÚCLEO EL VOLADOR","2019-08-28","","32.94972652"
"UNIVERSIDAD NACIONAL - NÚCLEO EL VOLADOR","2019-08-22","","50.5813361"
"UNIVERSIDAD NACIONAL - NÚCLEO EL VOLADOR","2019-08-21","","18.1545535"
"UNIVERSIDAD NACIONAL - NÚCLEO EL VOLADOR","2019-08-20","","28.07310113"
"UNIVERSIDAD NACIONAL - NÚCLEO EL VOLADOR","2019-08-19","","13.13487626"
"UNIVERSIDAD NACIONAL - NÚCLEO EL VOLADOR","2019-08-18","","12.29519723"
"UNIVERSIDAD NACIONAL - NÚCLEO EL VOLADOR","2019-08-17","","23.88724656"
"UNIVERSIDAD NACIONAL - NÚCLEO EL VOLADOR","2019-08-16","","23.93766523"
"UNIVERSIDAD NACIONAL - NÚCLEO EL VOLADOR","2019-08-15","","6.92638481"
"UNIVERSIDAD NACIONAL - NÚCLEO EL VOLADOR","2019-08-09","","36.90205186"
"UNIVERSIDAD NACIONAL - NÚCLEO EL VOLADOR","2019-08-08","","25.7147923"
"UNIVERSIDAD NACIONAL - NÚCLEO EL VOLADOR","2019-08-07","","14.74849068"
"UNIVERSIDAD NACIONAL - NÚCLEO EL VOLADOR","2019-08-06","","29.84034366"
"UNIVERSIDAD NACIONAL - NÚCLEO EL VOLADOR","2019-08-05","","17.74975351"
"UNIVERSIDAD NACIONAL - NÚCLEO EL VOLADOR","2019-08-04","","44.60378711"
"UNIVERSIDAD NACIONAL - NÚCLEO EL VOLADOR","2019-08-03","","50.33278734"
"UNIVERSIDAD NACIONAL - NÚCLEO EL VOLADOR","2019-08-02","","34.44741441"
"UNIVERSIDAD NACIONAL - NÚCLEO EL VOLADOR","2019-08-01","","38.13187974"
"UNIVERSIDAD NACIONAL - NÚCLEO EL VOLADOR","2019-07-31","","32.59763899"
"UNIVERSIDAD NACIONAL - NÚCLEO EL VOLADOR","2019-07-30","","25.07767423"
"UNIVERSIDAD NACIONAL - NÚCLEO EL VOLADOR","2019-07-29","","31.09275582"
"UNIVERSIDAD NACIONAL - NÚCLEO EL VOLADOR","2019-07-28","","23.88624495"
"UNIVERSIDAD NACIONAL - NÚCLEO EL VOLADOR","2019-07-27","","18.09307181"
"UNIVERSIDAD NACIONAL - NÚCLEO EL VOLADOR","2019-07-26","","26.57734869"
"UNIVERSIDAD NACIONAL - NÚCLEO EL VOLADOR","2019-07-25","","28.73463097"
"UNIVERSIDAD NACIONAL - NÚCLEO EL VOLADOR","2019-07-24","","34.0863328"
"UNIVERSIDAD NACIONAL - NÚCLEO EL VOLADOR","2019-07-23","","31.82241535"
"UNIVERSIDAD NACIONAL - NÚCLEO EL VOLADOR","2019-07-22","","26.40426"
"UNIVERSIDAD NACIONAL - NÚCLEO EL VOLADOR","2019-07-21","","14.46215622"
"UNIVERSIDAD NACIONAL - NÚCLEO EL VOLADOR","2019-07-20","","26.68814341"
"UNIVERSIDAD NACIONAL - NÚCLEO EL VOLADOR","2019-07-19","","31.72410373"
"UNIVERSIDAD NACIONAL - NÚCLEO EL VOLADOR","2019-07-18","","27.58765216"
"UNIVERSIDAD NACIONAL - NÚCLEO EL VOLADOR","2019-07-17","","27.7891182"
"UNIVERSIDAD NACIONAL - NÚCLEO EL VOLADOR","2019-07-16","","26.63717598"
"UNIVERSIDAD NACIONAL - NÚCLEO EL VOLADOR","2019-07-15","","23.40859803"
"UNIVERSIDAD NACIONAL - NÚCLEO EL VOLADOR","2019-07-14","","18.11436802"
"UNIVERSIDAD NACIONAL - NÚCLEO EL VOLADOR","2019-07-13","","22.74712951"
"UNIVERSIDAD NACIONAL - NÚCLEO EL VOLADOR","2019-07-12","","24.80668672"
"UNIVERSIDAD NACIONAL - NÚCLEO EL VOLADOR","2019-07-11","","19.00310419"
"UNIVERSIDAD NACIONAL - NÚCLEO EL VOLADOR","2019-07-10","","22.36506957"
"UNIVERSIDAD NACIONAL - NÚCLEO EL VOLADOR","2019-07-09","","20.85776992"
"UNIVERSIDAD NACIONAL - NÚCLEO EL VOLADOR","2019-07-08","","28.07720912"
"UNIVERSIDAD NACIONAL - NÚCLEO EL VOLADOR","2019-07-07","","26.72385292"
"UNIVERSIDAD NACIONAL - NÚCLEO EL VOLADOR","2019-07-06","","32.29118618"
"UNIVERSIDAD NACIONAL - NÚCLEO EL VOLADOR","2019-07-05","","27.29162809"
"UNIVERSIDAD NACIONAL - NÚCLEO EL VOLADOR","2019-07-04","","33.77409517"
"UNIVERSIDAD NACIONAL - NÚCLEO EL VOLADOR","2019-07-03","","30.39179513"
"UNIVERSIDAD NACIONAL - NÚCLEO EL VOLADOR","2019-07-02","","40.69321457"
"UNIVERSIDAD NACIONAL - NÚCLEO EL VOLADOR","2019-07-01","","25.50251875"
"UNIVERSIDAD NACIONAL - NÚCLEO EL VOLADOR","2019-06-30","","27.54072831"
"UNIVERSIDAD NACIONAL - NÚCLEO EL VOLADOR","2019-06-29","","39.3781167"
"UNIVERSIDAD NACIONAL - NÚCLEO EL VOLADOR","2019-06-28","","34.26549894"
"UNIVERSIDAD NACIONAL - NÚCLEO EL VOLADOR","2019-06-27","","14.34077092"
"UNIVERSIDAD NACIONAL - NÚCLEO EL VOLADOR","2019-06-26","","21.77387307"
"UNIVERSIDAD NACIONAL - NÚCLEO EL VOLADOR","2019-06-25","","41.71997045"
"UNIVERSIDAD NACIONAL - NÚCLEO EL VOLADOR","2019-06-24","","21.0951114"
"UNIVERSIDAD NACIONAL - NÚCLEO EL VOLADOR","2019-06-23","","17.61657982"
"UNIVERSIDAD NACIONAL - NÚCLEO EL VOLADOR","2019-06-22","","29.28818587"
"UNIVERSIDAD NACIONAL - NÚCLEO EL VOLADOR","2019-06-21","","38.65503874"
"UNIVERSIDAD NACIONAL - NÚCLEO EL VOLADOR","2019-06-20","","41.663829"
"UNIVERSIDAD NACIONAL - NÚCLEO EL VOLADOR","2019-06-19","","32.96485292"
"UNIVERSIDAD NACIONAL - NÚCLEO EL VOLADOR","2019-06-18","","32.17505014"
"UNIVERSIDAD NACIONAL - NÚCLEO EL VOLADOR","2019-06-17","","31.7960417"
"UNIVERSIDAD NACIONAL - NÚCLEO EL VOLADOR","2019-06-16","","16.04033171"
"UNIVERSIDAD NACIONAL - NÚCLEO EL VOLADOR","2019-06-15","","18.46704153"
"UNIVERSIDAD NACIONAL - NÚCLEO EL VOLADOR","2019-06-14","","22.14617684"
"UNIVERSIDAD NACIONAL - NÚCLEO EL VOLADOR","2019-06-13","","25.70653921"
"UNIVERSIDAD NACIONAL - NÚCLEO EL VOLADOR","2019-06-12","","25.16498323"
"UNIVERSIDAD NACIONAL - NÚCLEO EL VOLADOR","2019-06-11","","15.18085548"
"UNIVERSIDAD NACIONAL - NÚCLEO EL VOLADOR","2019-06-10","","22.81795789"
"UNIVERSIDAD NACIONAL - NÚCLEO EL VOLADOR","2019-06-09","","13.2003133"
"UNIVERSIDAD NACIONAL - NÚCLEO EL VOLADOR","2019-06-08","","38.74130524"
"UNIVERSIDAD NACIONAL - NÚCLEO EL VOLADOR","2019-06-07","","36.51678334"
"UNIVERSIDAD NACIONAL - NÚCLEO EL VOLADOR","2019-06-06","","53.36206978"
"UNIVERSIDAD NACIONAL - NÚCLEO EL VOLADOR","2019-06-05","","32.00569572"
"UNIVERSIDAD NACIONAL - NÚCLEO EL VOLADOR","2019-06-04","","28.66393035"
"UNIVERSIDAD NACIONAL - NÚCLEO EL VOLADOR","2019-06-03","","18.06537547"
"UNIVERSIDAD NACIONAL - NÚCLEO EL VOLADOR","2019-06-02","","26.38657335"
"UNIVERSIDAD NACIONAL - NÚCLEO EL VOLADOR","2019-06-01","","18.36850526"
"UNIVERSIDAD NACIONAL - NÚCLEO EL VOLADOR","2019-05-31","","12.81558953"
"UNIVERSIDAD NACIONAL - NÚCLEO EL VOLADOR","2019-05-30","","48.00784348"
"UNIVERSIDAD NACIONAL - NÚCLEO EL VOLADOR","2019-05-29","","44.19353635"
"UNIVERSIDAD NACIONAL - NÚCLEO EL VOLADOR","2019-05-28","","43.25175612"
"UNIVERSIDAD NACIONAL - NÚCLEO EL VOLADOR","2019-05-27","","19.65969718"
"UNIVERSIDAD NACIONAL - NÚCLEO EL VOLADOR","2019-05-26","","17.63305533"
"UNIVERSIDAD NACIONAL - NÚCLEO EL VOLADOR","2019-05-25","","54.33022106"
"UNIVERSIDAD NACIONAL - NÚCLEO EL VOLADOR","2019-05-24","","43.67840048"
"UNIVERSIDAD NACIONAL - NÚCLEO EL VOLADOR","2019-05-23","","49.20406619"
"UNIVERSIDAD NACIONAL - NÚCLEO EL VOLADOR","2019-05-22","","39.10874046"
"UNIVERSIDAD NACIONAL - NÚCLEO EL VOLADOR","2019-05-21","","31.49154102"
"UNIVERSIDAD NACIONAL - NÚCLEO EL VOLADOR","2019-05-20","","24.61992161"
"UNIVERSIDAD NACIONAL - NÚCLEO EL VOLADOR","2019-05-19","","29.68141109"
"UNIVERSIDAD NACIONAL - NÚCLEO EL VOLADOR","2019-05-18","","36.6794433"
"UNIVERSIDAD NACIONAL - NÚCLEO EL VOLADOR","2019-05-17","","37.08841327"
"UNIVERSIDAD NACIONAL - NÚCLEO EL VOLADOR","2019-05-16","","48.17091986"
"UNIVERSIDAD NACIONAL - NÚCLEO EL VOLADOR","2019-05-15","","31.09824988"
"UNIVERSIDAD NACIONAL - NÚCLEO EL VOLADOR","2019-05-14","","17.01465977"
"UNIVERSIDAD NACIONAL - NÚCLEO EL VOLADOR","2019-05-13","","32.59024238"
"UNIVERSIDAD NACIONAL - NÚCLEO EL VOLADOR","2019-05-12","","15.8532656"
"UNIVERSIDAD NACIONAL - NÚCLEO EL VOLADOR","2019-05-11","","26.60064776"
"UNIVERSIDAD NACIONAL - NÚCLEO EL VOLADOR","2019-05-10","","24.87566007"
"UNIVERSIDAD NACIONAL - NÚCLEO EL VOLADOR","2019-05-09","","57.07098777"
"UNIVERSIDAD NACIONAL - NÚCLEO EL VOLADOR","2019-05-08","","53.20703946"
"UNIVERSIDAD NACIONAL - NÚCLEO EL VOLADOR","2019-05-07","","18.91497221"
"UNIVERSIDAD NACIONAL - NÚCLEO EL VOLADOR","2019-05-06","","20.68799237"
"UNIVERSIDAD NACIONAL - NÚCLEO EL VOLADOR","2019-05-05","","13.83243306"
"UNIVERSIDAD NACIONAL - NÚCLEO EL VOLADOR","2019-05-04","","14.58386889"
"UNIVERSIDAD NACIONAL - NÚCLEO EL VOLADOR","2019-05-03","","31.70740245"
"UNIVERSIDAD NACIONAL - NÚCLEO EL VOLADOR","2019-05-02","","42.41149171"
"UNIVERSIDAD NACIONAL - NÚCLEO EL VOLADOR","2019-05-01","","37.13644302"
"UNIVERSIDAD NACIONAL - NÚCLEO EL VOLADOR","2019-04-30","","26.57513801"
"UNIVERSIDAD NACIONAL - NÚCLEO EL VOLADOR","2019-04-29","","119.501261"
"UNIVERSIDAD NACIONAL - NÚCLEO EL VOLADOR","2019-04-28","","19.29164526"
"UNIVERSIDAD NACIONAL - NÚCLEO EL VOLADOR","2019-04-27","","31.60572494"
"UNIVERSIDAD NACIONAL - NÚCLEO EL VOLADOR","2019-04-26","","30.19674991"
"UNIVERSIDAD NACIONAL - NÚCLEO EL VOLADOR","2019-04-25","","29.31222459"
"UNIVERSIDAD NACIONAL - NÚCLEO EL VOLADOR","2019-04-24","","38.30122394"
"UNIVERSIDAD NACIONAL - NÚCLEO EL VOLADOR","2019-04-23","","28.87296115"
"UNIVERSIDAD NACIONAL - NÚCLEO EL VOLADOR","2019-04-22","","23.5350926"
"UNIVERSIDAD NACIONAL - NÚCLEO EL VOLADOR","2019-04-21","","22.79332993"
"UNIVERSIDAD NACIONAL - NÚCLEO EL VOLADOR","2019-04-20","","14.41424689"
"UNIVERSIDAD NACIONAL - NÚCLEO EL VOLADOR","2019-04-19","","13.9503587"
"UNIVERSIDAD NACIONAL - NÚCLEO EL VOLADOR","2019-04-18","","15.08291891"
"UNIVERSIDAD NACIONAL - NÚCLEO EL VOLADOR","2019-04-17","","13.18101469"
"UNIVERSIDAD NACIONAL - NÚCLEO EL VOLADOR","2019-04-16","","14.03437614"
"UNIVERSIDAD NACIONAL - NÚCLEO EL VOLADOR","2019-04-15","","15.31864374"
"UNIVERSIDAD NACIONAL - NÚCLEO EL VOLADOR","2019-04-14","","13.07226987"
"UNIVERSIDAD NACIONAL - NÚCLEO EL VOLADOR","2019-04-13","","12.05381863"
"UNIVERSIDAD NACIONAL - NÚCLEO EL VOLADOR","2019-04-12","","20.48467406"
"UNIVERSIDAD NACIONAL - NÚCLEO EL VOLADOR","2019-04-11","","24.72009827"
"UNIVERSIDAD NACIONAL - NÚCLEO EL VOLADOR","2019-04-10","","40.41974207"
"UNIVERSIDAD NACIONAL - NÚCLEO EL VOLADOR","2019-04-09","","54.94152404"
"UNIVERSIDAD NACIONAL - NÚCLEO EL VOLADOR","2019-04-08","","19.19954515"
"UNIVERSIDAD NACIONAL - NÚCLEO EL VOLADOR","2019-04-07","","37.95849936"
"UNIVERSIDAD NACIONAL - NÚCLEO EL VOLADOR","2019-04-06","","28.10712421"
"UNIVERSIDAD NACIONAL - NÚCLEO EL VOLADOR","2019-04-05","","25.24810692"
"UNIVERSIDAD NACIONAL - NÚCLEO EL VOLADOR","2019-04-04","","27.06618577"
"UNIVERSIDAD NACIONAL - NÚCLEO EL VOLADOR","2019-04-03","","32.96108804"
"UNIVERSIDAD NACIONAL - NÚCLEO EL VOLADOR","2019-04-02","","28.06156213"
"UNIVERSIDAD NACIONAL - NÚCLEO EL VOLADOR","2019-04-01","","31.98008304"
"UNIVERSIDAD NACIONAL - NÚCLEO EL VOLADOR","2019-03-28","","16.70624632"
"UNIVERSIDAD NACIONAL - NÚCLEO EL VOLADOR","2019-03-27","","21.1362542"
"UNIVERSIDAD NACIONAL - NÚCLEO EL VOLADOR","2019-03-26","","8.18234698"
"UNIVERSIDAD NACIONAL - NÚCLEO EL VOLADOR","2019-03-23","","40.65461575"
"UNIVERSIDAD NACIONAL - NÚCLEO EL VOLADOR","2019-03-22","","60.87247322"
"UNIVERSIDAD NACIONAL - NÚCLEO EL VOLADOR","2019-03-21","","54.61018732"
"UNIVERSIDAD NACIONAL - NÚCLEO EL VOLADOR","2019-03-20","","43.12009947"
"UNIVERSIDAD NACIONAL - NÚCLEO EL VOLADOR","2019-03-19","","35.22394999"
"UNIVERSIDAD NACIONAL - NÚCLEO EL VOLADOR","2019-03-18","","17.39841394"
"UNIVERSIDAD NACIONAL - NÚCLEO EL VOLADOR","2019-03-17","","6.12982564"
"UNIVERSIDAD NACIONAL - NÚCLEO EL VOLADOR","2019-03-16","","11.06170396"
"UNIVERSIDAD NACIONAL - NÚCLEO EL VOLADOR","2019-03-15","","16.02131127"
"UNIVERSIDAD NACIONAL - NÚCLEO EL VOLADOR","2019-03-14","","11.05068177"
"UNIVERSIDAD NACIONAL - NÚCLEO EL VOLADOR","2019-03-13","","20.62454999"
"UNIVERSIDAD NACIONAL - NÚCLEO EL VOLADOR","2019-03-12","","49.22255516"
"UNIVERSIDAD NACIONAL - NÚCLEO EL VOLADOR","2019-03-11","","44.44999025"
"UNIVERSIDAD NACIONAL - NÚCLEO EL VOLADOR","2019-03-10","","14.1355953"
"UNIVERSIDAD NACIONAL - NÚCLEO EL VOLADOR","2019-03-09","","15.96149043"
"UNIVERSIDAD NACIONAL - NÚCLEO EL VOLADOR","2019-03-08","","19.465834"
"UNIVERSIDAD NACIONAL - NÚCLEO EL VOLADOR","2019-03-07","","17.19918301"
"UNIVERSIDAD NACIONAL - NÚCLEO EL VOLADOR","2019-03-06","","13.98578257"
"UNIVERSIDAD NACIONAL - NÚCLEO EL VOLADOR","2019-03-05","","17.00969412"
"UNIVERSIDAD NACIONAL - NÚCLEO EL VOLADOR","2019-03-04","","31.0663766"
"UNIVERSIDAD NACIONAL - NÚCLEO EL VOLADOR","2019-03-03","","16.97962017"
"UNIVERSIDAD NACIONAL - NÚCLEO EL VOLADOR","2019-03-02","","17.81599286"
"UNIVERSIDAD NACIONAL - NÚCLEO EL VOLADOR","2019-03-01","","37.00764542"
"UNIVERSIDAD NACIONAL - NÚCLEO EL VOLADOR","2019-02-28","","46.15459306"
"UNIVERSIDAD NACIONAL - NÚCLEO EL VOLADOR","2019-02-27","","23.97588423"
"UNIVERSIDAD NACIONAL - NÚCLEO EL VOLADOR","2019-02-26","","19.25053312"
"UNIVERSIDAD NACIONAL - NÚCLEO EL VOLADOR","2019-02-25","","26.12307238"
"UNIVERSIDAD NACIONAL - NÚCLEO EL VOLADOR","2019-02-24","","15.23451222"
"UNIVERSIDAD NACIONAL - NÚCLEO EL VOLADOR","2019-02-23","","22.96302318"
"UNIVERSIDAD NACIONAL - NÚCLEO EL VOLADOR","2019-02-22","","26.52474933"
"UNIVERSIDAD NACIONAL - NÚCLEO EL VOLADOR","2019-02-21","","25.24890412"
"UNIVERSIDAD NACIONAL - NÚCLEO EL VOLADOR","2019-02-20","","48.90870269"
"UNIVERSIDAD NACIONAL - NÚCLEO EL VOLADOR","2019-02-19","","40.00499276"
"UNIVERSIDAD NACIONAL - NÚCLEO EL VOLADOR","2019-02-18","","28.24923177"
"UNIVERSIDAD NACIONAL - NÚCLEO EL VOLADOR","2019-02-17","","8.01860978"
"UNIVERSIDAD NACIONAL - NÚCLEO EL VOLADOR","2019-02-16","","22.80658753"
"UNIVERSIDAD NACIONAL - NÚCLEO EL VOLADOR","2019-02-15","","25.1439238"
"UNIVERSIDAD NACIONAL - NÚCLEO EL VOLADOR","2019-02-14","","14.67966554"
"UNIVERSIDAD NACIONAL - NÚCLEO EL VOLADOR","2019-02-13","","22.08619802"
"UNIVERSIDAD NACIONAL - NÚCLEO EL VOLADOR","2019-02-12","","12.38444813"
"UNIVERSIDAD NACIONAL - NÚCLEO EL VOLADOR","2019-02-11","","13.82070545"
"UNIVERSIDAD NACIONAL - NÚCLEO EL VOLADOR","2019-02-10","","6.52538826"
"UNIVERSIDAD NACIONAL - NÚCLEO EL VOLADOR","2019-02-09","","14.79845381"
"UNIVERSIDAD NACIONAL - NÚCLEO EL VOLADOR","2019-02-08","","17.50474291"
"UNIVERSIDAD NACIONAL - NÚCLEO EL VOLADOR","2019-02-07","","12.26834786"
"UNIVERSIDAD NACIONAL - NÚCLEO EL VOLADOR","2019-02-06","","20.39893392"
"UNIVERSIDAD NACIONAL - NÚCLEO EL VOLADOR","2019-02-05","","18.82304864"
"UNIVERSIDAD NACIONAL - NÚCLEO EL VOLADOR","2019-02-04","","15.13382564"
"UNIVERSIDAD NACIONAL - NÚCLEO EL VOLADOR","2019-02-03","","13.30743993"
"UNIVERSIDAD NACIONAL - NÚCLEO EL VOLADOR","2019-02-02","","21.45333126"
"UNIVERSIDAD NACIONAL - NÚCLEO EL VOLADOR","2019-02-01","","31.37157738"
"UNIVERSIDAD NACIONAL - NÚCLEO EL VOLADOR","2019-01-31","","9.0381336"
"UNIVERSIDAD NACIONAL - NÚCLEO EL VOLADOR","2019-01-29","","26.54430276"
"UNIVERSIDAD NACIONAL - NÚCLEO EL VOLADOR","2019-01-28","","30.79761717"
"UNIVERSIDAD NACIONAL - NÚCLEO EL VOLADOR","2019-01-27","","7.39814097"
"UNIVERSIDAD NACIONAL - NÚCLEO EL VOLADOR","2019-01-26","","23.14905242"
"UNIVERSIDAD NACIONAL - NÚCLEO EL VOLADOR","2019-01-25","","19.49964356"
"UNIVERSIDAD NACIONAL - NÚCLEO EL VOLADOR","2019-01-24","","23.61961139"
"UNIVERSIDAD NACIONAL - NÚCLEO EL VOLADOR","2019-01-23","","25.12987566"
"UNIVERSIDAD NACIONAL - NÚCLEO EL VOLADOR","2019-01-22","","20.69172185"
"UNIVERSIDAD NACIONAL - NÚCLEO EL VOLADOR","2019-01-21","","14.71268904"
"UNIVERSIDAD NACIONAL - NÚCLEO EL VOLADOR","2019-01-20","","14.78203962"
"UNIVERSIDAD NACIONAL - NÚCLEO EL VOLADOR","2019-01-19","","17.41560814"
"UNIVERSIDAD NACIONAL - NÚCLEO EL VOLADOR","2019-01-18","","27.22468353"
"UNIVERSIDAD NACIONAL - NÚCLEO EL VOLADOR","2019-01-17","","25.64355"
"UNIVERSIDAD NACIONAL - NÚCLEO EL VOLADOR","2019-01-16","","20.06800291"
"UNIVERSIDAD NACIONAL - NÚCLEO EL VOLADOR","2019-01-15","","34.86668669"
"UNIVERSIDAD NACIONAL - NÚCLEO EL VOLADOR","2019-01-14","","29.04825859"
"UNIVERSIDAD NACIONAL - NÚCLEO EL VOLADOR","2019-01-13","","9.54118981"
"UNIVERSIDAD NACIONAL - NÚCLEO EL VOLADOR","2019-01-12","","10.91964483"
"UNIVERSIDAD NACIONAL - NÚCLEO EL VOLADOR","2019-01-11","","13.19532056"
"UNIVERSIDAD NACIONAL - NÚCLEO EL VOLADOR","2019-01-10","","24.01997055"
"UNIVERSIDAD NACIONAL - NÚCLEO EL VOLADOR","2019-01-09","","27.66706957"
"UNIVERSIDAD NACIONAL - NÚCLEO EL VOLADOR","2019-01-08","","31.94788832"
"UNIVERSIDAD NACIONAL - NÚCLEO EL VOLADOR","2019-01-07","","15.7601917"
"UNIVERSIDAD NACIONAL - NÚCLEO EL VOLADOR","2019-01-06","","15.32834304"
"UNIVERSIDAD NACIONAL - NÚCLEO EL VOLADOR","2019-01-05","","15.50136664"
"UNIVERSIDAD NACIONAL - NÚCLEO EL VOLADOR","2019-01-04","","26.16274853"
"UNIVERSIDAD NACIONAL - NÚCLEO EL VOLADOR","2019-01-03","","28.19351447"
"UNIVERSIDAD NACIONAL - NÚCLEO EL VOLADOR","2019-01-02","","18.86650639"
"UNIVERSIDAD NACIONAL - NÚCLEO EL VOLADOR","2019-01-01","","16.72503152"
"UNIVERSIDAD NACIONAL - NÚCLEO EL VOLADOR","2013-12-01","","96.92847"
"UNIVERSIDAD NACIONAL - NÚCLEO EL VOLADOR","2013-11-30","","39.2852154"
"UNIVERSIDAD NACIONAL - NÚCLEO EL VOLADOR","2013-11-29","","28.67827508"
"UNIVERSIDAD NACIONAL - NÚCLEO EL VOLADOR","2013-11-28","","25.12203392"
"UNIVERSIDAD NACIONAL - NÚCLEO EL VOLADOR","2013-11-27","","41.75553739"
"UNIVERSIDAD NACIONAL - NÚCLEO EL VOLADOR","2013-11-26","","35.01116042"
"UNIVERSIDAD NACIONAL - NÚCLEO EL VOLADOR","2013-11-25","","29.09597292"
"UNIVERSIDAD NACIONAL - NÚCLEO EL VOLADOR","2013-11-24","","37.69214484"
"UNIVERSIDAD NACIONAL - NÚCLEO EL VOLADOR","2013-11-23","","32.14019829"
"UNIVERSIDAD NACIONAL - NÚCLEO EL VOLADOR","2013-11-22","","31.80123183"
"UNIVERSIDAD NACIONAL - NÚCLEO EL VOLADOR","2013-11-21","","27.87107208"
"UNIVERSIDAD NACIONAL - NÚCLEO EL VOLADOR","2013-11-20","","37.94612063"
"UNIVERSIDAD NACIONAL - NÚCLEO EL VOLADOR","2013-11-19","","11.73354002"
"UNIVERSIDAD NACIONAL - NÚCLEO EL VOLADOR","2013-11-18","","23.29405615"
"UNIVERSIDAD NACIONAL - NÚCLEO EL VOLADOR","2013-11-17","","17.31521226"
"UNIVERSIDAD NACIONAL - NÚCLEO EL VOLADOR","2013-11-16","","15.82920967"
"UNIVERSIDAD NACIONAL - NÚCLEO EL VOLADOR","2013-11-15","","12.04513268"
"UNIVERSIDAD NACIONAL - NÚCLEO EL VOLADOR","2013-11-14","","12.95571791"
"UNIVERSIDAD NACIONAL - NÚCLEO EL VOLADOR","2013-11-13","","19.14078646"
"UNIVERSIDAD NACIONAL - NÚCLEO EL VOLADOR","2013-11-12","","19.70435238"
"UNIVERSIDAD NACIONAL - NÚCLEO EL VOLADOR","2013-11-11","","18.03572912"
"UNIVERSIDAD NACIONAL - NÚCLEO EL VOLADOR","2013-11-10","","14.07541319"
"UNIVERSIDAD NACIONAL - NÚCLEO EL VOLADOR","2013-11-09","","20.96673729"
"UNIVERSIDAD NACIONAL - NÚCLEO EL VOLADOR","2013-11-08","","27.77963396"
"UNIVERSIDAD NACIONAL - NÚCLEO EL VOLADOR","2013-11-07","","28.17805483"
"UNIVERSIDAD NACIONAL - NÚCLEO EL VOLADOR","2013-11-06","","26.24972413"
"UNIVERSIDAD NACIONAL - NÚCLEO EL VOLADOR","2013-11-05","","23.17610239"
"UNIVERSIDAD NACIONAL - NÚCLEO EL VOLADOR","2013-11-04","","7.13110096"
"UNIVERSIDAD NACIONAL - NÚCLEO EL VOLADOR","2013-11-03","","13.04593969"
"UNIVERSIDAD NACIONAL - NÚCLEO EL VOLADOR","2013-11-02","","21.94967297"
"UNIVERSIDAD NACIONAL - NÚCLEO EL VOLADOR","2013-11-01","","14.00298342"
"UNIVERSIDAD NACIONAL - NÚCLEO EL VOLADOR","2013-10-31","","25.88634153"
"UNIVERSIDAD NACIONAL - NÚCLEO EL VOLADOR","2013-10-30","","39.96280871"
"UNIVERSIDAD NACIONAL - NÚCLEO EL VOLADOR","2013-10-29","","42.83181326"
"UNIVERSIDAD NACIONAL - NÚCLEO EL VOLADOR","2013-10-28","","22.47979804"
"UNIVERSIDAD NACIONAL - NÚCLEO EL VOLADOR","2013-10-27","","7.45200251"
"UNIVERSIDAD NACIONAL - NÚCLEO EL VOLADOR","2013-10-26","","16.9813385"
"UNIVERSIDAD NACIONAL - NÚCLEO EL VOLADOR","2013-10-25","","28.19951154"
"UNIVERSIDAD NACIONAL - NÚCLEO EL VOLADOR","2013-10-24","","24.56604705"
"UNIVERSIDAD NACIONAL - NÚCLEO EL VOLADOR","2013-10-23","","42.41974621"
"UNIVERSIDAD NACIONAL - NÚCLEO EL VOLADOR","2013-10-22","","18.92960632"
"UNIVERSIDAD NACIONAL - NÚCLEO EL VOLADOR","2013-10-21","","22.48351136"
"UNIVERSIDAD NACIONAL - NÚCLEO EL VOLADOR","2013-10-20","","4.65296145"
"UNIVERSIDAD NACIONAL - NÚCLEO EL VOLADOR","2013-10-19","","41.33361621"
"UNIVERSIDAD NACIONAL - NÚCLEO EL VOLADOR","2013-10-18","","36.81001792"
"UNIVERSIDAD NACIONAL - NÚCLEO EL VOLADOR","2013-10-17","","32.69530268"
"UNIVERSIDAD NACIONAL - NÚCLEO EL VOLADOR","2013-10-16","","17.88291347"
"UNIVERSIDAD NACIONAL - NÚCLEO EL VOLADOR","2013-10-15","","50.92425766"
"UNIVERSIDAD NACIONAL - NÚCLEO EL VOLADOR","2013-10-14","","28.5895289"
"UNIVERSIDAD NACIONAL - NÚCLEO EL VOLADOR","2013-10-13","","11.23344896"
"UNIVERSIDAD NACIONAL - NÚCLEO EL VOLADOR","2013-10-12","","20.46462134"
"UNIVERSIDAD NACIONAL - NÚCLEO EL VOLADOR","2013-10-11","","9.99736473"
"UNIVERSIDAD NACIONAL - NÚCLEO EL VOLADOR","2013-10-10","","9.17121865"
"UNIVERSIDAD NACIONAL - NÚCLEO EL VOLADOR","2013-10-09","","13.58771283"
"UNIVERSIDAD NACIONAL - NÚCLEO EL VOLADOR","2013-10-08","","17.13162661"
"UNIVERSIDAD NACIONAL - NÚCLEO EL VOLADOR","2013-10-07","","15.94339884"
"UNIVERSIDAD NACIONAL - NÚCLEO EL VOLADOR","2013-10-06","","11.6062704"
"UNIVERSIDAD NACIONAL - NÚCLEO EL VOLADOR","2013-10-05","","28.29423938"
"UNIVERSIDAD NACIONAL - NÚCLEO EL VOLADOR","2013-10-04","","16.60250313"
"UNIVERSIDAD NACIONAL - NÚCLEO EL VOLADOR","2013-10-03","","39.66514689"
"UNIVERSIDAD NACIONAL - NÚCLEO EL VOLADOR","2013-10-02","","22.67467892"
"UNIVERSIDAD NACIONAL - NÚCLEO EL VOLADOR","2013-10-01","","39.97080259"
"UNIVERSIDAD NACIONAL - NÚCLEO EL VOLADOR","2013-09-30","","42.95760256"
"UNIVERSIDAD NACIONAL - NÚCLEO EL VOLADOR","2013-09-29","","26.15764728"
"UNIVERSIDAD NACIONAL - NÚCLEO EL VOLADOR","2013-09-28","","14.38229213"
"UNIVERSIDAD NACIONAL - NÚCLEO EL VOLADOR","2013-09-27","","36.5624979"
"UNIVERSIDAD NACIONAL - NÚCLEO EL VOLADOR","2013-09-26","","46.53542395"
"UNIVERSIDAD NACIONAL - NÚCLEO EL VOLADOR","2013-09-25","","12.88608501"
"UNIVERSIDAD NACIONAL - NÚCLEO EL VOLADOR","2013-09-24","","15.95965967"
"UNIVERSIDAD NACIONAL - NÚCLEO EL VOLADOR","2013-09-23","","15.197004"
"UNIVERSIDAD NACIONAL - NÚCLEO EL VOLADOR","2013-09-22","","7.69540137"
"UNIVERSIDAD NACIONAL - NÚCLEO EL VOLADOR","2013-09-21","","11.62166331"
"UNIVERSIDAD NACIONAL - NÚCLEO EL VOLADOR","2013-09-20","","16.23717013"
"UNIVERSIDAD NACIONAL - NÚCLEO EL VOLADOR","2013-09-19","","12.45554323"
"UNIVERSIDAD NACIONAL - NÚCLEO EL VOLADOR","2013-09-18","","20.93089294"
"UNIVERSIDAD NACIONAL - NÚCLEO EL VOLADOR","2013-09-17","","22.33999015"
"UNIVERSIDAD NACIONAL - NÚCLEO EL VOLADOR","2013-09-16","","18.13755082"
"UNIVERSIDAD NACIONAL - NÚCLEO EL VOLADOR","2013-09-15","","7.29499079"
"UNIVERSIDAD NACIONAL - NÚCLEO EL VOLADOR","2013-09-14","","27.923954"
"UNIVERSIDAD NACIONAL - NÚCLEO EL VOLADOR","2013-09-13","","38.44014254"
"UNIVERSIDAD NACIONAL - NÚCLEO EL VOLADOR","2013-09-12","","37.09705596"
"UNIVERSIDAD NACIONAL - NÚCLEO EL VOLADOR","2013-09-11","","19.2291635"
"UNIVERSIDAD NACIONAL - NÚCLEO EL VOLADOR","2013-09-10","","19.31456092"
"UNIVERSIDAD NACIONAL - NÚCLEO EL VOLADOR","2013-09-09","","25.74522467"
"UNIVERSIDAD NACIONAL - NÚCLEO EL VOLADOR","2013-09-08","","18.12149555"
"UNIVERSIDAD NACIONAL - NÚCLEO EL VOLADOR","2013-09-07","","41.30957225"
"UNIVERSIDAD NACIONAL - NÚCLEO EL VOLADOR","2013-09-06","","46.14106845"
"UNIVERSIDAD NACIONAL - NÚCLEO EL VOLADOR","2013-09-05","","27.53043213"
"UNIVERSIDAD NACIONAL - NÚCLEO EL VOLADOR","2013-09-04","","33.11416033"
"UNIVERSIDAD NACIONAL - NÚCLEO EL VOLADOR","2013-09-03","","23.90507598"
"UNIVERSIDAD NACIONAL - NÚCLEO EL VOLADOR","2013-09-02","","10.98119608"
"UNIVERSIDAD NACIONAL - NÚCLEO EL VOLADOR","2013-09-01","","3.30833332"
"UNIVERSIDAD NACIONAL - NÚCLEO EL VOLADOR","2013-08-31","","10.74207541"
"UNIVERSIDAD NACIONAL - NÚCLEO EL VOLADOR","2013-08-30","","19.04116088"
"UNIVERSIDAD NACIONAL - NÚCLEO EL VOLADOR","2013-08-29","","26.42164083"
"UNIVERSIDAD NACIONAL - NÚCLEO EL VOLADOR","2013-08-28","","30.95696083"
"UNIVERSIDAD NACIONAL - NÚCLEO EL VOLADOR","2013-08-27","","35.76714417"
"UNIVERSIDAD NACIONAL - NÚCLEO EL VOLADOR","2013-08-26","","37.91130292"
"UNIVERSIDAD NACIONAL - NÚCLEO EL VOLADOR","2013-08-25","","26.59067083"
"UNIVERSIDAD NACIONAL - NÚCLEO EL VOLADOR","2013-08-24","","30.54102"
"UNIVERSIDAD NACIONAL - NÚCLEO EL VOLADOR","2013-08-23","","37.8908125"
"UNIVERSIDAD NACIONAL - NÚCLEO EL VOLADOR","2013-08-22","","35.65162125"
"UNIVERSIDAD NACIONAL - NÚCLEO EL VOLADOR","2013-08-21","","31.23931542"
"UNIVERSIDAD NACIONAL - NÚCLEO EL VOLADOR","2013-08-20","","37.8559325"
"UNIVERSIDAD NACIONAL - NÚCLEO EL VOLADOR","2013-08-19","","25.64324071"
"UNIVERSIDAD NACIONAL - NÚCLEO EL VOLADOR","2013-08-17","","33.1197575"
"UNIVERSIDAD NACIONAL - NÚCLEO EL VOLADOR","2013-08-16","","32.36007583"
"UNIVERSIDAD NACIONAL - NÚCLEO EL VOLADOR","2013-08-15","","33.04089"
"UNIVERSIDAD NACIONAL - NÚCLEO EL VOLADOR","2013-08-14","","32.40705125"
"UNIVERSIDAD NACIONAL - NÚCLEO EL VOLADOR","2013-08-13","","32.80706458"
"UNIVERSIDAD NACIONAL - NÚCLEO EL VOLADOR","2013-08-12","","48.93586708"
"UNIVERSIDAD NACIONAL - NÚCLEO EL VOLADOR","2013-08-11","","29.497805"
"UNIVERSIDAD NACIONAL - NÚCLEO EL VOLADOR","2013-08-10","","47.38765333"
"UNIVERSIDAD NACIONAL - NÚCLEO EL VOLADOR","2013-08-09","","31.60912167"
"UNIVERSIDAD NACIONAL - NÚCLEO EL VOLADOR","2013-08-08","","40.8925975"
"UNIVERSIDAD NACIONAL - NÚCLEO EL VOLADOR","2013-08-07","","26.20926083"
"UNIVERSIDAD NACIONAL - NÚCLEO EL VOLADOR","2013-08-06","","36.79972"
"UNIVERSIDAD NACIONAL - NÚCLEO EL VOLADOR","2013-08-05","","37.34415833"
"UNIVERSIDAD NACIONAL - NÚCLEO EL VOLADOR","2013-08-04","","25.50296417"
"UNIVERSIDAD NACIONAL - NÚCLEO EL VOLADOR","2013-08-03","","30.10493333"
"UNIVERSIDAD NACIONAL - NÚCLEO EL VOLADOR","2013-08-02","","34.38166261"
"UNIVERSIDAD NACIONAL - NÚCLEO EL VOLADOR","2013-08-01","","30.27994167"
"UNIVERSIDAD NACIONAL - NÚCLEO EL VOLADOR","2013-07-31","","26.57292773"
"UNIVERSIDAD NACIONAL - NÚCLEO EL VOLADOR","2013-07-30","","28.38872083"
"UNIVERSIDAD NACIONAL - NÚCLEO EL VOLADOR","2013-07-29","","29.96225667"
"UNIVERSIDAD NACIONAL - NÚCLEO EL VOLADOR","2013-07-28","","25.31658875"
"UNIVERSIDAD NACIONAL - NÚCLEO EL VOLADOR","2013-07-27","","30.00630292"
"UNIVERSIDAD NACIONAL - NÚCLEO EL VOLADOR","2013-07-26","","32.68398571"
"UNIVERSIDAD NACIONAL - NÚCLEO EL VOLADOR","2013-07-23","","79.45901667"
"UNIVERSIDAD NACIONAL - NÚCLEO EL VOLADOR","2013-07-22","","14.696545"
"UNIVERSIDAD NACIONAL - NÚCLEO EL VOLADOR","2013-07-21","","19.11590043"
"UNIVERSIDAD NACIONAL - NÚCLEO EL VOLADOR","2013-07-20","","22.93645458"
"UNIVERSIDAD NACIONAL - NÚCLEO EL VOLADOR","2013-07-19","","28.21130667"
"UNIVERSIDAD NACIONAL - NÚCLEO EL VOLADOR","2013-07-18","","33.91779333"
"UNIVERSIDAD NACIONAL - NÚCLEO EL VOLADOR","2013-07-17","","34.602805"
"UNIVERSIDAD NACIONAL - NÚCLEO EL VOLADOR","2013-07-16","","33.80534917"
"UNIVERSIDAD NACIONAL - NÚCLEO EL VOLADOR","2013-07-15","","39.13372917"
"UNIVERSIDAD NACIONAL - NÚCLEO EL VOLADOR","2013-07-14","","21.92598708"
"UNIVERSIDAD NACIONAL - NÚCLEO EL VOLADOR","2013-07-13","","34.16245625"
"UNIVERSIDAD NACIONAL - NÚCLEO EL VOLADOR","2013-07-12","","35.52919875"
"UNIVERSIDAD NACIONAL - NÚCLEO EL VOLADOR","2013-07-11","","32.29817583"
"UNIVERSIDAD NACIONAL - NÚCLEO EL VOLADOR","2013-07-10","","35.67759333"
"UNIVERSIDAD NACIONAL - NÚCLEO EL VOLADOR","2013-07-09","","32.77370417"
"UNIVERSIDAD NACIONAL - NÚCLEO EL VOLADOR","2013-07-08","","28.89027417"
"UNIVERSIDAD NACIONAL - NÚCLEO EL VOLADOR","2013-07-07","","31.65845667"
"UNIVERSIDAD NACIONAL - NÚCLEO EL VOLADOR","2013-07-06","","31.42675167"
"UNIVERSIDAD NACIONAL - NÚCLEO EL VOLADOR","2013-07-05","","37.689225"
"UNIVERSIDAD NACIONAL - NÚCLEO EL VOLADOR","2013-07-04","","44.69000625"
"UNIVERSIDAD NACIONAL - NÚCLEO EL VOLADOR","2013-07-03","","47.57326208"
"UNIVERSIDAD NACIONAL - NÚCLEO EL VOLADOR","2013-07-02","","27.51726077"
"UNIVERSIDAD NACIONAL - NÚCLEO EL VOLADOR","2013-07-01","","25.26818619"
"UNIVERSIDAD NACIONAL - NÚCLEO EL VOLADOR","2013-06-30","","24.728345"
"UNIVERSIDAD NACIONAL - NÚCLEO EL VOLADOR","2013-06-29","","45.56927042"
"UNIVERSIDAD NACIONAL - NÚCLEO EL VOLADOR","2013-06-28","","60.74316231"
"UNIVERSIDAD NACIONAL - NÚCLEO EL VOLADOR","2013-06-27","","38.16139708"
"UNIVERSIDAD NACIONAL - NÚCLEO EL VOLADOR","2013-06-26","","32.17340417"
"UNIVERSIDAD NACIONAL - NÚCLEO EL VOLADOR","2013-06-25","","30.02994417"
"UNIVERSIDAD NACIONAL - NÚCLEO EL VOLADOR","2013-06-24","","23.53409292"
"UNIVERSIDAD NACIONAL - NÚCLEO EL VOLADOR","2013-06-23","","18.73812083"
"UNIVERSIDAD NACIONAL - NÚCLEO EL VOLADOR","2013-06-22","","27.14155917"
"UNIVERSIDAD NACIONAL - NÚCLEO EL VOLADOR","2013-06-21","","30.75742792"
"UNIVERSIDAD NACIONAL - NÚCLEO EL VOLADOR","2013-06-20","","35.10212375"
"UNIVERSIDAD NACIONAL - NÚCLEO EL VOLADOR","2013-06-19","","33.97551042"
"UNIVERSIDAD NACIONAL - NÚCLEO EL VOLADOR","2013-06-18","","27.16765429"
"UNIVERSIDAD NACIONAL - NÚCLEO EL VOLADOR","2013-06-17","","24.07151817"
"UNIVERSIDAD NACIONAL - NÚCLEO EL VOLADOR","2013-06-16","","14.97971321"
"UNIVERSIDAD NACIONAL - NÚCLEO EL VOLADOR","2013-06-15","","45.85931438"
"UNIVERSIDAD NACIONAL - NÚCLEO EL VOLADOR","2013-06-14","","31.72473136"
"UNIVERSIDAD NACIONAL - NÚCLEO EL VOLADOR","2013-06-13","","21.34061817"
"UNIVERSIDAD NACIONAL - NÚCLEO EL VOLADOR","2013-06-12","","19.413682"
"UNIVERSIDAD NACIONAL - NÚCLEO EL VOLADOR","2013-06-11","","24.55405608"
"UNIVERSIDAD NACIONAL - NÚCLEO EL VOLADOR","2013-06-10","","8.49098871"
"UNIVERSIDAD NACIONAL - NÚCLEO EL VOLADOR","2013-06-09","","11.46478183"
"UNIVERSIDAD NACIONAL - NÚCLEO EL VOLADOR","2013-06-08","","28.57018904"
"UNIVERSIDAD NACIONAL - NÚCLEO EL VOLADOR","2013-06-07","","31.857035"
"UNIVERSIDAD NACIONAL - NÚCLEO EL VOLADOR","2013-06-06","","24.20680175"
"UNIVERSIDAD NACIONAL - NÚCLEO EL VOLADOR","2013-06-05","","28.62184222"
"UNIVERSIDAD NACIONAL - NÚCLEO EL VOLADOR","2013-06-04","","34.92721029"
"UNIVERSIDAD NACIONAL - NÚCLEO EL VOLADOR","2013-06-03","","11.26717617"
"UNIVERSIDAD NACIONAL - NÚCLEO EL VOLADOR","2013-06-02","","26.3619885"
"UNIVERSIDAD NACIONAL - NÚCLEO EL VOLADOR","2013-06-01","","28.7717125"
"UNIVERSIDAD NACIONAL - NÚCLEO EL VOLADOR","2013-05-31","","42.923825"
"UNIVERSIDAD NACIONAL - NÚCLEO EL VOLADOR","2013-05-30","","34.00482746"
"UNIVERSIDAD NACIONAL - NÚCLEO EL VOLADOR","2013-05-29","","43.55730446"
"UNIVERSIDAD NACIONAL - NÚCLEO EL VOLADOR","2013-05-28","","32.57708632"
"UNIVERSIDAD NACIONAL - NÚCLEO EL VOLADOR","2013-05-27","","25.59074928"
"UNIVERSIDAD NACIONAL - NÚCLEO EL VOLADOR","2013-05-26","","21.92610217"
"UNIVERSIDAD NACIONAL - NÚCLEO EL VOLADOR","2013-05-25","","21.33395221"
"UNIVERSIDAD NACIONAL - NÚCLEO EL VOLADOR","2013-05-24","","19.98986363"
"UNIVERSIDAD NACIONAL - NÚCLEO EL VOLADOR","2013-05-23","","26.35584125"
"UNIVERSIDAD NACIONAL - NÚCLEO EL VOLADOR","2013-05-22","","26.20959283"
"UNIVERSIDAD NACIONAL - NÚCLEO EL VOLADOR","2013-05-21","","71.51745125"
"UNIVERSIDAD NACIONAL - NÚCLEO EL VOLADOR","2013-05-20","","18.13508955"
"UNIVERSIDAD NACIONAL - NÚCLEO EL VOLADOR","2013-05-19","","11.35905227"
"UNIVERSIDAD NACIONAL - NÚCLEO EL VOLADOR","2013-05-18","","29.67721583"
"UNIVERSIDAD NACIONAL - NÚCLEO EL VOLADOR","2013-05-17","","28.30075393"
"UNIVERSIDAD NACIONAL - NÚCLEO EL VOLADOR","2013-05-15","","38.97755557"
"UNIVERSIDAD NACIONAL - NÚCLEO EL VOLADOR","2013-05-14","","24.31228633"
"UNIVERSIDAD NACIONAL - NÚCLEO EL VOLADOR","2013-05-13","","8.88701385"
"UNIVERSIDAD NACIONAL - NÚCLEO EL VOLADOR","2013-05-12","","11.963416"
"UNIVERSIDAD NACIONAL - NÚCLEO EL VOLADOR","2013-05-11","","19.85210063"
"UNIVERSIDAD NACIONAL - NÚCLEO EL VOLADOR","2013-05-10","","22.20930808"
"UNIVERSIDAD NACIONAL - NÚCLEO EL VOLADOR","2013-05-09","","33.28291042"
"UNIVERSIDAD NACIONAL - NÚCLEO EL VOLADOR","2013-05-08","","38.04486346"
"UNIVERSIDAD NACIONAL - NÚCLEO EL VOLADOR","2013-05-07","","26.15584654"
"UNIVERSIDAD NACIONAL - NÚCLEO EL VOLADOR","2013-05-06","","31.17253308"
"UNIVERSIDAD NACIONAL - NÚCLEO EL VOLADOR","2013-05-05","","14.5028723"
"UNIVERSIDAD NACIONAL - NÚCLEO EL VOLADOR","2013-05-04","","39.01495383"
"UNIVERSIDAD NACIONAL - NÚCLEO EL VOLADOR","2013-05-03","","22.76618304"
"UNIVERSIDAD NACIONAL - NÚCLEO EL VOLADOR","2013-05-02","","43.80555379"
"UNIVERSIDAD NACIONAL - NÚCLEO EL VOLADOR","2013-05-01","","28.20838596"
"UNIVERSIDAD NACIONAL - NÚCLEO EL VOLADOR","2013-04-30","","28.87168029"
"UNIVERSIDAD NACIONAL - NÚCLEO EL VOLADOR","2013-04-29","","31.40441242"
"UNIVERSIDAD NACIONAL - NÚCLEO EL VOLADOR","2013-04-28","","13.15682127"
"UNIVERSIDAD NACIONAL - NÚCLEO EL VOLADOR","2013-04-27","","27.54032793"
"UNIVERSIDAD NACIONAL - NÚCLEO EL VOLADOR","2013-04-26","","25.10476504"
"UNIVERSIDAD NACIONAL - NÚCLEO EL VOLADOR","2013-04-25","","14.75661929"
"UNIVERSIDAD NACIONAL - NÚCLEO EL VOLADOR","2013-04-24","","19.07691004"
"UNIVERSIDAD NACIONAL - NÚCLEO EL VOLADOR","2013-04-23","","16.0739717"
"UNIVERSIDAD NACIONAL - NÚCLEO EL VOLADOR","2013-04-22","","37.58468487"
"UNIVERSIDAD NACIONAL - NÚCLEO EL VOLADOR","2013-04-21","","19.57800521"
"UNIVERSIDAD NACIONAL - NÚCLEO EL VOLADOR","2013-04-20","","40.51084654"
"UNIVERSIDAD NACIONAL - NÚCLEO EL VOLADOR","2013-04-19","","51.7062467"
"UNIVERSIDAD NACIONAL - NÚCLEO EL VOLADOR","2013-04-18","","29.72668538"
"UNIVERSIDAD NACIONAL - NÚCLEO EL VOLADOR","2013-04-17","","16.72347024"
"UNIVERSIDAD NACIONAL - NÚCLEO EL VOLADOR","2013-04-16","","18.35486183"
"UNIVERSIDAD NACIONAL - NÚCLEO EL VOLADOR","2013-04-15","","8.4653785"
"UNIVERSIDAD NACIONAL - NÚCLEO EL VOLADOR","2013-04-11","","11.23893882"
"UNIVERSIDAD NACIONAL - NÚCLEO EL VOLADOR","2013-04-10","","14.67555383"
"UNIVERSIDAD NACIONAL - NÚCLEO EL VOLADOR","2013-04-09","","15.82157151"
"UNIVERSIDAD NACIONAL - NÚCLEO EL VOLADOR","2013-04-08","","14.10560963"
"UNIVERSIDAD NACIONAL - NÚCLEO EL VOLADOR","2013-04-07","","8.92180075"
"UNIVERSIDAD NACIONAL - NÚCLEO EL VOLADOR","2013-04-06","","12.23861158"
"UNIVERSIDAD NACIONAL - NÚCLEO EL VOLADOR","2013-04-05","","18.60897643"
"UNIVERSIDAD NACIONAL - NÚCLEO EL VOLADOR","2013-04-04","","22.86176446"
"UNIVERSIDAD NACIONAL - NÚCLEO EL VOLADOR","2013-04-03","","12.42414192"
"UNIVERSIDAD NACIONAL - NÚCLEO EL VOLADOR","2013-04-02","","11.54097284"
"UNIVERSIDAD NACIONAL - NÚCLEO EL VOLADOR","2013-04-01","","23.88646173"
"UNIVERSIDAD NACIONAL - NÚCLEO EL VOLADOR","2013-03-31","","6.16666667"
"UNIVERSIDAD NACIONAL - NÚCLEO EL VOLADOR","2013-03-30","","11.125"
"UNIVERSIDAD NACIONAL - NÚCLEO EL VOLADOR","2013-03-29","","1.70833333"
"UNIVERSIDAD NACIONAL - NÚCLEO EL VOLADOR","2013-03-28","","8.17391304"
"UNIVERSIDAD NACIONAL - NÚCLEO EL VOLADOR","2013-03-27","","14.20833333"
"UNIVERSIDAD NACIONAL - NÚCLEO EL VOLADOR","2013-03-26","","28.45833333"
"UNIVERSIDAD NACIONAL - NÚCLEO EL VOLADOR","2013-03-25","","13.29166667"
"UNIVERSIDAD NACIONAL - NÚCLEO EL VOLADOR","2013-03-24","","19.45833333"
"UNIVERSIDAD NACIONAL - NÚCLEO EL VOLADOR","2013-03-23","","15.45833333"
"UNIVERSIDAD NACIONAL - NÚCLEO EL VOLADOR","2013-03-22","","30.5"
"UNIVERSIDAD NACIONAL - NÚCLEO EL VOLADOR","2013-03-21","","31.125"
"UNIVERSIDAD NACIONAL - NÚCLEO EL VOLADOR","2013-03-20","","35.04166667"
"UNIVERSIDAD NACIONAL - NÚCLEO EL VOLADOR","2013-03-19","","29.95833333"
"UNIVERSIDAD NACIONAL - NÚCLEO EL VOLADOR","2013-03-18","","38.375"
"UNIVERSIDAD NACIONAL - NÚCLEO EL VOLADOR","2013-03-17","","10.45833333"
"UNIVERSIDAD NACIONAL - NÚCLEO EL VOLADOR","2013-03-16","","14.75"
"UNIVERSIDAD NACIONAL - NÚCLEO EL VOLADOR","2013-03-15","","16.09090909"
"UNIVERSIDAD NACIONAL - NÚCLEO EL VOLADOR","2013-03-14","","41.125"
"UNIVERSIDAD NACIONAL - NÚCLEO EL VOLADOR","2013-03-13","","16.70833333"
"UNIVERSIDAD NACIONAL - NÚCLEO EL VOLADOR","2013-03-12","","16.58333333"
"UNIVERSIDAD NACIONAL - NÚCLEO EL VOLADOR","2013-03-11","","14.83333333"
"UNIVERSIDAD NACIONAL - NÚCLEO EL VOLADOR","2013-03-10","","5.69565217"
"UNIVERSIDAD NACIONAL - NÚCLEO EL VOLADOR","2013-03-09","","9.33333333"
"UNIVERSIDAD NACIONAL - NÚCLEO EL VOLADOR","2013-03-08","","15.95833333"
"UNIVERSIDAD NACIONAL - NÚCLEO EL VOLADOR","2013-03-07","","18.16666667"
"UNIVERSIDAD NACIONAL - NÚCLEO EL VOLADOR","2013-03-06","","16.20833333"
"UNIVERSIDAD NACIONAL - NÚCLEO EL VOLADOR","2013-03-05","","13.83333333"
"UNIVERSIDAD NACIONAL - NÚCLEO EL VOLADOR","2013-03-04","","15.75"
"UNIVERSIDAD NACIONAL - NÚCLEO EL VOLADOR","2013-03-03","","7.79166667"
"UNIVERSIDAD NACIONAL - NÚCLEO EL VOLADOR","2013-03-02","","19.58333333"
"UNIVERSIDAD NACIONAL - NÚCLEO EL VOLADOR","2013-03-01","","19.75"
"UNIVERSIDAD NACIONAL - NÚCLEO EL VOLADOR","2013-02-28","","25.16666667"
"UNIVERSIDAD NACIONAL - NÚCLEO EL VOLADOR","2013-02-27","","21.41666667"
"UNIVERSIDAD NACIONAL - NÚCLEO EL VOLADOR","2013-02-26","","18.08333333"
"UNIVERSIDAD NACIONAL - NÚCLEO EL VOLADOR","2013-02-25","","24.75"
"UNIVERSIDAD NACIONAL - NÚCLEO EL VOLADOR","2013-02-24","","6.125"
"UNIVERSIDAD NACIONAL - NÚCLEO EL VOLADOR","2013-02-23","","12.625"
"UNIVERSIDAD NACIONAL - NÚCLEO EL VOLADOR","2013-02-22","","22.41666667"
"UNIVERSIDAD NACIONAL - NÚCLEO EL VOLADOR","2013-02-21","","14.79166667"
"UNIVERSIDAD NACIONAL - NÚCLEO EL VOLADOR","2013-02-20","","16.75"
"UNIVERSIDAD NACIONAL - NÚCLEO EL VOLADOR","2013-02-19","","22.125"
"UNIVERSIDAD NACIONAL - NÚCLEO EL VOLADOR","2013-02-18","","22.625"
"UNIVERSIDAD NACIONAL - NÚCLEO EL VOLADOR","2013-02-17","","10.08333333"
"UNIVERSIDAD NACIONAL - NÚCLEO EL VOLADOR","2013-02-16","","11.81818182"
"UNIVERSIDAD NACIONAL - NÚCLEO EL VOLADOR","2013-02-15","","20.20833333"
"UNIVERSIDAD NACIONAL - NÚCLEO EL VOLADOR","2013-02-14","","12.08333333"
"UNIVERSIDAD NACIONAL - NÚCLEO EL VOLADOR","2013-02-13","","25.47619048"
"UNIVERSIDAD NACIONAL - NÚCLEO EL VOLADOR","2013-02-12","","23.08333333"
"UNIVERSIDAD NACIONAL - NÚCLEO EL VOLADOR","2013-02-11","","23.0"
"UNIVERSIDAD NACIONAL - NÚCLEO EL VOLADOR","2013-02-10","","4.625"
"UNIVERSIDAD NACIONAL - NÚCLEO EL VOLADOR","2013-02-09","","16.68181818"
"UNIVERSIDAD NACIONAL - NÚCLEO EL VOLADOR","2013-02-08","","25.70833333"
"UNIVERSIDAD NACIONAL - NÚCLEO EL VOLADOR","2013-02-07","","13.54166667"
"UNIVERSIDAD NACIONAL - NÚCLEO EL VOLADOR","2013-02-06","","33.66666667"
"UNIVERSIDAD NACIONAL - NÚCLEO EL VOLADOR","2013-02-05","","41.04166667"
"UNIVERSIDAD NACIONAL - NÚCLEO EL VOLADOR","2013-02-04","","26.58333333"
"UNIVERSIDAD NACIONAL - NÚCLEO EL VOLADOR","2013-02-03","","43.95833333"
"UNIVERSIDAD NACIONAL - NÚCLEO EL VOLADOR","2013-02-02","","36.52173913"
"UNIVERSIDAD NACIONAL - NÚCLEO EL VOLADOR","2013-02-01","","33.20833333"
"UNIVERSIDAD NACIONAL - NÚCLEO EL VOLADOR","2013-01-31","","14.875"
"UNIVERSIDAD NACIONAL - NÚCLEO EL VOLADOR","2013-01-30","","13.875"
"UNIVERSIDAD NACIONAL - NÚCLEO EL VOLADOR","2013-01-29","","17.25"
"UNIVERSIDAD NACIONAL - NÚCLEO EL VOLADOR","2013-01-28","","16.33333333"
"UNIVERSIDAD NACIONAL - NÚCLEO EL VOLADOR","2013-01-27","","7.95833333"
"UNIVERSIDAD NACIONAL - NÚCLEO EL VOLADOR","2013-01-26","","13.35294118"
"UNIVERSIDAD NACIONAL - NÚCLEO EL VOLADOR","2013-01-25","","22.15384615"
"UNIVERSIDAD NACIONAL - NÚCLEO EL VOLADOR","2013-01-24","","13.25"
"UNIVERSIDAD NACIONAL - NÚCLEO EL VOLADOR","2013-01-23","","13.66666667"
"UNIVERSIDAD NACIONAL - NÚCLEO EL VOLADOR","2013-01-22","","13.41666667"
"UNIVERSIDAD NACIONAL - NÚCLEO EL VOLADOR","2013-01-21","","20.43478261"
"UNIVERSIDAD NACIONAL - NÚCLEO EL VOLADOR","2013-01-20","","7.625"
"UNIVERSIDAD NACIONAL - NÚCLEO EL VOLADOR","2013-01-19","","15.45833333"
"UNIVERSIDAD NACIONAL - NÚCLEO EL VOLADOR","2013-01-18","","8.4"
"UNIVERSIDAD NACIONAL - NÚCLEO EL VOLADOR","2013-01-17","","9.33333333"
"UNIVERSIDAD NACIONAL - NÚCLEO EL VOLADOR","2013-01-16","","12.79166667"
"UNIVERSIDAD NACIONAL - NÚCLEO EL VOLADOR","2013-01-15","","14.13636364"
"UNIVERSIDAD NACIONAL - NÚCLEO EL VOLADOR","2013-01-14","","9.625"
"UNIVERSIDAD NACIONAL - NÚCLEO EL VOLADOR","2013-01-13","","3.41666667"
"UNIVERSIDAD NACIONAL - NÚCLEO EL VOLADOR","2013-01-12","","21.29166667"
"UNIVERSIDAD NACIONAL - NÚCLEO EL VOLADOR","2013-01-11","","15.20833333"
"UNIVERSIDAD NACIONAL - NÚCLEO EL VOLADOR","2013-01-10","","17.5"
"UNIVERSIDAD NACIONAL - NÚCLEO EL VOLADOR","2013-01-09","","21.58333333"
"UNIVERSIDAD NACIONAL - NÚCLEO EL VOLADOR","2013-01-08","","24.625"
"UNIVERSIDAD NACIONAL - NÚCLEO EL VOLADOR","2013-01-07","","8.0"
"UNIVERSIDAD NACIONAL - NÚCLEO EL VOLADOR","2013-01-06","","6.20833333"
"UNIVERSIDAD NACIONAL - NÚCLEO EL VOLADOR","2013-01-05","","13.45833333"
"UNIVERSIDAD NACIONAL - NÚCLEO EL VOLADOR","2013-01-04","","12.20833333"
"UNIVERSIDAD NACIONAL - NÚCLEO EL VOLADOR","2013-01-03","","17.58333333"
"UNIVERSIDAD NACIONAL - NÚCLEO EL VOLADOR","2013-01-02","","14.375"
"UNIVERSIDAD NACIONAL - NÚCLEO EL VOLADOR","2013-01-01","","8.45833333"
"UNIVERSIDAD NACIONAL - NÚCLEO EL VOLADOR","2012-12-31","","19.30208333"
"UNIVERSIDAD NACIONAL - NÚCLEO EL VOLADOR","2012-12-30","","17.125"
"UNIVERSIDAD NACIONAL - NÚCLEO EL VOLADOR","2012-12-29","","28.53125"
"UNIVERSIDAD NACIONAL - NÚCLEO EL VOLADOR","2012-12-28","","31.98958333"
"UNIVERSIDAD NACIONAL - NÚCLEO EL VOLADOR","2012-12-27","","29.77083333"
"UNIVERSIDAD NACIONAL - NÚCLEO EL VOLADOR","2012-12-26","","33.56410256"
"UNIVERSIDAD NACIONAL - NÚCLEO EL VOLADOR","2012-12-25","","8.04166667"
"UNIVERSIDAD NACIONAL - NÚCLEO EL VOLADOR","2012-12-24","","25.45833333"
"UNIVERSIDAD NACIONAL - NÚCLEO EL VOLADOR","2012-12-23","","17.23611111"
"UNIVERSIDAD NACIONAL - NÚCLEO EL VOLADOR","2012-12-22","","34.33333333"
"UNIVERSIDAD NACIONAL - NÚCLEO EL VOLADOR","2012-12-21","","36.88732394"
"UNIVERSIDAD NACIONAL - NÚCLEO EL VOLADOR","2012-12-20","","35.5"
"UNIVERSIDAD NACIONAL - NÚCLEO EL VOLADOR","2012-12-19","","34.33333333"
"UNIVERSIDAD NACIONAL - NÚCLEO EL VOLADOR","2012-12-18","","32.19565217"
"UNIVERSIDAD NACIONAL - NÚCLEO EL VOLADOR","2012-12-17","","18.04166667"
"UNIVERSIDAD NACIONAL - NÚCLEO EL VOLADOR","2012-12-16","","19.5625"
"UNIVERSIDAD NACIONAL - NÚCLEO EL VOLADOR","2012-12-15","","44.33333333"
"UNIVERSIDAD NACIONAL - NÚCLEO EL VOLADOR","2012-12-14","","50.29166667"
"UNIVERSIDAD NACIONAL - NÚCLEO EL VOLADOR","2012-12-13","","34.54166667"
"UNIVERSIDAD NACIONAL - NÚCLEO EL VOLADOR","2012-12-12","","43.52777778"
"UNIVERSIDAD NACIONAL - NÚCLEO EL VOLADOR","2012-12-11","","43.95833333"
"UNIVERSIDAD NACIONAL - NÚCLEO EL VOLADOR","2012-12-10","","22.97222222"
"UNIVERSIDAD NACIONAL - NÚCLEO EL VOLADOR","2012-12-09","","21.34722222"
"UNIVERSIDAD NACIONAL - NÚCLEO EL VOLADOR","2012-12-08","","18.04166667"
"UNIVERSIDAD NACIONAL - NÚCLEO EL VOLADOR","2012-12-07","","29.23611111"
"UNIVERSIDAD NACIONAL - NÚCLEO EL VOLADOR","2012-12-06","","26.02777778"
"UNIVERSIDAD NACIONAL - NÚCLEO EL VOLADOR","2012-12-05","","29.09722222"
"UNIVERSIDAD NACIONAL - NÚCLEO EL VOLADOR","2012-12-04","","30.95833333"
"UNIVERSIDAD NACIONAL - NÚCLEO EL VOLADOR","2012-12-03","","29.9375"
"UNIVERSIDAD NACIONAL - NÚCLEO EL VOLADOR","2012-12-02","","33.66666667"
"UNIVERSIDAD NACIONAL - NÚCLEO EL VOLADOR","2012-12-01","","70.25"
"UNIVERSIDAD NACIONAL - NÚCLEO EL VOLADOR","2012-11-30","","46.08333333"
"UNIVERSIDAD NACIONAL - NÚCLEO EL VOLADOR","2012-11-29","","17.0"
"UNIVERSIDAD NACIONAL - NÚCLEO EL VOLADOR","2012-11-28","","22.08333333"
"UNIVERSIDAD NACIONAL - NÚCLEO EL VOLADOR","2012-11-27","","21.75"
"UNIVERSIDAD NACIONAL - NÚCLEO EL VOLADOR","2012-11-26","","20.5"
"UNIVERSIDAD NACIONAL - NÚCLEO EL VOLADOR","2012-11-25","","8.33333333"
"UNIVERSIDAD NACIONAL - NÚCLEO EL VOLADOR","2012-11-24","","18.16666667"
"UNIVERSIDAD NACIONAL - NÚCLEO EL VOLADOR","2012-11-23","","23.375"
"UNIVERSIDAD NACIONAL - NÚCLEO EL VOLADOR","2012-11-22","","43.33333333"
"UNIVERSIDAD NACIONAL - NÚCLEO EL VOLADOR","2012-11-21","","36.91666667"
"UNIVERSIDAD NACIONAL - NÚCLEO EL VOLADOR","2012-11-20","","16.09090909"
"UNIVERSIDAD NACIONAL - NÚCLEO EL VOLADOR","2012-11-19","","38.91666667"
"UNIVERSIDAD NACIONAL - NÚCLEO EL VOLADOR","2012-11-18","","47.04166667"
"UNIVERSIDAD NACIONAL - NÚCLEO EL VOLADOR","2012-11-17","","39.58333333"
"UNIVERSIDAD NACIONAL - NÚCLEO EL VOLADOR","2012-11-16","","15.08333333"
"UNIVERSIDAD NACIONAL - NÚCLEO EL VOLADOR","2012-11-15","","21.125"
"UNIVERSIDAD NACIONAL - NÚCLEO EL VOLADOR","2012-11-14","","25.42857143"
"UNIVERSIDAD NACIONAL - NÚCLEO EL VOLADOR","2012-11-13","","29.43478261"
"UNIVERSIDAD NACIONAL - NÚCLEO EL VOLADOR","2012-11-12","","17.875"
"UNIVERSIDAD NACIONAL - NÚCLEO EL VOLADOR","2012-11-11","","16.45833333"
"UNIVERSIDAD NACIONAL - NÚCLEO EL VOLADOR","2012-11-10","","26.29166667"
"UNIVERSIDAD NACIONAL - NÚCLEO EL VOLADOR","2012-11-09","","17.83333333"
"UNIVERSIDAD NACIONAL - NÚCLEO EL VOLADOR","2012-11-08","","28.33333333"
"UNIVERSIDAD NACIONAL - NÚCLEO EL VOLADOR","2012-11-07","","19.45833333"
"UNIVERSIDAD NACIONAL - NÚCLEO EL VOLADOR","2012-11-06","","23.77777778"
"UNIVERSIDAD NACIONAL - NÚCLEO EL VOLADOR","2012-11-03","","7.8"
"UNIVERSIDAD NACIONAL - NÚCLEO EL VOLADOR","2012-11-01","","20.26315789"
"UNIVERSIDAD NACIONAL - NÚCLEO EL VOLADOR","2012-10-31","","16.375"
"UNIVERSIDAD NACIONAL - NÚCLEO EL VOLADOR","2012-10-30","","19.29166667"
"UNIVERSIDAD NACIONAL - NÚCLEO EL VOLADOR","2012-10-29","","14.5"
"UNIVERSIDAD NACIONAL - NÚCLEO EL VOLADOR","2012-10-28","","9.75"
"UNIVERSIDAD NACIONAL - NÚCLEO EL VOLADOR","2012-10-27","","13.75"
"UNIVERSIDAD NACIONAL - NÚCLEO EL VOLADOR","2012-10-26","","19.625"
"UNIVERSIDAD NACIONAL - NÚCLEO EL VOLADOR","2012-10-25","","13.9375"
"UNIVERSIDAD NACIONAL - NÚCLEO EL VOLADOR","2012-10-24","","7.125"
"UNIVERSIDAD NACIONAL - NÚCLEO EL VOLADOR","2012-10-23","","30.5"
"UNIVERSIDAD NACIONAL - NÚCLEO EL VOLADOR","2012-10-22","","18.91666667"
"UNIVERSIDAD NACIONAL - NÚCLEO EL VOLADOR","2012-10-21","","10.91666667"
"UNIVERSIDAD NACIONAL - NÚCLEO EL VOLADOR","2012-10-20","","19.875"
"UNIVERSIDAD NACIONAL - NÚCLEO EL VOLADOR","2012-10-19","","36.52173913"
"UNIVERSIDAD NACIONAL - NÚCLEO EL VOLADOR","2012-10-18","","66.875"
"UNIVERSIDAD NACIONAL - NÚCLEO EL VOLADOR","2012-10-16","","51.42857143"
"UNIVERSIDAD NACIONAL - NÚCLEO EL VOLADOR","2012-10-15","","25.75"
"UNIVERSIDAD NACIONAL - NÚCLEO EL VOLADOR","2012-10-14","","29.16666667"
"UNIVERSIDAD NACIONAL - NÚCLEO EL VOLADOR","2012-10-13","","35.66666667"
"UNIVERSIDAD NACIONAL - NÚCLEO EL VOLADOR","2012-10-12","","41.25"
"UNIVERSIDAD NACIONAL - NÚCLEO EL VOLADOR","2012-10-11","","41.08333333"
"UNIVERSIDAD NACIONAL - NÚCLEO EL VOLADOR","2012-10-10","","17.625"
"UNIVERSIDAD NACIONAL - NÚCLEO EL VOLADOR","2012-10-09","","73.0"
"UNIVERSIDAD NACIONAL - NÚCLEO EL VOLADOR","2012-10-08","","48.16666667"
"UNIVERSIDAD NACIONAL - NÚCLEO EL VOLADOR","2012-10-07","","14.79166667"
"UNIVERSIDAD NACIONAL - NÚCLEO EL VOLADOR","2012-10-06","","40.08333333"
"UNIVERSIDAD NACIONAL - NÚCLEO EL VOLADOR","2012-10-05","","35.16666667"
"UNIVERSIDAD NACIONAL - NÚCLEO EL VOLADOR","2012-10-04","","35.54166667"
"UNIVERSIDAD NACIONAL - NÚCLEO EL VOLADOR","2012-10-03","","10.5"
"UNIVERSIDAD NACIONAL - NÚCLEO EL VOLADOR","2012-10-02","","14.29166667"
"UNIVERSIDAD NACIONAL - NÚCLEO EL VOLADOR","2012-10-01","","11.37931034"
"UNIVERSIDAD NACIONAL - NÚCLEO EL VOLADOR","2012-09-30","","6.04166667"
"UNIVERSIDAD NACIONAL - NÚCLEO EL VOLADOR","2012-09-29","","18.125"
"UNIVERSIDAD NACIONAL - NÚCLEO EL VOLADOR","2012-09-28","","28.5"
"UNIVERSIDAD NACIONAL - NÚCLEO EL VOLADOR","2012-09-27","","10.79166667"
"UNIVERSIDAD NACIONAL - NÚCLEO EL VOLADOR","2012-09-26","","25.33333333"
"UNIVERSIDAD NACIONAL - NÚCLEO EL VOLADOR","2012-09-25","","32.125"
"UNIVERSIDAD NACIONAL - NÚCLEO EL VOLADOR","2012-09-24","","40.5"
"UNIVERSIDAD NACIONAL - NÚCLEO EL VOLADOR","2012-09-23","","4.79166667"
"UNIVERSIDAD NACIONAL - NÚCLEO EL VOLADOR","2012-09-22","","18.79166667"
"UNIVERSIDAD NACIONAL - NÚCLEO EL VOLADOR","2012-09-21","","14.08333333"
"UNIVERSIDAD NACIONAL - NÚCLEO EL VOLADOR","2012-09-20","","19.95833333"
"UNIVERSIDAD NACIONAL - NÚCLEO EL VOLADOR","2012-09-19","","8.91666667"
"UNIVERSIDAD NACIONAL - NÚCLEO EL VOLADOR","2012-09-18","","23.125"
"UNIVERSIDAD NACIONAL - NÚCLEO EL VOLADOR","2012-09-17","","16.04166667"
"UNIVERSIDAD NACIONAL - NÚCLEO EL VOLADOR","2012-09-16","","13.375"
"UNIVERSIDAD NACIONAL - NÚCLEO EL VOLADOR","2012-09-15","","33.33333333"
"UNIVERSIDAD NACIONAL - NÚCLEO EL VOLADOR","2012-09-14","","19.14285714"
"UNIVERSIDAD NACIONAL - NÚCLEO EL VOLADOR","2012-09-13","","12.75"
