"Estacion","Fecha inicial","Fecha final","CO"
"EXITO SAN ANTONIO - MEDELLÍN","2012-03-21","","1.068376"
"EXITO SAN ANTONIO - MEDELLÍN","2012-03-20","","1.0531135"
"EXITO SAN ANTONIO - MEDELLÍN","2012-03-19","","1.208791"
"EXITO SAN ANTONIO - MEDELLÍN","2012-03-18","","1.007326"
"EXITO SAN ANTONIO - MEDELLÍN","2012-03-17","","1.007326"
"EXITO SAN ANTONIO - MEDELLÍN","2012-03-15","","1.0836385"
"EXITO SAN ANTONIO - MEDELLÍN","2012-03-12","","1.111111"
"EXITO SAN ANTONIO - MEDELLÍN","2012-03-11","","1.0836385"
"EXITO SAN ANTONIO - MEDELLÍN","2012-03-10","","1.2128248"
"EXITO SAN ANTONIO - MEDELLÍN","2012-03-07","","1.027676"
"EXITO SAN ANTONIO - MEDELLÍN","2012-03-06","","1.05692913"
"EXITO SAN ANTONIO - MEDELLÍN","2012-03-05","","1.07600725"
"EXITO SAN ANTONIO - MEDELLÍN","2012-03-04","","1.10653225"
"EXITO SAN ANTONIO - MEDELLÍN","2012-02-25","","1.007326"
"EXITO SAN ANTONIO - MEDELLÍN","2012-02-15","","1.129426"
"EXITO SAN ANTONIO - MEDELLÍN","2012-02-12","","1.0632885"
"EXITO SAN ANTONIO - MEDELLÍN","2012-02-11","","1.21207261"
"EXITO SAN ANTONIO - MEDELLÍN","2012-02-10","","1.19986831"
"EXITO SAN ANTONIO - MEDELLÍN","2012-02-09","","1.04463433"
"EXITO SAN ANTONIO - MEDELLÍN","2012-02-08","","1.1935285"
"EXITO SAN ANTONIO - MEDELLÍN","2012-02-07","","1.39453597"
"EXITO SAN ANTONIO - MEDELLÍN","2012-02-06","","1.10653225"
"EXITO SAN ANTONIO - MEDELLÍN","2012-02-05","","1.2260885"
"EXITO SAN ANTONIO - MEDELLÍN","2012-02-04","","1.2871385"
"EXITO SAN ANTONIO - MEDELLÍN","2012-02-03","","1.40923875"
"EXITO SAN ANTONIO - MEDELLÍN","2012-02-02","","1.068376"
"EXITO SAN ANTONIO - MEDELLÍN","2012-02-01","","1.007326"
"EXITO SAN ANTONIO - MEDELLÍN","2012-01-31","","1.037851"
"EXITO SAN ANTONIO - MEDELLÍN","2012-01-30","","1.07600725"
"EXITO SAN ANTONIO - MEDELLÍN","2012-01-22","","1.037851"
"EXITO SAN ANTONIO - MEDELLÍN","2012-01-20","","1.098901"
"EXITO SAN ANTONIO - MEDELLÍN","2012-01-19","","1.007326"
"EXITO SAN ANTONIO - MEDELLÍN","2012-01-18","","1.007326"
"EXITO SAN ANTONIO - MEDELLÍN","2012-01-17","","1.0836385"
"EXITO SAN ANTONIO - MEDELLÍN","2012-01-16","","1.007326"
"EXITO SAN ANTONIO - MEDELLÍN","2012-01-15","","1.068376"
"EXITO SAN ANTONIO - MEDELLÍN","2012-01-14","","1.048026"
"EXITO SAN ANTONIO - MEDELLÍN","2012-01-10","","1.129426"
"EXITO SAN ANTONIO - MEDELLÍN","2012-01-09","","1.068376"
"EXITO SAN ANTONIO - MEDELLÍN","2012-01-08","","1.159951"
"EXITO SAN ANTONIO - MEDELLÍN","2012-01-07","","1.170126"
"EXITO SAN ANTONIO - MEDELLÍN","2012-01-06","","1.090576"
"EXITO SAN ANTONIO - MEDELLÍN","2012-01-05","","1.12688225"
"EXITO SAN ANTONIO - MEDELLÍN","2012-01-04","","1.0653235"
"EXITO SAN ANTONIO - MEDELLÍN","2012-01-03","","1.1568985"
"EXITO SAN ANTONIO - MEDELLÍN","2012-01-01","","1.129426"
"EXITO SAN ANTONIO - MEDELLÍN","2011-12-31","","1.13281767"
"EXITO SAN ANTONIO - MEDELLÍN","2011-12-30","","1.186406"
"EXITO SAN ANTONIO - MEDELLÍN","2011-12-29","","1.186406"
"EXITO SAN ANTONIO - MEDELLÍN","2011-12-28","","1.16637732"
"EXITO SAN ANTONIO - MEDELLÍN","2011-12-27","","1.186406"
"EXITO SAN ANTONIO - MEDELLÍN","2011-12-26","","1.02476886"
"EXITO SAN ANTONIO - MEDELLÍN","2011-12-25","","1.1548635"
"EXITO SAN ANTONIO - MEDELLÍN","2011-12-24","","1.037851"
"EXITO SAN ANTONIO - MEDELLÍN","2011-12-23","","1.050061"
"EXITO SAN ANTONIO - MEDELLÍN","2011-12-22","","1.251526"
"EXITO SAN ANTONIO - MEDELLÍN","2011-12-21","","1.147741"
"EXITO SAN ANTONIO - MEDELLÍN","2011-12-20","","1.29579923"
"EXITO SAN ANTONIO - MEDELLÍN","2011-12-19","","1.14804631"
"EXITO SAN ANTONIO - MEDELLÍN","2011-12-18","","1.18093694"
"EXITO SAN ANTONIO - MEDELLÍN","2011-12-17","","1.28457791"
"EXITO SAN ANTONIO - MEDELLÍN","2011-12-16","","1.32980824"
"EXITO SAN ANTONIO - MEDELLÍN","2011-12-15","","1.33997255"
"EXITO SAN ANTONIO - MEDELLÍN","2011-12-14","","1.23733196"
"EXITO SAN ANTONIO - MEDELLÍN","2011-12-13","","1.40866904"
"EXITO SAN ANTONIO - MEDELLÍN","2011-12-12","","1.22861053"
"EXITO SAN ANTONIO - MEDELLÍN","2011-12-11","","1.07176767"
"EXITO SAN ANTONIO - MEDELLÍN","2011-12-10","","1.11161975"
"EXITO SAN ANTONIO - MEDELLÍN","2011-12-09","","1.24771038"
"EXITO SAN ANTONIO - MEDELLÍN","2011-12-08","","1.25173809"
"EXITO SAN ANTONIO - MEDELLÍN","2011-12-07","","1.33764483"
"EXITO SAN ANTONIO - MEDELLÍN","2011-12-06","","1.33546983"
"EXITO SAN ANTONIO - MEDELLÍN","2011-12-05","","1.44885054"
"EXITO SAN ANTONIO - MEDELLÍN","2011-12-04","","1.20791886"
"EXITO SAN ANTONIO - MEDELLÍN","2011-12-03","","1.06159267"
"EXITO SAN ANTONIO - MEDELLÍN","2011-12-02","","1.159951"
"EXITO SAN ANTONIO - MEDELLÍN","2011-12-01","","1.1446885"
"EXITO SAN ANTONIO - MEDELLÍN","2011-11-30","","1.11634386"
"EXITO SAN ANTONIO - MEDELLÍN","2011-11-29","","1.1141635"
"EXITO SAN ANTONIO - MEDELLÍN","2011-11-28","","1.18393493"
"EXITO SAN ANTONIO - MEDELLÍN","2011-11-27","","1.201576"
"EXITO SAN ANTONIO - MEDELLÍN","2011-11-26","","1.210826"
"EXITO SAN ANTONIO - MEDELLÍN","2011-11-25","","1.13378671"
"EXITO SAN ANTONIO - MEDELLÍN","2011-11-24","","1.37333113"
"EXITO SAN ANTONIO - MEDELLÍN","2011-11-23","","1.119251"
"EXITO SAN ANTONIO - MEDELLÍN","2011-11-22","","1.068376"
"EXITO SAN ANTONIO - MEDELLÍN","2011-11-21","","1.007326"
"EXITO SAN ANTONIO - MEDELLÍN","2011-11-20","","1.058201"
"EXITO SAN ANTONIO - MEDELLÍN","2011-11-19","","1.19810725"
"EXITO SAN ANTONIO - MEDELLÍN","2011-11-18","","1.15815541"
"EXITO SAN ANTONIO - MEDELLÍN","2011-11-17","","1.10653225"
"EXITO SAN ANTONIO - MEDELLÍN","2011-11-16","","1.0531135"
"EXITO SAN ANTONIO - MEDELLÍN","2011-11-15","","1.06498433"
"EXITO SAN ANTONIO - MEDELLÍN","2011-11-14","","1.24062421"
"EXITO SAN ANTONIO - MEDELLÍN","2011-11-13","","1.058201"
"EXITO SAN ANTONIO - MEDELLÍN","2011-11-12","","1.112776"
"EXITO SAN ANTONIO - MEDELLÍN","2011-11-11","","1.0225885"
"EXITO SAN ANTONIO - MEDELLÍN","2011-11-10","","1.11768562"
"EXITO SAN ANTONIO - MEDELLÍN","2011-11-09","","1.04657243"
"EXITO SAN ANTONIO - MEDELLÍN","2011-11-08","","1.2240535"
"EXITO SAN ANTONIO - MEDELLÍN","2011-11-07","","1.129426"
"EXITO SAN ANTONIO - MEDELLÍN","2011-11-06","","1.11634386"
"EXITO SAN ANTONIO - MEDELLÍN","2011-11-05","","1.190476"
"EXITO SAN ANTONIO - MEDELLÍN","2011-11-04","","1.007326"
"EXITO SAN ANTONIO - MEDELLÍN","2011-11-03","","1.141636"
"EXITO SAN ANTONIO - MEDELLÍN","2011-11-02","","1.048026"
"EXITO SAN ANTONIO - MEDELLÍN","2011-11-01","","1.068376"
"EXITO SAN ANTONIO - MEDELLÍN","2011-10-31","","1.11634386"
"EXITO SAN ANTONIO - MEDELLÍN","2011-10-30","","1.25477488"
"EXITO SAN ANTONIO - MEDELLÍN","2011-10-29","","1.13705725"
"EXITO SAN ANTONIO - MEDELLÍN","2011-10-28","","1.1630035"
"EXITO SAN ANTONIO - MEDELLÍN","2011-10-27","","1.28371315"
"EXITO SAN ANTONIO - MEDELLÍN","2011-10-19","","1.0836385"
"EXITO SAN ANTONIO - MEDELLÍN","2011-10-17","","1.0225885"
"EXITO SAN ANTONIO - MEDELLÍN","2011-10-16","","1.11198314"
"EXITO SAN ANTONIO - MEDELLÍN","2011-10-15","","1.088726"
"EXITO SAN ANTONIO - MEDELLÍN","2011-10-14","","1.196581"
"EXITO SAN ANTONIO - MEDELLÍN","2011-10-13","","1.007326"
"EXITO SAN ANTONIO - MEDELLÍN","2011-10-12","","1.15065048"
"EXITO SAN ANTONIO - MEDELLÍN","2011-10-11","","1.07273671"
"EXITO SAN ANTONIO - MEDELLÍN","2011-10-10","","1.293151"
"EXITO SAN ANTONIO - MEDELLÍN","2011-10-08","","1.111111"
"EXITO SAN ANTONIO - MEDELLÍN","2011-10-07","","1.14299267"
"EXITO SAN ANTONIO - MEDELLÍN","2011-10-06","","1.05692913"
"EXITO SAN ANTONIO - MEDELLÍN","2011-10-03","","1.027676"
"EXITO SAN ANTONIO - MEDELLÍN","2011-09-27","","1.007326"
"EXITO SAN ANTONIO - MEDELLÍN","2011-09-26","","1.2057385"
"EXITO SAN ANTONIO - MEDELLÍN","2011-09-25","","1.119251"
"EXITO SAN ANTONIO - MEDELLÍN","2011-09-24","","1.007326"
"EXITO SAN ANTONIO - MEDELLÍN","2011-09-21","","1.02040814"
"EXITO SAN ANTONIO - MEDELLÍN","2011-09-20","","1.0531135"
"EXITO SAN ANTONIO - MEDELLÍN","2011-09-18","","1.0958485"
"EXITO SAN ANTONIO - MEDELLÍN","2011-09-14","","1.007326"
"EXITO SAN ANTONIO - MEDELLÍN","2011-09-12","","1.13620933"
"EXITO SAN ANTONIO - MEDELLÍN","2011-09-11","","1.037851"
"EXITO SAN ANTONIO - MEDELLÍN","2011-09-05","","1.098901"
"EXITO SAN ANTONIO - MEDELLÍN","2011-08-27","","0.66137569"
"EXITO SAN ANTONIO - MEDELLÍN","2011-08-26","","0.6535132"
"EXITO SAN ANTONIO - MEDELLÍN","2011-08-25","","0.68027215"
"EXITO SAN ANTONIO - MEDELLÍN","2011-08-24","","0.86487585"
"EXITO SAN ANTONIO - MEDELLÍN","2011-08-23","","0.83816643"
"EXITO SAN ANTONIO - MEDELLÍN","2011-08-22","","1.58772138"
"EXITO SAN ANTONIO - MEDELLÍN","2011-08-21","","0.97171344"
"EXITO SAN ANTONIO - MEDELLÍN","2011-08-20","","0.77838825"
"EXITO SAN ANTONIO - MEDELLÍN","2011-08-19","","0.61887426"
"EXITO SAN ANTONIO - MEDELLÍN","2011-08-18","","0.6334214"
"EXITO SAN ANTONIO - MEDELLÍN","2011-08-17","","0.75073264"
"EXITO SAN ANTONIO - MEDELLÍN","2011-08-16","","0.64102568"
"EXITO SAN ANTONIO - MEDELLÍN","2011-08-15","","0.67324655"
"EXITO SAN ANTONIO - MEDELLÍN","2011-08-14","","0.56471308"
"EXITO SAN ANTONIO - MEDELLÍN","2011-08-13","","0.64820805"
"EXITO SAN ANTONIO - MEDELLÍN","2011-08-11","","0.6715507"
"EXITO SAN ANTONIO - MEDELLÍN","2011-08-06","","0.55326621"
"EXITO SAN ANTONIO - MEDELLÍN","2011-08-05","","0.63131318"
"EXITO SAN ANTONIO - MEDELLÍN","2011-08-04","","0.5716506"
"EXITO SAN ANTONIO - MEDELLÍN","2011-08-03","","0.77838833"
"EXITO SAN ANTONIO - MEDELLÍN","2011-08-02","","0.70207573"
"EXITO SAN ANTONIO - MEDELLÍN","2011-08-01","","0.58433634"
"EXITO SAN ANTONIO - MEDELLÍN","2011-07-31","","0.59218562"
"EXITO SAN ANTONIO - MEDELLÍN","2011-07-30","","0.7936509"
"EXITO SAN ANTONIO - MEDELLÍN","2011-07-29","","0.74773508"
"EXITO SAN ANTONIO - MEDELLÍN","2011-07-28","","0.69892007"
"EXITO SAN ANTONIO - MEDELLÍN","2011-07-25","","0.3968254"
"EXITO SAN ANTONIO - MEDELLÍN","2011-07-20","","0.61182782"
"EXITO SAN ANTONIO - MEDELLÍN","2011-07-19","","0.5756149"
"EXITO SAN ANTONIO - MEDELLÍN","2011-07-18","","0.65934069"
"EXITO SAN ANTONIO - MEDELLÍN","2011-07-17","","0.63530222"
"EXITO SAN ANTONIO - MEDELLÍN","2011-07-16","","0.49603178"
"EXITO SAN ANTONIO - MEDELLÍN","2011-07-15","","0.71595075"
"EXITO SAN ANTONIO - MEDELLÍN","2011-07-14","","0.72824004"
"EXITO SAN ANTONIO - MEDELLÍN","2011-07-13","","0.73768826"
"EXITO SAN ANTONIO - MEDELLÍN","2011-07-11","","0.4884005"
"EXITO SAN ANTONIO - MEDELLÍN","2011-07-10","","0.52655683"
"EXITO SAN ANTONIO - MEDELLÍN","2011-07-07","","0.5494506"
"EXITO SAN ANTONIO - MEDELLÍN","2011-07-06","","0.62845655"
"EXITO SAN ANTONIO - MEDELLÍN","2011-07-05","","0.77077031"
"EXITO SAN ANTONIO - MEDELLÍN","2011-07-04","","0.70940175"
"EXITO SAN ANTONIO - MEDELLÍN","2011-07-03","","0.69210462"
"EXITO SAN ANTONIO - MEDELLÍN","2011-07-02","","0.61050061"
"EXITO SAN ANTONIO - MEDELLÍN","2011-07-01","","0.62715068"
"EXITO SAN ANTONIO - MEDELLÍN","2011-06-30","","0.69698827"
"EXITO SAN ANTONIO - MEDELLÍN","2011-06-29","","0.70512825"
"EXITO SAN ANTONIO - MEDELLÍN","2011-06-28","","0.54639806"
"EXITO SAN ANTONIO - MEDELLÍN","2011-06-27","","1.23613641"
"EXITO SAN ANTONIO - MEDELLÍN","2011-06-26","","0.94764952"
"EXITO SAN ANTONIO - MEDELLÍN","2011-06-25","","0.88130852"
"EXITO SAN ANTONIO - MEDELLÍN","2011-06-24","","0.80586082"
"EXITO SAN ANTONIO - MEDELLÍN","2011-06-23","","0.79777171"
"EXITO SAN ANTONIO - MEDELLÍN","2011-06-22","","0.69943024"
"EXITO SAN ANTONIO - MEDELLÍN","2011-06-21","","0.73321127"
"EXITO SAN ANTONIO - MEDELLÍN","2011-06-20","","0.79555866"
"EXITO SAN ANTONIO - MEDELLÍN","2011-06-19","","0.76495067"
"EXITO SAN ANTONIO - MEDELLÍN","2011-06-18","","0.88334344"
"EXITO SAN ANTONIO - MEDELLÍN","2011-06-17","","0.79636045"
"EXITO SAN ANTONIO - MEDELLÍN","2011-06-16","","0.6664632"
"EXITO SAN ANTONIO - MEDELLÍN","2011-06-15","","0.56776562"
"EXITO SAN ANTONIO - MEDELLÍN","2011-06-14","","0.53927557"
"EXITO SAN ANTONIO - MEDELLÍN","2011-06-13","","0.62212924"
"EXITO SAN ANTONIO - MEDELLÍN","2011-06-12","","0.6562882"
"EXITO SAN ANTONIO - MEDELLÍN","2011-06-11","","0.82661775"
"EXITO SAN ANTONIO - MEDELLÍN","2011-06-10","","0.7769638"
"EXITO SAN ANTONIO - MEDELLÍN","2011-06-09","","0.79094117"
"EXITO SAN ANTONIO - MEDELLÍN","2011-06-08","","0.76765025"
"EXITO SAN ANTONIO - MEDELLÍN","2011-06-07","","0.80438546"
"EXITO SAN ANTONIO - MEDELLÍN","2011-06-06","","0.86437819"
"EXITO SAN ANTONIO - MEDELLÍN","2011-06-05","","0.85113961"
"EXITO SAN ANTONIO - MEDELLÍN","2011-06-04","","0.84283007"
"EXITO SAN ANTONIO - MEDELLÍN","2011-06-03","","0.67833404"
"EXITO SAN ANTONIO - MEDELLÍN","2011-06-02","","0.98316032"
"EXITO SAN ANTONIO - MEDELLÍN","2011-06-01","","1.04166657"
"EXITO SAN ANTONIO - MEDELLÍN","2011-05-31","","0.79685597"
"EXITO SAN ANTONIO - MEDELLÍN","2011-05-30","","0.7020757"
"EXITO SAN ANTONIO - MEDELLÍN","2011-05-29","","0.72242576"
"EXITO SAN ANTONIO - MEDELLÍN","2011-05-28","","0.88920739"
"EXITO SAN ANTONIO - MEDELLÍN","2011-05-27","","0.64293349"
"EXITO SAN ANTONIO - MEDELLÍN","2011-05-26","","1.13960111"
"EXITO SAN ANTONIO - MEDELLÍN","2011-05-25","","1.21545118"
"EXITO SAN ANTONIO - MEDELLÍN","2011-05-24","","1.007326"
"EXITO SAN ANTONIO - MEDELLÍN","2011-05-23","","5.2706539"
"EXITO SAN ANTONIO - MEDELLÍN","2011-05-22","","4.029304"
"EXITO SAN ANTONIO - MEDELLÍN","2011-05-21","","0.7631258"
"EXITO SAN ANTONIO - MEDELLÍN","2011-05-20","","0.96662598"
"EXITO SAN ANTONIO - MEDELLÍN","2011-05-19","","0.81203998"
"EXITO SAN ANTONIO - MEDELLÍN","2011-05-18","","0.69253668"
"EXITO SAN ANTONIO - MEDELLÍN","2011-05-17","","0.53113556"
"EXITO SAN ANTONIO - MEDELLÍN","2011-05-15","","0.56471305"
"EXITO SAN ANTONIO - MEDELLÍN","2011-05-14","","0.71428576"
"EXITO SAN ANTONIO - MEDELLÍN","2011-05-13","","0.83542194"
"EXITO SAN ANTONIO - MEDELLÍN","2011-05-12","","0.81501838"
"EXITO SAN ANTONIO - MEDELLÍN","2011-05-11","","0.5494506"
"EXITO SAN ANTONIO - MEDELLÍN","2011-05-10","","0.57692309"
"EXITO SAN ANTONIO - MEDELLÍN","2011-05-09","","0.55708183"
"EXITO SAN ANTONIO - MEDELLÍN","2011-05-08","","0.61486134"
"EXITO SAN ANTONIO - MEDELLÍN","2011-05-07","","0.78008416"
"EXITO SAN ANTONIO - MEDELLÍN","2011-05-06","","0.82245536"
"EXITO SAN ANTONIO - MEDELLÍN","2011-05-05","","0.84641927"
"EXITO SAN ANTONIO - MEDELLÍN","2011-05-04","","0.81654458"
"EXITO SAN ANTONIO - MEDELLÍN","2011-05-03","","0.976801"
"EXITO SAN ANTONIO - MEDELLÍN","2011-05-02","","0.84467582"
"EXITO SAN ANTONIO - MEDELLÍN","2011-05-01","","0.87296278"
"EXITO SAN ANTONIO - MEDELLÍN","2011-04-30","","0.72242578"
"EXITO SAN ANTONIO - MEDELLÍN","2011-04-29","","0.76976168"
"EXITO SAN ANTONIO - MEDELLÍN","2011-04-28","","0.77075705"
"EXITO SAN ANTONIO - MEDELLÍN","2011-04-27","","0.84834148"
"EXITO SAN ANTONIO - MEDELLÍN","2011-04-26","","0.88532765"
"EXITO SAN ANTONIO - MEDELLÍN","2011-04-25","","0.90176027"
"EXITO SAN ANTONIO - MEDELLÍN","2011-04-24","","0.8905346"
"EXITO SAN ANTONIO - MEDELLÍN","2011-04-23","","0.96408218"
"EXITO SAN ANTONIO - MEDELLÍN","2011-04-22","","0.90303216"
"EXITO SAN ANTONIO - MEDELLÍN","2011-04-21","","0.91320711"
"EXITO SAN ANTONIO - MEDELLÍN","2011-04-20","","1.12603433"
"EXITO SAN ANTONIO - MEDELLÍN","2011-04-19","","0.93610091"
"EXITO SAN ANTONIO - MEDELLÍN","2011-04-18","","0.83435089"
"EXITO SAN ANTONIO - MEDELLÍN","2011-04-17","","0.96220201"
"EXITO SAN ANTONIO - MEDELLÍN","2011-04-16","","0.96352919"
"EXITO SAN ANTONIO - MEDELLÍN","2011-04-15","","0.99969472"
"EXITO SAN ANTONIO - MEDELLÍN","2011-04-14","","0.88522594"
"EXITO SAN ANTONIO - MEDELLÍN","2011-04-13","","0.95136342"
"EXITO SAN ANTONIO - MEDELLÍN","2011-04-12","","0.98874551"
"EXITO SAN ANTONIO - MEDELLÍN","2011-04-11","","1.78740584"
"EXITO SAN ANTONIO - MEDELLÍN","2011-04-10","","2.08284367"
"EXITO SAN ANTONIO - MEDELLÍN","2011-04-09","","1.77595892"
"EXITO SAN ANTONIO - MEDELLÍN","2011-04-08","","1.48954512"
"EXITO SAN ANTONIO - MEDELLÍN","2011-04-07","","1.07947598"
"EXITO SAN ANTONIO - MEDELLÍN","2011-04-06","","0.877193"
"EXITO SAN ANTONIO - MEDELLÍN","2011-04-05","","0.85724466"
"EXITO SAN ANTONIO - MEDELLÍN","2011-04-04","","0.873779"
"EXITO SAN ANTONIO - MEDELLÍN","2011-04-03","","0.9539072"
"EXITO SAN ANTONIO - MEDELLÍN","2011-04-02","","1.0085978"
"EXITO SAN ANTONIO - MEDELLÍN","2011-04-01","","0.89412899"
"EXITO SAN ANTONIO - MEDELLÍN","2011-03-31","","0.7313289"
"EXITO SAN ANTONIO - MEDELLÍN","2011-03-30","","0.79492268"
"EXITO SAN ANTONIO - MEDELLÍN","2011-03-29","","0.69062885"
"EXITO SAN ANTONIO - MEDELLÍN","2011-03-28","","0.72496951"
"EXITO SAN ANTONIO - MEDELLÍN","2011-03-27","","0.81527274"
"EXITO SAN ANTONIO - MEDELLÍN","2011-03-26","","0.75549455"
"EXITO SAN ANTONIO - MEDELLÍN","2011-03-25","","0.81908837"
"EXITO SAN ANTONIO - MEDELLÍN","2011-03-24","","0.843254"
"EXITO SAN ANTONIO - MEDELLÍN","2011-03-23","","0.91829465"
"EXITO SAN ANTONIO - MEDELLÍN","2011-03-22","","0.93991657"
"EXITO SAN ANTONIO - MEDELLÍN","2011-03-21","","0.82417586"
"EXITO SAN ANTONIO - MEDELLÍN","2011-03-20","","0.73260077"
"EXITO SAN ANTONIO - MEDELLÍN","2011-03-19","","0.74277578"
"EXITO SAN ANTONIO - MEDELLÍN","2011-03-18","","0.71606637"
"EXITO SAN ANTONIO - MEDELLÍN","2011-03-17","","0.68808508"
"EXITO SAN ANTONIO - MEDELLÍN","2011-03-16","","0.60805863"
"EXITO SAN ANTONIO - MEDELLÍN","2011-03-15","","0.58124747"
"EXITO SAN ANTONIO - MEDELLÍN","2011-03-14","","0.61050063"
"EXITO SAN ANTONIO - MEDELLÍN","2011-03-13","","0.63721003"
"EXITO SAN ANTONIO - MEDELLÍN","2011-03-12","","0.68681321"
"EXITO SAN ANTONIO - MEDELLÍN","2011-03-11","","0.65374443"
"EXITO SAN ANTONIO - MEDELLÍN","2011-03-10","","0.66264756"
"EXITO SAN ANTONIO - MEDELLÍN","2011-03-09","","0.8114571"
"EXITO SAN ANTONIO - MEDELLÍN","2011-03-08","","0.7783883"
"EXITO SAN ANTONIO - MEDELLÍN","2011-03-07","","0.76948519"
"EXITO SAN ANTONIO - MEDELLÍN","2011-03-06","","0.71733825"
"EXITO SAN ANTONIO - MEDELLÍN","2011-03-05","","0.74150391"
"EXITO SAN ANTONIO - MEDELLÍN","2011-03-04","","0.7631258"
"EXITO SAN ANTONIO - MEDELLÍN","2011-03-03","","0.80382582"
"EXITO SAN ANTONIO - MEDELLÍN","2011-03-02","","0.76058205"
"EXITO SAN ANTONIO - MEDELLÍN","2011-03-01","","0.7472528"
"EXITO SAN ANTONIO - MEDELLÍN","2011-02-28","","0.76782197"
"EXITO SAN ANTONIO - MEDELLÍN","2011-02-27","","0.80237229"
"EXITO SAN ANTONIO - MEDELLÍN","2011-02-26","","0.69268342"
"EXITO SAN ANTONIO - MEDELLÍN","2011-02-25","","0.74328453"
"EXITO SAN ANTONIO - MEDELLÍN","2011-02-24","","0.89285709"
"EXITO SAN ANTONIO - MEDELLÍN","2011-02-23","","0.81272903"
"EXITO SAN ANTONIO - MEDELLÍN","2011-02-22","","0.6562882"
"EXITO SAN ANTONIO - MEDELLÍN","2011-02-21","","0.62928528"
"EXITO SAN ANTONIO - MEDELLÍN","2011-02-20","","0.71225075"
"EXITO SAN ANTONIO - MEDELLÍN","2011-02-19","","0.86487588"
"EXITO SAN ANTONIO - MEDELLÍN","2011-02-18","","0.88683248"
"EXITO SAN ANTONIO - MEDELLÍN","2011-02-17","","0.81947973"
"EXITO SAN ANTONIO - MEDELLÍN","2011-02-16","","0.83371494"
"EXITO SAN ANTONIO - MEDELLÍN","2011-02-15","","0.81090412"
"EXITO SAN ANTONIO - MEDELLÍN","2011-02-14","","0.9666259"
"EXITO SAN ANTONIO - MEDELLÍN","2011-02-13","","0.84401714"
"EXITO SAN ANTONIO - MEDELLÍN","2011-02-12","","0.79525742"
"EXITO SAN ANTONIO - MEDELLÍN","2011-02-11","","0.79365083"
"EXITO SAN ANTONIO - MEDELLÍN","2011-02-10","","0.90484781"
"EXITO SAN ANTONIO - MEDELLÍN","2011-02-09","","1.85297094"
"EXITO SAN ANTONIO - MEDELLÍN","2011-02-08","","0.8612419"
"EXITO SAN ANTONIO - MEDELLÍN","2011-02-07","","1.05384029"
"EXITO SAN ANTONIO - MEDELLÍN","2011-02-06","","0.79025921"
"EXITO SAN ANTONIO - MEDELLÍN","2011-02-05","","0.63085067"
"EXITO SAN ANTONIO - MEDELLÍN","2011-02-04","","0.75549453"
"EXITO SAN ANTONIO - MEDELLÍN","2011-02-03","","0.64229754"
"EXITO SAN ANTONIO - MEDELLÍN","2011-02-02","","0.64272151"
"EXITO SAN ANTONIO - MEDELLÍN","2011-02-01","","0.63547566"
"EXITO SAN ANTONIO - MEDELLÍN","2011-01-31","","0.68850908"
"EXITO SAN ANTONIO - MEDELLÍN","2011-01-30","","0.7631258"
"EXITO SAN ANTONIO - MEDELLÍN","2011-01-29","","0.61431626"
"EXITO SAN ANTONIO - MEDELLÍN","2011-01-28","","0.66685455"
"EXITO SAN ANTONIO - MEDELLÍN","2011-01-27","","0.77991461"
"EXITO SAN ANTONIO - MEDELLÍN","2011-01-26","","0.66010383"
"EXITO SAN ANTONIO - MEDELLÍN","2011-01-25","","0.4578755"
"EXITO SAN ANTONIO - MEDELLÍN","2011-01-24","","0.5538113"
"EXITO SAN ANTONIO - MEDELLÍN","2011-01-23","","0.62271065"
"EXITO SAN ANTONIO - MEDELLÍN","2011-01-22","","0.591716"
"EXITO SAN ANTONIO - MEDELLÍN","2011-01-21","","0.64356943"
"EXITO SAN ANTONIO - MEDELLÍN","2011-01-20","","0.62224104"
"EXITO SAN ANTONIO - MEDELLÍN","2011-01-19","","0.6427215"
"EXITO SAN ANTONIO - MEDELLÍN","2011-01-18","","0.71733825"
"EXITO SAN ANTONIO - MEDELLÍN","2011-01-17","","0.75842962"
"EXITO SAN ANTONIO - MEDELLÍN","2011-01-16","","0.72039077"
"EXITO SAN ANTONIO - MEDELLÍN","2011-01-15","","0.70346324"
"EXITO SAN ANTONIO - MEDELLÍN","2011-01-14","","0.70716323"
"EXITO SAN ANTONIO - MEDELLÍN","2011-01-13","","0.72496953"
"EXITO SAN ANTONIO - MEDELLÍN","2011-01-12","","0.8241759"
"EXITO SAN ANTONIO - MEDELLÍN","2011-01-11","","0.74568292"
"EXITO SAN ANTONIO - MEDELLÍN","2011-01-10","","0.76167223"
"EXITO SAN ANTONIO - MEDELLÍN","2011-01-09","","0.90326339"
"EXITO SAN ANTONIO - MEDELLÍN","2011-01-08","","0.90811969"
"EXITO SAN ANTONIO - MEDELLÍN","2011-01-07","","0.74616747"
"EXITO SAN ANTONIO - MEDELLÍN","2011-01-06","","0.68027214"
"EXITO SAN ANTONIO - MEDELLÍN","2011-01-05","","0.904304"
"EXITO SAN ANTONIO - MEDELLÍN","2011-01-04","","0.98824783"
"EXITO SAN ANTONIO - MEDELLÍN","2011-01-03","","0.7898352"
"EXITO SAN ANTONIO - MEDELLÍN","2011-01-02","","0.66491481"
"EXITO SAN ANTONIO - MEDELLÍN","2011-01-01","","0.97147607"
"EXITO SAN ANTONIO - MEDELLÍN","2010-12-31","","0.8241759"
"EXITO SAN ANTONIO - MEDELLÍN","2010-12-30","","0.84706963"
"EXITO SAN ANTONIO - MEDELLÍN","2010-12-29","","0.82140087"
"EXITO SAN ANTONIO - MEDELLÍN","2010-12-28","","0.95009153"
"EXITO SAN ANTONIO - MEDELLÍN","2010-12-27","","0.98188844"
"EXITO SAN ANTONIO - MEDELLÍN","2010-12-26","","0.99969468"
"EXITO SAN ANTONIO - MEDELLÍN","2010-12-25","","0.90939155"
"EXITO SAN ANTONIO - MEDELLÍN","2010-12-24","","0.88938841"
"EXITO SAN ANTONIO - MEDELLÍN","2010-12-23","","0.77940585"
"EXITO SAN ANTONIO - MEDELLÍN","2010-12-22","","0.81781648"
"EXITO SAN ANTONIO - MEDELLÍN","2010-12-21","","0.61253564"
"EXITO SAN ANTONIO - MEDELLÍN","2010-12-20","","0.74859006"
"EXITO SAN ANTONIO - MEDELLÍN","2010-12-19","","0.89506246"
"EXITO SAN ANTONIO - MEDELLÍN","2010-12-18","","0.78047197"
"EXITO SAN ANTONIO - MEDELLÍN","2010-12-17","","0.94312907"
"EXITO SAN ANTONIO - MEDELLÍN","2010-12-16","","1.01119867"
"EXITO SAN ANTONIO - MEDELLÍN","2010-12-15","","0.96296458"
"EXITO SAN ANTONIO - MEDELLÍN","2010-12-14","","0.88711338"
"EXITO SAN ANTONIO - MEDELLÍN","2010-12-13","","0.96662588"
"EXITO SAN ANTONIO - MEDELLÍN","2010-12-12","","0.87879958"
"EXITO SAN ANTONIO - MEDELLÍN","2010-12-11","","0.87165925"
"EXITO SAN ANTONIO - MEDELLÍN","2010-12-10","","0.91575091"
"EXITO SAN ANTONIO - MEDELLÍN","2010-12-09","","0.99969469"
"EXITO SAN ANTONIO - MEDELLÍN","2010-12-08","","1.00465055"
"EXITO SAN ANTONIO - MEDELLÍN","2010-12-07","","1.098901"
"EXITO SAN ANTONIO - MEDELLÍN","2010-12-06","","0.853429"
"EXITO SAN ANTONIO - MEDELLÍN","2010-12-05","","0.92974153"
"EXITO SAN ANTONIO - MEDELLÍN","2010-12-04","","1.11617564"
"EXITO SAN ANTONIO - MEDELLÍN","2010-12-03","","1.13832911"
"EXITO SAN ANTONIO - MEDELLÍN","2010-12-02","","1.09335096"
"EXITO SAN ANTONIO - MEDELLÍN","2010-12-01","","0.90557593"
"EXITO SAN ANTONIO - MEDELLÍN","2010-11-30","","0.95517907"
"EXITO SAN ANTONIO - MEDELLÍN","2010-11-29","","1.01638806"
"EXITO SAN ANTONIO - MEDELLÍN","2010-11-28","","0.9895197"
"EXITO SAN ANTONIO - MEDELLÍN","2010-11-27","","0.95695966"
"EXITO SAN ANTONIO - MEDELLÍN","2010-11-26","","0.66719"
"EXITO SAN ANTONIO - MEDELLÍN","2010-11-25","","0.6410257"
"EXITO SAN ANTONIO - MEDELLÍN","2010-11-24","","0.75608158"
"EXITO SAN ANTONIO - MEDELLÍN","2010-11-23","","0.7814408"
"EXITO SAN ANTONIO - MEDELLÍN","2010-11-22","","0.84743297"
"EXITO SAN ANTONIO - MEDELLÍN","2010-11-21","","0.88522591"
"EXITO SAN ANTONIO - MEDELLÍN","2010-11-20","","0.88655306"
"EXITO SAN ANTONIO - MEDELLÍN","2010-11-19","","0.79147045"
"EXITO SAN ANTONIO - MEDELLÍN","2010-11-18","","0.6929182"
"EXITO SAN ANTONIO - MEDELLÍN","2010-11-17","","0.90881344"
"EXITO SAN ANTONIO - MEDELLÍN","2010-11-16","","0.89285715"
"EXITO SAN ANTONIO - MEDELLÍN","2010-11-15","","0.79975584"
"EXITO SAN ANTONIO - MEDELLÍN","2010-11-14","","0.93228524"
"EXITO SAN ANTONIO - MEDELLÍN","2010-11-13","","1.13881462"
"EXITO SAN ANTONIO - MEDELLÍN","2010-11-12","","1.11744747"
"EXITO SAN ANTONIO - MEDELLÍN","2010-11-11","","1.136469"
"EXITO SAN ANTONIO - MEDELLÍN","2010-11-10","","0.94807151"
"EXITO SAN ANTONIO - MEDELLÍN","2010-11-09","","0.92011168"
"EXITO SAN ANTONIO - MEDELLÍN","2010-11-08","","0.94500401"
"EXITO SAN ANTONIO - MEDELLÍN","2010-11-07","","1.04997764"
"EXITO SAN ANTONIO - MEDELLÍN","2010-11-06","","0.97680096"
"EXITO SAN ANTONIO - MEDELLÍN","2010-11-05","","0.88141024"
"EXITO SAN ANTONIO - MEDELLÍN","2010-11-04","","0.80764148"
"EXITO SAN ANTONIO - MEDELLÍN","2010-11-03","","0.98316028"
"EXITO SAN ANTONIO - MEDELLÍN","2010-11-02","","1.1800034"
"EXITO SAN ANTONIO - MEDELLÍN","2010-11-01","","1.16934331"
"EXITO SAN ANTONIO - MEDELLÍN","2010-10-31","","1.03563977"
"EXITO SAN ANTONIO - MEDELLÍN","2010-10-30","","0.95517903"
"EXITO SAN ANTONIO - MEDELLÍN","2010-10-29","","0.87844256"
"EXITO SAN ANTONIO - MEDELLÍN","2010-10-28","","0.86538467"
"EXITO SAN ANTONIO - MEDELLÍN","2010-10-27","","0.95899468"
"EXITO SAN ANTONIO - MEDELLÍN","2010-10-26","","0.76109079"
"EXITO SAN ANTONIO - MEDELLÍN","2010-10-25","","0.86487593"
"EXITO SAN ANTONIO - MEDELLÍN","2010-10-24","","0.83816649"
"EXITO SAN ANTONIO - MEDELLÍN","2010-10-23","","0.94627589"
"EXITO SAN ANTONIO - MEDELLÍN","2010-10-22","","0.72824007"
"EXITO SAN ANTONIO - MEDELLÍN","2010-10-21","","0.63085067"
"EXITO SAN ANTONIO - MEDELLÍN","2010-10-20","","0.63825065"
"EXITO SAN ANTONIO - MEDELLÍN","2010-10-19","","0.79492269"
"EXITO SAN ANTONIO - MEDELLÍN","2010-10-18","","0.87879956"
"EXITO SAN ANTONIO - MEDELLÍN","2010-10-17","","0.95876346"
"EXITO SAN ANTONIO - MEDELLÍN","2010-10-16","","0.86878942"
"EXITO SAN ANTONIO - MEDELLÍN","2010-10-15","","0.74633705"
"EXITO SAN ANTONIO - MEDELLÍN","2010-10-14","","0.73896014"
"EXITO SAN ANTONIO - MEDELLÍN","2010-10-13","","0.65459234"
"EXITO SAN ANTONIO - MEDELLÍN","2010-10-12","","0.5891331"
"EXITO SAN ANTONIO - MEDELLÍN","2010-10-11","","0.58913313"
"EXITO SAN ANTONIO - MEDELLÍN","2010-10-10","","0.7326007"
"EXITO SAN ANTONIO - MEDELLÍN","2010-10-09","","0.6283069"
"EXITO SAN ANTONIO - MEDELLÍN","2010-10-08","","0.92592588"
"EXITO SAN ANTONIO - MEDELLÍN","2010-10-07","","0.81355847"
"EXITO SAN ANTONIO - MEDELLÍN","2010-10-06","","0.85760801"
"EXITO SAN ANTONIO - MEDELLÍN","2010-10-05","","0.79630519"
"EXITO SAN ANTONIO - MEDELLÍN","2010-10-04","","0.8162128"
"EXITO SAN ANTONIO - MEDELLÍN","2010-10-03","","0.65798403"
"EXITO SAN ANTONIO - MEDELLÍN","2010-10-02","","0.72097219"
"EXITO SAN ANTONIO - MEDELLÍN","2010-10-01","","0.62437565"
"EXITO SAN ANTONIO - MEDELLÍN","2010-09-30","","0.946276"
"EXITO SAN ANTONIO - MEDELLÍN","2010-09-29","","0.7190341"
"EXITO SAN ANTONIO - MEDELLÍN","2010-09-28","","0.6410257"
"EXITO SAN ANTONIO - MEDELLÍN","2010-09-27","","0.70746251"
"EXITO SAN ANTONIO - MEDELLÍN","2010-09-26","","0.73056575"
"EXITO SAN ANTONIO - MEDELLÍN","2010-09-25","","0.83826432"
"EXITO SAN ANTONIO - MEDELLÍN","2010-09-24","","0.8140009"
"EXITO SAN ANTONIO - MEDELLÍN","2010-09-23","","0.75830607"
"EXITO SAN ANTONIO - MEDELLÍN","2010-09-22","","0.76133019"
"EXITO SAN ANTONIO - MEDELLÍN","2010-09-21","","0.78347583"
"EXITO SAN ANTONIO - MEDELLÍN","2010-09-20","","1.007326"
"EXITO SAN ANTONIO - MEDELLÍN","2010-09-19","","0.84706968"
"EXITO SAN ANTONIO - MEDELLÍN","2010-09-18","","0.82199552"
"EXITO SAN ANTONIO - MEDELLÍN","2010-09-17","","0.73260078"
"EXITO SAN ANTONIO - MEDELLÍN","2010-09-16","","0.90048839"
"EXITO SAN ANTONIO - MEDELLÍN","2010-09-15","","1.00771526"
"EXITO SAN ANTONIO - MEDELLÍN","2010-09-14","","1.10565347"
"EXITO SAN ANTONIO - MEDELLÍN","2010-09-13","","1.11033716"
"EXITO SAN ANTONIO - MEDELLÍN","2010-09-12","","1.13722028"
"EXITO SAN ANTONIO - MEDELLÍN","2010-09-11","","1.04124814"
"EXITO SAN ANTONIO - MEDELLÍN","2010-09-10","","0.86614777"
"EXITO SAN ANTONIO - MEDELLÍN","2010-09-09","","1.17937598"
"EXITO SAN ANTONIO - MEDELLÍN","2010-09-08","","1.03257521"
"EXITO SAN ANTONIO - MEDELLÍN","2010-09-07","","1.34142249"
"EXITO SAN ANTONIO - MEDELLÍN","2010-09-06","","0.97044155"
"EXITO SAN ANTONIO - MEDELLÍN","2010-09-05","","1.09137231"
"EXITO SAN ANTONIO - MEDELLÍN","2010-09-04","","1.00679043"
"EXITO SAN ANTONIO - MEDELLÍN","2010-09-03","","1.40201213"
"EXITO SAN ANTONIO - MEDELLÍN","2010-09-02","","1.33176823"
"EXITO SAN ANTONIO - MEDELLÍN","2010-09-01","","0.88522592"
"EXITO SAN ANTONIO - MEDELLÍN","2010-08-31","","0.71079718"
"EXITO SAN ANTONIO - MEDELLÍN","2010-08-30","","0.94881967"
"EXITO SAN ANTONIO - MEDELLÍN","2010-08-29","","1.56291865"
"EXITO SAN ANTONIO - MEDELLÍN","2010-08-28","","1.16023097"
"EXITO SAN ANTONIO - MEDELLÍN","2010-08-27","","1.09871656"
"EXITO SAN ANTONIO - MEDELLÍN","2010-08-26","","1.13814478"
"EXITO SAN ANTONIO - MEDELLÍN","2010-08-25","","1.34466068"
"EXITO SAN ANTONIO - MEDELLÍN","2010-08-24","","0.91193524"
"EXITO SAN ANTONIO - MEDELLÍN","2010-08-23","","0.87377895"
"EXITO SAN ANTONIO - MEDELLÍN","2010-08-22","","0.86233208"
"EXITO SAN ANTONIO - MEDELLÍN","2010-08-21","","0.83307895"
"EXITO SAN ANTONIO - MEDELLÍN","2010-08-20","","1.20258426"
"EXITO SAN ANTONIO - MEDELLÍN","2010-08-19","","0.91829465"
"EXITO SAN ANTONIO - MEDELLÍN","2010-08-18","","0.90176018"
"EXITO SAN ANTONIO - MEDELLÍN","2010-08-17","","0.7987383"
"EXITO SAN ANTONIO - MEDELLÍN","2010-08-16","","0.71040074"
"EXITO SAN ANTONIO - MEDELLÍN","2010-08-15","","0.54945057"
"EXITO SAN ANTONIO - MEDELLÍN","2010-08-14","","0.5756149"
"EXITO SAN ANTONIO - MEDELLÍN","2010-08-13","","0.70970703"
"EXITO SAN ANTONIO - MEDELLÍN","2010-08-10","","0.60613996"
"EXITO SAN ANTONIO - MEDELLÍN","2010-08-09","","0.69668898"
"EXITO SAN ANTONIO - MEDELLÍN","2010-08-08","","0.62576315"
"EXITO SAN ANTONIO - MEDELLÍN","2010-08-07","","0.54945057"
"EXITO SAN ANTONIO - MEDELLÍN","2010-08-06","","0.66307153"
"EXITO SAN ANTONIO - MEDELLÍN","2010-08-05","","0.70074857"
"EXITO SAN ANTONIO - MEDELLÍN","2010-08-04","","0.76566955"
"EXITO SAN ANTONIO - MEDELLÍN","2010-08-03","","0.77330081"
"EXITO SAN ANTONIO - MEDELLÍN","2010-08-02","","1.037851"
"EXITO SAN ANTONIO - MEDELLÍN","2010-08-01","","0.83095919"
"EXITO SAN ANTONIO - MEDELLÍN","2010-07-31","","0.67918196"
"EXITO SAN ANTONIO - MEDELLÍN","2010-07-30","","0.6776557"
"EXITO SAN ANTONIO - MEDELLÍN","2010-07-29","","0.82875461"
"EXITO SAN ANTONIO - MEDELLÍN","2010-07-28","","0.74696552"
"EXITO SAN ANTONIO - MEDELLÍN","2010-07-27","","0.4680505"
"EXITO SAN ANTONIO - MEDELLÍN","2010-07-26","","0.74955913"
"EXITO SAN ANTONIO - MEDELLÍN","2010-07-25","","0.59015063"
"EXITO SAN ANTONIO - MEDELLÍN","2010-07-24","","0.72496953"
"EXITO SAN ANTONIO - MEDELLÍN","2010-07-23","","0.67727415"
"EXITO SAN ANTONIO - MEDELLÍN","2010-07-22","","0.62067564"
"EXITO SAN ANTONIO - MEDELLÍN","2010-07-21","","0.71974815"
"EXITO SAN ANTONIO - MEDELLÍN","2010-07-20","","0.75440437"
"EXITO SAN ANTONIO - MEDELLÍN","2010-07-19","","0.67833402"
"EXITO SAN ANTONIO - MEDELLÍN","2010-07-18","","0.78686749"
"EXITO SAN ANTONIO - MEDELLÍN","2010-07-17","","0.946276"
"EXITO SAN ANTONIO - MEDELLÍN","2010-07-16","","0.81160672"
"EXITO SAN ANTONIO - MEDELLÍN","2010-07-15","","0.87632278"
"EXITO SAN ANTONIO - MEDELLÍN","2010-07-14","","0.67536633"
"EXITO SAN ANTONIO - MEDELLÍN","2010-07-13","","0.72072993"
"EXITO SAN ANTONIO - MEDELLÍN","2010-07-12","","0.6776557"
"EXITO SAN ANTONIO - MEDELLÍN","2010-07-11","","0.78722453"
"EXITO SAN ANTONIO - MEDELLÍN","2010-07-10","","0.74189099"
"EXITO SAN ANTONIO - MEDELLÍN","2010-07-09","","0.73581393"
"EXITO SAN ANTONIO - MEDELLÍN","2010-07-08","","0.7936509"
"EXITO SAN ANTONIO - MEDELLÍN","2010-07-07","","0.66718998"
"EXITO SAN ANTONIO - MEDELLÍN","2010-07-06","","0.73478113"
"EXITO SAN ANTONIO - MEDELLÍN","2010-07-05","","0.79746644"
"EXITO SAN ANTONIO - MEDELLÍN","2010-07-04","","0.80091873"
"EXITO SAN ANTONIO - MEDELLÍN","2010-07-03","","0.77075708"
"EXITO SAN ANTONIO - MEDELLÍN","2010-07-01","","0.4884005"
"EXITO SAN ANTONIO - MEDELLÍN","2010-06-30","","0.61050061"
"EXITO SAN ANTONIO - MEDELLÍN","2010-06-29","","0.7312736"
"EXITO SAN ANTONIO - MEDELLÍN","2010-06-28","","1.0714285"
"EXITO SAN ANTONIO - MEDELLÍN","2010-06-27","","0.82417586"
"EXITO SAN ANTONIO - MEDELLÍN","2010-06-26","","0.79746644"
"EXITO SAN ANTONIO - MEDELLÍN","2010-06-25","","0.74985403"
"EXITO SAN ANTONIO - MEDELLÍN","2010-06-24","","0.74107996"
"EXITO SAN ANTONIO - MEDELLÍN","2010-06-23","","0.83638585"
"EXITO SAN ANTONIO - MEDELLÍN","2010-06-22","","0.86594696"
"EXITO SAN ANTONIO - MEDELLÍN","2010-06-21","","0.69444449"
"EXITO SAN ANTONIO - MEDELLÍN","2010-06-20","","0.76566955"
"EXITO SAN ANTONIO - MEDELLÍN","2010-06-19","","0.6410257"
"EXITO SAN ANTONIO - MEDELLÍN","2010-06-18","","0.75931014"
"EXITO SAN ANTONIO - MEDELLÍN","2010-06-17","","0.92719773"
"EXITO SAN ANTONIO - MEDELLÍN","2010-06-16","","1.02386033"
"EXITO SAN ANTONIO - MEDELLÍN","2010-06-15","","0.96789778"
"EXITO SAN ANTONIO - MEDELLÍN","2010-06-14","","1.03835715"
"EXITO SAN ANTONIO - MEDELLÍN","2010-06-13","","0.79920083"
"EXITO SAN ANTONIO - MEDELLÍN","2010-06-12","","0.77330081"
"EXITO SAN ANTONIO - MEDELLÍN","2010-06-11","","1.45375463"
"EXITO SAN ANTONIO - MEDELLÍN","2010-06-10","","0.72039076"
"EXITO SAN ANTONIO - MEDELLÍN","2010-06-09","","0.7326007"
"EXITO SAN ANTONIO - MEDELLÍN","2010-06-08","","0.65798401"
"EXITO SAN ANTONIO - MEDELLÍN","2010-06-07","","0.54508986"
"EXITO SAN ANTONIO - MEDELLÍN","2010-06-06","","0.63666494"
"EXITO SAN ANTONIO - MEDELLÍN","2010-06-05","","0.68279677"
"EXITO SAN ANTONIO - MEDELLÍN","2010-06-04","","0.84743298"
"EXITO SAN ANTONIO - MEDELLÍN","2010-06-03","","1.05396695"
"EXITO SAN ANTONIO - MEDELLÍN","2010-06-02","","1.04558461"
"EXITO SAN ANTONIO - MEDELLÍN","2010-06-01","","1.32072521"
"EXITO SAN ANTONIO - MEDELLÍN","2010-05-31","","1.90018317"
"EXITO SAN ANTONIO - MEDELLÍN","2010-05-28","","0.72687731"
"EXITO SAN ANTONIO - MEDELLÍN","2010-05-27","","0.88692176"
"EXITO SAN ANTONIO - MEDELLÍN","2010-05-26","","1.06888219"
"EXITO SAN ANTONIO - MEDELLÍN","2010-05-25","","1.02546487"
"EXITO SAN ANTONIO - MEDELLÍN","2010-05-24","","0.94118846"
"EXITO SAN ANTONIO - MEDELLÍN","2010-05-23","","1.24169159"
"EXITO SAN ANTONIO - MEDELLÍN","2010-05-22","","1.5196663"
"EXITO SAN ANTONIO - MEDELLÍN","2010-05-21","","1.5781439"
"EXITO SAN ANTONIO - MEDELLÍN","2010-05-10","","0.99460724"
"EXITO SAN ANTONIO - MEDELLÍN","2010-05-09","","1.04802599"
"EXITO SAN ANTONIO - MEDELLÍN","2010-05-08","","0.90811961"
"EXITO SAN ANTONIO - MEDELLÍN","2010-05-07","","1.0351189"
"EXITO SAN ANTONIO - MEDELLÍN","2010-05-06","","1.02604224"
"EXITO SAN ANTONIO - MEDELLÍN","2010-05-05","","1.13138151"
"EXITO SAN ANTONIO - MEDELLÍN","2010-05-04","","1.49902586"
"EXITO SAN ANTONIO - MEDELLÍN","2010-05-03","","1.83705155"
"EXITO SAN ANTONIO - MEDELLÍN","2010-04-30","","1.12942627"
"EXITO SAN ANTONIO - MEDELLÍN","2010-04-29","","0.99460718"
"EXITO SAN ANTONIO - MEDELLÍN","2010-04-28","","0.9088134"
"EXITO SAN ANTONIO - MEDELLÍN","2010-04-27","","0.9422944"
"EXITO SAN ANTONIO - MEDELLÍN","2010-04-26","","0.7771164"
"EXITO SAN ANTONIO - MEDELLÍN","2010-04-25","","0.71606638"
"EXITO SAN ANTONIO - MEDELLÍN","2010-04-24","","0.70068821"
"EXITO SAN ANTONIO - MEDELLÍN","2010-04-23","","0.59218561"
"EXITO SAN ANTONIO - MEDELLÍN","2010-04-22","","0.54334558"
"EXITO SAN ANTONIO - MEDELLÍN","2010-04-21","","0.62957879"
"EXITO SAN ANTONIO - MEDELLÍN","2010-04-20","","0.51510989"
"EXITO SAN ANTONIO - MEDELLÍN","2010-04-19","","0.6700971"
"EXITO SAN ANTONIO - MEDELLÍN","2010-04-18","","0.62486536"
"EXITO SAN ANTONIO - MEDELLÍN","2010-04-17","","0.68681324"
"EXITO SAN ANTONIO - MEDELLÍN","2010-04-16","","0.79704253"
"EXITO SAN ANTONIO - MEDELLÍN","2010-04-15","","0.68591543"
"EXITO SAN ANTONIO - MEDELLÍN","2010-04-14","","0.73005701"
"EXITO SAN ANTONIO - MEDELLÍN","2010-04-13","","0.77457264"
"EXITO SAN ANTONIO - MEDELLÍN","2010-04-12","","0.915751"
"EXITO SAN ANTONIO - MEDELLÍN","2010-04-11","","0.86025088"
"EXITO SAN ANTONIO - MEDELLÍN","2010-04-10","","0.87250713"
"EXITO SAN ANTONIO - MEDELLÍN","2010-04-09","","0.995879"
"EXITO SAN ANTONIO - MEDELLÍN","2010-04-08","","0.80586087"
"EXITO SAN ANTONIO - MEDELLÍN","2010-04-07","","0.91066342"
"EXITO SAN ANTONIO - MEDELLÍN","2010-04-06","","1.04548217"
"EXITO SAN ANTONIO - MEDELLÍN","2010-04-05","","0.97680092"
"EXITO SAN ANTONIO - MEDELLÍN","2010-04-04","","0.9126985"
"EXITO SAN ANTONIO - MEDELLÍN","2010-04-03","","0.976801"
"EXITO SAN ANTONIO - MEDELLÍN","2010-04-02","","0.75973414"
"EXITO SAN ANTONIO - MEDELLÍN","2010-04-01","","0.61431626"
"EXITO SAN ANTONIO - MEDELLÍN","2010-03-31","","0.64865693"
"EXITO SAN ANTONIO - MEDELLÍN","2010-03-30","","0.6919007"
"EXITO SAN ANTONIO - MEDELLÍN","2010-03-29","","0.73132888"
"EXITO SAN ANTONIO - MEDELLÍN","2010-03-28","","0.69190071"
"EXITO SAN ANTONIO - MEDELLÍN","2010-03-24","","0.3968254"
"EXITO SAN ANTONIO - MEDELLÍN","2010-03-22","","0.5189255"
"EXITO SAN ANTONIO - MEDELLÍN","2010-03-21","","0.57590561"
"EXITO SAN ANTONIO - MEDELLÍN","2010-03-20","","0.63299277"
"EXITO SAN ANTONIO - MEDELLÍN","2010-03-19","","0.70411074"
"EXITO SAN ANTONIO - MEDELLÍN","2010-03-18","","0.80168376"
"EXITO SAN ANTONIO - MEDELLÍN","2010-03-17","","1.28001634"
"EXITO SAN ANTONIO - MEDELLÍN","2010-03-13","","0.63339443"
"EXITO SAN ANTONIO - MEDELLÍN","2010-03-12","","0.56980058"
"EXITO SAN ANTONIO - MEDELLÍN","2010-03-11","","0.4578755"
"EXITO SAN ANTONIO - MEDELLÍN","2010-03-10","","0.5952381"
"EXITO SAN ANTONIO - MEDELLÍN","2010-03-03","","0.51892555"
"EXITO SAN ANTONIO - MEDELLÍN","2010-03-02","","0.67373108"
"EXITO SAN ANTONIO - MEDELLÍN","2010-02-27","","0.4578755"
"EXITO SAN ANTONIO - MEDELLÍN","2010-02-23","","0.5265568"
"EXITO SAN ANTONIO - MEDELLÍN","2010-02-22","","0.5633256"
"EXITO SAN ANTONIO - MEDELLÍN","2010-02-21","","0.56980057"
"EXITO SAN ANTONIO - MEDELLÍN","2010-02-20","","0.51587305"
"EXITO SAN ANTONIO - MEDELLÍN","2010-02-18","","0.3968254"
"EXITO SAN ANTONIO - MEDELLÍN","2010-02-11","","0.51615055"
"EXITO SAN ANTONIO - MEDELLÍN","2010-02-10","","0.71225073"
"EXITO SAN ANTONIO - MEDELLÍN","2010-02-08","","0.5647131"
"EXITO SAN ANTONIO - MEDELLÍN","2010-02-04","","0.49450554"
"EXITO SAN ANTONIO - MEDELLÍN","2010-01-30","","0.4273505"
"EXITO SAN ANTONIO - MEDELLÍN","2010-01-26","","0.51282054"
"EXITO SAN ANTONIO - MEDELLÍN","2010-01-19","","0.3968254"
"EXITO SAN ANTONIO - MEDELLÍN","2010-01-17","","0.6715507"
"EXITO SAN ANTONIO - MEDELLÍN","2010-01-11","","0.4273505"
"EXITO SAN ANTONIO - MEDELLÍN","2010-01-10","","0.46659696"
"EXITO SAN ANTONIO - MEDELLÍN","2010-01-08","","0.51383805"
"EXITO SAN ANTONIO - MEDELLÍN","2010-01-01","","0.48076925"
"EXITO SAN ANTONIO - MEDELLÍN","2009-12-31","","2.747253"
"EXITO SAN ANTONIO - MEDELLÍN","2009-12-30","","0.7326007"
"EXITO SAN ANTONIO - MEDELLÍN","2009-12-29","","0.50366301"
"EXITO SAN ANTONIO - MEDELLÍN","2009-12-28","","0.64102568"
"EXITO SAN ANTONIO - MEDELLÍN","2009-12-27","","0.77330081"
"EXITO SAN ANTONIO - MEDELLÍN","2009-12-26","","0.72982575"
"EXITO SAN ANTONIO - MEDELLÍN","2009-12-25","","0.76439769"
"EXITO SAN ANTONIO - MEDELLÍN","2009-12-24","","0.86360398"
"EXITO SAN ANTONIO - MEDELLÍN","2009-12-23","","0.82590897"
"EXITO SAN ANTONIO - MEDELLÍN","2009-12-22","","0.62576316"
"EXITO SAN ANTONIO - MEDELLÍN","2009-12-21","","0.7224258"
"EXITO SAN ANTONIO - MEDELLÍN","2009-12-20","","0.53037241"
"EXITO SAN ANTONIO - MEDELLÍN","2009-12-14","","0.48229554"
"EXITO SAN ANTONIO - MEDELLÍN","2009-12-11","","0.7326007"
"EXITO SAN ANTONIO - MEDELLÍN","2009-12-10","","0.4578755"
"EXITO SAN ANTONIO - MEDELLÍN","2009-12-03","","0.7020757"
"EXITO SAN ANTONIO - MEDELLÍN","2009-12-02","","0.442613"
"EXITO SAN ANTONIO - MEDELLÍN","2009-12-01","","0.6562882"
"EXITO SAN ANTONIO - MEDELLÍN","2009-11-30","","0.64306067"
"EXITO SAN ANTONIO - MEDELLÍN","2009-11-29","","0.70818074"
"EXITO SAN ANTONIO - MEDELLÍN","2009-11-28","","0.62576315"
"EXITO SAN ANTONIO - MEDELLÍN","2009-11-27","","0.58760686"
"EXITO SAN ANTONIO - MEDELLÍN","2009-11-26","","0.5799756"
"EXITO SAN ANTONIO - MEDELLÍN","2009-11-24","","0.5952381"
"EXITO SAN ANTONIO - MEDELLÍN","2009-11-23","","0.54436308"
"EXITO SAN ANTONIO - MEDELLÍN","2009-11-22","","0.60772563"
"EXITO SAN ANTONIO - MEDELLÍN","2009-11-21","","0.67307697"
"EXITO SAN ANTONIO - MEDELLÍN","2009-11-20","","0.65120063"
"EXITO SAN ANTONIO - MEDELLÍN","2009-11-19","","0.62271066"
"EXITO SAN ANTONIO - MEDELLÍN","2009-11-18","","0.72496953"
"EXITO SAN ANTONIO - MEDELLÍN","2009-11-17","","0.66476734"
"EXITO SAN ANTONIO - MEDELLÍN","2009-11-16","","0.6593407"
"EXITO SAN ANTONIO - MEDELLÍN","2009-11-15","","0.5494506"
"EXITO SAN ANTONIO - MEDELLÍN","2009-11-14","","0.61050066"
"EXITO SAN ANTONIO - MEDELLÍN","2009-11-12","","0.5494506"
"EXITO SAN ANTONIO - MEDELLÍN","2009-11-11","","0.59876025"
"EXITO SAN ANTONIO - MEDELLÍN","2009-11-10","","0.67155073"
"EXITO SAN ANTONIO - MEDELLÍN","2009-11-09","","0.74852688"
"EXITO SAN ANTONIO - MEDELLÍN","2009-11-08","","0.75091579"
"EXITO SAN ANTONIO - MEDELLÍN","2009-11-07","","0.6562882"
"EXITO SAN ANTONIO - MEDELLÍN","2009-11-06","","0.62406732"
"EXITO SAN ANTONIO - MEDELLÍN","2009-11-05","","0.65374443"
"EXITO SAN ANTONIO - MEDELLÍN","2009-11-04","","0.69791325"
"EXITO SAN ANTONIO - MEDELLÍN","2009-11-03","","0.63492066"
"EXITO SAN ANTONIO - MEDELLÍN","2009-11-02","","0.67022353"
"EXITO SAN ANTONIO - MEDELLÍN","2009-11-01","","0.70689547"
"EXITO SAN ANTONIO - MEDELLÍN","2009-10-31","","0.6028694"
"EXITO SAN ANTONIO - MEDELLÍN","2009-10-30","","0.69253668"
"EXITO SAN ANTONIO - MEDELLÍN","2009-10-29","","0.6635178"
"EXITO SAN ANTONIO - MEDELLÍN","2009-10-28","","0.4578755"
"EXITO SAN ANTONIO - MEDELLÍN","2009-10-27","","0.58433633"
"EXITO SAN ANTONIO - MEDELLÍN","2009-10-26","","0.5380037"
"EXITO SAN ANTONIO - MEDELLÍN","2009-10-25","","0.59354231"
"EXITO SAN ANTONIO - MEDELLÍN","2009-10-24","","0.69529236"
"EXITO SAN ANTONIO - MEDELLÍN","2009-10-23","","0.4273505"
"EXITO SAN ANTONIO - MEDELLÍN","2009-10-22","","0.62881564"
"EXITO SAN ANTONIO - MEDELLÍN","2009-10-20","","0.63339443"
"EXITO SAN ANTONIO - MEDELLÍN","2009-10-19","","0.72362283"
"EXITO SAN ANTONIO - MEDELLÍN","2009-10-18","","0.74786325"
"EXITO SAN ANTONIO - MEDELLÍN","2009-10-17","","0.47695363"
"EXITO SAN ANTONIO - MEDELLÍN","2009-10-16","","0.53418808"
"EXITO SAN ANTONIO - MEDELLÍN","2009-10-14","","0.7326007"
"EXITO SAN ANTONIO - MEDELLÍN","2009-10-09","","0.43116613"
"EXITO SAN ANTONIO - MEDELLÍN","2009-10-08","","0.49857554"
"EXITO SAN ANTONIO - MEDELLÍN","2009-10-06","","0.5189255"
"EXITO SAN ANTONIO - MEDELLÍN","2009-10-05","","0.57997562"
"EXITO SAN ANTONIO - MEDELLÍN","2009-10-04","","0.6715507"
"EXITO SAN ANTONIO - MEDELLÍN","2009-09-23","","0.55663292"
"EXITO SAN ANTONIO - MEDELLÍN","2009-09-22","","0.66756919"
"EXITO SAN ANTONIO - MEDELLÍN","2009-09-21","","0.7020757"
"EXITO SAN ANTONIO - MEDELLÍN","2009-09-20","","0.54334557"
"EXITO SAN ANTONIO - MEDELLÍN","2009-09-19","","0.61050065"
"EXITO SAN ANTONIO - MEDELLÍN","2009-09-18","","0.62437565"
"EXITO SAN ANTONIO - MEDELLÍN","2009-09-17","","0.72824007"
"EXITO SAN ANTONIO - MEDELLÍN","2009-09-15","","0.62928525"
"EXITO SAN ANTONIO - MEDELLÍN","2009-09-14","","0.57183561"
"EXITO SAN ANTONIO - MEDELLÍN","2009-09-13","","0.6980942"
"EXITO SAN ANTONIO - MEDELLÍN","2009-09-02","","0.55250308"
"EXITO SAN ANTONIO - MEDELLÍN","2009-08-31","","0.50782554"
"EXITO SAN ANTONIO - MEDELLÍN","2009-08-28","","0.5189255"
"EXITO SAN ANTONIO - MEDELLÍN","2009-08-27","","0.49094428"
"EXITO SAN ANTONIO - MEDELLÍN","2009-08-25","","0.58869707"
"EXITO SAN ANTONIO - MEDELLÍN","2009-08-24","","0.65883195"
"EXITO SAN ANTONIO - MEDELLÍN","2009-08-23","","0.54563494"
"EXITO SAN ANTONIO - MEDELLÍN","2009-08-22","","0.66719"
"EXITO SAN ANTONIO - MEDELLÍN","2009-08-21","","0.7631258"
"EXITO SAN ANTONIO - MEDELLÍN","2009-08-18","","0.68463286"
"EXITO SAN ANTONIO - MEDELLÍN","2009-08-17","","0.64713066"
"EXITO SAN ANTONIO - MEDELLÍN","2009-08-16","","0.4578755"
"EXITO SAN ANTONIO - MEDELLÍN","2009-08-15","","0.5799756"
"EXITO SAN ANTONIO - MEDELLÍN","2009-08-13","","0.7020757"
"EXITO SAN ANTONIO - MEDELLÍN","2009-08-10","","0.49857554"
"EXITO SAN ANTONIO - MEDELLÍN","2009-08-08","","0.5112943"
"EXITO SAN ANTONIO - MEDELLÍN","2009-08-07","","0.4578755"
"EXITO SAN ANTONIO - MEDELLÍN","2009-08-06","","0.7173382"
"EXITO SAN ANTONIO - MEDELLÍN","2009-08-05","","0.6715507"
"EXITO SAN ANTONIO - MEDELLÍN","2009-08-03","","0.3968254"
"EXITO SAN ANTONIO - MEDELLÍN","2009-07-31","","0.6715507"
"EXITO SAN ANTONIO - MEDELLÍN","2009-07-25","","0.4578755"
"EXITO SAN ANTONIO - MEDELLÍN","2009-07-24","","0.50196721"
"EXITO SAN ANTONIO - MEDELLÍN","2009-07-23","","0.4680505"
"EXITO SAN ANTONIO - MEDELLÍN","2009-07-22","","0.7631258"
"EXITO SAN ANTONIO - MEDELLÍN","2009-07-21","","0.62881566"
"EXITO SAN ANTONIO - MEDELLÍN","2009-07-19","","0.4273505"
"EXITO SAN ANTONIO - MEDELLÍN","2009-07-18","","0.47313803"
"EXITO SAN ANTONIO - MEDELLÍN","2009-07-13","","0.48161718"
"EXITO SAN ANTONIO - MEDELLÍN","2009-07-12","","0.58936793"
"EXITO SAN ANTONIO - MEDELLÍN","2009-07-11","","0.64102568"
"EXITO SAN ANTONIO - MEDELLÍN","2009-07-10","","0.66064888"
"EXITO SAN ANTONIO - MEDELLÍN","2009-07-09","","0.54945057"
"EXITO SAN ANTONIO - MEDELLÍN","2009-07-08","","0.7020757"
"EXITO SAN ANTONIO - MEDELLÍN","2009-07-07","","0.4578755"
"EXITO SAN ANTONIO - MEDELLÍN","2009-07-05","","0.68899357"
"EXITO SAN ANTONIO - MEDELLÍN","2009-07-04","","0.70207573"
"EXITO SAN ANTONIO - MEDELLÍN","2009-07-03","","0.51282054"
"EXITO SAN ANTONIO - MEDELLÍN","2009-07-02","","0.5799756"
"EXITO SAN ANTONIO - MEDELLÍN","2009-07-01","","0.66964289"
"EXITO SAN ANTONIO - MEDELLÍN","2009-06-29","","0.59305776"
"EXITO SAN ANTONIO - MEDELLÍN","2009-06-28","","0.50747863"
"EXITO SAN ANTONIO - MEDELLÍN","2009-06-27","","0.55860811"
"EXITO SAN ANTONIO - MEDELLÍN","2009-06-26","","0.61622409"
"EXITO SAN ANTONIO - MEDELLÍN","2009-06-25","","0.66476738"
"EXITO SAN ANTONIO - MEDELLÍN","2009-06-24","","0.72790459"
"EXITO SAN ANTONIO - MEDELLÍN","2009-06-23","","0.80891336"
"EXITO SAN ANTONIO - MEDELLÍN","2009-06-22","","0.74132221"
"EXITO SAN ANTONIO - MEDELLÍN","2009-06-21","","0.76782196"
"EXITO SAN ANTONIO - MEDELLÍN","2009-06-20","","0.57615998"
"EXITO SAN ANTONIO - MEDELLÍN","2009-06-19","","0.70398358"
"EXITO SAN ANTONIO - MEDELLÍN","2009-06-18","","0.69626144"
"EXITO SAN ANTONIO - MEDELLÍN","2009-06-17","","0.69902325"
"EXITO SAN ANTONIO - MEDELLÍN","2009-06-16","","0.69725601"
"EXITO SAN ANTONIO - MEDELLÍN","2009-06-15","","0.85622713"
"EXITO SAN ANTONIO - MEDELLÍN","2009-06-14","","1.01989509"
"EXITO SAN ANTONIO - MEDELLÍN","2009-06-13","","0.94017097"
"EXITO SAN ANTONIO - MEDELLÍN","2009-06-12","","0.72824006"
"EXITO SAN ANTONIO - MEDELLÍN","2009-06-11","","0.67765571"
"EXITO SAN ANTONIO - MEDELLÍN","2009-06-10","","0.986976"
"EXITO SAN ANTONIO - MEDELLÍN","2009-06-09","","0.78287731"
"EXITO SAN ANTONIO - MEDELLÍN","2009-06-08","","0.64509567"
"EXITO SAN ANTONIO - MEDELLÍN","2009-06-07","","0.86996341"
"EXITO SAN ANTONIO - MEDELLÍN","2009-06-06","","0.7490373"
"EXITO SAN ANTONIO - MEDELLÍN","2009-06-05","","0.8386351"
"EXITO SAN ANTONIO - MEDELLÍN","2009-06-02","","0.57658393"
"EXITO SAN ANTONIO - MEDELLÍN","2009-06-01","","0.5494506"
"EXITO SAN ANTONIO - MEDELLÍN","2009-05-31","","0.61050063"
"EXITO SAN ANTONIO - MEDELLÍN","2009-05-30","","0.5799756"
"EXITO SAN ANTONIO - MEDELLÍN","2009-05-29","","0.7088591"
"EXITO SAN ANTONIO - MEDELLÍN","2009-05-28","","0.7326007"
"EXITO SAN ANTONIO - MEDELLÍN","2009-05-27","","0.63398144"
"EXITO SAN ANTONIO - MEDELLÍN","2009-05-26","","0.71297753"
"EXITO SAN ANTONIO - MEDELLÍN","2009-05-25","","0.66137571"
"EXITO SAN ANTONIO - MEDELLÍN","2009-05-24","","0.67591143"
"EXITO SAN ANTONIO - MEDELLÍN","2009-05-23","","0.77838835"
"EXITO SAN ANTONIO - MEDELLÍN","2009-05-22","","0.62576315"
"EXITO SAN ANTONIO - MEDELLÍN","2009-05-21","","0.69989537"
"EXITO SAN ANTONIO - MEDELLÍN","2009-05-20","","0.79763236"
"EXITO SAN ANTONIO - MEDELLÍN","2009-05-19","","0.88522586"
"EXITO SAN ANTONIO - MEDELLÍN","2009-05-18","","0.79903761"
"EXITO SAN ANTONIO - MEDELLÍN","2009-05-17","","0.71225076"
"EXITO SAN ANTONIO - MEDELLÍN","2009-05-16","","0.73742051"
"EXITO SAN ANTONIO - MEDELLÍN","2009-05-15","","1.02258845"
"EXITO SAN ANTONIO - MEDELLÍN","2009-05-14","","0.71225076"
"EXITO SAN ANTONIO - MEDELLÍN","2009-05-13","","0.72191699"
"EXITO SAN ANTONIO - MEDELLÍN","2009-05-12","","0.75905582"
"EXITO SAN ANTONIO - MEDELLÍN","2009-05-11","","0.71835575"
"EXITO SAN ANTONIO - MEDELLÍN","2009-05-10","","0.83744758"
"EXITO SAN ANTONIO - MEDELLÍN","2009-05-09","","0.84221335"
"EXITO SAN ANTONIO - MEDELLÍN","2009-05-08","","0.79975583"
"EXITO SAN ANTONIO - MEDELLÍN","2009-05-07","","0.80028672"
"EXITO SAN ANTONIO - MEDELLÍN","2009-05-06","","0.82058466"
"EXITO SAN ANTONIO - MEDELLÍN","2009-05-05","","0.93253971"
"EXITO SAN ANTONIO - MEDELLÍN","2009-05-04","","0.98061658"
"EXITO SAN ANTONIO - MEDELLÍN","2009-05-03","","0.8958433"
"EXITO SAN ANTONIO - MEDELLÍN","2009-05-02","","0.79873834"
"EXITO SAN ANTONIO - MEDELLÍN","2009-05-01","","0.88649776"
"EXITO SAN ANTONIO - MEDELLÍN","2009-04-30","","0.90557588"
"EXITO SAN ANTONIO - MEDELLÍN","2009-04-29","","0.81878912"
"EXITO SAN ANTONIO - MEDELLÍN","2009-04-28","","0.719882"
"EXITO SAN ANTONIO - MEDELLÍN","2009-04-27","","0.84637583"
"EXITO SAN ANTONIO - MEDELLÍN","2009-04-26","","0.81196588"
"EXITO SAN ANTONIO - MEDELLÍN","2009-04-25","","0.62358281"
"EXITO SAN ANTONIO - MEDELLÍN","2009-04-24","","0.72496945"
"EXITO SAN ANTONIO - MEDELLÍN","2009-04-23","","0.71370432"
"EXITO SAN ANTONIO - MEDELLÍN","2009-04-22","","0.66461317"
"EXITO SAN ANTONIO - MEDELLÍN","2009-04-21","","0.85735521"
"EXITO SAN ANTONIO - MEDELLÍN","2009-04-20","","0.80738712"
"EXITO SAN ANTONIO - MEDELLÍN","2009-04-19","","0.74786328"
"EXITO SAN ANTONIO - MEDELLÍN","2009-04-17","","0.78958086"
"EXITO SAN ANTONIO - MEDELLÍN","2009-04-16","","0.70901325"
"EXITO SAN ANTONIO - MEDELLÍN","2009-04-15","","0.71733823"
"EXITO SAN ANTONIO - MEDELLÍN","2009-04-14","","0.80539122"
"EXITO SAN ANTONIO - MEDELLÍN","2009-04-13","","0.74903732"
"EXITO SAN ANTONIO - MEDELLÍN","2009-04-12","","0.83702852"
"EXITO SAN ANTONIO - MEDELLÍN","2009-04-11","","0.88231877"
"EXITO SAN ANTONIO - MEDELLÍN","2009-04-10","","0.76094545"
"EXITO SAN ANTONIO - MEDELLÍN","2009-04-08","","0.7326007"
"EXITO SAN ANTONIO - MEDELLÍN","2009-04-07","","0.62406732"
"EXITO SAN ANTONIO - MEDELLÍN","2009-04-06","","0.71146808"
"EXITO SAN ANTONIO - MEDELLÍN","2009-04-05","","0.64255192"
"EXITO SAN ANTONIO - MEDELLÍN","2009-04-04","","0.77772475"
"EXITO SAN ANTONIO - MEDELLÍN","2009-04-03","","0.88141028"
"EXITO SAN ANTONIO - MEDELLÍN","2009-04-02","","0.93101341"
"EXITO SAN ANTONIO - MEDELLÍN","2009-04-01","","0.81807088"
"EXITO SAN ANTONIO - MEDELLÍN","2009-03-31","","0.76312578"
"EXITO SAN ANTONIO - MEDELLÍN","2009-03-30","","0.88377235"
"EXITO SAN ANTONIO - MEDELLÍN","2009-03-29","","0.8241759"
"EXITO SAN ANTONIO - MEDELLÍN","2009-03-28","","0.62194754"
"EXITO SAN ANTONIO - MEDELLÍN","2009-03-27","","0.81654464"
"EXITO SAN ANTONIO - MEDELLÍN","2009-03-26","","0.71733825"
"EXITO SAN ANTONIO - MEDELLÍN","2009-03-25","","0.6664632"
"EXITO SAN ANTONIO - MEDELLÍN","2009-03-24","","0.82417586"
"EXITO SAN ANTONIO - MEDELLÍN","2009-03-23","","0.77758506"
"EXITO SAN ANTONIO - MEDELLÍN","2009-03-22","","0.92846968"
"EXITO SAN ANTONIO - MEDELLÍN","2009-03-21","","0.79903761"
"EXITO SAN ANTONIO - MEDELLÍN","2009-03-20","","0.82853659"
"EXITO SAN ANTONIO - MEDELLÍN","2009-03-19","","0.79568582"
"EXITO SAN ANTONIO - MEDELLÍN","2009-03-18","","0.77838835"
"EXITO SAN ANTONIO - MEDELLÍN","2009-03-17","","0.73696151"
"EXITO SAN ANTONIO - MEDELLÍN","2009-03-13","","0.4273505"
"EXITO SAN ANTONIO - MEDELLÍN","2009-03-12","","0.64102568"
"EXITO SAN ANTONIO - MEDELLÍN","2009-03-11","","0.69868408"
"EXITO SAN ANTONIO - MEDELLÍN","2009-03-10","","0.72824006"
"EXITO SAN ANTONIO - MEDELLÍN","2009-03-09","","0.58760688"
"EXITO SAN ANTONIO - MEDELLÍN","2009-03-08","","0.68027214"
"EXITO SAN ANTONIO - MEDELLÍN","2009-03-07","","0.62127418"
"EXITO SAN ANTONIO - MEDELLÍN","2009-03-06","","0.80789583"
"EXITO SAN ANTONIO - MEDELLÍN","2009-03-05","","0.60439562"
"EXITO SAN ANTONIO - MEDELLÍN","2009-03-04","","0.82036023"
"EXITO SAN ANTONIO - MEDELLÍN","2009-03-03","","0.79975582"
"EXITO SAN ANTONIO - MEDELLÍN","2009-03-02","","0.78093208"
"EXITO SAN ANTONIO - MEDELLÍN","2009-03-01","","0.74913515"
"EXITO SAN ANTONIO - MEDELLÍN","2009-02-28","","0.76312577"
"EXITO SAN ANTONIO - MEDELLÍN","2009-02-27","","0.77115869"
"EXITO SAN ANTONIO - MEDELLÍN","2009-02-26","","0.72387936"
"EXITO SAN ANTONIO - MEDELLÍN","2009-02-25","","0.67389879"
"EXITO SAN ANTONIO - MEDELLÍN","2009-02-24","","0.61050063"
"EXITO SAN ANTONIO - MEDELLÍN","2009-02-23","","0.67155068"
"EXITO SAN ANTONIO - MEDELLÍN","2009-02-22","","0.67809177"
"EXITO SAN ANTONIO - MEDELLÍN","2009-02-21","","0.8089134"
"EXITO SAN ANTONIO - MEDELLÍN","2009-02-20","","0.7173382"
"EXITO SAN ANTONIO - MEDELLÍN","2009-02-19","","0.48840053"
"EXITO SAN ANTONIO - MEDELLÍN","2009-02-18","","0.59693394"
"EXITO SAN ANTONIO - MEDELLÍN","2009-02-16","","0.53927555"
"EXITO SAN ANTONIO - MEDELLÍN","2009-02-15","","0.66951571"
"EXITO SAN ANTONIO - MEDELLÍN","2009-02-14","","0.70789002"
"EXITO SAN ANTONIO - MEDELLÍN","2009-02-13","","1.83316355"
"EXITO SAN ANTONIO - MEDELLÍN","2009-02-12","","0.70442381"
"EXITO SAN ANTONIO - MEDELLÍN","2009-02-11","","0.74531952"
"EXITO SAN ANTONIO - MEDELLÍN","2009-02-10","","0.79619455"
"EXITO SAN ANTONIO - MEDELLÍN","2009-02-09","","0.77620797"
"EXITO SAN ANTONIO - MEDELLÍN","2009-02-08","","0.73260077"
"EXITO SAN ANTONIO - MEDELLÍN","2009-02-07","","0.64935069"
"EXITO SAN ANTONIO - MEDELLÍN","2009-02-06","","0.64780901"
"EXITO SAN ANTONIO - MEDELLÍN","2009-02-05","","0.67155073"
"EXITO SAN ANTONIO - MEDELLÍN","2009-02-04","","0.61965813"
"EXITO SAN ANTONIO - MEDELLÍN","2009-02-03","","0.63339441"
"EXITO SAN ANTONIO - MEDELLÍN","2009-02-02","","0.72605971"
"EXITO SAN ANTONIO - MEDELLÍN","2009-02-01","","0.63666494"
"EXITO SAN ANTONIO - MEDELLÍN","2009-01-31","","0.70643647"
"EXITO SAN ANTONIO - MEDELLÍN","2009-01-30","","0.8241759"
"EXITO SAN ANTONIO - MEDELLÍN","2009-01-29","","0.64780903"
"EXITO SAN ANTONIO - MEDELLÍN","2009-01-28","","0.67987573"
"EXITO SAN ANTONIO - MEDELLÍN","2009-01-27","","0.58188343"
"EXITO SAN ANTONIO - MEDELLÍN","2009-01-26","","0.59693396"
"EXITO SAN ANTONIO - MEDELLÍN","2009-01-25","","0.63025211"
"EXITO SAN ANTONIO - MEDELLÍN","2009-01-24","","0.8050977"
"EXITO SAN ANTONIO - MEDELLÍN","2009-01-23","","0.8354219"
"EXITO SAN ANTONIO - MEDELLÍN","2009-01-22","","0.8630259"
"EXITO SAN ANTONIO - MEDELLÍN","2009-01-21","","0.78008413"
"EXITO SAN ANTONIO - MEDELLÍN","2009-01-20","","0.8285366"
"EXITO SAN ANTONIO - MEDELLÍN","2009-01-19","","0.74852687"
"EXITO SAN ANTONIO - MEDELLÍN","2009-01-18","","0.8623321"
"EXITO SAN ANTONIO - MEDELLÍN","2009-01-16","","0.77838834"
"EXITO SAN ANTONIO - MEDELLÍN","2009-01-15","","0.64102567"
"EXITO SAN ANTONIO - MEDELLÍN","2009-01-14","","0.8089134"
"EXITO SAN ANTONIO - MEDELLÍN","2009-01-13","","0.6333944"
"EXITO SAN ANTONIO - MEDELLÍN","2009-01-12","","0.69930074"
"EXITO SAN ANTONIO - MEDELLÍN","2009-01-11","","0.7773708"
"EXITO SAN ANTONIO - MEDELLÍN","2009-01-10","","0.74647579"
"EXITO SAN ANTONIO - MEDELLÍN","2009-01-08","","0.61486137"
"EXITO SAN ANTONIO - MEDELLÍN","2009-01-07","","0.71317576"
"EXITO SAN ANTONIO - MEDELLÍN","2009-01-06","","0.6889936"
"EXITO SAN ANTONIO - MEDELLÍN","2009-01-05","","0.71021577"
"EXITO SAN ANTONIO - MEDELLÍN","2009-01-04","","0.69393574"
"EXITO SAN ANTONIO - MEDELLÍN","2009-01-03","","0.72039077"
"EXITO SAN ANTONIO - MEDELLÍN","2009-01-02","","0.67155074"
"EXITO SAN ANTONIO - MEDELLÍN","2009-01-01","","0.66877571"
"EXITO SAN ANTONIO - MEDELLÍN","2008-12-22","","1.0531135"
"EXITO SAN ANTONIO - MEDELLÍN","2008-12-14","","1.037851"
"EXITO SAN ANTONIO - MEDELLÍN","2008-12-08","","1.08581886"
"EXITO SAN ANTONIO - MEDELLÍN","2008-12-06","","1.007326"
"EXITO SAN ANTONIO - MEDELLÍN","2008-12-05","","1.10653225"
"EXITO SAN ANTONIO - MEDELLÍN","2008-12-04","","1.037851"
"EXITO SAN ANTONIO - MEDELLÍN","2008-12-03","","1.1853885"
"EXITO SAN ANTONIO - MEDELLÍN","2008-12-02","","1.119251"
"EXITO SAN ANTONIO - MEDELLÍN","2008-12-01","","1.19517215"
"EXITO SAN ANTONIO - MEDELLÍN","2008-11-30","","1.2179485"
"EXITO SAN ANTONIO - MEDELLÍN","2008-11-29","","1.18793225"
"EXITO SAN ANTONIO - MEDELLÍN","2008-11-28","","1.096866"
"EXITO SAN ANTONIO - MEDELLÍN","2008-11-27","","1.0836385"
"EXITO SAN ANTONIO - MEDELLÍN","2008-11-26","","1.148851"
"EXITO SAN ANTONIO - MEDELLÍN","2008-11-25","","1.0409035"
"EXITO SAN ANTONIO - MEDELLÍN","2008-11-24","","1.0592185"
"EXITO SAN ANTONIO - MEDELLÍN","2008-11-23","","1.24992357"
"EXITO SAN ANTONIO - MEDELLÍN","2008-11-22","","1.109076"
"EXITO SAN ANTONIO - MEDELLÍN","2008-11-21","","1.088726"
"EXITO SAN ANTONIO - MEDELLÍN","2008-11-19","","1.06074475"
"EXITO SAN ANTONIO - MEDELLÍN","2008-11-18","","1.0897435"
"EXITO SAN ANTONIO - MEDELLÍN","2008-11-17","","1.159951"
"EXITO SAN ANTONIO - MEDELLÍN","2008-11-16","","1.058201"
"EXITO SAN ANTONIO - MEDELLÍN","2008-11-14","","1.007326"
"EXITO SAN ANTONIO - MEDELLÍN","2008-11-13","","1.007326"
"EXITO SAN ANTONIO - MEDELLÍN","2008-11-10","","1.037851"
"EXITO SAN ANTONIO - MEDELLÍN","2008-11-09","","1.037851"
"EXITO SAN ANTONIO - MEDELLÍN","2008-11-07","","1.086691"
"EXITO SAN ANTONIO - MEDELLÍN","2008-11-06","","1.109076"
"EXITO SAN ANTONIO - MEDELLÍN","2008-11-04","","1.098901"
"EXITO SAN ANTONIO - MEDELLÍN","2008-11-03","","1.068376"
"EXITO SAN ANTONIO - MEDELLÍN","2008-11-01","","1.068376"
"EXITO SAN ANTONIO - MEDELLÍN","2008-10-30","","1.031746"
"EXITO SAN ANTONIO - MEDELLÍN","2008-10-29","","1.025641"
"EXITO SAN ANTONIO - MEDELLÍN","2008-10-28","","1.03021975"
"EXITO SAN ANTONIO - MEDELLÍN","2008-10-27","","1.007326"
"EXITO SAN ANTONIO - MEDELLÍN","2008-10-23","","1.068376"
"EXITO SAN ANTONIO - MEDELLÍN","2008-10-22","","1.068376"
"EXITO SAN ANTONIO - MEDELLÍN","2008-10-21","","1.0225885"
"EXITO SAN ANTONIO - MEDELLÍN","2008-10-19","","1.221001"
"EXITO SAN ANTONIO - MEDELLÍN","2008-10-18","","1.208791"
"EXITO SAN ANTONIO - MEDELLÍN","2008-10-16","","1.058201"
"EXITO SAN ANTONIO - MEDELLÍN","2008-10-15","","1.129426"
"EXITO SAN ANTONIO - MEDELLÍN","2008-10-14","","1.098901"
"EXITO SAN ANTONIO - MEDELLÍN","2008-10-13","","1.16867243"
"EXITO SAN ANTONIO - MEDELLÍN","2008-10-12","","1.19961329"
"EXITO SAN ANTONIO - MEDELLÍN","2008-10-11","","1.28853766"
"EXITO SAN ANTONIO - MEDELLÍN","2008-10-10","","1.28118624"
"EXITO SAN ANTONIO - MEDELLÍN","2008-10-09","","1.5148045"
"EXITO SAN ANTONIO - MEDELLÍN","2008-09-29","","1.068376"
"EXITO SAN ANTONIO - MEDELLÍN","2008-09-27","","1.007326"
"EXITO SAN ANTONIO - MEDELLÍN","2008-09-26","","1.037851"
"EXITO SAN ANTONIO - MEDELLÍN","2008-09-21","","1.037851"
"EXITO SAN ANTONIO - MEDELLÍN","2008-09-20","","1.0225885"
"EXITO SAN ANTONIO - MEDELLÍN","2008-09-06","","1.0429385"
"EXITO SAN ANTONIO - MEDELLÍN","2008-09-05","","1.037851"
"EXITO SAN ANTONIO - MEDELLÍN","2008-09-03","","1.037851"
"EXITO SAN ANTONIO - MEDELLÍN","2008-09-01","","1.037851"
"EXITO SAN ANTONIO - MEDELLÍN","2008-08-31","","1.159951"
"EXITO SAN ANTONIO - MEDELLÍN","2008-08-30","","1.0347985"
"EXITO SAN ANTONIO - MEDELLÍN","2008-08-29","","1.068376"
"EXITO SAN ANTONIO - MEDELLÍN","2008-08-28","","1.048026"
"EXITO SAN ANTONIO - MEDELLÍN","2008-08-27","","1.10653225"
"EXITO SAN ANTONIO - MEDELLÍN","2008-08-26","","1.0653235"
"EXITO SAN ANTONIO - MEDELLÍN","2008-08-25","","1.007326"
"EXITO SAN ANTONIO - MEDELLÍN","2008-08-24","","1.0225885"
"EXITO SAN ANTONIO - MEDELLÍN","2008-08-23","","1.037851"
"EXITO SAN ANTONIO - MEDELLÍN","2008-08-22","","1.0225885"
"EXITO SAN ANTONIO - MEDELLÍN","2008-08-21","","1.0225885"
"EXITO SAN ANTONIO - MEDELLÍN","2008-08-20","","1.07515933"
"EXITO SAN ANTONIO - MEDELLÍN","2008-08-19","","1.058201"
"EXITO SAN ANTONIO - MEDELLÍN","2008-08-18","","1.0531135"
"EXITO SAN ANTONIO - MEDELLÍN","2008-08-17","","1.03021975"
"EXITO SAN ANTONIO - MEDELLÍN","2008-08-16","","1.007326"
"EXITO SAN ANTONIO - MEDELLÍN","2008-08-13","","1.037851"
"EXITO SAN ANTONIO - MEDELLÍN","2008-07-30","","1.007326"
"EXITO SAN ANTONIO - MEDELLÍN","2008-07-29","","1.007326"
"EXITO SAN ANTONIO - MEDELLÍN","2008-07-20","","1.088726"
"EXITO SAN ANTONIO - MEDELLÍN","2008-07-19","","1.07600725"
"EXITO SAN ANTONIO - MEDELLÍN","2008-07-18","","1.08145814"
"EXITO SAN ANTONIO - MEDELLÍN","2008-07-17","","1.196581"
"EXITO SAN ANTONIO - MEDELLÍN","2008-07-16","","1.19406718"
"EXITO SAN ANTONIO - MEDELLÍN","2008-07-15","","1.058201"
"EXITO SAN ANTONIO - MEDELLÍN","2008-07-14","","1.074481"
"EXITO SAN ANTONIO - MEDELLÍN","2008-07-13","","1.07273671"
"EXITO SAN ANTONIO - MEDELLÍN","2008-07-12","","1.068376"
"EXITO SAN ANTONIO - MEDELLÍN","2008-07-11","","1.0225885"
"EXITO SAN ANTONIO - MEDELLÍN","2008-07-10","","1.134976"
"EXITO SAN ANTONIO - MEDELLÍN","2008-07-09","","1.77603621"
"EXITO SAN ANTONIO - MEDELLÍN","2008-07-08","","1.007326"
"EXITO SAN ANTONIO - MEDELLÍN","2008-07-06","","1.096126"
"EXITO SAN ANTONIO - MEDELLÍN","2008-07-05","","1.14379071"
"EXITO SAN ANTONIO - MEDELLÍN","2008-07-04","","1.0225885"
"EXITO SAN ANTONIO - MEDELLÍN","2008-03-17","","1.346154"
